SET NAMES utf8mb4;
SET FOREIGN_KEY_CHECKS = 0;
SET SQL_SAFE_UPDATES=0;
-- TRUNCATE (자식 -> 부모 순서)
TRUNCATE TABLE qr_logs;
TRUNCATE TABLE qr_codes;
TRUNCATE TABLE refunds;
TRUNCATE TABLE payment_transactions;
TRUNCATE TABLE payments;
TRUNCATE TABLE inquiry_answers;
TRUNCATE TABLE inquiries;
TRUNCATE TABLE content_reports;
TRUNCATE TABLE review_comments;
TRUNCATE TABLE reviews;
TRUNCATE TABLE board_banned_words;
TRUNCATE TABLE post_comments;
TRUNCATE TABLE files;
TRUNCATE TABLE posts;
TRUNCATE TABLE boards;
TRUNCATE TABLE notices;
TRUNCATE TABLE gallery_likes;
TRUNCATE TABLE gallery_images;
TRUNCATE TABLE galleries;
TRUNCATE TABLE congestions;
TRUNCATE TABLE experience_waits;
TRUNCATE TABLE booth_waits;
TRUNCATE TABLE program_speakers;
TRUNCATE TABLE speakers;
TRUNCATE TABLE contest_votes;
TRUNCATE TABLE program_participation_stats;
TRUNCATE TABLE event_history;
TRUNCATE TABLE event_program_apply;
TRUNCATE TABLE event_program;
TRUNCATE TABLE booths;
TRUNCATE TABLE event_apply;
TRUNCATE TABLE event;
TRUNCATE TABLE pet;
TRUNCATE TABLE social_account;
TRUNCATE TABLE admin_logs;
TRUNCATE TABLE refresh_token;
TRUNCATE TABLE signup_sessions;
TRUNCATE TABLE phone_verification_token;
TRUNCATE TABLE email_verification_token;
TRUNCATE TABLE event_interest_map;
TRUNCATE TABLE user_interest_subscriptions;
TRUNCATE TABLE interests;
TRUNCATE TABLE notification_settings;
TRUNCATE TABLE notification_inbox;
TRUNCATE TABLE notification_send;
TRUNCATE TABLE notification;
TRUNCATE TABLE users;
-- Insert into users
INSERT INTO users (user_id,email,password,nickname,phone,status,role_name,show_age,show_gender,show_pet,email_verified,phone_verified,created_at,last_login_at,last_modified_at) VALUES (1,'admin@pupoo.com','$2a$10$N/VX1suQpCsj6gxNBSZmKucOC7jax0CYZ.187vtgSYvCNs2SYeBqK','관리자','01069154128','ACTIVE','ADMIN',1,1,1,1,1,'2023-09-01 16:34:30','2023-03-15 19:22:27','2023-07-22 23:30:37');
INSERT INTO users (user_id,email,password,nickname,phone,status,role_name,show_age,show_gender,show_pet,email_verified,phone_verified,created_at,last_login_at,last_modified_at) VALUES (2,'user@pupoo.com','$2a$10$N/VX1suQpCsj6gxNBSZmKucOC7jax0CYZ.187vtgSYvCNs2SYeBqK','일반유저','01088145262','ACTIVE','USER',1,1,1,1,1,'2023-04-27 10:12:49','2026-01-10 09:46:23','2026-02-12 20:14:37');
INSERT INTO users (user_id,email,password,nickname,phone,status,role_name,show_age,show_gender,show_pet,email_verified,phone_verified,created_at,last_login_at,last_modified_at) VALUES (3,'fgim@example.net','03ac674216f3e15c761ee1a5e255f067953623c8b388b4459e13f978d7c846f4','도현한','01021265998','ACTIVE','USER',0,1,0,0,0,'2023-03-28 18:38:44','2024-08-22 19:12:13','2025-12-05 07:02:43');
INSERT INTO users (user_id,email,password,nickname,phone,status,role_name,show_age,show_gender,show_pet,email_verified,phone_verified,created_at,last_login_at,last_modified_at) VALUES (4,'hwangyeongil@example.org','03ac674216f3e15c761ee1a5e255f067953623c8b388b4459e13f978d7c846f4','현지김','01093655423','ACTIVE','USER',1,1,0,0,0,'2023-08-28 21:41:47','2023-03-26 21:05:58','2025-04-23 16:23:28');
INSERT INTO users (user_id,email,password,nickname,phone,status,role_name,show_age,show_gender,show_pet,email_verified,phone_verified,created_at,last_login_at,last_modified_at) VALUES (5,'jgang@example.org','03ac674216f3e15c761ee1a5e255f067953623c8b388b4459e13f978d7c846f4','승민김','01075330685','ACTIVE','USER',0,0,1,0,0,'2025-05-12 06:20:24','2025-08-19 14:51:24','2023-05-14 13:46:59');
INSERT INTO users (user_id,email,password,nickname,phone,status,role_name,show_age,show_gender,show_pet,email_verified,phone_verified,created_at,last_login_at,last_modified_at) VALUES (6,'bagjiyeong@example.org','03ac674216f3e15c761ee1a5e255f067953623c8b388b4459e13f978d7c846f4','민수정','01046183153','ACTIVE','USER',0,1,1,1,1,'2024-03-25 05:08:10','2025-12-16 10:12:09','2024-01-08 21:48:49');
INSERT INTO users (user_id,email,password,nickname,phone,status,role_name,show_age,show_gender,show_pet,email_verified,phone_verified,created_at,last_login_at,last_modified_at) VALUES (7,'rgim@example.org','03ac674216f3e15c761ee1a5e255f067953623c8b388b4459e13f978d7c846f4','미숙김','01070852709','ACTIVE','USER',0,0,0,1,0,'2025-03-07 16:20:14','2025-12-19 08:01:26','2024-10-10 08:36:15');
INSERT INTO users (user_id,email,password,nickname,phone,status,role_name,show_age,show_gender,show_pet,email_verified,phone_verified,created_at,last_login_at,last_modified_at) VALUES (8,'yungyeonghyi@example.com','03ac674216f3e15c761ee1a5e255f067953623c8b388b4459e13f978d7c846f4','영환윤','01032429454','ACTIVE','USER',0,0,1,0,0,'2025-07-16 22:50:57','2024-02-01 07:22:20','2023-10-14 05:56:32');
INSERT INTO users (user_id,email,password,nickname,phone,status,role_name,show_age,show_gender,show_pet,email_verified,phone_verified,created_at,last_login_at,last_modified_at) VALUES (9,'hyeonubag@example.org','03ac674216f3e15c761ee1a5e255f067953623c8b388b4459e13f978d7c846f4','춘자김','01013641147','ACTIVE','USER',1,0,0,1,1,'2023-05-04 16:04:48','2024-12-09 19:01:32','2024-05-07 03:18:57');
INSERT INTO users (user_id,email,password,nickname,phone,status,role_name,show_age,show_gender,show_pet,email_verified,phone_verified,created_at,last_login_at,last_modified_at) VALUES (10,'seongsu76@example.org','03ac674216f3e15c761ee1a5e255f067953623c8b388b4459e13f978d7c846f4','민석최','01098903991','ACTIVE','USER',0,0,1,0,1,'2023-10-30 06:09:56','2025-02-22 17:57:46','2023-05-06 23:00:15');
INSERT INTO users (user_id,email,password,nickname,phone,status,role_name,show_age,show_gender,show_pet,email_verified,phone_verified,created_at,last_login_at,last_modified_at) VALUES (11,'minjungim@example.org','03ac674216f3e15c761ee1a5e255f067953623c8b388b4459e13f978d7c846f4','춘자황','01085578829','ACTIVE','USER',1,1,1,1,1,'2025-03-12 12:12:41','2023-05-13 14:04:14','2025-03-04 14:15:50');
INSERT INTO users (user_id,email,password,nickname,phone,status,role_name,show_age,show_gender,show_pet,email_verified,phone_verified,created_at,last_login_at,last_modified_at) VALUES (12,'yeongsugbag@example.com','03ac674216f3e15c761ee1a5e255f067953623c8b388b4459e13f978d7c846f4','예준송','01089848303','ACTIVE','USER',0,1,1,1,1,'2023-09-12 14:31:44','2023-12-17 12:33:23','2024-12-09 21:47:02');
INSERT INTO users (user_id,email,password,nickname,phone,status,role_name,show_age,show_gender,show_pet,email_verified,phone_verified,created_at,last_login_at,last_modified_at) VALUES (13,'yeonghwani@example.org','03ac674216f3e15c761ee1a5e255f067953623c8b388b4459e13f978d7c846f4','은서박','01068526954','ACTIVE','USER',0,0,1,1,1,'2025-11-23 23:53:18','2023-12-26 12:28:13','2024-08-21 15:36:47');
INSERT INTO users (user_id,email,password,nickname,phone,status,role_name,show_age,show_gender,show_pet,email_verified,phone_verified,created_at,last_login_at,last_modified_at) VALUES (14,'fgweon@example.com','03ac674216f3e15c761ee1a5e255f067953623c8b388b4459e13f978d7c846f4','서윤박','01024516687','ACTIVE','USER',0,1,0,1,1,'2023-06-22 02:42:49','2023-07-04 02:28:10','2024-11-07 03:48:03');
INSERT INTO users (user_id,email,password,nickname,phone,status,role_name,show_age,show_gender,show_pet,email_verified,phone_verified,created_at,last_login_at,last_modified_at) VALUES (15,'hwanggyeongsug@example.net','03ac674216f3e15c761ee1a5e255f067953623c8b388b4459e13f978d7c846f4','지영박','01038742726','ACTIVE','USER',0,1,0,0,0,'2026-02-22 15:07:11','2024-07-08 14:10:03','2024-06-20 22:34:54');
INSERT INTO users (user_id,email,password,nickname,phone,status,role_name,show_age,show_gender,show_pet,email_verified,phone_verified,created_at,last_login_at,last_modified_at) VALUES (16,'hi@example.org','03ac674216f3e15c761ee1a5e255f067953623c8b388b4459e13f978d7c846f4','지후황','01071852114','ACTIVE','USER',0,1,0,1,0,'2023-08-08 12:32:09','2024-11-09 08:07:49','2023-12-31 11:21:50');
INSERT INTO users (user_id,email,password,nickname,phone,status,role_name,show_age,show_gender,show_pet,email_verified,phone_verified,created_at,last_login_at,last_modified_at) VALUES (17,'ryugyeonghyi@example.net','03ac674216f3e15c761ee1a5e255f067953623c8b388b4459e13f978d7c846f4','영철김','01071682528','ACTIVE','USER',0,1,0,1,0,'2025-08-28 04:15:06','2024-01-13 22:08:54','2024-06-14 23:08:10');
INSERT INTO users (user_id,email,password,nickname,phone,status,role_name,show_age,show_gender,show_pet,email_verified,phone_verified,created_at,last_login_at,last_modified_at) VALUES (18,'haneunji@example.org','03ac674216f3e15c761ee1a5e255f067953623c8b388b4459e13f978d7c846f4','서윤노','01018094778','ACTIVE','USER',1,0,1,1,1,'2023-10-05 16:15:34','2023-09-23 13:36:10','2023-05-17 20:20:42');
INSERT INTO users (user_id,email,password,nickname,phone,status,role_name,show_age,show_gender,show_pet,email_verified,phone_verified,created_at,last_login_at,last_modified_at) VALUES (19,'jeonghyina@example.com','03ac674216f3e15c761ee1a5e255f067953623c8b388b4459e13f978d7c846f4','은정박','01093819775','ACTIVE','USER',0,0,0,1,0,'2023-03-06 19:41:24','2026-01-05 05:51:47','2026-01-15 06:36:24');
INSERT INTO users (user_id,email,password,nickname,phone,status,role_name,show_age,show_gender,show_pet,email_verified,phone_verified,created_at,last_login_at,last_modified_at) VALUES (20,'gimyeonggil@example.com','03ac674216f3e15c761ee1a5e255f067953623c8b388b4459e13f978d7c846f4','은주김','01018163745','ACTIVE','USER',0,0,0,0,1,'2024-11-01 06:03:19','2024-07-20 02:59:27','2024-01-19 22:01:40');
INSERT INTO users (user_id,email,password,nickname,phone,status,role_name,show_age,show_gender,show_pet,email_verified,phone_verified,created_at,last_login_at,last_modified_at) VALUES (21,'ancunja@example.com','03ac674216f3e15c761ee1a5e255f067953623c8b388b4459e13f978d7c846f4','재호박','01061163943','ACTIVE','USER',1,1,1,1,0,'2025-06-08 14:19:13','2023-07-26 10:28:21','2024-04-11 13:20:49');
INSERT INTO users (user_id,email,password,nickname,phone,status,role_name,show_age,show_gender,show_pet,email_verified,phone_verified,created_at,last_login_at,last_modified_at) VALUES (22,'jimin63@example.org','03ac674216f3e15c761ee1a5e255f067953623c8b388b4459e13f978d7c846f4','준혁한','01047315259','ACTIVE','USER',1,1,1,0,1,'2024-05-03 03:57:29','2024-01-30 10:18:48','2024-06-08 05:39:36');
INSERT INTO users (user_id,email,password,nickname,phone,status,role_name,show_age,show_gender,show_pet,email_verified,phone_verified,created_at,last_login_at,last_modified_at) VALUES (23,'zbag@example.com','03ac674216f3e15c761ee1a5e255f067953623c8b388b4459e13f978d7c846f4','채원김','01088854192','ACTIVE','USER',1,0,1,1,0,'2025-04-04 03:17:18','2023-11-15 23:40:28','2024-10-15 07:41:36');
INSERT INTO users (user_id,email,password,nickname,phone,status,role_name,show_age,show_gender,show_pet,email_verified,phone_verified,created_at,last_login_at,last_modified_at) VALUES (24,'lgim@example.org','03ac674216f3e15c761ee1a5e255f067953623c8b388b4459e13f978d7c846f4','재호송','01051327942','ACTIVE','USER',0,0,1,1,1,'2024-12-29 11:00:33','2026-01-27 20:33:45','2025-03-18 04:24:11');
INSERT INTO users (user_id,email,password,nickname,phone,status,role_name,show_age,show_gender,show_pet,email_verified,phone_verified,created_at,last_login_at,last_modified_at) VALUES (25,'myeongjahwang@example.net','03ac674216f3e15c761ee1a5e255f067953623c8b388b4459e13f978d7c846f4','경자김','01034908009','ACTIVE','USER',1,1,0,1,1,'2025-12-16 00:41:27','2025-09-22 00:06:05','2024-08-23 09:51:11');
INSERT INTO users (user_id,email,password,nickname,phone,status,role_name,show_age,show_gender,show_pet,email_verified,phone_verified,created_at,last_login_at,last_modified_at) VALUES (26,'gangjihye@example.net','03ac674216f3e15c761ee1a5e255f067953623c8b388b4459e13f978d7c846f4','민재이','01037657976','ACTIVE','USER',0,1,1,0,1,'2025-12-24 13:00:55','2023-08-12 06:41:30','2023-04-14 23:24:24');
INSERT INTO users (user_id,email,password,nickname,phone,status,role_name,show_age,show_gender,show_pet,email_verified,phone_verified,created_at,last_login_at,last_modified_at) VALUES (27,'jangminsu@example.org','03ac674216f3e15c761ee1a5e255f067953623c8b388b4459e13f978d7c846f4','유진김','01059208748','ACTIVE','USER',1,0,0,1,1,'2024-05-27 03:06:17','2024-06-10 01:24:49','2026-01-25 21:21:20');
INSERT INTO users (user_id,email,password,nickname,phone,status,role_name,show_age,show_gender,show_pet,email_verified,phone_verified,created_at,last_login_at,last_modified_at) VALUES (28,'dohyeoni@example.com','03ac674216f3e15c761ee1a5e255f067953623c8b388b4459e13f978d7c846f4','영길류','01088258079','ACTIVE','USER',1,1,0,1,0,'2025-06-10 18:17:23','2026-02-13 14:49:38','2025-09-24 15:51:13');
INSERT INTO users (user_id,email,password,nickname,phone,status,role_name,show_age,show_gender,show_pet,email_verified,phone_verified,created_at,last_login_at,last_modified_at) VALUES (29,'rsim@example.net','03ac674216f3e15c761ee1a5e255f067953623c8b388b4459e13f978d7c846f4','숙자이','01037380556','ACTIVE','USER',1,1,1,1,1,'2023-07-14 03:28:20','2025-05-31 06:09:35','2025-09-04 12:08:55');
INSERT INTO users (user_id,email,password,nickname,phone,status,role_name,show_age,show_gender,show_pet,email_verified,phone_verified,created_at,last_login_at,last_modified_at) VALUES (30,'yeongsun28@example.org','03ac674216f3e15c761ee1a5e255f067953623c8b388b4459e13f978d7c846f4','윤서이','01088186262','ACTIVE','USER',0,0,1,1,0,'2023-04-17 06:07:13','2024-11-06 01:39:06','2023-05-01 04:43:41');
INSERT INTO users (user_id,email,password,nickname,phone,status,role_name,show_age,show_gender,show_pet,email_verified,phone_verified,created_at,last_login_at,last_modified_at) VALUES (31,'rgo@example.net','03ac674216f3e15c761ee1a5e255f067953623c8b388b4459e13f978d7c846f4','상호이','01099206247','ACTIVE','USER',0,0,0,1,1,'2025-01-07 05:28:16','2025-05-12 15:15:37','2023-06-19 08:27:38');
INSERT INTO users (user_id,email,password,nickname,phone,status,role_name,show_age,show_gender,show_pet,email_verified,phone_verified,created_at,last_login_at,last_modified_at) VALUES (32,'jaehyeonhong@example.com','03ac674216f3e15c761ee1a5e255f067953623c8b388b4459e13f978d7c846f4','민석양','01050958086','ACTIVE','USER',1,1,0,1,0,'2025-12-12 18:57:47','2023-04-01 09:01:44','2026-01-27 18:53:23');
INSERT INTO users (user_id,email,password,nickname,phone,status,role_name,show_age,show_gender,show_pet,email_verified,phone_verified,created_at,last_login_at,last_modified_at) VALUES (33,'fgim@example.org','03ac674216f3e15c761ee1a5e255f067953623c8b388b4459e13f978d7c846f4','준영김','01088524012','ACTIVE','USER',1,0,0,1,1,'2026-01-31 04:41:43','2026-01-16 22:32:39','2023-10-07 13:21:50');
INSERT INTO users (user_id,email,password,nickname,phone,status,role_name,show_age,show_gender,show_pet,email_verified,phone_verified,created_at,last_login_at,last_modified_at) VALUES (34,'bi@example.net','03ac674216f3e15c761ee1a5e255f067953623c8b388b4459e13f978d7c846f4','정순김','01081445946','ACTIVE','USER',0,0,0,0,1,'2024-07-23 08:59:32','2023-09-20 10:37:57','2025-07-23 18:36:05');
INSERT INTO users (user_id,email,password,nickname,phone,status,role_name,show_age,show_gender,show_pet,email_verified,phone_verified,created_at,last_login_at,last_modified_at) VALUES (35,'lgim@example.com','03ac674216f3e15c761ee1a5e255f067953623c8b388b4459e13f978d7c846f4','아름이','01085990156','ACTIVE','USER',1,0,1,0,1,'2026-01-17 02:18:50','2024-11-27 14:06:40','2023-05-12 11:51:36');
INSERT INTO users (user_id,email,password,nickname,phone,status,role_name,show_age,show_gender,show_pet,email_verified,phone_verified,created_at,last_login_at,last_modified_at) VALUES (36,'misugnam@example.com','03ac674216f3e15c761ee1a5e255f067953623c8b388b4459e13f978d7c846f4','은주박','01091073178','ACTIVE','USER',0,1,0,0,1,'2025-05-21 22:03:05','2026-02-06 13:48:12','2024-10-14 03:32:53');
INSERT INTO users (user_id,email,password,nickname,phone,status,role_name,show_age,show_gender,show_pet,email_verified,phone_verified,created_at,last_login_at,last_modified_at) VALUES (37,'songyeji@example.net','03ac674216f3e15c761ee1a5e255f067953623c8b388b4459e13f978d7c846f4','은정김','01089159371','ACTIVE','USER',1,0,0,1,0,'2024-06-01 14:01:11','2024-12-25 13:18:10','2024-08-13 19:33:23');
INSERT INTO users (user_id,email,password,nickname,phone,status,role_name,show_age,show_gender,show_pet,email_verified,phone_verified,created_at,last_login_at,last_modified_at) VALUES (38,'igim@example.net','03ac674216f3e15c761ee1a5e255f067953623c8b388b4459e13f978d7c846f4','정웅이','01029849996','ACTIVE','USER',1,0,0,1,1,'2024-12-07 20:25:53','2023-11-29 13:06:18','2023-06-28 03:45:40');
INSERT INTO users (user_id,email,password,nickname,phone,status,role_name,show_age,show_gender,show_pet,email_verified,phone_verified,created_at,last_login_at,last_modified_at) VALUES (39,'jaeho95@example.net','03ac674216f3e15c761ee1a5e255f067953623c8b388b4459e13f978d7c846f4','하윤이','01095822102','ACTIVE','USER',0,0,0,0,0,'2026-01-14 14:29:26','2024-04-02 21:02:41','2025-12-09 20:17:51');
INSERT INTO users (user_id,email,password,nickname,phone,status,role_name,show_age,show_gender,show_pet,email_verified,phone_verified,created_at,last_login_at,last_modified_at) VALUES (40,'migyeonggweon@example.org','03ac674216f3e15c761ee1a5e255f067953623c8b388b4459e13f978d7c846f4','미정조','01016645027','ACTIVE','USER',1,1,1,1,1,'2024-11-27 06:54:20','2024-09-25 15:14:13','2024-03-01 22:34:00');
INSERT INTO users (user_id,email,password,nickname,phone,status,role_name,show_age,show_gender,show_pet,email_verified,phone_verified,created_at,last_login_at,last_modified_at) VALUES (41,'migyeong57@example.com','03ac674216f3e15c761ee1a5e255f067953623c8b388b4459e13f978d7c846f4','병철박','01048288323','ACTIVE','USER',0,1,1,0,0,'2024-02-06 16:34:02','2025-06-10 16:36:47','2025-08-07 07:48:09');
INSERT INTO users (user_id,email,password,nickname,phone,status,role_name,show_age,show_gender,show_pet,email_verified,phone_verified,created_at,last_login_at,last_modified_at) VALUES (42,'ryuyeongho@example.org','03ac674216f3e15c761ee1a5e255f067953623c8b388b4459e13f978d7c846f4','지연이','01089666976','ACTIVE','USER',1,0,1,1,1,'2024-05-01 02:28:18','2026-02-15 14:55:04','2025-11-26 13:03:12');
INSERT INTO users (user_id,email,password,nickname,phone,status,role_name,show_age,show_gender,show_pet,email_verified,phone_verified,created_at,last_login_at,last_modified_at) VALUES (43,'uyeongmi@example.com','03ac674216f3e15c761ee1a5e255f067953623c8b388b4459e13f978d7c846f4','미숙이','01033664520','ACTIVE','USER',1,0,0,1,0,'2023-12-26 23:58:02','2025-01-21 11:41:34','2024-05-01 21:17:06');
INSERT INTO users (user_id,email,password,nickname,phone,status,role_name,show_age,show_gender,show_pet,email_verified,phone_verified,created_at,last_login_at,last_modified_at) VALUES (44,'honghaeun@example.com','03ac674216f3e15c761ee1a5e255f067953623c8b388b4459e13f978d7c846f4','영희백','01033386985','ACTIVE','USER',1,1,1,1,1,'2025-05-11 03:50:36','2025-01-23 21:12:54','2024-10-03 15:37:16');
INSERT INTO users (user_id,email,password,nickname,phone,status,role_name,show_age,show_gender,show_pet,email_verified,phone_verified,created_at,last_login_at,last_modified_at) VALUES (45,'jeonghungim@example.org','03ac674216f3e15c761ee1a5e255f067953623c8b388b4459e13f978d7c846f4','영순이','01092976819','ACTIVE','USER',0,1,0,0,1,'2025-03-31 09:57:33','2023-08-01 11:35:45','2025-06-29 21:40:00');
INSERT INTO users (user_id,email,password,nickname,phone,status,role_name,show_age,show_gender,show_pet,email_verified,phone_verified,created_at,last_login_at,last_modified_at) VALUES (46,'seonghyeonbag@example.net','03ac674216f3e15c761ee1a5e255f067953623c8b388b4459e13f978d7c846f4','하윤김','01084855796','ACTIVE','USER',0,1,0,0,1,'2024-11-02 09:42:08','2024-06-02 05:50:59','2025-05-23 08:46:37');
INSERT INTO users (user_id,email,password,nickname,phone,status,role_name,show_age,show_gender,show_pet,email_verified,phone_verified,created_at,last_login_at,last_modified_at) VALUES (47,'gimhayun@example.org','03ac674216f3e15c761ee1a5e255f067953623c8b388b4459e13f978d7c846f4','영자백','01057644218','ACTIVE','USER',1,0,1,1,1,'2025-01-18 03:24:09','2025-05-27 12:39:44','2023-08-18 18:53:00');
INSERT INTO users (user_id,email,password,nickname,phone,status,role_name,show_age,show_gender,show_pet,email_verified,phone_verified,created_at,last_login_at,last_modified_at) VALUES (48,'ugo@example.org','03ac674216f3e15c761ee1a5e255f067953623c8b388b4459e13f978d7c846f4','예원최','01082366119','ACTIVE','USER',1,0,0,0,0,'2025-10-03 04:56:25','2024-08-06 23:03:52','2023-11-27 09:02:50');
INSERT INTO users (user_id,email,password,nickname,phone,status,role_name,show_age,show_gender,show_pet,email_verified,phone_verified,created_at,last_login_at,last_modified_at) VALUES (49,'egim@example.com','03ac674216f3e15c761ee1a5e255f067953623c8b388b4459e13f978d7c846f4','윤서장','01060701466','ACTIVE','USER',1,0,1,0,0,'2025-12-26 03:05:50','2024-07-07 02:46:28','2025-09-24 12:53:19');
INSERT INTO users (user_id,email,password,nickname,phone,status,role_name,show_age,show_gender,show_pet,email_verified,phone_verified,created_at,last_login_at,last_modified_at) VALUES (50,'jominjae@example.org','03ac674216f3e15c761ee1a5e255f067953623c8b388b4459e13f978d7c846f4','수진김','01023388268','ACTIVE','USER',0,0,1,1,1,'2024-08-13 06:32:25','2024-06-24 12:22:08','2025-09-09 08:56:57');
INSERT INTO users (user_id,email,password,nickname,phone,status,role_name,show_age,show_gender,show_pet,email_verified,phone_verified,created_at,last_login_at,last_modified_at) VALUES (51,'dcoe@example.org','03ac674216f3e15c761ee1a5e255f067953623c8b388b4459e13f978d7c846f4','현우김','01068215332','ACTIVE','USER',0,1,1,0,1,'2025-09-15 22:55:00','2025-09-12 10:18:06','2024-05-17 21:15:20');
INSERT INTO users (user_id,email,password,nickname,phone,status,role_name,show_age,show_gender,show_pet,email_verified,phone_verified,created_at,last_login_at,last_modified_at) VALUES (52,'jihun52@example.com','03ac674216f3e15c761ee1a5e255f067953623c8b388b4459e13f978d7c846f4','영숙윤','01052496457','ACTIVE','USER',0,0,0,1,1,'2024-12-11 17:46:49','2025-04-21 18:06:43','2024-08-07 17:50:54');
INSERT INTO users (user_id,email,password,nickname,phone,status,role_name,show_age,show_gender,show_pet,email_verified,phone_verified,created_at,last_login_at,last_modified_at) VALUES (53,'munjongsu@example.com','03ac674216f3e15c761ee1a5e255f067953623c8b388b4459e13f978d7c846f4','지후김','01080209906','ACTIVE','USER',1,1,1,1,1,'2024-07-05 17:30:05','2024-03-22 22:39:50','2024-05-21 18:29:57');
INSERT INTO users (user_id,email,password,nickname,phone,status,role_name,show_age,show_gender,show_pet,email_verified,phone_verified,created_at,last_login_at,last_modified_at) VALUES (54,'gimseunghyeon@example.net','03ac674216f3e15c761ee1a5e255f067953623c8b388b4459e13f978d7c846f4','수진서','01031180087','ACTIVE','USER',0,1,0,0,0,'2025-08-15 10:18:59','2025-06-28 01:20:18','2024-09-03 20:28:10');
INSERT INTO users (user_id,email,password,nickname,phone,status,role_name,show_age,show_gender,show_pet,email_verified,phone_verified,created_at,last_login_at,last_modified_at) VALUES (55,'yeongsuggim@example.net','03ac674216f3e15c761ee1a5e255f067953623c8b388b4459e13f978d7c846f4','동현백','01094312262','ACTIVE','USER',0,1,1,0,1,'2023-06-19 15:28:08','2023-06-10 04:00:02','2023-06-22 04:14:38');
INSERT INTO users (user_id,email,password,nickname,phone,status,role_name,show_age,show_gender,show_pet,email_verified,phone_verified,created_at,last_login_at,last_modified_at) VALUES (56,'ui@example.com','03ac674216f3e15c761ee1a5e255f067953623c8b388b4459e13f978d7c846f4','우진이','01042802758','ACTIVE','USER',1,1,1,0,1,'2025-05-09 07:51:09','2024-07-24 13:45:45','2025-05-18 22:55:47');
INSERT INTO users (user_id,email,password,nickname,phone,status,role_name,show_age,show_gender,show_pet,email_verified,phone_verified,created_at,last_login_at,last_modified_at) VALUES (57,'yeongil05@example.net','03ac674216f3e15c761ee1a5e255f067953623c8b388b4459e13f978d7c846f4','현김','01079574783','ACTIVE','USER',1,0,1,0,0,'2023-10-12 00:10:16','2023-10-18 07:40:39','2024-10-07 09:47:08');
INSERT INTO users (user_id,email,password,nickname,phone,status,role_name,show_age,show_gender,show_pet,email_verified,phone_verified,created_at,last_login_at,last_modified_at) VALUES (58,'munmijeong@example.net','03ac674216f3e15c761ee1a5e255f067953623c8b388b4459e13f978d7c846f4','주원김','01067481003','ACTIVE','USER',0,0,1,0,1,'2025-06-21 00:55:35','2024-08-06 21:40:38','2025-09-22 22:14:15');
INSERT INTO users (user_id,email,password,nickname,phone,status,role_name,show_age,show_gender,show_pet,email_verified,phone_verified,created_at,last_login_at,last_modified_at) VALUES (59,'jongsu42@example.com','03ac674216f3e15c761ee1a5e255f067953623c8b388b4459e13f978d7c846f4','현숙김','01027925525','ACTIVE','USER',1,1,1,1,1,'2023-11-19 09:14:12','2023-06-14 14:06:16','2025-01-14 12:20:08');
INSERT INTO users (user_id,email,password,nickname,phone,status,role_name,show_age,show_gender,show_pet,email_verified,phone_verified,created_at,last_login_at,last_modified_at) VALUES (60,'juminseo@example.com','03ac674216f3e15c761ee1a5e255f067953623c8b388b4459e13f978d7c846f4','영일박','01040908337','ACTIVE','USER',1,0,0,1,0,'2025-11-06 04:08:05','2025-07-23 06:09:49','2024-05-03 02:30:09');
INSERT INTO users (user_id,email,password,nickname,phone,status,role_name,show_age,show_gender,show_pet,email_verified,phone_verified,created_at,last_login_at,last_modified_at) VALUES (61,'jeonghunseo@example.com','03ac674216f3e15c761ee1a5e255f067953623c8b388b4459e13f978d7c846f4','미정권','01029444287','ACTIVE','USER',1,0,0,0,0,'2024-08-17 09:43:01','2026-01-20 21:15:38','2025-10-19 08:54:06');
INSERT INTO users (user_id,email,password,nickname,phone,status,role_name,show_age,show_gender,show_pet,email_verified,phone_verified,created_at,last_login_at,last_modified_at) VALUES (62,'gryu@example.com','03ac674216f3e15c761ee1a5e255f067953623c8b388b4459e13f978d7c846f4','예지송','01065454479','ACTIVE','USER',0,1,0,0,0,'2023-03-31 14:20:38','2024-09-18 08:04:06','2025-01-16 02:26:39');
INSERT INTO users (user_id,email,password,nickname,phone,status,role_name,show_age,show_gender,show_pet,email_verified,phone_verified,created_at,last_login_at,last_modified_at) VALUES (63,'subin86@example.net','03ac674216f3e15c761ee1a5e255f067953623c8b388b4459e13f978d7c846f4','서준안','01041729916','ACTIVE','USER',0,1,1,1,1,'2024-07-31 08:53:53','2025-12-05 13:19:18','2025-08-25 16:10:39');
INSERT INTO users (user_id,email,password,nickname,phone,status,role_name,show_age,show_gender,show_pet,email_verified,phone_verified,created_at,last_login_at,last_modified_at) VALUES (64,'jgim@example.org','03ac674216f3e15c761ee1a5e255f067953623c8b388b4459e13f978d7c846f4','윤주김','01079596778','ACTIVE','USER',0,1,1,1,0,'2023-04-04 12:48:01','2024-05-30 21:41:22','2026-02-20 19:01:45');
INSERT INTO users (user_id,email,password,nickname,phone,status,role_name,show_age,show_gender,show_pet,email_verified,phone_verified,created_at,last_login_at,last_modified_at) VALUES (65,'ihaeun@example.net','03ac674216f3e15c761ee1a5e255f067953623c8b388b4459e13f978d7c846f4','미영이','01086071627','ACTIVE','USER',0,1,0,1,1,'2024-01-23 10:19:27','2023-05-08 13:43:48','2025-01-02 04:36:48');
INSERT INTO users (user_id,email,password,nickname,phone,status,role_name,show_age,show_gender,show_pet,email_verified,phone_verified,created_at,last_login_at,last_modified_at) VALUES (66,'suminjang@example.net','03ac674216f3e15c761ee1a5e255f067953623c8b388b4459e13f978d7c846f4','채원이','01062564170','ACTIVE','USER',0,1,0,0,0,'2024-09-26 13:27:54','2023-11-24 02:24:56','2024-02-23 18:57:27');
INSERT INTO users (user_id,email,password,nickname,phone,status,role_name,show_age,show_gender,show_pet,email_verified,phone_verified,created_at,last_login_at,last_modified_at) VALUES (67,'gheo@example.net','03ac674216f3e15c761ee1a5e255f067953623c8b388b4459e13f978d7c846f4','은지박','01018491870','ACTIVE','USER',1,0,0,1,0,'2024-08-21 05:44:08','2025-05-01 23:08:04','2023-06-05 06:53:00');
INSERT INTO users (user_id,email,password,nickname,phone,status,role_name,show_age,show_gender,show_pet,email_verified,phone_verified,created_at,last_login_at,last_modified_at) VALUES (68,'gimsumin@example.com','03ac674216f3e15c761ee1a5e255f067953623c8b388b4459e13f978d7c846f4','성호이','01046865515','ACTIVE','USER',0,0,1,1,0,'2024-05-25 02:18:45','2023-12-12 19:25:18','2024-02-25 13:10:51');
INSERT INTO users (user_id,email,password,nickname,phone,status,role_name,show_age,show_gender,show_pet,email_verified,phone_verified,created_at,last_login_at,last_modified_at) VALUES (69,'yeonghwangim@example.net','03ac674216f3e15c761ee1a5e255f067953623c8b388b4459e13f978d7c846f4','정수김','01093570315','ACTIVE','USER',1,0,1,0,1,'2025-02-14 03:48:10','2023-12-01 03:00:26','2024-04-16 06:24:18');
INSERT INTO users (user_id,email,password,nickname,phone,status,role_name,show_age,show_gender,show_pet,email_verified,phone_verified,created_at,last_login_at,last_modified_at) VALUES (70,'songyeongho@example.com','03ac674216f3e15c761ee1a5e255f067953623c8b388b4459e13f978d7c846f4','정호구','01031640243','ACTIVE','USER',1,1,0,1,1,'2025-11-04 10:01:24','2025-09-13 01:59:57','2024-01-16 18:40:09');
INSERT INTO users (user_id,email,password,nickname,phone,status,role_name,show_age,show_gender,show_pet,email_verified,phone_verified,created_at,last_login_at,last_modified_at) VALUES (71,'ro@example.org','03ac674216f3e15c761ee1a5e255f067953623c8b388b4459e13f978d7c846f4','준서이','01034902993','ACTIVE','USER',0,1,1,0,1,'2023-11-11 12:01:30','2025-01-07 12:47:18','2025-12-02 21:29:45');
INSERT INTO users (user_id,email,password,nickname,phone,status,role_name,show_age,show_gender,show_pet,email_verified,phone_verified,created_at,last_login_at,last_modified_at) VALUES (72,'seonyeong45@example.net','03ac674216f3e15c761ee1a5e255f067953623c8b388b4459e13f978d7c846f4','영철홍','01055507060','ACTIVE','USER',1,0,0,1,1,'2025-05-31 13:37:38','2025-09-23 16:41:43','2023-05-02 05:15:33');
INSERT INTO users (user_id,email,password,nickname,phone,status,role_name,show_age,show_gender,show_pet,email_verified,phone_verified,created_at,last_login_at,last_modified_at) VALUES (73,'suminjo@example.com','03ac674216f3e15c761ee1a5e255f067953623c8b388b4459e13f978d7c846f4','명자이','01098369611','ACTIVE','USER',1,1,0,1,0,'2025-07-14 01:04:36','2025-05-16 03:59:26','2024-07-30 16:36:17');
INSERT INTO users (user_id,email,password,nickname,phone,status,role_name,show_age,show_gender,show_pet,email_verified,phone_verified,created_at,last_login_at,last_modified_at) VALUES (74,'eunji66@example.com','03ac674216f3e15c761ee1a5e255f067953623c8b388b4459e13f978d7c846f4','영순박','01097480058','ACTIVE','USER',0,0,1,0,1,'2026-02-16 21:13:33','2025-05-08 21:17:15','2023-09-14 23:28:46');
INSERT INTO users (user_id,email,password,nickname,phone,status,role_name,show_age,show_gender,show_pet,email_verified,phone_verified,created_at,last_login_at,last_modified_at) VALUES (75,'jeongsungim@example.org','03ac674216f3e15c761ee1a5e255f067953623c8b388b4459e13f978d7c846f4','지은김','01095573237','ACTIVE','USER',0,1,1,1,0,'2023-06-11 04:20:52','2025-09-25 11:10:55','2025-02-01 05:52:33');
INSERT INTO users (user_id,email,password,nickname,phone,status,role_name,show_age,show_gender,show_pet,email_verified,phone_verified,created_at,last_login_at,last_modified_at) VALUES (76,'seoyeongjeong@example.com','03ac674216f3e15c761ee1a5e255f067953623c8b388b4459e13f978d7c846f4','숙자김','01092041573','ACTIVE','USER',0,1,0,0,0,'2025-12-29 22:39:24','2025-01-24 21:03:14','2026-02-25 00:46:03');
INSERT INTO users (user_id,email,password,nickname,phone,status,role_name,show_age,show_gender,show_pet,email_verified,phone_verified,created_at,last_login_at,last_modified_at) VALUES (77,'zgim@example.org','03ac674216f3e15c761ee1a5e255f067953623c8b388b4459e13f978d7c846f4','예은오','01084025335','ACTIVE','USER',0,0,1,1,1,'2025-08-18 07:35:21','2025-10-23 21:33:26','2023-04-23 07:53:14');
INSERT INTO users (user_id,email,password,nickname,phone,status,role_name,show_age,show_gender,show_pet,email_verified,phone_verified,created_at,last_login_at,last_modified_at) VALUES (78,'ryujeongsug@example.com','03ac674216f3e15c761ee1a5e255f067953623c8b388b4459e13f978d7c846f4','예은박','01098908810','ACTIVE','USER',1,1,0,0,0,'2023-08-04 01:29:07','2024-06-11 20:12:21','2023-03-30 07:09:53');
INSERT INTO users (user_id,email,password,nickname,phone,status,role_name,show_age,show_gender,show_pet,email_verified,phone_verified,created_at,last_login_at,last_modified_at) VALUES (79,'yeongjajeon@example.com','03ac674216f3e15c761ee1a5e255f067953623c8b388b4459e13f978d7c846f4','현숙박','01019167627','ACTIVE','USER',0,0,1,1,1,'2025-10-06 06:53:21','2023-04-01 05:02:13','2024-10-31 08:59:08');
INSERT INTO users (user_id,email,password,nickname,phone,status,role_name,show_age,show_gender,show_pet,email_verified,phone_verified,created_at,last_login_at,last_modified_at) VALUES (80,'rsong@example.org','03ac674216f3e15c761ee1a5e255f067953623c8b388b4459e13f978d7c846f4','재호황','01071164689','ACTIVE','USER',0,0,0,1,1,'2024-09-02 04:35:33','2024-10-27 07:17:23','2024-09-05 17:40:21');
INSERT INTO users (user_id,email,password,nickname,phone,status,role_name,show_age,show_gender,show_pet,email_verified,phone_verified,created_at,last_login_at,last_modified_at) VALUES (81,'seongsui@example.org','03ac674216f3e15c761ee1a5e255f067953623c8b388b4459e13f978d7c846f4','미영유','01022755378','ACTIVE','USER',0,0,0,1,1,'2023-09-15 19:06:24','2023-07-31 23:14:51','2023-06-08 01:09:41');
INSERT INTO users (user_id,email,password,nickname,phone,status,role_name,show_age,show_gender,show_pet,email_verified,phone_verified,created_at,last_login_at,last_modified_at) VALUES (82,'bageunjeong@example.net','03ac674216f3e15c761ee1a5e255f067953623c8b388b4459e13f978d7c846f4','성민문','01045735017','ACTIVE','USER',0,0,1,1,0,'2025-04-23 18:27:36','2025-01-08 12:43:25','2026-01-14 10:24:49');
INSERT INTO users (user_id,email,password,nickname,phone,status,role_name,show_age,show_gender,show_pet,email_verified,phone_verified,created_at,last_login_at,last_modified_at) VALUES (83,'ego@example.com','03ac674216f3e15c761ee1a5e255f067953623c8b388b4459e13f978d7c846f4','지연김','01058328063','ACTIVE','USER',0,1,1,0,0,'2025-10-29 07:11:13','2025-08-12 14:21:25','2024-02-23 07:29:40');
INSERT INTO users (user_id,email,password,nickname,phone,status,role_name,show_age,show_gender,show_pet,email_verified,phone_verified,created_at,last_login_at,last_modified_at) VALUES (84,'pgim@example.org','03ac674216f3e15c761ee1a5e255f067953623c8b388b4459e13f978d7c846f4','영환김','01066826064','ACTIVE','USER',0,1,1,0,1,'2025-04-20 06:15:40','2026-01-02 03:12:14','2025-03-12 17:10:52');
INSERT INTO users (user_id,email,password,nickname,phone,status,role_name,show_age,show_gender,show_pet,email_verified,phone_verified,created_at,last_login_at,last_modified_at) VALUES (85,'seongsu63@example.org','03ac674216f3e15c761ee1a5e255f067953623c8b388b4459e13f978d7c846f4','보람김','01087271197','ACTIVE','USER',1,1,1,1,0,'2024-09-09 23:02:03','2023-09-24 08:30:05','2026-02-16 21:26:51');
INSERT INTO users (user_id,email,password,nickname,phone,status,role_name,show_age,show_gender,show_pet,email_verified,phone_verified,created_at,last_login_at,last_modified_at) VALUES (86,'jeonghojang@example.com','03ac674216f3e15c761ee1a5e255f067953623c8b388b4459e13f978d7c846f4','명순박','01099005537','ACTIVE','USER',1,1,0,1,0,'2023-10-30 22:13:28','2025-09-26 14:37:16','2025-11-10 22:08:22');
INSERT INTO users (user_id,email,password,nickname,phone,status,role_name,show_age,show_gender,show_pet,email_verified,phone_verified,created_at,last_login_at,last_modified_at) VALUES (87,'jiyeong38@example.org','03ac674216f3e15c761ee1a5e255f067953623c8b388b4459e13f978d7c846f4','광수이','01087967850','ACTIVE','USER',1,0,1,1,1,'2023-05-20 12:09:15','2024-08-25 10:29:46','2025-11-18 11:52:13');
INSERT INTO users (user_id,email,password,nickname,phone,status,role_name,show_age,show_gender,show_pet,email_verified,phone_verified,created_at,last_login_at,last_modified_at) VALUES (88,'wgim@example.org','03ac674216f3e15c761ee1a5e255f067953623c8b388b4459e13f978d7c846f4','지후박','01011177432','ACTIVE','USER',0,0,1,0,1,'2026-01-20 09:22:52','2024-10-26 15:43:53','2025-12-11 07:21:25');
INSERT INTO users (user_id,email,password,nickname,phone,status,role_name,show_age,show_gender,show_pet,email_verified,phone_verified,created_at,last_login_at,last_modified_at) VALUES (89,'hayun98@example.org','03ac674216f3e15c761ee1a5e255f067953623c8b388b4459e13f978d7c846f4','유진황','01047883891','ACTIVE','USER',1,1,1,1,1,'2025-12-07 03:47:06','2025-05-18 09:36:34','2023-05-30 11:45:05');
INSERT INTO users (user_id,email,password,nickname,phone,status,role_name,show_age,show_gender,show_pet,email_verified,phone_verified,created_at,last_login_at,last_modified_at) VALUES (90,'li@example.org','03ac674216f3e15c761ee1a5e255f067953623c8b388b4459e13f978d7c846f4','광수한','01091030778','ACTIVE','USER',1,1,0,1,0,'2024-11-19 04:19:42','2025-10-26 07:35:20','2024-09-21 07:46:02');
INSERT INTO users (user_id,email,password,nickname,phone,status,role_name,show_age,show_gender,show_pet,email_verified,phone_verified,created_at,last_login_at,last_modified_at) VALUES (91,'yuhyeonu@example.org','03ac674216f3e15c761ee1a5e255f067953623c8b388b4459e13f978d7c846f4','준혁김','01058936080','ACTIVE','USER',1,1,1,1,1,'2024-04-06 07:23:55','2025-10-02 23:42:07','2023-11-22 11:37:35');
INSERT INTO users (user_id,email,password,nickname,phone,status,role_name,show_age,show_gender,show_pet,email_verified,phone_verified,created_at,last_login_at,last_modified_at) VALUES (92,'ai@example.org','03ac674216f3e15c761ee1a5e255f067953623c8b388b4459e13f978d7c846f4','지민강','01070974146','ACTIVE','USER',1,0,0,0,1,'2025-08-02 12:09:32','2025-02-06 19:02:50','2025-08-30 06:30:26');
INSERT INTO users (user_id,email,password,nickname,phone,status,role_name,show_age,show_gender,show_pet,email_verified,phone_verified,created_at,last_login_at,last_modified_at) VALUES (93,'eunyeong31@example.net','03ac674216f3e15c761ee1a5e255f067953623c8b388b4459e13f978d7c846f4','준서김','01094876422','ACTIVE','USER',0,0,1,1,1,'2024-12-01 17:02:47','2025-10-05 10:06:34','2024-04-01 20:57:44');
INSERT INTO users (user_id,email,password,nickname,phone,status,role_name,show_age,show_gender,show_pet,email_verified,phone_verified,created_at,last_login_at,last_modified_at) VALUES (94,'iminsu@example.com','03ac674216f3e15c761ee1a5e255f067953623c8b388b4459e13f978d7c846f4','예진김','01039978298','ACTIVE','USER',1,1,1,0,0,'2025-07-21 07:19:25','2024-03-27 22:49:05','2023-12-03 00:33:38');
INSERT INTO users (user_id,email,password,nickname,phone,status,role_name,show_age,show_gender,show_pet,email_verified,phone_verified,created_at,last_login_at,last_modified_at) VALUES (95,'igyeonghyi@example.net','03ac674216f3e15c761ee1a5e255f067953623c8b388b4459e13f978d7c846f4','유진양','01064278912','ACTIVE','USER',1,1,1,1,0,'2023-11-14 01:48:30','2025-05-24 06:31:21','2025-02-09 01:30:43');
INSERT INTO users (user_id,email,password,nickname,phone,status,role_name,show_age,show_gender,show_pet,email_verified,phone_verified,created_at,last_login_at,last_modified_at) VALUES (96,'jiminbag@example.org','03ac674216f3e15c761ee1a5e255f067953623c8b388b4459e13f978d7c846f4','지원김','01075801922','ACTIVE','USER',0,0,1,0,1,'2023-09-26 05:31:39','2024-12-01 22:43:32','2025-10-20 18:19:47');
INSERT INTO users (user_id,email,password,nickname,phone,status,role_name,show_age,show_gender,show_pet,email_verified,phone_verified,created_at,last_login_at,last_modified_at) VALUES (97,'kgim@example.com','03ac674216f3e15c761ee1a5e255f067953623c8b388b4459e13f978d7c846f4','순옥이','01087747162','ACTIVE','USER',0,0,0,1,1,'2024-05-29 23:38:36','2023-12-09 20:00:30','2025-08-20 05:53:36');
INSERT INTO users (user_id,email,password,nickname,phone,status,role_name,show_age,show_gender,show_pet,email_verified,phone_verified,created_at,last_login_at,last_modified_at) VALUES (98,'baegjeongsun@example.com','03ac674216f3e15c761ee1a5e255f067953623c8b388b4459e13f978d7c846f4','하은최','01082292358','ACTIVE','USER',1,1,0,0,1,'2024-10-31 12:23:44','2023-07-31 06:39:25','2023-11-06 01:27:22');
INSERT INTO users (user_id,email,password,nickname,phone,status,role_name,show_age,show_gender,show_pet,email_verified,phone_verified,created_at,last_login_at,last_modified_at) VALUES (99,'yeonghyiyun@example.net','03ac674216f3e15c761ee1a5e255f067953623c8b388b4459e13f978d7c846f4','옥순박','01091549869','ACTIVE','USER',0,0,0,0,0,'2023-09-12 21:18:43','2025-03-05 03:06:50','2024-09-29 12:59:43');
INSERT INTO users (user_id,email,password,nickname,phone,status,role_name,show_age,show_gender,show_pet,email_verified,phone_verified,created_at,last_login_at,last_modified_at) VALUES (100,'ijinu@example.com','03ac674216f3e15c761ee1a5e255f067953623c8b388b4459e13f978d7c846f4','수빈문','01024135908','ACTIVE','USER',0,0,0,0,1,'2024-10-12 11:27:40','2024-04-05 10:37:33','2025-10-11 08:37:20');
-- Insert into social_account
INSERT INTO social_account (social_id,user_id,provider,provider_uid) VALUES (1,6,'NAVER','fc65b437-b4b1-4593-aab8-214b62ad6e78');
INSERT INTO social_account (social_id,user_id,provider,provider_uid) VALUES (2,7,'NAVER','0de069c2-bc08-4dfc-8adc-42f05af0f247');
INSERT INTO social_account (social_id,user_id,provider,provider_uid) VALUES (3,16,'NAVER','c92656ae-54e9-4938-b3f9-2e9027459f1c');
INSERT INTO social_account (social_id,user_id,provider,provider_uid) VALUES (4,18,'NAVER','d371759d-40dc-4bc8-936e-2ee8ebeb3f1c');
INSERT INTO social_account (social_id,user_id,provider,provider_uid) VALUES (5,29,'APPLE','17adb182-642f-411a-ab7a-cc0b28f7b0e6');
INSERT INTO social_account (social_id,user_id,provider,provider_uid) VALUES (6,34,'GOOGLE','51e0279b-55b9-4199-843d-30347012707c');
INSERT INTO social_account (social_id,user_id,provider,provider_uid) VALUES (7,43,'KAKAO','baabe6ba-7243-4bc5-a602-a8abd3e95026');
INSERT INTO social_account (social_id,user_id,provider,provider_uid) VALUES (8,44,'KAKAO','c7b0ef0b-c615-45e5-bc17-fe447d7c92ca');
INSERT INTO social_account (social_id,user_id,provider,provider_uid) VALUES (9,49,'NAVER','e1c51dfa-40a0-445b-a8f8-91c3b214514b');
INSERT INTO social_account (social_id,user_id,provider,provider_uid) VALUES (10,52,'NAVER','386f2bba-50ff-4b7d-b6e1-69c655a0a964');
INSERT INTO social_account (social_id,user_id,provider,provider_uid) VALUES (11,55,'NAVER','6ad85336-1354-4645-9282-8d917c1080c8');
INSERT INTO social_account (social_id,user_id,provider,provider_uid) VALUES (12,65,'GOOGLE','61948bca-7e9e-477a-8b8b-de53909af834');
INSERT INTO social_account (social_id,user_id,provider,provider_uid) VALUES (13,67,'APPLE','c2de6ffc-929d-41e0-842e-764e6dd05bef');
INSERT INTO social_account (social_id,user_id,provider,provider_uid) VALUES (14,75,'APPLE','f6b238ce-4163-4553-8a09-b64a17a279ba');
INSERT INTO social_account (social_id,user_id,provider,provider_uid) VALUES (15,81,'KAKAO','8a251d5f-1d4b-491b-a321-3c9b8c382954');
INSERT INTO social_account (social_id,user_id,provider,provider_uid) VALUES (16,83,'APPLE','8bf262c0-1d1a-4234-8275-c676cd023d72');
INSERT INTO social_account (social_id,user_id,provider,provider_uid) VALUES (17,86,'GOOGLE','b842fac9-f2aa-48e3-87d9-48f7c83df405');
INSERT INTO social_account (social_id,user_id,provider,provider_uid) VALUES (18,91,'KAKAO','ade3d380-f73f-4f01-9fa2-7ad05fa37cdf');
INSERT INTO social_account (social_id,user_id,provider,provider_uid) VALUES (19,94,'APPLE','0ec35f58-b75e-43c3-a244-8538ce85e12b');
INSERT INTO social_account (social_id,user_id,provider,provider_uid) VALUES (20,97,'NAVER','dd1ea2de-b2b7-4af5-b7b8-013ea4652d67');
-- Insert into pet
INSERT INTO pet (pet_id,user_id,pet_name,pet_breed,pet_age,pet_weight) VALUES (1,3,'하은','OTHER',7,'L');
INSERT INTO pet (pet_id,user_id,pet_name,pet_breed,pet_age,pet_weight) VALUES (2,4,'민준','DOG',8,'XL');
INSERT INTO pet (pet_id,user_id,pet_name,pet_breed,pet_age,pet_weight) VALUES (3,4,'서영','OTHER',8,'XL');
INSERT INTO pet (pet_id,user_id,pet_name,pet_breed,pet_age,pet_weight) VALUES (4,5,'지후','CAT',14,'XL');
INSERT INTO pet (pet_id,user_id,pet_name,pet_breed,pet_age,pet_weight) VALUES (5,5,'지원','OTHER',14,'XL');
INSERT INTO pet (pet_id,user_id,pet_name,pet_breed,pet_age,pet_weight) VALUES (6,6,'현지','CAT',12,'XL');
INSERT INTO pet (pet_id,user_id,pet_name,pet_breed,pet_age,pet_weight) VALUES (7,6,'예원','CAT',8,'XS');
INSERT INTO pet (pet_id,user_id,pet_name,pet_breed,pet_age,pet_weight) VALUES (8,7,'도현','CAT',8,'M');
INSERT INTO pet (pet_id,user_id,pet_name,pet_breed,pet_age,pet_weight) VALUES (9,7,'은정','CAT',6,'XS');
INSERT INTO pet (pet_id,user_id,pet_name,pet_breed,pet_age,pet_weight) VALUES (10,11,'하윤','CAT',14,'M');
INSERT INTO pet (pet_id,user_id,pet_name,pet_breed,pet_age,pet_weight) VALUES (11,12,'미영','OTHER',10,'XL');
INSERT INTO pet (pet_id,user_id,pet_name,pet_breed,pet_age,pet_weight) VALUES (12,13,'중수','CAT',2,'XL');
INSERT INTO pet (pet_id,user_id,pet_name,pet_breed,pet_age,pet_weight) VALUES (13,14,'보람','OTHER',14,'XS');
INSERT INTO pet (pet_id,user_id,pet_name,pet_breed,pet_age,pet_weight) VALUES (14,14,'미숙','CAT',12,'M');
INSERT INTO pet (pet_id,user_id,pet_name,pet_breed,pet_age,pet_weight) VALUES (15,15,'순자','OTHER',13,'XS');
INSERT INTO pet (pet_id,user_id,pet_name,pet_breed,pet_age,pet_weight) VALUES (16,16,'미숙','DOG',4,'XS');
INSERT INTO pet (pet_id,user_id,pet_name,pet_breed,pet_age,pet_weight) VALUES (17,16,'미정','DOG',2,'XS');
INSERT INTO pet (pet_id,user_id,pet_name,pet_breed,pet_age,pet_weight) VALUES (18,17,'아름','CAT',13,'M');
INSERT INTO pet (pet_id,user_id,pet_name,pet_breed,pet_age,pet_weight) VALUES (19,18,'상현','CAT',14,'XS');
INSERT INTO pet (pet_id,user_id,pet_name,pet_breed,pet_age,pet_weight) VALUES (20,18,'병철','CAT',12,'S');
INSERT INTO pet (pet_id,user_id,pet_name,pet_breed,pet_age,pet_weight) VALUES (21,19,'영희','OTHER',15,'S');
INSERT INTO pet (pet_id,user_id,pet_name,pet_breed,pet_age,pet_weight) VALUES (22,19,'서준','OTHER',6,'M');
INSERT INTO pet (pet_id,user_id,pet_name,pet_breed,pet_age,pet_weight) VALUES (23,20,'지민','OTHER',15,'L');
INSERT INTO pet (pet_id,user_id,pet_name,pet_breed,pet_age,pet_weight) VALUES (24,22,'민재','CAT',15,'XS');
INSERT INTO pet (pet_id,user_id,pet_name,pet_breed,pet_age,pet_weight) VALUES (25,22,'순옥','CAT',1,'S');
INSERT INTO pet (pet_id,user_id,pet_name,pet_breed,pet_age,pet_weight) VALUES (26,24,'현숙','CAT',3,'M');
INSERT INTO pet (pet_id,user_id,pet_name,pet_breed,pet_age,pet_weight) VALUES (27,24,'정순','OTHER',12,'L');
INSERT INTO pet (pet_id,user_id,pet_name,pet_breed,pet_age,pet_weight) VALUES (28,25,'경희','DOG',5,'L');
INSERT INTO pet (pet_id,user_id,pet_name,pet_breed,pet_age,pet_weight) VALUES (29,25,'정희','DOG',9,'XS');
INSERT INTO pet (pet_id,user_id,pet_name,pet_breed,pet_age,pet_weight) VALUES (30,27,'은경','CAT',2,'L');
INSERT INTO pet (pet_id,user_id,pet_name,pet_breed,pet_age,pet_weight) VALUES (31,28,'민수','DOG',8,'L');
INSERT INTO pet (pet_id,user_id,pet_name,pet_breed,pet_age,pet_weight) VALUES (32,28,'선영','CAT',12,'M');
INSERT INTO pet (pet_id,user_id,pet_name,pet_breed,pet_age,pet_weight) VALUES (33,29,'은서','DOG',7,'S');
INSERT INTO pet (pet_id,user_id,pet_name,pet_breed,pet_age,pet_weight) VALUES (34,31,'지영','OTHER',9,'M');
INSERT INTO pet (pet_id,user_id,pet_name,pet_breed,pet_age,pet_weight) VALUES (35,31,'정훈','OTHER',15,'S');
INSERT INTO pet (pet_id,user_id,pet_name,pet_breed,pet_age,pet_weight) VALUES (36,32,'서현','CAT',8,'XL');
INSERT INTO pet (pet_id,user_id,pet_name,pet_breed,pet_age,pet_weight) VALUES (37,33,'영수','DOG',4,'L');
INSERT INTO pet (pet_id,user_id,pet_name,pet_breed,pet_age,pet_weight) VALUES (38,34,'은주','OTHER',15,'XS');
INSERT INTO pet (pet_id,user_id,pet_name,pet_breed,pet_age,pet_weight) VALUES (39,34,'진호','CAT',14,'XS');
INSERT INTO pet (pet_id,user_id,pet_name,pet_breed,pet_age,pet_weight) VALUES (40,36,'민지','DOG',1,'XL');
INSERT INTO pet (pet_id,user_id,pet_name,pet_breed,pet_age,pet_weight) VALUES (41,36,'지혜','OTHER',7,'M');
INSERT INTO pet (pet_id,user_id,pet_name,pet_breed,pet_age,pet_weight) VALUES (42,38,'동현','DOG',13,'S');
INSERT INTO pet (pet_id,user_id,pet_name,pet_breed,pet_age,pet_weight) VALUES (43,43,'명자','DOG',13,'M');
INSERT INTO pet (pet_id,user_id,pet_name,pet_breed,pet_age,pet_weight) VALUES (44,43,'영숙','CAT',9,'S');
INSERT INTO pet (pet_id,user_id,pet_name,pet_breed,pet_age,pet_weight) VALUES (45,46,'서윤','OTHER',5,'L');
INSERT INTO pet (pet_id,user_id,pet_name,pet_breed,pet_age,pet_weight) VALUES (46,46,'준호','CAT',12,'L');
INSERT INTO pet (pet_id,user_id,pet_name,pet_breed,pet_age,pet_weight) VALUES (47,47,'서영','DOG',3,'S');
INSERT INTO pet (pet_id,user_id,pet_name,pet_breed,pet_age,pet_weight) VALUES (48,47,'수진','OTHER',15,'L');
INSERT INTO pet (pet_id,user_id,pet_name,pet_breed,pet_age,pet_weight) VALUES (49,48,'영미','DOG',11,'M');
INSERT INTO pet (pet_id,user_id,pet_name,pet_breed,pet_age,pet_weight) VALUES (50,51,'순옥','CAT',6,'M');
INSERT INTO pet (pet_id,user_id,pet_name,pet_breed,pet_age,pet_weight) VALUES (51,56,'지아','OTHER',6,'L');
INSERT INTO pet (pet_id,user_id,pet_name,pet_breed,pet_age,pet_weight) VALUES (52,57,'정호','CAT',4,'XL');
INSERT INTO pet (pet_id,user_id,pet_name,pet_breed,pet_age,pet_weight) VALUES (53,57,'영길','OTHER',7,'XS');
INSERT INTO pet (pet_id,user_id,pet_name,pet_breed,pet_age,pet_weight) VALUES (54,58,'미숙','CAT',11,'L');
INSERT INTO pet (pet_id,user_id,pet_name,pet_breed,pet_age,pet_weight) VALUES (55,59,'영진','DOG',4,'M');
INSERT INTO pet (pet_id,user_id,pet_name,pet_breed,pet_age,pet_weight) VALUES (56,60,'상철','DOG',3,'XL');
INSERT INTO pet (pet_id,user_id,pet_name,pet_breed,pet_age,pet_weight) VALUES (57,62,'재호','CAT',14,'XL');
INSERT INTO pet (pet_id,user_id,pet_name,pet_breed,pet_age,pet_weight) VALUES (58,63,'민재','CAT',7,'S');
INSERT INTO pet (pet_id,user_id,pet_name,pet_breed,pet_age,pet_weight) VALUES (59,64,'도윤','CAT',2,'XS');
INSERT INTO pet (pet_id,user_id,pet_name,pet_breed,pet_age,pet_weight) VALUES (60,65,'재호','CAT',12,'XL');
INSERT INTO pet (pet_id,user_id,pet_name,pet_breed,pet_age,pet_weight) VALUES (61,66,'수민','DOG',1,'XS');
INSERT INTO pet (pet_id,user_id,pet_name,pet_breed,pet_age,pet_weight) VALUES (62,66,'수빈','OTHER',1,'XS');
INSERT INTO pet (pet_id,user_id,pet_name,pet_breed,pet_age,pet_weight) VALUES (63,67,'숙자','OTHER',5,'S');
INSERT INTO pet (pet_id,user_id,pet_name,pet_breed,pet_age,pet_weight) VALUES (64,68,'진우','DOG',2,'XL');
INSERT INTO pet (pet_id,user_id,pet_name,pet_breed,pet_age,pet_weight) VALUES (65,71,'은경','OTHER',1,'M');
INSERT INTO pet (pet_id,user_id,pet_name,pet_breed,pet_age,pet_weight) VALUES (66,72,'준혁','DOG',8,'L');
INSERT INTO pet (pet_id,user_id,pet_name,pet_breed,pet_age,pet_weight) VALUES (67,73,'병철','DOG',13,'L');
INSERT INTO pet (pet_id,user_id,pet_name,pet_breed,pet_age,pet_weight) VALUES (68,73,'민준','CAT',2,'L');
INSERT INTO pet (pet_id,user_id,pet_name,pet_breed,pet_age,pet_weight) VALUES (69,75,'순자','OTHER',9,'S');
INSERT INTO pet (pet_id,user_id,pet_name,pet_breed,pet_age,pet_weight) VALUES (70,76,'정훈','OTHER',9,'XS');
INSERT INTO pet (pet_id,user_id,pet_name,pet_breed,pet_age,pet_weight) VALUES (71,78,'정훈','OTHER',13,'S');
INSERT INTO pet (pet_id,user_id,pet_name,pet_breed,pet_age,pet_weight) VALUES (72,78,'상철','OTHER',15,'XS');
INSERT INTO pet (pet_id,user_id,pet_name,pet_breed,pet_age,pet_weight) VALUES (73,80,'서준','CAT',3,'XS');
INSERT INTO pet (pet_id,user_id,pet_name,pet_breed,pet_age,pet_weight) VALUES (74,84,'현우','OTHER',13,'S');
INSERT INTO pet (pet_id,user_id,pet_name,pet_breed,pet_age,pet_weight) VALUES (75,84,'예원','DOG',5,'M');
INSERT INTO pet (pet_id,user_id,pet_name,pet_breed,pet_age,pet_weight) VALUES (76,85,'서준','OTHER',14,'L');
INSERT INTO pet (pet_id,user_id,pet_name,pet_breed,pet_age,pet_weight) VALUES (77,85,'민수','CAT',2,'M');
INSERT INTO pet (pet_id,user_id,pet_name,pet_breed,pet_age,pet_weight) VALUES (78,86,'서연','OTHER',11,'M');
INSERT INTO pet (pet_id,user_id,pet_name,pet_breed,pet_age,pet_weight) VALUES (79,87,'도윤','DOG',2,'XS');
INSERT INTO pet (pet_id,user_id,pet_name,pet_breed,pet_age,pet_weight) VALUES (80,90,'정호','DOG',10,'S');
INSERT INTO pet (pet_id,user_id,pet_name,pet_breed,pet_age,pet_weight) VALUES (81,90,'수빈','DOG',7,'L');
INSERT INTO pet (pet_id,user_id,pet_name,pet_breed,pet_age,pet_weight) VALUES (82,91,'선영','OTHER',15,'M');
INSERT INTO pet (pet_id,user_id,pet_name,pet_breed,pet_age,pet_weight) VALUES (83,91,'명자','OTHER',6,'XL');
INSERT INTO pet (pet_id,user_id,pet_name,pet_breed,pet_age,pet_weight) VALUES (84,92,'하윤','OTHER',1,'L');
INSERT INTO pet (pet_id,user_id,pet_name,pet_breed,pet_age,pet_weight) VALUES (85,93,'진우','CAT',11,'XL');
INSERT INTO pet (pet_id,user_id,pet_name,pet_breed,pet_age,pet_weight) VALUES (86,94,'종수','OTHER',12,'XL');
INSERT INTO pet (pet_id,user_id,pet_name,pet_breed,pet_age,pet_weight) VALUES (87,94,'광수','DOG',2,'XL');
INSERT INTO pet (pet_id,user_id,pet_name,pet_breed,pet_age,pet_weight) VALUES (88,95,'지현','CAT',10,'L');
INSERT INTO pet (pet_id,user_id,pet_name,pet_breed,pet_age,pet_weight) VALUES (89,95,'승현','DOG',14,'M');
INSERT INTO pet (pet_id,user_id,pet_name,pet_breed,pet_age,pet_weight) VALUES (90,96,'성호','CAT',8,'XL');
INSERT INTO pet (pet_id,user_id,pet_name,pet_breed,pet_age,pet_weight) VALUES (91,96,'지민','OTHER',13,'S');
INSERT INTO pet (pet_id,user_id,pet_name,pet_breed,pet_age,pet_weight) VALUES (92,97,'영식','DOG',13,'XL');
INSERT INTO pet (pet_id,user_id,pet_name,pet_breed,pet_age,pet_weight) VALUES (93,97,'지훈','DOG',7,'L');
INSERT INTO pet (pet_id,user_id,pet_name,pet_breed,pet_age,pet_weight) VALUES (94,98,'수진','OTHER',5,'M');
INSERT INTO pet (pet_id,user_id,pet_name,pet_breed,pet_age,pet_weight) VALUES (95,98,'영희','DOG',5,'L');
INSERT INTO pet (pet_id,user_id,pet_name,pet_breed,pet_age,pet_weight) VALUES (96,99,'아름','DOG',5,'L');
INSERT INTO pet (pet_id,user_id,pet_name,pet_breed,pet_age,pet_weight) VALUES (97,100,'준서','CAT',14,'XS');
-- Insert into event
INSERT INTO event (event_id,event_name,description,start_at,end_at,location,status,round_no,base_fee) VALUES (1,'푸푸 축제 1','Harum necessitatibus ea facere veritatis possimus sit. Nulla dolorum cumque nobis neque. Animi in sint tenetur odit quos ratione.','2025-01-23 08:27:22','2025-01-26 10:27:22','인천광역시 동구 봉은사95거리 399 (영숙김남마을)','ENDED',5,32.0);
INSERT INTO event (event_id,event_name,description,start_at,end_at,location,status,round_no,base_fee) VALUES (2,'푸푸 축제 2','Necessitatibus dicta porro sint aperiam necessitatibus nesciunt. Rerum quod consequatur fugiat unde illum non ducimus.','2025-10-21 11:56:35','2025-10-23 19:56:35','경상북도 부여군 논현길 896','ONGOING',2,47.06);
INSERT INTO event (event_id,event_name,description,start_at,end_at,location,status,round_no,base_fee) VALUES (3,'푸푸 축제 3','Neque ipsa iusto velit. Neque labore hic repellat culpa non amet.
Voluptates commodi fuga autem. Accusantium quod dignissimos et ducimus tenetur incidunt.','2025-07-16 11:10:34','2025-07-17 18:10:34','전라남도 당진시 도산대거리 626-47','ENDED',3,47.4);
INSERT INTO event (event_id,event_name,description,start_at,end_at,location,status,round_no,base_fee) VALUES (4,'푸푸 축제 4','Ipsa quidem eos impedit. Quae consequatur hic laboriosam. Fugiat illo ad.
Natus quos aperiam aperiam fuga quaerat laudantium. A reprehenderit nulla perferendis.','2023-05-06 20:20:29','2023-05-09 06:20:29','세종특별자치시 종로구 선릉090가 974','ENDED',4,11.3);
INSERT INTO event (event_id,event_name,description,start_at,end_at,location,status,round_no,base_fee) VALUES (5,'푸푸 축제 5','Suscipit doloremque neque dolorem atque ab odio. Tenetur rem ad officia quasi excepturi.
At tempora similique dicta. Quidem totam dicta eveniet nihil ullam. Aperiam in illum optio.','2023-04-04 08:23:30','2023-04-07 09:23:30','제주특별자치도 서산시 강남대8로 455-68 (하윤김동)','CANCELLED',1,44.11);
INSERT INTO event (event_id,event_name,description,start_at,end_at,location,status,round_no,base_fee) VALUES (6,'푸푸 축제 6','Atque repellat quo quaerat. Rem provident deserunt rerum.
Quisquam officiis expedita eius. Suscipit laboriosam minima vel incidunt deserunt officiis. Debitis maxime inventore nisi repellendus.','2025-09-05 14:59:57','2025-09-07 16:59:57','충청남도 수원시 영통구 가락7거리 948-42 (영진나마을)','ONGOING',3,17.21);
INSERT INTO event (event_id,event_name,description,start_at,end_at,location,status,round_no,base_fee) VALUES (7,'푸푸 축제 7','Repudiandae assumenda quod tenetur dicta omnis. Esse id quisquam delectus quam deserunt.
Porro accusamus error minima. Aperiam numquam harum quas.','2024-12-29 00:21:45','2024-12-30 01:21:45','충청남도 광주시 역삼9길 881','ENDED',5,39.0);
INSERT INTO event (event_id,event_name,description,start_at,end_at,location,status,round_no,base_fee) VALUES (8,'푸푸 축제 8','Earum dolorum vero aspernatur et quam officiis. Atque ad laborum. Dolorem delectus possimus asperiores quibusdam.','2024-09-28 01:15:32','2024-10-01 08:15:32','경기도 이천시 학동거리 370','CANCELLED',3,11.97);
INSERT INTO event (event_id,event_name,description,start_at,end_at,location,status,round_no,base_fee) VALUES (9,'푸푸 축제 9','Earum numquam tempore harum consectetur. Doloribus dolorum tenetur.','2024-12-16 10:32:48','2024-12-17 15:32:48','강원도 고성군 개포가 271','CANCELLED',3,25.86);
INSERT INTO event (event_id,event_name,description,start_at,end_at,location,status,round_no,base_fee) VALUES (10,'푸푸 축제 10','Reprehenderit vel fuga atque tempora. Temporibus sapiente atque quam nostrum non.','2025-08-14 05:52:58','2025-08-17 11:52:58','광주광역시 은평구 반포대32가 489-37 (서영이하면)','ENDED',5,43.35);
INSERT INTO event (event_id,event_name,description,start_at,end_at,location,status,round_no,base_fee) VALUES (11,'푸푸 축제 11','Magni illo vero error nesciunt minus. Vero sunt vel reprehenderit. Et maxime adipisci eos nulla molestias.','2025-04-27 19:56:06','2025-05-01 02:56:06','세종특별자치시 용산구 역삼42로 668','ONGOING',3,47.05);
INSERT INTO event (event_id,event_name,description,start_at,end_at,location,status,round_no,base_fee) VALUES (12,'푸푸 축제 12','Odio sapiente eum. Quas dolor id magnam consequuntur.
In laborum aliquam itaque nesciunt. Id sed porro. Asperiores ducimus officiis tempore.','2026-02-07 08:09:25','2026-02-10 11:09:25','대전광역시 성동구 석촌호수210로 142-4','PLANNED',2,44.17);
INSERT INTO event (event_id,event_name,description,start_at,end_at,location,status,round_no,base_fee) VALUES (13,'푸푸 축제 13','Sed laudantium officiis culpa laudantium porro.
Molestiae libero placeat eius ullam omnis. Dolor veritatis voluptates.
Voluptatem mollitia qui doloremque. Eius est magnam nesciunt magni culpa.','2023-06-20 10:04:27','2023-06-22 16:04:27','세종특별자치시 은평구 역삼가 80','PLANNED',1,14.7);
INSERT INTO event (event_id,event_name,description,start_at,end_at,location,status,round_no,base_fee) VALUES (14,'푸푸 축제 14','Atque nobis nam ipsum. Quibusdam totam dicta enim sequi ducimus culpa. Officiis sunt mollitia accusantium.','2025-10-16 10:17:19','2025-10-18 19:17:19','충청남도 용인시 테헤란179길 431 (예준권마을)','ENDED',4,21.23);
INSERT INTO event (event_id,event_name,description,start_at,end_at,location,status,round_no,base_fee) VALUES (15,'푸푸 축제 15','Perferendis quos quisquam ducimus. Maiores fugit at aliquam ut iure.
Eius totam quod error cum est. Minima tenetur quod nostrum aut. Ducimus similique hic incidunt amet excepturi quasi.','2023-06-06 20:43:48','2023-06-08 03:43:48','전라남도 김포시 석촌호수993로 513-56 (건우최하읍)','CANCELLED',5,20.7);
INSERT INTO event (event_id,event_name,description,start_at,end_at,location,status,round_no,base_fee) VALUES (16,'푸푸 축제 16','Ipsa doloribus modi quae omnis voluptate. Quisquam aperiam odit occaecati beatae quae ea.
Quasi asperiores error suscipit quam architecto ea. Voluptatum magnam ad fuga.
Iure magni accusamus.','2026-02-23 19:03:43','2026-02-26 06:03:43','대구광역시 중구 서초중앙로 128 (재현송송동)','ENDED',5,44.31);
INSERT INTO event (event_id,event_name,description,start_at,end_at,location,status,round_no,base_fee) VALUES (17,'푸푸 축제 17','Tempore sapiente consectetur porro laborum sequi reiciendis.
Ex necessitatibus officia deserunt eveniet odit. Error explicabo impedit error. Aspernatur error necessitatibus reiciendis odit vel.','2024-12-24 13:26:39','2024-12-25 14:26:39','경기도 성남시 분당구 선릉로 357-18 (지민송최동)','ENDED',4,38.85);
INSERT INTO event (event_id,event_name,description,start_at,end_at,location,status,round_no,base_fee) VALUES (18,'푸푸 축제 18','Vero facilis corrupti rem. Veniam dolor doloribus itaque tenetur quod.
Hic neque ut. Suscipit autem possimus corrupti minima maiores cum ipsum.','2026-02-22 20:57:01','2026-02-26 06:57:01','광주광역시 남구 논현가 426-90','CANCELLED',1,44.01);
INSERT INTO event (event_id,event_name,description,start_at,end_at,location,status,round_no,base_fee) VALUES (19,'푸푸 축제 19','Autem doloremque veritatis blanditiis. Corrupti provident tempore natus voluptates.
Odit iusto quod nam iste. Placeat eos necessitatibus nulla doloremque.','2023-11-20 15:49:23','2023-11-22 20:49:23','대전광역시 노원구 삼성3거리 708-69 (건우박면)','ONGOING',1,39.64);
INSERT INTO event (event_id,event_name,description,start_at,end_at,location,status,round_no,base_fee) VALUES (20,'푸푸 축제 20','Voluptatibus nulla quae quod et itaque. Illo dicta culpa iure aspernatur. Unde sapiente vel molestiae harum at. In delectus quis soluta amet.','2025-12-17 02:27:22','2025-12-20 14:27:22','대전광역시 관악구 석촌호수로 800 (상훈이면)','CANCELLED',4,32.61);
INSERT INTO event (event_id,event_name,description,start_at,end_at,location,status,round_no,base_fee) VALUES (21,'푸푸 축제 21','Recusandae exercitationem minus consequuntur ex commodi nam. Aliquid minus suscipit nesciunt facilis.
Illum ratione earum repellat repellendus.','2023-06-08 11:16:10','2023-06-09 22:16:10','경기도 부천시 오정구 선릉길 534-27','ENDED',3,2.64);
INSERT INTO event (event_id,event_name,description,start_at,end_at,location,status,round_no,base_fee) VALUES (22,'푸푸 축제 22','Aspernatur at alias illo. Dolorum impedit mollitia quia sit consequatur. Reiciendis enim atque adipisci aliquam.','2024-09-02 17:28:08','2024-09-03 19:28:08','대전광역시 동작구 역삼거리 647-78','CANCELLED',5,25.03);
INSERT INTO event (event_id,event_name,description,start_at,end_at,location,status,round_no,base_fee) VALUES (23,'푸푸 축제 23','Sequi ratione et distinctio accusantium. Omnis illum dicta sint.
Ullam reiciendis nihil.','2023-10-08 19:25:42','2023-10-12 02:25:42','울산광역시 송파구 도산대524거리 940','ONGOING',4,30.65);
INSERT INTO event (event_id,event_name,description,start_at,end_at,location,status,round_no,base_fee) VALUES (24,'푸푸 축제 24','Tempora perspiciatis alias vitae ipsa accusamus saepe. Tempora beatae optio.','2024-04-19 05:11:51','2024-04-20 13:11:51','강원도 양구군 석촌호수645가 246-45','CANCELLED',5,8.74);
-- Insert into booths
INSERT INTO booths (booth_id,event_id,place_name,type,description,company,zone,status,created_at) VALUES (1,1,'부스 1','BOOTH_INFO','Veniam eum aliquid officia commodi maxime soluta nulla sit dolore officiis totam.',NULL,'ZONE_A','PAUSED','2025-01-14 17:57:57');
INSERT INTO booths (booth_id,event_id,place_name,type,description,company,zone,status,created_at) VALUES (2,1,'부스 2','BOOTH_EXPERIENCE','Ipsum iusto nemo ipsum odio soluta autem quasi sequi praesentium vero explicabo vel.',NULL,'ZONE_A','PAUSED','2025-01-05 19:14:14');
INSERT INTO booths (booth_id,event_id,place_name,type,description,company,zone,status,created_at) VALUES (3,1,'부스 3','BOOTH_EXPERIENCE','Placeat qui nam repellat vel facilis cumque tempore in nulla aut alias in repellat.',NULL,'OTHER','PAUSED','2025-01-04 22:47:19');
INSERT INTO booths (booth_id,event_id,place_name,type,description,company,zone,status,created_at) VALUES (4,2,'부스 1','BOOTH_INFO','Optio aliquid ducimus distinctio vel quis voluptas nemo fugiat quis.',NULL,'ZONE_C','OPEN','2025-10-17 16:25:29');
INSERT INTO booths (booth_id,event_id,place_name,type,description,company,zone,status,created_at) VALUES (5,2,'부스 2','BOOTH_EXPERIENCE','Nam rerum dolorem nesciunt reprehenderit itaque nobis ad rem neque explicabo voluptatem.',NULL,'ZONE_B','OPEN','2025-10-07 17:31:08');
INSERT INTO booths (booth_id,event_id,place_name,type,description,company,zone,status,created_at) VALUES (6,2,'부스 3','STAGE','Perferendis voluptas ipsam expedita nobis deserunt sint ea tempora sapiente debitis officiis deleniti.',NULL,'ZONE_C','PAUSED','2025-10-08 08:21:57');
INSERT INTO booths (booth_id,event_id,place_name,type,description,company,zone,status,created_at) VALUES (7,3,'부스 1','BOOTH_SALE','Itaque non debitis aspernatur natus sunt praesentium.',NULL,'ZONE_B','PAUSED','2025-07-13 00:53:59');
INSERT INTO booths (booth_id,event_id,place_name,type,description,company,zone,status,created_at) VALUES (8,3,'부스 2','STAGE','Delectus amet iste dignissimos architecto possimus.',NULL,'ZONE_B','PAUSED','2025-06-28 22:22:52');
INSERT INTO booths (booth_id,event_id,place_name,type,description,company,zone,status,created_at) VALUES (9,3,'부스 3','BOOTH_COMPANY','Dicta voluptate aliquam possimus modi nulla voluptas corrupti sequi ab recusandae libero laboriosam.','유한회사 조선에너지','ZONE_C','OPEN','2025-06-29 19:23:19');
INSERT INTO booths (booth_id,event_id,place_name,type,description,company,zone,status,created_at) VALUES (10,4,'부스 1','STAGE','Non nostrum pariatur vero explicabo ad rerum aspernatur nihil praesentium sunt beatae.',NULL,'ZONE_B','OPEN','2023-04-08 07:26:18');
INSERT INTO booths (booth_id,event_id,place_name,type,description,company,zone,status,created_at) VALUES (11,4,'부스 2','BOOTH_COMPANY','Provident tempore qui illo voluptate inventore repellendus id mollitia saepe.','유한회사 우리','ZONE_C','OPEN','2023-04-13 12:54:50');
INSERT INTO booths (booth_id,event_id,place_name,type,description,company,zone,status,created_at) VALUES (12,4,'부스 3','BOOTH_COMPANY','Cum assumenda voluptatibus sunt blanditiis voluptates enim deserunt quaerat ullam.','(유) 조선미래반도체','ZONE_A','CLOSED','2023-04-30 16:25:01');
INSERT INTO booths (booth_id,event_id,place_name,type,description,company,zone,status,created_at) VALUES (13,5,'부스 1','BOOTH_SALE','Doloribus saepe vel laudantium recusandae sint error nisi maxime doloribus.',NULL,'ZONE_C','OPEN','2023-03-29 07:31:26');
INSERT INTO booths (booth_id,event_id,place_name,type,description,company,zone,status,created_at) VALUES (14,5,'부스 2','BOOTH_EXPERIENCE','At eligendi optio maxime exercitationem laudantium velit fugit animi.',NULL,'OTHER','CLOSED','2023-03-22 06:48:20');
INSERT INTO booths (booth_id,event_id,place_name,type,description,company,zone,status,created_at) VALUES (15,5,'부스 3','STAGE','Voluptatum numquam corrupti nemo nostrum perspiciatis.',NULL,'ZONE_C','CLOSED','2023-03-18 21:42:06');
INSERT INTO booths (booth_id,event_id,place_name,type,description,company,zone,status,created_at) VALUES (16,6,'부스 1','BOOTH_COMPANY','Perspiciatis exercitationem voluptates voluptatem ducimus eius omnis excepturi iste hic.','유한회사 코리아','OTHER','PAUSED','2025-08-19 13:35:35');
INSERT INTO booths (booth_id,event_id,place_name,type,description,company,zone,status,created_at) VALUES (17,6,'부스 2','BOOTH_COMPANY','Molestiae incidunt nam ullam ullam unde iusto.','유한회사 글로벌','ZONE_B','CLOSED','2025-08-31 14:50:29');
INSERT INTO booths (booth_id,event_id,place_name,type,description,company,zone,status,created_at) VALUES (18,6,'부스 3','BOOTH_INFO','Deserunt dignissimos distinctio et ad nemo velit eaque non omnis eligendi tempora.',NULL,'ZONE_C','OPEN','2025-08-21 11:07:34');
INSERT INTO booths (booth_id,event_id,place_name,type,description,company,zone,status,created_at) VALUES (19,7,'부스 1','STAGE','Fuga laudantium autem dolorem iusto saepe consequatur adipisci repudiandae necessitatibus quidem inventore.',NULL,'ZONE_C','PAUSED','2024-12-10 10:28:03');
INSERT INTO booths (booth_id,event_id,place_name,type,description,company,zone,status,created_at) VALUES (20,7,'부스 2','BOOTH_INFO','Nam dolorem adipisci soluta suscipit deserunt sapiente.',NULL,'OTHER','CLOSED','2024-12-14 02:24:33');
INSERT INTO booths (booth_id,event_id,place_name,type,description,company,zone,status,created_at) VALUES (21,7,'부스 3','STAGE','Consectetur sequi distinctio nemo molestias voluptatibus expedita.',NULL,'ZONE_A','PAUSED','2024-12-23 19:32:36');
INSERT INTO booths (booth_id,event_id,place_name,type,description,company,zone,status,created_at) VALUES (22,8,'부스 1','BOOTH_EXPERIENCE','Neque officiis saepe a expedita numquam possimus officia reprehenderit veniam suscipit.',NULL,'ZONE_A','PAUSED','2024-09-02 09:46:30');
INSERT INTO booths (booth_id,event_id,place_name,type,description,company,zone,status,created_at) VALUES (23,8,'부스 2','BOOTH_COMPANY','Officia cumque accusantium ipsam perspiciatis ducimus temporibus.','유한회사 고구려시스템','ZONE_C','PAUSED','2024-08-31 01:58:40');
INSERT INTO booths (booth_id,event_id,place_name,type,description,company,zone,status,created_at) VALUES (24,8,'부스 3','BOOTH_INFO','Cum impedit asperiores quaerat corrupti earum quasi.',NULL,'ZONE_C','CLOSED','2024-09-22 07:38:45');
INSERT INTO booths (booth_id,event_id,place_name,type,description,company,zone,status,created_at) VALUES (25,9,'부스 1','BOOTH_SALE','Iusto consequatur tempore unde veniam architecto error quisquam tenetur consequatur nesciunt illo.',NULL,'ZONE_B','PAUSED','2024-12-14 00:05:37');
INSERT INTO booths (booth_id,event_id,place_name,type,description,company,zone,status,created_at) VALUES (26,9,'부스 2','BOOTH_INFO','Ratione unde mollitia dolorum porro asperiores accusantium neque cum.',NULL,'ZONE_A','CLOSED','2024-12-03 21:44:36');
INSERT INTO booths (booth_id,event_id,place_name,type,description,company,zone,status,created_at) VALUES (27,9,'부스 3','STAGE','Sit molestias quis officiis minima ducimus corrupti minima eos nihil magni tenetur.',NULL,'ZONE_A','OPEN','2024-12-06 21:12:45');
INSERT INTO booths (booth_id,event_id,place_name,type,description,company,zone,status,created_at) VALUES (28,10,'부스 1','BOOTH_SALE','Optio eveniet molestias sint aliquam quidem.',NULL,'ZONE_B','OPEN','2025-08-11 09:15:36');
INSERT INTO booths (booth_id,event_id,place_name,type,description,company,zone,status,created_at) VALUES (29,10,'부스 2','BOOTH_COMPANY','Officiis nulla aperiam cum similique voluptates rem quos facilis iusto.','(유) 스타','ZONE_A','PAUSED','2025-08-10 21:55:05');
INSERT INTO booths (booth_id,event_id,place_name,type,description,company,zone,status,created_at) VALUES (30,10,'부스 3','STAGE','Expedita modi voluptatem odit aut recusandae voluptate neque deleniti quibusdam assumenda vitae.',NULL,'OTHER','CLOSED','2025-08-08 10:15:55');
INSERT INTO booths (booth_id,event_id,place_name,type,description,company,zone,status,created_at) VALUES (31,11,'부스 1','BOOTH_EXPERIENCE','Animi deleniti nulla facere vitae officia mollitia quasi natus.',NULL,'ZONE_B','OPEN','2025-04-11 18:31:55');
INSERT INTO booths (booth_id,event_id,place_name,type,description,company,zone,status,created_at) VALUES (32,11,'부스 2','BOOTH_SALE','Praesentium quod enim vel officia unde laborum repellendus ad in minus.',NULL,'ZONE_B','OPEN','2025-04-04 11:28:44');
INSERT INTO booths (booth_id,event_id,place_name,type,description,company,zone,status,created_at) VALUES (33,11,'부스 3','BOOTH_EXPERIENCE','Quisquam amet veniam in ex non pariatur accusamus qui iusto deleniti ratione voluptatibus.',NULL,'ZONE_A','PAUSED','2025-03-29 16:19:42');
INSERT INTO booths (booth_id,event_id,place_name,type,description,company,zone,status,created_at) VALUES (34,12,'부스 1','BOOTH_INFO','Incidunt necessitatibus voluptatum illum corrupti unde eius doloribus ipsa quod dolorum occaecati ab.',NULL,'OTHER','PAUSED','2026-01-20 07:55:36');
INSERT INTO booths (booth_id,event_id,place_name,type,description,company,zone,status,created_at) VALUES (35,12,'부스 2','BOOTH_EXPERIENCE','Soluta deleniti optio facere praesentium iste natus est dolore qui aliquid.',NULL,'ZONE_C','CLOSED','2026-01-28 10:20:20');
INSERT INTO booths (booth_id,event_id,place_name,type,description,company,zone,status,created_at) VALUES (36,12,'부스 3','BOOTH_COMPANY','Fugit doloribus veritatis eveniet placeat eum rem.','주식회사 한가람에너지','ZONE_B','CLOSED','2026-02-02 00:05:34');
INSERT INTO booths (booth_id,event_id,place_name,type,description,company,zone,status,created_at) VALUES (37,13,'부스 1','BOOTH_SALE','Assumenda molestiae molestias ea asperiores ratione quaerat dolorem est labore maiores illum quas.',NULL,'ZONE_C','PAUSED','2023-05-28 22:50:04');
INSERT INTO booths (booth_id,event_id,place_name,type,description,company,zone,status,created_at) VALUES (38,13,'부스 2','BOOTH_SALE','Accusantium modi fuga temporibus assumenda quaerat ipsum voluptatem dolorem amet.',NULL,'OTHER','OPEN','2023-06-04 14:26:02');
INSERT INTO booths (booth_id,event_id,place_name,type,description,company,zone,status,created_at) VALUES (39,13,'부스 3','STAGE','Totam id recusandae quaerat placeat dolorem nam.',NULL,'ZONE_A','PAUSED','2023-05-22 18:26:13');
INSERT INTO booths (booth_id,event_id,place_name,type,description,company,zone,status,created_at) VALUES (40,14,'부스 1','STAGE','Facilis fugiat vero quis esse laborum cupiditate distinctio error tempore.',NULL,'ZONE_B','PAUSED','2025-10-07 06:18:11');
INSERT INTO booths (booth_id,event_id,place_name,type,description,company,zone,status,created_at) VALUES (41,14,'부스 2','BOOTH_EXPERIENCE','Perferendis assumenda laudantium aperiam a impedit nihil aliquam nulla magni quidem omnis eligendi.',NULL,'ZONE_C','CLOSED','2025-09-23 06:13:24');
INSERT INTO booths (booth_id,event_id,place_name,type,description,company,zone,status,created_at) VALUES (42,14,'부스 3','STAGE','Repellendus autem sint consequuntur reiciendis quae modi.',NULL,'ZONE_A','CLOSED','2025-09-27 06:58:05');
INSERT INTO booths (booth_id,event_id,place_name,type,description,company,zone,status,created_at) VALUES (43,15,'부스 1','BOOTH_INFO','Voluptates dolore vero sint quia ex magnam numquam consectetur pariatur necessitatibus quaerat reprehenderit.',NULL,'ZONE_A','CLOSED','2023-05-12 23:21:47');
INSERT INTO booths (booth_id,event_id,place_name,type,description,company,zone,status,created_at) VALUES (44,15,'부스 2','BOOTH_SALE','Sed expedita dolor cumque et in veniam repellendus fugiat voluptas explicabo officiis.',NULL,'ZONE_B','OPEN','2023-05-14 14:48:42');
INSERT INTO booths (booth_id,event_id,place_name,type,description,company,zone,status,created_at) VALUES (45,15,'부스 3','STAGE','Placeat optio sit harum modi corporis quo tempore voluptatem illo facere quo.',NULL,'ZONE_C','CLOSED','2023-05-24 04:04:01');
INSERT INTO booths (booth_id,event_id,place_name,type,description,company,zone,status,created_at) VALUES (46,16,'부스 1','STAGE','Labore libero voluptatum voluptatum quibusdam eos veritatis.',NULL,'ZONE_B','CLOSED','2026-01-26 11:26:43');
INSERT INTO booths (booth_id,event_id,place_name,type,description,company,zone,status,created_at) VALUES (47,16,'부스 2','BOOTH_COMPANY','Consectetur quam alias corporis odio consequatur molestiae id quod.','유한회사 첨단출판','ZONE_A','PAUSED','2026-01-29 08:07:33');
INSERT INTO booths (booth_id,event_id,place_name,type,description,company,zone,status,created_at) VALUES (48,16,'부스 3','BOOTH_INFO','Quam voluptatem neque ut alias quibusdam quibusdam ut.',NULL,'OTHER','CLOSED','2026-02-07 05:40:58');
INSERT INTO booths (booth_id,event_id,place_name,type,description,company,zone,status,created_at) VALUES (49,17,'부스 1','BOOTH_INFO','Cupiditate asperiores quos reprehenderit a distinctio molestiae non maxime.',NULL,'ZONE_C','PAUSED','2024-12-08 23:33:08');
INSERT INTO booths (booth_id,event_id,place_name,type,description,company,zone,status,created_at) VALUES (50,17,'부스 2','BOOTH_EXPERIENCE','Possimus accusamus cupiditate veniam repellendus vitae similique veniam.',NULL,'ZONE_B','CLOSED','2024-12-09 15:47:02');
INSERT INTO booths (booth_id,event_id,place_name,type,description,company,zone,status,created_at) VALUES (51,17,'부스 3','BOOTH_EXPERIENCE','Ratione aspernatur molestias alias impedit quia quos illum illo hic neque illo.',NULL,'ZONE_B','PAUSED','2024-12-11 05:09:21');
INSERT INTO booths (booth_id,event_id,place_name,type,description,company,zone,status,created_at) VALUES (52,18,'부스 1','BOOTH_COMPANY','A dolorum cupiditate esse nostrum nisi sunt perspiciatis doloribus ducimus.','주식회사 네오','ZONE_A','PAUSED','2026-02-05 04:37:06');
INSERT INTO booths (booth_id,event_id,place_name,type,description,company,zone,status,created_at) VALUES (53,18,'부스 2','BOOTH_INFO','Officiis officia debitis illo a amet rem.',NULL,'ZONE_C','CLOSED','2026-02-07 16:15:56');
INSERT INTO booths (booth_id,event_id,place_name,type,description,company,zone,status,created_at) VALUES (54,18,'부스 3','BOOTH_INFO','Laboriosam et architecto nihil quidem expedita nulla soluta et veritatis mollitia nam quis.',NULL,'ZONE_A','CLOSED','2026-02-07 02:14:55');
INSERT INTO booths (booth_id,event_id,place_name,type,description,company,zone,status,created_at) VALUES (55,19,'부스 1','BOOTH_SALE','Unde tempora optio assumenda sint quia reprehenderit cupiditate officia quia sapiente.',NULL,'ZONE_B','PAUSED','2023-10-30 11:12:54');
INSERT INTO booths (booth_id,event_id,place_name,type,description,company,zone,status,created_at) VALUES (56,19,'부스 2','BOOTH_COMPANY','Libero accusantium illo facilis blanditiis explicabo eaque est laudantium.','유한회사 라온발해반도체','ZONE_A','PAUSED','2023-10-23 09:16:54');
INSERT INTO booths (booth_id,event_id,place_name,type,description,company,zone,status,created_at) VALUES (57,19,'부스 3','BOOTH_COMPANY','Impedit repellat accusamus voluptatem ab aperiam minus earum accusamus dicta.','주식회사 마음','ZONE_C','CLOSED','2023-11-14 08:36:34');
INSERT INTO booths (booth_id,event_id,place_name,type,description,company,zone,status,created_at) VALUES (58,20,'부스 1','BOOTH_EXPERIENCE','Cupiditate sit natus ducimus ea a provident similique ad porro maiores odit.',NULL,'ZONE_C','CLOSED','2025-12-05 01:29:04');
INSERT INTO booths (booth_id,event_id,place_name,type,description,company,zone,status,created_at) VALUES (59,20,'부스 2','BOOTH_COMPANY','Facere quod laboriosam quia accusamus et veritatis repellendus blanditiis consequuntur.','(유) 월드네오정보통신','ZONE_A','OPEN','2025-12-14 12:30:37');
INSERT INTO booths (booth_id,event_id,place_name,type,description,company,zone,status,created_at) VALUES (60,20,'부스 3','BOOTH_INFO','Nam illum dolorum a optio minus ea.',NULL,'ZONE_C','CLOSED','2025-12-08 03:20:15');
INSERT INTO booths (booth_id,event_id,place_name,type,description,company,zone,status,created_at) VALUES (61,21,'부스 1','STAGE','Adipisci repudiandae inventore non odio deleniti in dicta est consectetur iusto occaecati.',NULL,'ZONE_B','PAUSED','2023-05-10 05:51:15');
INSERT INTO booths (booth_id,event_id,place_name,type,description,company,zone,status,created_at) VALUES (62,21,'부스 2','BOOTH_EXPERIENCE','Possimus unde voluptatem porro soluta optio rerum.',NULL,'ZONE_B','PAUSED','2023-05-30 12:10:29');
INSERT INTO booths (booth_id,event_id,place_name,type,description,company,zone,status,created_at) VALUES (63,21,'부스 3','BOOTH_SALE','Porro tenetur deleniti quae qui similique.',NULL,'ZONE_A','PAUSED','2023-06-07 06:14:58');
INSERT INTO booths (booth_id,event_id,place_name,type,description,company,zone,status,created_at) VALUES (64,22,'부스 1','STAGE','Veniam mollitia fuga suscipit sapiente vero nihil magnam esse atque.',NULL,'ZONE_B','OPEN','2024-08-19 23:26:32');
INSERT INTO booths (booth_id,event_id,place_name,type,description,company,zone,status,created_at) VALUES (65,22,'부스 2','BOOTH_INFO','Repellendus error numquam eum asperiores ut velit.',NULL,'ZONE_B','PAUSED','2024-08-23 19:33:14');
INSERT INTO booths (booth_id,event_id,place_name,type,description,company,zone,status,created_at) VALUES (66,22,'부스 3','BOOTH_INFO','Reprehenderit tempore assumenda impedit vel fuga culpa.',NULL,'OTHER','OPEN','2024-08-06 20:13:04');
INSERT INTO booths (booth_id,event_id,place_name,type,description,company,zone,status,created_at) VALUES (67,23,'부스 1','BOOTH_COMPANY','Iusto totam asperiores facere iste enim.','주식회사 글로벌','ZONE_A','CLOSED','2023-10-05 23:23:00');
INSERT INTO booths (booth_id,event_id,place_name,type,description,company,zone,status,created_at) VALUES (68,23,'부스 2','BOOTH_SALE','Incidunt perspiciatis minus natus unde reiciendis incidunt deserunt.',NULL,'ZONE_C','CLOSED','2023-09-12 10:13:15');
INSERT INTO booths (booth_id,event_id,place_name,type,description,company,zone,status,created_at) VALUES (69,23,'부스 3','STAGE','Exercitationem consequuntur sequi sequi culpa cum commodi minus cupiditate nesciunt adipisci.',NULL,'ZONE_C','PAUSED','2023-09-12 01:40:29');
INSERT INTO booths (booth_id,event_id,place_name,type,description,company,zone,status,created_at) VALUES (70,24,'부스 1','BOOTH_SALE','Ut itaque cumque est nobis harum officiis nisi.',NULL,'ZONE_B','CLOSED','2024-04-13 14:31:02');
INSERT INTO booths (booth_id,event_id,place_name,type,description,company,zone,status,created_at) VALUES (71,24,'부스 2','BOOTH_COMPANY','Eveniet est temporibus consequuntur sint tenetur non soluta unde non fuga odio.','(유) 넥스트','ZONE_C','OPEN','2024-03-22 08:20:52');
INSERT INTO booths (booth_id,event_id,place_name,type,description,company,zone,status,created_at) VALUES (72,24,'부스 3','BOOTH_COMPANY','Ipsa commodi nostrum totam fugiat molestiae.','유한회사 한강첨단출판','OTHER','PAUSED','2024-04-13 20:10:56');
-- Insert into event_program
INSERT INTO event_program (program_id,event_id,category,program_title,description,start_at,end_at,booth_id,image_url,created_at) VALUES (1,1,'SESSION','Session 프로그램 1','Quo mollitia accusantium et similique. Ad aut veniam corrupti. Aliquam asperiores perferendis deleniti.
Soluta minima cum eum deserunt repudiandae.','2025-01-23 13:27:22','2025-01-23 14:27:22',1,'/uploads/event/d04d8ba3-9ab2-44f9-8e13-d2a47929cf94.png','2025-01-16 23:58:24');
INSERT INTO event_program (program_id,event_id,category,program_title,description,start_at,end_at,booth_id,image_url,created_at) VALUES (2,1,'SESSION','Session 프로그램 2','Sunt ex minima quidem consequatur quos. Totam aliquid deserunt non.','2025-01-24 10:27:22','2025-01-24 12:27:22',3,'/uploads/event/0cfd8a74-8b53-43ab-8cad-b505890d91c1.png','2024-12-31 13:35:45');
INSERT INTO event_program (program_id,event_id,category,program_title,description,start_at,end_at,booth_id,image_url,created_at) VALUES (3,2,'CONTEST','Contest 프로그램 1','Provident eius nobis. Aut exercitationem quaerat similique iure perspiciatis facilis. Minima tempora aperiam repudiandae.
Nostrum repellendus aspernatur inventore.','2025-10-22 17:56:35','2025-10-22 18:56:35',4,'/uploads/event/7757d446-ddf9-4ce0-a6b3-1b36a4734bfa.png','2025-10-02 13:12:48');
INSERT INTO event_program (program_id,event_id,category,program_title,description,start_at,end_at,booth_id,image_url,created_at) VALUES (4,2,'CONTEST','Contest 프로그램 2','Ipsum repellendus voluptas sit. Itaque architecto itaque mollitia fugiat corporis eaque unde. Blanditiis possimus delectus quas ratione ipsa.','2025-10-22 05:56:35','2025-10-22 07:56:35',5,'/uploads/event/d04d8ba3-9ab2-44f9-8e13-d2a47929cf94.png','2025-10-05 06:29:54');
INSERT INTO event_program (program_id,event_id,category,program_title,description,start_at,end_at,booth_id,image_url,created_at) VALUES (5,3,'CONTEST','Contest 프로그램 1','Laudantium in cupiditate dicta vel natus dolorem. Fugiat earum quam fugiat consequuntur consequuntur molestiae.','2025-07-17 01:10:34','2025-07-17 02:10:34',7,'/uploads/event/e0ed7343-0fd3-4382-a7f2-47b009883b17.png','2025-06-26 20:15:36');
INSERT INTO event_program (program_id,event_id,category,program_title,description,start_at,end_at,booth_id,image_url,created_at) VALUES (6,3,'EXPERIENCE','Experience 프로그램 2','Necessitatibus saepe alias quisquam voluptatibus quibusdam ad. Consequatur quae illum.','2025-07-17 02:10:34','2025-07-17 03:10:34',7,'/uploads/event/d04d8ba3-9ab2-44f9-8e13-d2a47929cf94.png','2025-07-10 04:58:50');
INSERT INTO event_program (program_id,event_id,category,program_title,description,start_at,end_at,booth_id,image_url,created_at) VALUES (7,4,'EXPERIENCE','Experience 프로그램 1','Facilis beatae mollitia magni recusandae quisquam officiis. Provident deleniti unde sint.
Consequuntur vitae aliquid alias fugiat debitis. Sit architecto sapiente sint.','2023-05-07 22:20:29','2023-05-08 01:20:29',11,'/uploads/event/98f77db9-1493-49d4-9881-7612e5ca93a4.png','2023-05-04 13:31:08');
INSERT INTO event_program (program_id,event_id,category,program_title,description,start_at,end_at,booth_id,image_url,created_at) VALUES (8,4,'EXPERIENCE','Experience 프로그램 2','Nesciunt et voluptates sit aspernatur fugit. Inventore dicta fugiat. Ea tempore quae modi dignissimos mollitia quis.','2023-05-07 06:20:29','2023-05-07 08:20:29',12,'/uploads/event/cafdf956-aa25-4598-bb17-ef4f11ef8a0e.png','2023-04-22 17:04:58');
INSERT INTO event_program (program_id,event_id,category,program_title,description,start_at,end_at,booth_id,image_url,created_at) VALUES (9,5,'EXPERIENCE','Experience 프로그램 1','Officiis quasi quam sapiente. Quod sequi eaque. Possimus temporibus saepe ipsam veritatis.','2023-04-04 18:23:30','2023-04-04 20:23:30',15,'/uploads/event/5c9f6425-0119-4e8a-9eba-8d355ba33394.png','2023-03-22 15:06:57');
INSERT INTO event_program (program_id,event_id,category,program_title,description,start_at,end_at,booth_id,image_url,created_at) VALUES (10,5,'SESSION','Session 프로그램 2','At delectus nihil delectus doloribus. Facilis est laboriosam ea excepturi cumque nostrum. Ratione veritatis consequatur enim at. Quaerat quidem laborum consectetur maxime rem facilis.','2023-04-07 02:23:30','2023-04-07 05:23:30',14,'/uploads/event/5c9f6425-0119-4e8a-9eba-8d355ba33394.png','2023-03-24 16:33:33');
INSERT INTO event_program (program_id,event_id,category,program_title,description,start_at,end_at,booth_id,image_url,created_at) VALUES (11,6,'CONTEST','Contest 프로그램 1','Eius officia at asperiores et quaerat quibusdam numquam. Adipisci atque vel dolorum. Adipisci perferendis aliquam dolorem aut.
Vitae odio doloremque. Magni autem nemo assumenda vitae dignissimos.','2025-09-06 09:59:57','2025-09-06 12:59:57',16,'/uploads/event/cafdf956-aa25-4598-bb17-ef4f11ef8a0e.png','2025-09-03 20:25:28');
INSERT INTO event_program (program_id,event_id,category,program_title,description,start_at,end_at,booth_id,image_url,created_at) VALUES (12,6,'SESSION','Session 프로그램 2','Sit eligendi saepe consequatur. Exercitationem ab unde natus.
Occaecati suscipit aut sed inventore consequatur fugit.','2025-09-07 08:59:57','2025-09-07 10:59:57',16,'/uploads/event/669e9841-e68c-48ee-a949-f9b96f162256.png','2025-09-03 22:41:39');
INSERT INTO event_program (program_id,event_id,category,program_title,description,start_at,end_at,booth_id,image_url,created_at) VALUES (13,7,'CONTEST','Contest 프로그램 1','Aliquid sapiente delectus odit. Veritatis est non dolorem veniam voluptas fugiat. Saepe harum deserunt asperiores.','2024-12-29 16:21:45','2024-12-29 19:21:45',20,'/uploads/event/0cfd8a74-8b53-43ab-8cad-b505890d91c1.png','2024-12-10 13:07:44');
INSERT INTO event_program (program_id,event_id,category,program_title,description,start_at,end_at,booth_id,image_url,created_at) VALUES (14,7,'CONTEST','Contest 프로그램 2','Architecto rerum rerum neque voluptate pariatur accusantium. Saepe at cumque a.
Id placeat quibusdam eius nihil itaque.','2024-12-29 08:21:45','2024-12-29 10:21:45',20,'/uploads/event/7757d446-ddf9-4ce0-a6b3-1b36a4734bfa.png','2024-12-08 20:58:11');
INSERT INTO event_program (program_id,event_id,category,program_title,description,start_at,end_at,booth_id,image_url,created_at) VALUES (15,8,'SESSION','Session 프로그램 1','Repudiandae placeat nobis doloremque ipsa. Molestias molestiae possimus saepe at doloremque assumenda ad. Voluptates pariatur natus reprehenderit officia.','2024-09-28 09:15:32','2024-09-28 13:15:32',24,'/uploads/event/61f09450-549c-40ac-a605-fae04a735832.png','2024-09-01 14:11:27');
INSERT INTO event_program (program_id,event_id,category,program_title,description,start_at,end_at,booth_id,image_url,created_at) VALUES (16,8,'EXPERIENCE','Experience 프로그램 2','Saepe molestiae corporis dicta a. Tenetur consequatur perferendis iusto non.','2024-09-30 07:15:32','2024-09-30 08:15:32',22,'/uploads/event/d04d8ba3-9ab2-44f9-8e13-d2a47929cf94.png','2024-09-27 12:58:00');
INSERT INTO event_program (program_id,event_id,category,program_title,description,start_at,end_at,booth_id,image_url,created_at) VALUES (17,9,'SESSION','Session 프로그램 1','Ab dignissimos dolores fuga veritatis. Porro voluptatibus laborum quisquam est. Dolorem non perferendis.','2024-12-16 14:32:48','2024-12-16 18:32:48',26,'/uploads/event/50bc59ce-5182-48cf-805a-da0d18247a9d.png','2024-12-12 08:48:04');
INSERT INTO event_program (program_id,event_id,category,program_title,description,start_at,end_at,booth_id,image_url,created_at) VALUES (18,9,'EXPERIENCE','Experience 프로그램 2','Nesciunt iusto sapiente. Labore ad illo quisquam enim necessitatibus alias non.','2024-12-16 13:32:48','2024-12-16 16:32:48',27,'/uploads/event/99caba7b-5fb8-480b-8796-7fc42bb93603.png','2024-12-04 06:06:07');
INSERT INTO event_program (program_id,event_id,category,program_title,description,start_at,end_at,booth_id,image_url,created_at) VALUES (19,10,'CONTEST','Contest 프로그램 1','Ducimus possimus molestiae impedit repellendus ducimus et iste. Ut officiis omnis suscipit quidem alias.
Ea ab ipsa ducimus tempore culpa veritatis.','2025-08-15 20:52:58','2025-08-15 23:52:58',28,'/uploads/event/e0ed7343-0fd3-4382-a7f2-47b009883b17.png','2025-07-25 16:39:52');
INSERT INTO event_program (program_id,event_id,category,program_title,description,start_at,end_at,booth_id,image_url,created_at) VALUES (20,10,'EXPERIENCE','Experience 프로그램 2','Quod omnis cumque impedit necessitatibus inventore eum. Molestiae ut facilis eaque excepturi atque.
Beatae iure doloribus doloribus nostrum cupiditate. Labore autem deserunt assumenda.','2025-08-16 04:52:58','2025-08-16 08:52:58',28,'/uploads/event/0cfd8a74-8b53-43ab-8cad-b505890d91c1.png','2025-08-02 09:16:07');
INSERT INTO event_program (program_id,event_id,category,program_title,description,start_at,end_at,booth_id,image_url,created_at) VALUES (21,11,'SESSION','Session 프로그램 1','Consequatur sint laudantium sint reiciendis ad. Ea quibusdam illo sint provident quidem consequatur dolorem. Illum eaque voluptatum velit sed vero sed.','2025-04-28 01:56:06','2025-04-28 05:56:06',31,'/uploads/event/238baeb6-3c17-44b3-b369-d333954545bb.png','2025-04-23 02:49:26');
INSERT INTO event_program (program_id,event_id,category,program_title,description,start_at,end_at,booth_id,image_url,created_at) VALUES (22,11,'EXPERIENCE','Experience 프로그램 2','Autem culpa sit culpa. Illo incidunt vero laborum.
Reiciendis distinctio rem laboriosam optio minus quasi. Eligendi architecto deleniti eveniet iste. Sequi placeat corrupti assumenda.','2025-04-28 10:56:06','2025-04-28 14:56:06',31,'/uploads/event/e0ed7343-0fd3-4382-a7f2-47b009883b17.png','2025-03-29 17:06:58');
INSERT INTO event_program (program_id,event_id,category,program_title,description,start_at,end_at,booth_id,image_url,created_at) VALUES (23,12,'EXPERIENCE','Experience 프로그램 1','Veritatis autem mollitia earum reprehenderit culpa. Non aut iste asperiores quod veniam. Sunt facilis sequi dolore fugit magnam consequuntur.','2026-02-10 01:09:25','2026-02-10 03:09:25',35,'/uploads/event/5c9f6425-0119-4e8a-9eba-8d355ba33394.png','2026-01-29 23:57:47');
INSERT INTO event_program (program_id,event_id,category,program_title,description,start_at,end_at,booth_id,image_url,created_at) VALUES (24,12,'SESSION','Session 프로그램 2','Distinctio sed provident doloribus ut repudiandae. Quidem assumenda veniam est eligendi quod nostrum.','2026-02-08 21:09:25','2026-02-08 22:09:25',36,'/uploads/event/98f77db9-1493-49d4-9881-7612e5ca93a4.png','2026-01-26 03:55:24');
INSERT INTO event_program (program_id,event_id,category,program_title,description,start_at,end_at,booth_id,image_url,created_at) VALUES (25,13,'SESSION','Session 프로그램 1','Consequatur omnis corrupti minima. Odit unde nostrum et quod eius laudantium magni.','2023-06-21 20:04:27','2023-06-22 00:04:27',37,'/uploads/event/669e9841-e68c-48ee-a949-f9b96f162256.png','2023-05-23 22:09:59');
INSERT INTO event_program (program_id,event_id,category,program_title,description,start_at,end_at,booth_id,image_url,created_at) VALUES (26,13,'CONTEST','Contest 프로그램 2','Esse iusto veritatis architecto magni tenetur voluptatem. Inventore suscipit modi sapiente blanditiis vitae aspernatur.','2023-06-21 18:04:27','2023-06-21 19:04:27',38,'/uploads/event/61f09450-549c-40ac-a605-fae04a735832.png','2023-05-31 06:38:51');
INSERT INTO event_program (program_id,event_id,category,program_title,description,start_at,end_at,booth_id,image_url,created_at) VALUES (27,14,'EXPERIENCE','Experience 프로그램 1','Maxime eum quae et quis saepe. Animi laudantium iure repellendus nesciunt.
Culpa nemo impedit dolorum tenetur quos voluptatem molestias. Minus in quaerat laboriosam quos.','2025-10-17 00:17:19','2025-10-17 04:17:19',41,'/uploads/event/99caba7b-5fb8-480b-8796-7fc42bb93603.png','2025-09-20 09:44:46');
INSERT INTO event_program (program_id,event_id,category,program_title,description,start_at,end_at,booth_id,image_url,created_at) VALUES (28,14,'CONTEST','Contest 프로그램 2','Quas blanditiis minus iste consequatur. Quos earum eius deleniti.
Provident fuga cum iure. Modi eveniet nihil id eos. Eius dolorum fugit nobis rem asperiores impedit.','2025-10-16 16:17:19','2025-10-16 19:17:19',42,'/uploads/event/7757d446-ddf9-4ce0-a6b3-1b36a4734bfa.png','2025-09-19 01:29:21');
INSERT INTO event_program (program_id,event_id,category,program_title,description,start_at,end_at,booth_id,image_url,created_at) VALUES (29,15,'CONTEST','Contest 프로그램 1','Quam molestiae quaerat. Fuga necessitatibus recusandae ea nam sit. Molestiae tempore assumenda cupiditate temporibus reprehenderit repudiandae.','2023-06-07 10:43:48','2023-06-07 14:43:48',45,'/uploads/event/50bc59ce-5182-48cf-805a-da0d18247a9d.png','2023-05-16 04:58:55');
INSERT INTO event_program (program_id,event_id,category,program_title,description,start_at,end_at,booth_id,image_url,created_at) VALUES (30,15,'CONTEST','Contest 프로그램 2','Nesciunt quod occaecati nesciunt. Voluptate rem laboriosam harum ipsum. Similique consequatur doloribus necessitatibus maiores assumenda.','2023-06-07 07:43:48','2023-06-07 09:43:48',43,'/uploads/event/0cfd8a74-8b53-43ab-8cad-b505890d91c1.png','2023-05-15 08:49:44');
INSERT INTO event_program (program_id,event_id,category,program_title,description,start_at,end_at,booth_id,image_url,created_at) VALUES (31,16,'CONTEST','Contest 프로그램 1','Libero ut atque nisi quaerat autem rerum. Neque aperiam sunt quidem consectetur. Nihil id omnis saepe esse sequi harum.','2026-02-24 12:03:43','2026-02-24 14:03:43',48,'/uploads/event/98f77db9-1493-49d4-9881-7612e5ca93a4.png','2026-02-12 06:16:20');
INSERT INTO event_program (program_id,event_id,category,program_title,description,start_at,end_at,booth_id,image_url,created_at) VALUES (32,16,'EXPERIENCE','Experience 프로그램 2','Fugit aliquid culpa. Ratione voluptatum consectetur et. Voluptatum cumque architecto fugiat. Praesentium saepe voluptas sit officia.','2026-02-24 10:03:43','2026-02-24 11:03:43',46,'/uploads/event/98f77db9-1493-49d4-9881-7612e5ca93a4.png','2026-01-24 23:52:15');
INSERT INTO event_program (program_id,event_id,category,program_title,description,start_at,end_at,booth_id,image_url,created_at) VALUES (33,17,'SESSION','Session 프로그램 1','Reiciendis quasi soluta nemo beatae itaque. Fugit doloribus ducimus fugiat maxime. Minus pariatur voluptate alias eum quam dolores laborum. Culpa dolore eveniet soluta ad enim.','2024-12-25 13:26:39','2024-12-25 15:26:39',51,'/uploads/event/7757d446-ddf9-4ce0-a6b3-1b36a4734bfa.png','2024-12-16 15:08:53');
INSERT INTO event_program (program_id,event_id,category,program_title,description,start_at,end_at,booth_id,image_url,created_at) VALUES (34,17,'EXPERIENCE','Experience 프로그램 2','Quaerat labore accusamus eveniet doloribus odio atque. Provident expedita animi pariatur error nesciunt. Aperiam quibusdam autem pariatur reiciendis iusto saepe.','2024-12-25 10:26:39','2024-12-25 13:26:39',50,'/uploads/event/d04d8ba3-9ab2-44f9-8e13-d2a47929cf94.png','2024-12-22 01:27:01');
INSERT INTO event_program (program_id,event_id,category,program_title,description,start_at,end_at,booth_id,image_url,created_at) VALUES (35,18,'EXPERIENCE','Experience 프로그램 1','Enim beatae et libero. Dolore animi fugit beatae illo.','2026-02-24 01:57:01','2026-02-24 04:57:01',54,'/uploads/event/0cfd8a74-8b53-43ab-8cad-b505890d91c1.png','2026-02-20 12:09:12');
INSERT INTO event_program (program_id,event_id,category,program_title,description,start_at,end_at,booth_id,image_url,created_at) VALUES (36,18,'CONTEST','Contest 프로그램 2','Quos corporis ducimus iusto quo illo eius. Dolore velit adipisci. Ab reiciendis ad dolor.','2026-02-25 01:57:01','2026-02-25 04:57:01',52,'/uploads/event/669e9841-e68c-48ee-a949-f9b96f162256.png','2026-02-06 15:51:51');
INSERT INTO event_program (program_id,event_id,category,program_title,description,start_at,end_at,booth_id,image_url,created_at) VALUES (37,19,'EXPERIENCE','Experience 프로그램 1','Optio optio veniam est repudiandae exercitationem. Blanditiis nulla molestias. Accusamus dolor ipsum aliquam nobis ad laboriosam facere. Earum nobis corporis voluptates rerum iste corporis.','2023-11-20 19:49:23','2023-11-20 22:49:23',57,'/uploads/event/23d0a84b-94b5-407e-8c17-ee145db88013.png','2023-10-29 15:36:14');
INSERT INTO event_program (program_id,event_id,category,program_title,description,start_at,end_at,booth_id,image_url,created_at) VALUES (38,19,'EXPERIENCE','Experience 프로그램 2','Nobis architecto consectetur magni. Ut ratione perspiciatis expedita nisi eaque voluptatem.
Nesciunt quos nam voluptatum. Iure alias ab excepturi praesentium. Magni aspernatur omnis dolore in.','2023-11-20 23:49:23','2023-11-21 02:49:23',56,'/uploads/event/0cfd8a74-8b53-43ab-8cad-b505890d91c1.png','2023-11-06 15:04:21');
INSERT INTO event_program (program_id,event_id,category,program_title,description,start_at,end_at,booth_id,image_url,created_at) VALUES (39,20,'SESSION','Session 프로그램 1','Unde modi quos architecto.
Quo consequuntur tenetur ad. Facere sit blanditiis perferendis tenetur illum deserunt.','2025-12-18 19:27:22','2025-12-18 21:27:22',60,'/uploads/event/98f77db9-1493-49d4-9881-7612e5ca93a4.png','2025-12-01 11:15:10');
INSERT INTO event_program (program_id,event_id,category,program_title,description,start_at,end_at,booth_id,image_url,created_at) VALUES (40,20,'CONTEST','Contest 프로그램 2','Totam voluptas pariatur quo illo voluptates. Molestias iste qui id omnis quisquam.','2025-12-19 22:27:22','2025-12-19 23:27:22',59,'/uploads/event/61f09450-549c-40ac-a605-fae04a735832.png','2025-12-10 16:46:29');
INSERT INTO event_program (program_id,event_id,category,program_title,description,start_at,end_at,booth_id,image_url,created_at) VALUES (41,21,'SESSION','Session 프로그램 1','Corrupti quae maiores. Occaecati officiis rerum aliquam aliquam iure. Soluta nesciunt amet reprehenderit odit libero voluptatem.','2023-06-08 22:16:10','2023-06-09 02:16:10',63,'/uploads/event/cafdf956-aa25-4598-bb17-ef4f11ef8a0e.png','2023-06-01 14:24:17');
INSERT INTO event_program (program_id,event_id,category,program_title,description,start_at,end_at,booth_id,image_url,created_at) VALUES (42,21,'SESSION','Session 프로그램 2','Inventore dolorem odit consectetur. Magni facilis non voluptas. Ratione delectus corporis maxime odio cupiditate itaque earum.','2023-06-09 01:16:10','2023-06-09 03:16:10',61,'/uploads/event/669e9841-e68c-48ee-a949-f9b96f162256.png','2023-06-03 01:53:58');
INSERT INTO event_program (program_id,event_id,category,program_title,description,start_at,end_at,booth_id,image_url,created_at) VALUES (43,22,'CONTEST','Contest 프로그램 1','Ducimus vitae consectetur expedita reiciendis quasi fuga ea. Quos doloribus voluptate quas molestias eos facere molestias.','2024-09-02 21:28:08','2024-09-03 00:28:08',64,'/uploads/event/23d0a84b-94b5-407e-8c17-ee145db88013.png','2024-08-07 13:11:04');
INSERT INTO event_program (program_id,event_id,category,program_title,description,start_at,end_at,booth_id,image_url,created_at) VALUES (44,22,'EXPERIENCE','Experience 프로그램 2','Natus tempora quis est iusto velit. Maiores hic velit excepturi aliquid fugiat recusandae.
Voluptas quasi dolores at minima eligendi. Repudiandae ad qui cumque ratione tempora eveniet.','2024-09-03 13:28:08','2024-09-03 15:28:08',65,'/uploads/event/669e9841-e68c-48ee-a949-f9b96f162256.png','2024-08-29 12:13:35');
INSERT INTO event_program (program_id,event_id,category,program_title,description,start_at,end_at,booth_id,image_url,created_at) VALUES (45,23,'CONTEST','Contest 프로그램 1','Iure ad accusamus cupiditate adipisci aut. Vel delectus illo nam neque sunt cupiditate. Velit autem veritatis quos odio totam.','2023-10-09 20:25:42','2023-10-10 00:25:42',67,'/uploads/event/cafdf956-aa25-4598-bb17-ef4f11ef8a0e.png','2023-09-17 15:12:21');
INSERT INTO event_program (program_id,event_id,category,program_title,description,start_at,end_at,booth_id,image_url,created_at) VALUES (46,23,'CONTEST','Contest 프로그램 2','Nihil ut laborum eligendi soluta hic similique fugit. Laboriosam eaque quis alias. Eum animi nulla deserunt nemo ex praesentium. Labore unde laboriosam dolores.','2023-10-10 11:25:42','2023-10-10 12:25:42',69,'/uploads/event/23d0a84b-94b5-407e-8c17-ee145db88013.png','2023-09-30 00:21:15');
INSERT INTO event_program (program_id,event_id,category,program_title,description,start_at,end_at,booth_id,image_url,created_at) VALUES (47,24,'SESSION','Session 프로그램 1','Vitae ab doloremque debitis pariatur veritatis modi. Cupiditate aperiam cupiditate illum porro. Quidem totam ratione. Velit mollitia illum sunt ea corporis ea.','2024-04-19 10:11:51','2024-04-19 14:11:51',72,'/uploads/event/98f77db9-1493-49d4-9881-7612e5ca93a4.png','2024-03-24 15:47:28');
INSERT INTO event_program (program_id,event_id,category,program_title,description,start_at,end_at,booth_id,image_url,created_at) VALUES (48,24,'CONTEST','Contest 프로그램 2','Ipsa neque natus incidunt beatae ullam. Distinctio perferendis neque.
Quas quam eligendi quod.','2024-04-19 16:11:51','2024-04-19 18:11:51',72,'/uploads/event/50bc59ce-5182-48cf-805a-da0d18247a9d.png','2024-04-15 00:19:15');
-- Insert into event_apply
INSERT INTO event_apply (apply_id,user_id,event_id,applied_at,status) VALUES (1,17,1,'2025-01-20 07:41:23','APPROVED');
INSERT INTO event_apply (apply_id,user_id,event_id,applied_at,status) VALUES (2,41,1,'2024-11-26 14:37:51','APPLIED');
INSERT INTO event_apply (apply_id,user_id,event_id,applied_at,status) VALUES (3,14,1,'2025-01-02 21:09:03','APPROVED');
INSERT INTO event_apply (apply_id,user_id,event_id,applied_at,status) VALUES (4,63,1,'2024-11-28 17:57:04','APPROVED');
INSERT INTO event_apply (apply_id,user_id,event_id,applied_at,status) VALUES (5,90,1,'2024-12-23 16:56:39','APPLIED');
INSERT INTO event_apply (apply_id,user_id,event_id,applied_at,status) VALUES (6,27,1,'2025-01-20 13:26:07','APPLIED');
INSERT INTO event_apply (apply_id,user_id,event_id,applied_at,status) VALUES (7,88,1,'2024-12-07 12:44:18','CANCELLED');
INSERT INTO event_apply (apply_id,user_id,event_id,applied_at,status) VALUES (8,40,1,'2025-01-20 22:49:52','APPLIED');
INSERT INTO event_apply (apply_id,user_id,event_id,applied_at,status) VALUES (9,70,1,'2024-12-20 00:28:45','APPROVED');
INSERT INTO event_apply (apply_id,user_id,event_id,applied_at,status) VALUES (10,83,1,'2025-01-03 16:00:30','APPROVED');
INSERT INTO event_apply (apply_id,user_id,event_id,applied_at,status) VALUES (11,45,1,'2024-12-04 03:57:24','APPLIED');
INSERT INTO event_apply (apply_id,user_id,event_id,applied_at,status) VALUES (12,81,1,'2024-11-26 09:25:58','CANCELLED');
INSERT INTO event_apply (apply_id,user_id,event_id,applied_at,status) VALUES (13,23,1,'2025-01-05 12:15:15','APPLIED');
INSERT INTO event_apply (apply_id,user_id,event_id,applied_at,status) VALUES (14,76,1,'2024-12-24 08:12:21','APPLIED');
INSERT INTO event_apply (apply_id,user_id,event_id,applied_at,status) VALUES (15,6,1,'2024-12-14 03:25:02','APPLIED');
INSERT INTO event_apply (apply_id,user_id,event_id,applied_at,status) VALUES (16,78,1,'2024-12-09 05:53:06','APPLIED');
INSERT INTO event_apply (apply_id,user_id,event_id,applied_at,status) VALUES (17,91,1,'2024-12-03 09:22:34','APPLIED');
INSERT INTO event_apply (apply_id,user_id,event_id,applied_at,status) VALUES (18,86,1,'2024-12-31 13:04:49','APPLIED');
INSERT INTO event_apply (apply_id,user_id,event_id,applied_at,status) VALUES (19,98,1,'2025-01-04 21:29:30','APPLIED');
INSERT INTO event_apply (apply_id,user_id,event_id,applied_at,status) VALUES (20,16,1,'2025-01-03 11:30:58','APPLIED');
INSERT INTO event_apply (apply_id,user_id,event_id,applied_at,status) VALUES (21,94,1,'2025-01-06 07:40:32','REJECTED');
INSERT INTO event_apply (apply_id,user_id,event_id,applied_at,status) VALUES (22,48,1,'2024-12-07 05:01:18','APPROVED');
INSERT INTO event_apply (apply_id,user_id,event_id,applied_at,status) VALUES (23,29,1,'2024-12-19 10:54:06','APPLIED');
INSERT INTO event_apply (apply_id,user_id,event_id,applied_at,status) VALUES (24,47,1,'2024-12-03 13:10:33','APPLIED');
INSERT INTO event_apply (apply_id,user_id,event_id,applied_at,status) VALUES (25,80,1,'2024-11-28 09:54:54','APPROVED');
INSERT INTO event_apply (apply_id,user_id,event_id,applied_at,status) VALUES (26,72,1,'2025-01-19 02:19:33','APPLIED');
INSERT INTO event_apply (apply_id,user_id,event_id,applied_at,status) VALUES (27,44,1,'2024-12-09 04:48:04','REJECTED');
INSERT INTO event_apply (apply_id,user_id,event_id,applied_at,status) VALUES (28,10,1,'2024-12-19 23:25:19','APPLIED');
INSERT INTO event_apply (apply_id,user_id,event_id,applied_at,status) VALUES (29,68,1,'2024-11-30 13:43:35','REJECTED');
INSERT INTO event_apply (apply_id,user_id,event_id,applied_at,status) VALUES (30,71,1,'2024-12-23 06:14:07','APPLIED');
INSERT INTO event_apply (apply_id,user_id,event_id,applied_at,status) VALUES (31,18,1,'2024-12-14 14:40:54','APPROVED');
INSERT INTO event_apply (apply_id,user_id,event_id,applied_at,status) VALUES (32,43,1,'2024-11-25 06:02:54','CANCELLED');
INSERT INTO event_apply (apply_id,user_id,event_id,applied_at,status) VALUES (33,65,1,'2024-12-03 14:29:40','APPROVED');
INSERT INTO event_apply (apply_id,user_id,event_id,applied_at,status) VALUES (34,100,1,'2024-12-02 03:56:07','APPROVED');
INSERT INTO event_apply (apply_id,user_id,event_id,applied_at,status) VALUES (35,93,1,'2024-11-30 04:48:19','REJECTED');
INSERT INTO event_apply (apply_id,user_id,event_id,applied_at,status) VALUES (36,7,1,'2024-11-29 22:47:46','APPLIED');
INSERT INTO event_apply (apply_id,user_id,event_id,applied_at,status) VALUES (37,60,1,'2024-12-26 13:00:39','APPROVED');
INSERT INTO event_apply (apply_id,user_id,event_id,applied_at,status) VALUES (38,34,1,'2024-12-10 14:08:30','APPLIED');
INSERT INTO event_apply (apply_id,user_id,event_id,applied_at,status) VALUES (39,39,1,'2024-12-05 21:58:23','APPLIED');
INSERT INTO event_apply (apply_id,user_id,event_id,applied_at,status) VALUES (40,81,2,'2025-10-07 13:46:20','APPLIED');
INSERT INTO event_apply (apply_id,user_id,event_id,applied_at,status) VALUES (41,78,2,'2025-10-20 02:49:21','APPLIED');
INSERT INTO event_apply (apply_id,user_id,event_id,applied_at,status) VALUES (42,23,2,'2025-09-03 02:50:17','REJECTED');
INSERT INTO event_apply (apply_id,user_id,event_id,applied_at,status) VALUES (43,26,2,'2025-09-26 11:14:36','APPLIED');
INSERT INTO event_apply (apply_id,user_id,event_id,applied_at,status) VALUES (44,41,2,'2025-09-19 09:06:49','APPLIED');
INSERT INTO event_apply (apply_id,user_id,event_id,applied_at,status) VALUES (45,28,2,'2025-09-29 18:40:16','APPLIED');
INSERT INTO event_apply (apply_id,user_id,event_id,applied_at,status) VALUES (46,79,2,'2025-08-26 10:33:55','APPROVED');
INSERT INTO event_apply (apply_id,user_id,event_id,applied_at,status) VALUES (47,3,2,'2025-09-07 16:05:31','CANCELLED');
INSERT INTO event_apply (apply_id,user_id,event_id,applied_at,status) VALUES (48,14,2,'2025-09-17 11:15:28','APPLIED');
INSERT INTO event_apply (apply_id,user_id,event_id,applied_at,status) VALUES (49,85,2,'2025-08-29 08:52:33','REJECTED');
INSERT INTO event_apply (apply_id,user_id,event_id,applied_at,status) VALUES (50,53,2,'2025-10-16 03:31:29','REJECTED');
INSERT INTO event_apply (apply_id,user_id,event_id,applied_at,status) VALUES (51,87,2,'2025-09-14 13:57:07','APPROVED');
INSERT INTO event_apply (apply_id,user_id,event_id,applied_at,status) VALUES (52,97,2,'2025-10-04 03:23:58','APPLIED');
INSERT INTO event_apply (apply_id,user_id,event_id,applied_at,status) VALUES (53,43,2,'2025-10-04 20:22:05','APPROVED');
INSERT INTO event_apply (apply_id,user_id,event_id,applied_at,status) VALUES (54,84,2,'2025-08-27 03:17:51','APPROVED');
INSERT INTO event_apply (apply_id,user_id,event_id,applied_at,status) VALUES (55,6,2,'2025-09-02 06:20:42','APPROVED');
INSERT INTO event_apply (apply_id,user_id,event_id,applied_at,status) VALUES (56,2,2,'2025-10-17 11:13:35','APPLIED');
INSERT INTO event_apply (apply_id,user_id,event_id,applied_at,status) VALUES (57,22,2,'2025-09-30 07:55:44','APPROVED');
INSERT INTO event_apply (apply_id,user_id,event_id,applied_at,status) VALUES (58,76,2,'2025-10-17 11:05:28','APPROVED');
INSERT INTO event_apply (apply_id,user_id,event_id,applied_at,status) VALUES (59,17,2,'2025-09-09 03:02:14','APPLIED');
INSERT INTO event_apply (apply_id,user_id,event_id,applied_at,status) VALUES (60,64,2,'2025-09-01 06:31:43','APPLIED');
INSERT INTO event_apply (apply_id,user_id,event_id,applied_at,status) VALUES (61,63,2,'2025-10-12 04:05:11','REJECTED');
INSERT INTO event_apply (apply_id,user_id,event_id,applied_at,status) VALUES (62,49,2,'2025-09-09 01:41:15','APPROVED');
INSERT INTO event_apply (apply_id,user_id,event_id,applied_at,status) VALUES (63,7,2,'2025-10-13 02:01:47','APPLIED');
INSERT INTO event_apply (apply_id,user_id,event_id,applied_at,status) VALUES (64,31,2,'2025-10-18 22:36:33','APPLIED');
INSERT INTO event_apply (apply_id,user_id,event_id,applied_at,status) VALUES (65,65,2,'2025-09-27 22:16:47','APPLIED');
INSERT INTO event_apply (apply_id,user_id,event_id,applied_at,status) VALUES (66,48,2,'2025-10-10 02:51:42','APPLIED');
INSERT INTO event_apply (apply_id,user_id,event_id,applied_at,status) VALUES (67,47,2,'2025-08-23 05:22:36','APPLIED');
INSERT INTO event_apply (apply_id,user_id,event_id,applied_at,status) VALUES (68,33,2,'2025-10-06 23:37:55','APPROVED');
INSERT INTO event_apply (apply_id,user_id,event_id,applied_at,status) VALUES (69,16,2,'2025-09-22 05:18:44','APPLIED');
INSERT INTO event_apply (apply_id,user_id,event_id,applied_at,status) VALUES (70,57,2,'2025-09-07 21:40:39','APPLIED');
INSERT INTO event_apply (apply_id,user_id,event_id,applied_at,status) VALUES (71,37,2,'2025-10-02 05:36:08','APPLIED');
INSERT INTO event_apply (apply_id,user_id,event_id,applied_at,status) VALUES (72,75,2,'2025-09-22 02:52:30','APPROVED');
INSERT INTO event_apply (apply_id,user_id,event_id,applied_at,status) VALUES (73,12,2,'2025-10-10 21:51:46','APPLIED');
INSERT INTO event_apply (apply_id,user_id,event_id,applied_at,status) VALUES (74,55,2,'2025-10-18 23:17:34','APPLIED');
INSERT INTO event_apply (apply_id,user_id,event_id,applied_at,status) VALUES (75,32,2,'2025-09-16 07:43:44','APPLIED');
INSERT INTO event_apply (apply_id,user_id,event_id,applied_at,status) VALUES (76,66,2,'2025-10-05 09:02:25','APPROVED');
INSERT INTO event_apply (apply_id,user_id,event_id,applied_at,status) VALUES (77,67,2,'2025-09-14 19:33:04','APPLIED');
INSERT INTO event_apply (apply_id,user_id,event_id,applied_at,status) VALUES (78,20,2,'2025-10-08 10:22:55','APPLIED');
INSERT INTO event_apply (apply_id,user_id,event_id,applied_at,status) VALUES (79,98,2,'2025-09-22 21:19:08','REJECTED');
INSERT INTO event_apply (apply_id,user_id,event_id,applied_at,status) VALUES (80,7,3,'2025-05-23 16:06:59','APPLIED');
INSERT INTO event_apply (apply_id,user_id,event_id,applied_at,status) VALUES (81,83,3,'2025-06-21 21:53:10','REJECTED');
INSERT INTO event_apply (apply_id,user_id,event_id,applied_at,status) VALUES (82,19,3,'2025-05-28 01:34:28','APPLIED');
INSERT INTO event_apply (apply_id,user_id,event_id,applied_at,status) VALUES (83,17,3,'2025-06-27 10:52:18','APPROVED');
INSERT INTO event_apply (apply_id,user_id,event_id,applied_at,status) VALUES (84,67,3,'2025-06-07 11:34:39','APPLIED');
INSERT INTO event_apply (apply_id,user_id,event_id,applied_at,status) VALUES (85,80,3,'2025-05-20 17:41:10','APPLIED');
INSERT INTO event_apply (apply_id,user_id,event_id,applied_at,status) VALUES (86,23,3,'2025-06-03 10:56:48','APPLIED');
INSERT INTO event_apply (apply_id,user_id,event_id,applied_at,status) VALUES (87,29,3,'2025-06-21 07:45:39','APPROVED');
INSERT INTO event_apply (apply_id,user_id,event_id,applied_at,status) VALUES (88,8,3,'2025-05-21 23:20:22','CANCELLED');
INSERT INTO event_apply (apply_id,user_id,event_id,applied_at,status) VALUES (89,84,3,'2025-06-07 00:34:00','APPLIED');
INSERT INTO event_apply (apply_id,user_id,event_id,applied_at,status) VALUES (90,51,3,'2025-06-05 00:36:37','REJECTED');
INSERT INTO event_apply (apply_id,user_id,event_id,applied_at,status) VALUES (91,73,3,'2025-06-21 17:30:41','APPROVED');
INSERT INTO event_apply (apply_id,user_id,event_id,applied_at,status) VALUES (92,57,3,'2025-06-22 18:18:52','APPLIED');
INSERT INTO event_apply (apply_id,user_id,event_id,applied_at,status) VALUES (93,61,3,'2025-06-12 00:33:24','APPLIED');
INSERT INTO event_apply (apply_id,user_id,event_id,applied_at,status) VALUES (94,74,3,'2025-07-10 10:36:58','CANCELLED');
INSERT INTO event_apply (apply_id,user_id,event_id,applied_at,status) VALUES (95,72,3,'2025-06-02 15:52:36','APPLIED');
INSERT INTO event_apply (apply_id,user_id,event_id,applied_at,status) VALUES (96,58,3,'2025-07-13 12:37:28','APPLIED');
INSERT INTO event_apply (apply_id,user_id,event_id,applied_at,status) VALUES (97,82,3,'2025-06-18 02:20:59','APPROVED');
INSERT INTO event_apply (apply_id,user_id,event_id,applied_at,status) VALUES (98,2,3,'2025-07-14 19:31:34','APPLIED');
INSERT INTO event_apply (apply_id,user_id,event_id,applied_at,status) VALUES (99,14,3,'2025-07-11 00:46:29','APPROVED');
INSERT INTO event_apply (apply_id,user_id,event_id,applied_at,status) VALUES (100,6,3,'2025-07-12 23:25:28','APPROVED');
INSERT INTO event_apply (apply_id,user_id,event_id,applied_at,status) VALUES (101,20,3,'2025-06-09 12:51:33','REJECTED');
INSERT INTO event_apply (apply_id,user_id,event_id,applied_at,status) VALUES (102,46,3,'2025-07-13 15:45:50','REJECTED');
INSERT INTO event_apply (apply_id,user_id,event_id,applied_at,status) VALUES (103,24,3,'2025-07-05 22:23:02','CANCELLED');
INSERT INTO event_apply (apply_id,user_id,event_id,applied_at,status) VALUES (104,85,3,'2025-06-20 03:35:09','APPLIED');
INSERT INTO event_apply (apply_id,user_id,event_id,applied_at,status) VALUES (105,77,4,'2023-03-27 06:08:53','CANCELLED');
INSERT INTO event_apply (apply_id,user_id,event_id,applied_at,status) VALUES (106,76,4,'2023-03-11 21:10:31','APPROVED');
INSERT INTO event_apply (apply_id,user_id,event_id,applied_at,status) VALUES (107,34,4,'2023-04-28 18:14:25','REJECTED');
INSERT INTO event_apply (apply_id,user_id,event_id,applied_at,status) VALUES (108,61,4,'2023-05-01 01:37:15','APPLIED');
INSERT INTO event_apply (apply_id,user_id,event_id,applied_at,status) VALUES (109,23,4,'2023-03-08 21:33:30','APPLIED');
INSERT INTO event_apply (apply_id,user_id,event_id,applied_at,status) VALUES (110,84,4,'2023-04-19 18:18:10','APPROVED');
INSERT INTO event_apply (apply_id,user_id,event_id,applied_at,status) VALUES (111,53,4,'2023-04-23 13:57:05','APPLIED');
INSERT INTO event_apply (apply_id,user_id,event_id,applied_at,status) VALUES (112,25,4,'2023-04-15 05:20:04','APPLIED');
INSERT INTO event_apply (apply_id,user_id,event_id,applied_at,status) VALUES (113,18,4,'2023-04-28 11:15:51','APPLIED');
INSERT INTO event_apply (apply_id,user_id,event_id,applied_at,status) VALUES (114,59,4,'2023-05-06 07:18:47','CANCELLED');
INSERT INTO event_apply (apply_id,user_id,event_id,applied_at,status) VALUES (115,16,4,'2023-04-20 15:57:30','APPROVED');
INSERT INTO event_apply (apply_id,user_id,event_id,applied_at,status) VALUES (116,78,4,'2023-04-11 01:32:43','REJECTED');
INSERT INTO event_apply (apply_id,user_id,event_id,applied_at,status) VALUES (117,41,4,'2023-04-23 12:12:59','APPLIED');
INSERT INTO event_apply (apply_id,user_id,event_id,applied_at,status) VALUES (118,24,4,'2023-03-15 18:27:27','APPROVED');
INSERT INTO event_apply (apply_id,user_id,event_id,applied_at,status) VALUES (119,46,4,'2023-04-11 21:08:07','CANCELLED');
INSERT INTO event_apply (apply_id,user_id,event_id,applied_at,status) VALUES (120,10,4,'2023-03-18 21:38:07','CANCELLED');
INSERT INTO event_apply (apply_id,user_id,event_id,applied_at,status) VALUES (121,72,4,'2023-04-13 13:19:22','APPLIED');
INSERT INTO event_apply (apply_id,user_id,event_id,applied_at,status) VALUES (122,94,4,'2023-04-29 15:03:31','APPROVED');
INSERT INTO event_apply (apply_id,user_id,event_id,applied_at,status) VALUES (123,3,4,'2023-04-15 20:49:50','APPROVED');
INSERT INTO event_apply (apply_id,user_id,event_id,applied_at,status) VALUES (124,87,4,'2023-04-29 05:07:02','REJECTED');
INSERT INTO event_apply (apply_id,user_id,event_id,applied_at,status) VALUES (125,40,4,'2023-04-11 17:28:20','APPLIED');
INSERT INTO event_apply (apply_id,user_id,event_id,applied_at,status) VALUES (126,7,4,'2023-04-30 13:26:57','APPLIED');
INSERT INTO event_apply (apply_id,user_id,event_id,applied_at,status) VALUES (127,69,4,'2023-05-01 08:43:58','APPLIED');
INSERT INTO event_apply (apply_id,user_id,event_id,applied_at,status) VALUES (128,91,4,'2023-05-04 11:13:10','APPLIED');
INSERT INTO event_apply (apply_id,user_id,event_id,applied_at,status) VALUES (129,54,4,'2023-04-13 16:01:57','APPLIED');
INSERT INTO event_apply (apply_id,user_id,event_id,applied_at,status) VALUES (130,27,4,'2023-03-16 01:38:48','APPLIED');
INSERT INTO event_apply (apply_id,user_id,event_id,applied_at,status) VALUES (131,9,4,'2023-03-17 09:05:04','REJECTED');
INSERT INTO event_apply (apply_id,user_id,event_id,applied_at,status) VALUES (132,6,5,'2023-02-27 04:34:15','CANCELLED');
INSERT INTO event_apply (apply_id,user_id,event_id,applied_at,status) VALUES (133,37,5,'2023-02-11 22:42:26','APPLIED');
INSERT INTO event_apply (apply_id,user_id,event_id,applied_at,status) VALUES (134,65,5,'2023-03-27 14:00:52','APPLIED');
INSERT INTO event_apply (apply_id,user_id,event_id,applied_at,status) VALUES (135,25,5,'2023-03-25 13:49:47','CANCELLED');
INSERT INTO event_apply (apply_id,user_id,event_id,applied_at,status) VALUES (136,76,5,'2023-02-27 06:29:54','APPLIED');
INSERT INTO event_apply (apply_id,user_id,event_id,applied_at,status) VALUES (137,92,5,'2023-03-27 19:56:29','APPLIED');
INSERT INTO event_apply (apply_id,user_id,event_id,applied_at,status) VALUES (138,44,5,'2023-02-08 23:53:16','APPLIED');
INSERT INTO event_apply (apply_id,user_id,event_id,applied_at,status) VALUES (139,23,5,'2023-02-14 05:40:20','APPLIED');
INSERT INTO event_apply (apply_id,user_id,event_id,applied_at,status) VALUES (140,62,5,'2023-02-18 06:15:32','CANCELLED');
INSERT INTO event_apply (apply_id,user_id,event_id,applied_at,status) VALUES (141,38,5,'2023-02-14 07:49:05','APPLIED');
INSERT INTO event_apply (apply_id,user_id,event_id,applied_at,status) VALUES (142,75,5,'2023-03-12 04:17:16','CANCELLED');
INSERT INTO event_apply (apply_id,user_id,event_id,applied_at,status) VALUES (143,36,5,'2023-03-08 13:28:56','CANCELLED');
INSERT INTO event_apply (apply_id,user_id,event_id,applied_at,status) VALUES (144,21,5,'2023-03-02 15:43:13','APPLIED');
INSERT INTO event_apply (apply_id,user_id,event_id,applied_at,status) VALUES (145,48,5,'2023-02-28 09:10:55','REJECTED');
INSERT INTO event_apply (apply_id,user_id,event_id,applied_at,status) VALUES (146,32,5,'2023-03-06 03:39:47','APPLIED');
INSERT INTO event_apply (apply_id,user_id,event_id,applied_at,status) VALUES (147,11,5,'2023-03-08 02:22:51','CANCELLED');
INSERT INTO event_apply (apply_id,user_id,event_id,applied_at,status) VALUES (148,63,5,'2023-03-13 12:25:29','APPLIED');
INSERT INTO event_apply (apply_id,user_id,event_id,applied_at,status) VALUES (149,82,5,'2023-03-26 08:44:33','APPLIED');
INSERT INTO event_apply (apply_id,user_id,event_id,applied_at,status) VALUES (150,12,5,'2023-02-16 07:52:13','CANCELLED');
INSERT INTO event_apply (apply_id,user_id,event_id,applied_at,status) VALUES (151,39,5,'2023-03-16 20:53:22','APPLIED');
INSERT INTO event_apply (apply_id,user_id,event_id,applied_at,status) VALUES (152,20,5,'2023-03-04 07:32:58','APPROVED');
INSERT INTO event_apply (apply_id,user_id,event_id,applied_at,status) VALUES (153,77,5,'2023-04-01 00:32:19','REJECTED');
INSERT INTO event_apply (apply_id,user_id,event_id,applied_at,status) VALUES (154,61,6,'2025-07-16 18:30:40','APPLIED');
INSERT INTO event_apply (apply_id,user_id,event_id,applied_at,status) VALUES (155,79,6,'2025-08-16 20:59:40','APPLIED');
INSERT INTO event_apply (apply_id,user_id,event_id,applied_at,status) VALUES (156,98,6,'2025-09-01 03:40:54','APPLIED');
INSERT INTO event_apply (apply_id,user_id,event_id,applied_at,status) VALUES (157,67,6,'2025-09-02 04:25:50','APPLIED');
INSERT INTO event_apply (apply_id,user_id,event_id,applied_at,status) VALUES (158,49,6,'2025-08-20 04:48:25','APPLIED');
INSERT INTO event_apply (apply_id,user_id,event_id,applied_at,status) VALUES (159,18,6,'2025-08-18 05:45:14','APPLIED');
INSERT INTO event_apply (apply_id,user_id,event_id,applied_at,status) VALUES (160,100,6,'2025-08-10 15:09:27','APPLIED');
INSERT INTO event_apply (apply_id,user_id,event_id,applied_at,status) VALUES (161,26,6,'2025-08-04 18:52:14','CANCELLED');
INSERT INTO event_apply (apply_id,user_id,event_id,applied_at,status) VALUES (162,55,6,'2025-07-10 04:23:38','CANCELLED');
INSERT INTO event_apply (apply_id,user_id,event_id,applied_at,status) VALUES (163,27,6,'2025-08-29 01:26:54','REJECTED');
INSERT INTO event_apply (apply_id,user_id,event_id,applied_at,status) VALUES (164,69,6,'2025-07-23 16:31:31','APPLIED');
INSERT INTO event_apply (apply_id,user_id,event_id,applied_at,status) VALUES (165,91,6,'2025-07-12 15:13:10','APPLIED');
INSERT INTO event_apply (apply_id,user_id,event_id,applied_at,status) VALUES (166,68,6,'2025-09-02 09:04:54','APPLIED');
INSERT INTO event_apply (apply_id,user_id,event_id,applied_at,status) VALUES (167,41,6,'2025-08-09 20:16:36','APPLIED');
INSERT INTO event_apply (apply_id,user_id,event_id,applied_at,status) VALUES (168,2,6,'2025-08-19 12:44:14','APPLIED');
INSERT INTO event_apply (apply_id,user_id,event_id,applied_at,status) VALUES (169,4,6,'2025-07-20 03:56:38','APPLIED');
INSERT INTO event_apply (apply_id,user_id,event_id,applied_at,status) VALUES (170,47,6,'2025-08-16 20:42:26','APPLIED');
INSERT INTO event_apply (apply_id,user_id,event_id,applied_at,status) VALUES (171,74,6,'2025-08-25 12:24:47','APPLIED');
INSERT INTO event_apply (apply_id,user_id,event_id,applied_at,status) VALUES (172,94,6,'2025-08-03 06:09:09','APPLIED');
INSERT INTO event_apply (apply_id,user_id,event_id,applied_at,status) VALUES (173,34,6,'2025-07-12 06:09:46','APPLIED');
INSERT INTO event_apply (apply_id,user_id,event_id,applied_at,status) VALUES (174,78,6,'2025-08-22 03:49:07','REJECTED');
INSERT INTO event_apply (apply_id,user_id,event_id,applied_at,status) VALUES (175,99,6,'2025-08-09 05:55:42','APPLIED');
INSERT INTO event_apply (apply_id,user_id,event_id,applied_at,status) VALUES (176,37,6,'2025-09-02 17:09:44','APPROVED');
INSERT INTO event_apply (apply_id,user_id,event_id,applied_at,status) VALUES (177,90,6,'2025-08-05 15:19:26','APPLIED');
INSERT INTO event_apply (apply_id,user_id,event_id,applied_at,status) VALUES (178,48,6,'2025-07-20 10:37:31','APPROVED');
INSERT INTO event_apply (apply_id,user_id,event_id,applied_at,status) VALUES (179,59,6,'2025-08-15 18:01:39','REJECTED');
INSERT INTO event_apply (apply_id,user_id,event_id,applied_at,status) VALUES (180,63,6,'2025-08-18 07:15:06','APPLIED');
INSERT INTO event_apply (apply_id,user_id,event_id,applied_at,status) VALUES (181,32,6,'2025-08-30 01:25:56','REJECTED');
INSERT INTO event_apply (apply_id,user_id,event_id,applied_at,status) VALUES (182,14,6,'2025-07-14 19:15:22','APPLIED');
INSERT INTO event_apply (apply_id,user_id,event_id,applied_at,status) VALUES (183,22,6,'2025-09-02 01:40:20','REJECTED');
INSERT INTO event_apply (apply_id,user_id,event_id,applied_at,status) VALUES (184,30,6,'2025-08-28 15:35:17','APPROVED');
INSERT INTO event_apply (apply_id,user_id,event_id,applied_at,status) VALUES (185,82,6,'2025-08-29 12:31:26','APPROVED');
INSERT INTO event_apply (apply_id,user_id,event_id,applied_at,status) VALUES (186,19,6,'2025-07-30 06:53:42','APPLIED');
INSERT INTO event_apply (apply_id,user_id,event_id,applied_at,status) VALUES (187,95,6,'2025-08-01 04:17:34','APPLIED');
INSERT INTO event_apply (apply_id,user_id,event_id,applied_at,status) VALUES (188,85,6,'2025-07-27 04:47:11','APPLIED');
INSERT INTO event_apply (apply_id,user_id,event_id,applied_at,status) VALUES (189,52,6,'2025-08-05 01:54:13','APPLIED');
INSERT INTO event_apply (apply_id,user_id,event_id,applied_at,status) VALUES (190,36,6,'2025-08-26 02:55:12','APPLIED');
INSERT INTO event_apply (apply_id,user_id,event_id,applied_at,status) VALUES (191,96,6,'2025-07-16 23:00:20','APPROVED');
INSERT INTO event_apply (apply_id,user_id,event_id,applied_at,status) VALUES (192,50,6,'2025-08-08 07:18:00','APPLIED');
INSERT INTO event_apply (apply_id,user_id,event_id,applied_at,status) VALUES (193,28,6,'2025-08-13 16:58:21','CANCELLED');
INSERT INTO event_apply (apply_id,user_id,event_id,applied_at,status) VALUES (194,97,6,'2025-07-11 20:55:42','APPROVED');
INSERT INTO event_apply (apply_id,user_id,event_id,applied_at,status) VALUES (195,6,6,'2025-07-21 10:33:33','APPLIED');
INSERT INTO event_apply (apply_id,user_id,event_id,applied_at,status) VALUES (196,64,6,'2025-07-13 23:03:52','APPLIED');
INSERT INTO event_apply (apply_id,user_id,event_id,applied_at,status) VALUES (197,60,6,'2025-08-05 21:26:39','APPLIED');
INSERT INTO event_apply (apply_id,user_id,event_id,applied_at,status) VALUES (198,15,6,'2025-08-19 20:17:06','REJECTED');
INSERT INTO event_apply (apply_id,user_id,event_id,applied_at,status) VALUES (199,7,6,'2025-08-12 01:37:29','APPROVED');
INSERT INTO event_apply (apply_id,user_id,event_id,applied_at,status) VALUES (200,86,6,'2025-08-09 22:28:47','APPROVED');
INSERT INTO event_apply (apply_id,user_id,event_id,applied_at,status) VALUES (201,84,6,'2025-08-12 13:13:08','APPROVED');
INSERT INTO event_apply (apply_id,user_id,event_id,applied_at,status) VALUES (202,51,6,'2025-08-28 18:56:47','APPLIED');
INSERT INTO event_apply (apply_id,user_id,event_id,applied_at,status) VALUES (203,13,6,'2025-07-10 07:04:44','APPLIED');
INSERT INTO event_apply (apply_id,user_id,event_id,applied_at,status) VALUES (204,14,7,'2024-12-25 04:23:19','APPLIED');
INSERT INTO event_apply (apply_id,user_id,event_id,applied_at,status) VALUES (205,71,7,'2024-11-04 06:06:11','APPROVED');
INSERT INTO event_apply (apply_id,user_id,event_id,applied_at,status) VALUES (206,27,7,'2024-11-08 09:21:48','APPLIED');
INSERT INTO event_apply (apply_id,user_id,event_id,applied_at,status) VALUES (207,60,7,'2024-12-01 06:51:16','APPLIED');
INSERT INTO event_apply (apply_id,user_id,event_id,applied_at,status) VALUES (208,75,7,'2024-12-11 02:08:50','APPLIED');
INSERT INTO event_apply (apply_id,user_id,event_id,applied_at,status) VALUES (209,25,7,'2024-10-31 02:54:30','CANCELLED');
INSERT INTO event_apply (apply_id,user_id,event_id,applied_at,status) VALUES (210,61,7,'2024-12-27 18:43:13','APPROVED');
INSERT INTO event_apply (apply_id,user_id,event_id,applied_at,status) VALUES (211,17,7,'2024-11-17 06:37:50','APPLIED');
INSERT INTO event_apply (apply_id,user_id,event_id,applied_at,status) VALUES (212,12,7,'2024-12-25 16:33:16','APPLIED');
INSERT INTO event_apply (apply_id,user_id,event_id,applied_at,status) VALUES (213,46,7,'2024-12-24 08:44:52','APPLIED');
INSERT INTO event_apply (apply_id,user_id,event_id,applied_at,status) VALUES (214,33,7,'2024-12-20 04:05:20','APPLIED');
INSERT INTO event_apply (apply_id,user_id,event_id,applied_at,status) VALUES (215,8,7,'2024-11-13 18:12:24','APPLIED');
INSERT INTO event_apply (apply_id,user_id,event_id,applied_at,status) VALUES (216,39,7,'2024-12-02 01:39:45','APPLIED');
INSERT INTO event_apply (apply_id,user_id,event_id,applied_at,status) VALUES (217,95,7,'2024-11-22 18:50:22','APPLIED');
INSERT INTO event_apply (apply_id,user_id,event_id,applied_at,status) VALUES (218,79,7,'2024-11-01 00:09:03','APPLIED');
INSERT INTO event_apply (apply_id,user_id,event_id,applied_at,status) VALUES (219,84,7,'2024-11-23 00:37:20','APPROVED');
INSERT INTO event_apply (apply_id,user_id,event_id,applied_at,status) VALUES (220,91,7,'2024-10-31 00:23:09','APPLIED');
INSERT INTO event_apply (apply_id,user_id,event_id,applied_at,status) VALUES (221,87,7,'2024-12-19 23:54:44','APPLIED');
INSERT INTO event_apply (apply_id,user_id,event_id,applied_at,status) VALUES (222,6,7,'2024-11-18 23:55:30','APPLIED');
INSERT INTO event_apply (apply_id,user_id,event_id,applied_at,status) VALUES (223,99,7,'2024-12-12 20:00:51','APPLIED');
INSERT INTO event_apply (apply_id,user_id,event_id,applied_at,status) VALUES (224,64,7,'2024-11-29 03:33:00','CANCELLED');
INSERT INTO event_apply (apply_id,user_id,event_id,applied_at,status) VALUES (225,73,7,'2024-12-10 21:31:29','APPROVED');
INSERT INTO event_apply (apply_id,user_id,event_id,applied_at,status) VALUES (226,18,7,'2024-11-03 17:19:17','APPROVED');
INSERT INTO event_apply (apply_id,user_id,event_id,applied_at,status) VALUES (227,51,7,'2024-12-05 20:36:07','APPLIED');
INSERT INTO event_apply (apply_id,user_id,event_id,applied_at,status) VALUES (228,97,7,'2024-12-28 03:14:22','APPLIED');
INSERT INTO event_apply (apply_id,user_id,event_id,applied_at,status) VALUES (229,38,7,'2024-11-30 13:21:46','REJECTED');
INSERT INTO event_apply (apply_id,user_id,event_id,applied_at,status) VALUES (230,30,7,'2024-11-30 05:52:17','APPLIED');
INSERT INTO event_apply (apply_id,user_id,event_id,applied_at,status) VALUES (231,80,7,'2024-12-07 13:12:06','APPLIED');
INSERT INTO event_apply (apply_id,user_id,event_id,applied_at,status) VALUES (232,77,7,'2024-11-11 19:33:31','APPROVED');
INSERT INTO event_apply (apply_id,user_id,event_id,applied_at,status) VALUES (233,63,7,'2024-11-07 07:29:54','APPROVED');
INSERT INTO event_apply (apply_id,user_id,event_id,applied_at,status) VALUES (234,4,7,'2024-12-10 12:10:34','APPLIED');
INSERT INTO event_apply (apply_id,user_id,event_id,applied_at,status) VALUES (235,52,7,'2024-11-24 04:28:58','APPLIED');
INSERT INTO event_apply (apply_id,user_id,event_id,applied_at,status) VALUES (236,54,7,'2024-12-12 13:06:15','APPLIED');
INSERT INTO event_apply (apply_id,user_id,event_id,applied_at,status) VALUES (237,100,7,'2024-11-21 00:47:38','APPROVED');
INSERT INTO event_apply (apply_id,user_id,event_id,applied_at,status) VALUES (238,41,8,'2024-08-07 03:48:47','REJECTED');
INSERT INTO event_apply (apply_id,user_id,event_id,applied_at,status) VALUES (239,37,8,'2024-09-27 13:12:57','APPLIED');
INSERT INTO event_apply (apply_id,user_id,event_id,applied_at,status) VALUES (240,61,8,'2024-08-10 12:59:39','APPLIED');
INSERT INTO event_apply (apply_id,user_id,event_id,applied_at,status) VALUES (241,66,8,'2024-08-04 04:23:47','APPLIED');
INSERT INTO event_apply (apply_id,user_id,event_id,applied_at,status) VALUES (242,71,8,'2024-08-14 04:14:49','APPLIED');
INSERT INTO event_apply (apply_id,user_id,event_id,applied_at,status) VALUES (243,53,8,'2024-09-06 16:26:52','REJECTED');
INSERT INTO event_apply (apply_id,user_id,event_id,applied_at,status) VALUES (244,11,8,'2024-08-23 22:40:12','APPLIED');
INSERT INTO event_apply (apply_id,user_id,event_id,applied_at,status) VALUES (245,93,8,'2024-08-21 09:21:16','APPROVED');
INSERT INTO event_apply (apply_id,user_id,event_id,applied_at,status) VALUES (246,74,8,'2024-08-30 04:55:32','APPLIED');
INSERT INTO event_apply (apply_id,user_id,event_id,applied_at,status) VALUES (247,49,8,'2024-09-04 11:30:52','APPLIED');
INSERT INTO event_apply (apply_id,user_id,event_id,applied_at,status) VALUES (248,3,8,'2024-09-06 13:00:53','APPLIED');
INSERT INTO event_apply (apply_id,user_id,event_id,applied_at,status) VALUES (249,7,8,'2024-09-15 00:19:46','APPLIED');
INSERT INTO event_apply (apply_id,user_id,event_id,applied_at,status) VALUES (250,69,8,'2024-08-03 23:55:34','APPLIED');
INSERT INTO event_apply (apply_id,user_id,event_id,applied_at,status) VALUES (251,19,8,'2024-08-28 01:06:50','APPLIED');
INSERT INTO event_apply (apply_id,user_id,event_id,applied_at,status) VALUES (252,48,8,'2024-09-23 18:11:28','APPLIED');
INSERT INTO event_apply (apply_id,user_id,event_id,applied_at,status) VALUES (253,97,8,'2024-08-07 09:57:56','CANCELLED');
INSERT INTO event_apply (apply_id,user_id,event_id,applied_at,status) VALUES (254,63,9,'2024-12-04 05:59:26','APPROVED');
INSERT INTO event_apply (apply_id,user_id,event_id,applied_at,status) VALUES (255,15,9,'2024-12-13 18:25:26','APPLIED');
INSERT INTO event_apply (apply_id,user_id,event_id,applied_at,status) VALUES (256,9,9,'2024-12-02 05:14:12','APPROVED');
INSERT INTO event_apply (apply_id,user_id,event_id,applied_at,status) VALUES (257,28,9,'2024-12-05 06:00:07','APPLIED');
INSERT INTO event_apply (apply_id,user_id,event_id,applied_at,status) VALUES (258,1,9,'2024-11-03 22:38:44','APPLIED');
INSERT INTO event_apply (apply_id,user_id,event_id,applied_at,status) VALUES (259,54,9,'2024-10-20 02:01:10','APPLIED');
INSERT INTO event_apply (apply_id,user_id,event_id,applied_at,status) VALUES (260,75,9,'2024-11-04 16:58:28','APPLIED');
INSERT INTO event_apply (apply_id,user_id,event_id,applied_at,status) VALUES (261,76,9,'2024-12-07 08:00:27','APPROVED');
INSERT INTO event_apply (apply_id,user_id,event_id,applied_at,status) VALUES (262,81,9,'2024-11-20 04:21:20','APPROVED');
INSERT INTO event_apply (apply_id,user_id,event_id,applied_at,status) VALUES (263,6,9,'2024-11-02 15:43:22','APPLIED');
INSERT INTO event_apply (apply_id,user_id,event_id,applied_at,status) VALUES (264,58,9,'2024-10-22 09:33:08','APPLIED');
INSERT INTO event_apply (apply_id,user_id,event_id,applied_at,status) VALUES (265,79,9,'2024-11-16 14:28:52','APPLIED');
INSERT INTO event_apply (apply_id,user_id,event_id,applied_at,status) VALUES (266,89,9,'2024-11-22 19:08:39','APPROVED');
INSERT INTO event_apply (apply_id,user_id,event_id,applied_at,status) VALUES (267,66,9,'2024-12-01 13:58:25','APPLIED');
INSERT INTO event_apply (apply_id,user_id,event_id,applied_at,status) VALUES (268,64,9,'2024-12-07 02:54:22','APPLIED');
INSERT INTO event_apply (apply_id,user_id,event_id,applied_at,status) VALUES (269,85,9,'2024-11-27 07:56:25','CANCELLED');
INSERT INTO event_apply (apply_id,user_id,event_id,applied_at,status) VALUES (270,39,9,'2024-11-23 21:24:06','APPROVED');
INSERT INTO event_apply (apply_id,user_id,event_id,applied_at,status) VALUES (271,37,9,'2024-10-31 14:36:14','APPLIED');
INSERT INTO event_apply (apply_id,user_id,event_id,applied_at,status) VALUES (272,80,9,'2024-11-30 23:39:10','APPROVED');
INSERT INTO event_apply (apply_id,user_id,event_id,applied_at,status) VALUES (273,99,9,'2024-11-25 12:15:15','APPROVED');
INSERT INTO event_apply (apply_id,user_id,event_id,applied_at,status) VALUES (274,5,9,'2024-10-29 07:49:36','APPROVED');
INSERT INTO event_apply (apply_id,user_id,event_id,applied_at,status) VALUES (275,14,9,'2024-12-04 19:41:58','APPLIED');
INSERT INTO event_apply (apply_id,user_id,event_id,applied_at,status) VALUES (276,7,9,'2024-10-25 22:59:20','CANCELLED');
INSERT INTO event_apply (apply_id,user_id,event_id,applied_at,status) VALUES (277,18,9,'2024-11-14 23:38:54','REJECTED');
INSERT INTO event_apply (apply_id,user_id,event_id,applied_at,status) VALUES (278,69,9,'2024-10-30 15:36:00','APPLIED');
INSERT INTO event_apply (apply_id,user_id,event_id,applied_at,status) VALUES (279,68,9,'2024-12-13 22:17:57','APPLIED');
INSERT INTO event_apply (apply_id,user_id,event_id,applied_at,status) VALUES (280,44,9,'2024-10-20 16:12:56','APPROVED');
INSERT INTO event_apply (apply_id,user_id,event_id,applied_at,status) VALUES (281,93,9,'2024-10-30 18:19:59','APPLIED');
INSERT INTO event_apply (apply_id,user_id,event_id,applied_at,status) VALUES (282,25,9,'2024-11-24 23:18:09','REJECTED');
INSERT INTO event_apply (apply_id,user_id,event_id,applied_at,status) VALUES (283,55,10,'2025-06-16 13:35:44','CANCELLED');
INSERT INTO event_apply (apply_id,user_id,event_id,applied_at,status) VALUES (284,82,10,'2025-08-06 04:40:38','APPLIED');
INSERT INTO event_apply (apply_id,user_id,event_id,applied_at,status) VALUES (285,61,10,'2025-06-23 01:33:49','APPROVED');
INSERT INTO event_apply (apply_id,user_id,event_id,applied_at,status) VALUES (286,22,10,'2025-08-03 07:53:47','APPROVED');
INSERT INTO event_apply (apply_id,user_id,event_id,applied_at,status) VALUES (287,93,10,'2025-06-22 17:50:49','APPROVED');
INSERT INTO event_apply (apply_id,user_id,event_id,applied_at,status) VALUES (288,99,10,'2025-06-19 10:56:07','CANCELLED');
INSERT INTO event_apply (apply_id,user_id,event_id,applied_at,status) VALUES (289,75,10,'2025-07-25 08:14:25','APPLIED');
INSERT INTO event_apply (apply_id,user_id,event_id,applied_at,status) VALUES (290,70,10,'2025-08-03 08:39:16','REJECTED');
INSERT INTO event_apply (apply_id,user_id,event_id,applied_at,status) VALUES (291,5,10,'2025-07-24 19:32:04','APPROVED');
INSERT INTO event_apply (apply_id,user_id,event_id,applied_at,status) VALUES (292,12,10,'2025-06-30 22:13:03','APPLIED');
INSERT INTO event_apply (apply_id,user_id,event_id,applied_at,status) VALUES (293,44,10,'2025-08-10 14:19:59','APPLIED');
INSERT INTO event_apply (apply_id,user_id,event_id,applied_at,status) VALUES (294,37,10,'2025-07-31 15:56:05','APPLIED');
INSERT INTO event_apply (apply_id,user_id,event_id,applied_at,status) VALUES (295,36,10,'2025-06-15 16:31:10','APPROVED');
INSERT INTO event_apply (apply_id,user_id,event_id,applied_at,status) VALUES (296,97,10,'2025-07-26 19:13:33','APPLIED');
INSERT INTO event_apply (apply_id,user_id,event_id,applied_at,status) VALUES (297,64,10,'2025-07-14 22:18:27','APPLIED');
INSERT INTO event_apply (apply_id,user_id,event_id,applied_at,status) VALUES (298,10,10,'2025-08-12 01:11:46','APPLIED');
INSERT INTO event_apply (apply_id,user_id,event_id,applied_at,status) VALUES (299,58,10,'2025-07-08 19:10:43','APPLIED');
INSERT INTO event_apply (apply_id,user_id,event_id,applied_at,status) VALUES (300,67,10,'2025-07-09 02:39:15','CANCELLED');
INSERT INTO event_apply (apply_id,user_id,event_id,applied_at,status) VALUES (301,1,10,'2025-08-08 16:15:01','APPLIED');
INSERT INTO event_apply (apply_id,user_id,event_id,applied_at,status) VALUES (302,28,10,'2025-07-04 15:21:44','APPLIED');
INSERT INTO event_apply (apply_id,user_id,event_id,applied_at,status) VALUES (303,91,10,'2025-06-26 10:16:13','REJECTED');
INSERT INTO event_apply (apply_id,user_id,event_id,applied_at,status) VALUES (304,96,10,'2025-07-08 02:56:21','CANCELLED');
INSERT INTO event_apply (apply_id,user_id,event_id,applied_at,status) VALUES (305,78,10,'2025-07-24 04:50:44','APPLIED');
INSERT INTO event_apply (apply_id,user_id,event_id,applied_at,status) VALUES (306,100,10,'2025-06-20 06:15:57','REJECTED');
INSERT INTO event_apply (apply_id,user_id,event_id,applied_at,status) VALUES (307,83,10,'2025-06-28 07:41:03','REJECTED');
INSERT INTO event_apply (apply_id,user_id,event_id,applied_at,status) VALUES (308,25,10,'2025-06-23 19:59:33','APPLIED');
INSERT INTO event_apply (apply_id,user_id,event_id,applied_at,status) VALUES (309,80,11,'2025-03-06 10:42:57','REJECTED');
INSERT INTO event_apply (apply_id,user_id,event_id,applied_at,status) VALUES (310,10,11,'2025-04-02 08:07:06','APPLIED');
INSERT INTO event_apply (apply_id,user_id,event_id,applied_at,status) VALUES (311,29,11,'2025-03-19 22:12:17','REJECTED');
INSERT INTO event_apply (apply_id,user_id,event_id,applied_at,status) VALUES (312,76,11,'2025-03-15 11:10:03','APPLIED');
INSERT INTO event_apply (apply_id,user_id,event_id,applied_at,status) VALUES (313,85,11,'2025-04-03 21:49:39','APPROVED');
INSERT INTO event_apply (apply_id,user_id,event_id,applied_at,status) VALUES (314,45,11,'2025-03-15 14:29:41','APPLIED');
INSERT INTO event_apply (apply_id,user_id,event_id,applied_at,status) VALUES (315,54,11,'2025-03-04 21:22:17','APPLIED');
INSERT INTO event_apply (apply_id,user_id,event_id,applied_at,status) VALUES (316,100,11,'2025-03-04 23:48:47','APPLIED');
INSERT INTO event_apply (apply_id,user_id,event_id,applied_at,status) VALUES (317,4,11,'2025-04-08 15:02:41','APPROVED');
INSERT INTO event_apply (apply_id,user_id,event_id,applied_at,status) VALUES (318,41,11,'2025-02-28 07:36:59','APPLIED');
INSERT INTO event_apply (apply_id,user_id,event_id,applied_at,status) VALUES (319,31,11,'2025-03-13 21:53:41','CANCELLED');
INSERT INTO event_apply (apply_id,user_id,event_id,applied_at,status) VALUES (320,97,11,'2025-03-15 12:26:19','APPLIED');
INSERT INTO event_apply (apply_id,user_id,event_id,applied_at,status) VALUES (321,71,11,'2025-03-13 09:10:24','APPLIED');
INSERT INTO event_apply (apply_id,user_id,event_id,applied_at,status) VALUES (322,47,11,'2025-03-23 16:25:55','APPLIED');
INSERT INTO event_apply (apply_id,user_id,event_id,applied_at,status) VALUES (323,72,11,'2025-02-27 03:27:28','APPROVED');
INSERT INTO event_apply (apply_id,user_id,event_id,applied_at,status) VALUES (324,1,11,'2025-04-26 00:22:23','APPLIED');
INSERT INTO event_apply (apply_id,user_id,event_id,applied_at,status) VALUES (325,59,11,'2025-04-22 15:44:24','APPLIED');
INSERT INTO event_apply (apply_id,user_id,event_id,applied_at,status) VALUES (326,11,11,'2025-03-16 23:31:02','APPLIED');
INSERT INTO event_apply (apply_id,user_id,event_id,applied_at,status) VALUES (327,56,11,'2025-03-29 13:48:12','CANCELLED');
INSERT INTO event_apply (apply_id,user_id,event_id,applied_at,status) VALUES (328,35,11,'2025-03-13 22:33:01','APPLIED');
INSERT INTO event_apply (apply_id,user_id,event_id,applied_at,status) VALUES (329,84,11,'2025-02-28 04:19:02','APPLIED');
INSERT INTO event_apply (apply_id,user_id,event_id,applied_at,status) VALUES (330,23,11,'2025-04-03 06:43:50','APPLIED');
INSERT INTO event_apply (apply_id,user_id,event_id,applied_at,status) VALUES (331,73,11,'2025-03-10 02:27:21','APPROVED');
INSERT INTO event_apply (apply_id,user_id,event_id,applied_at,status) VALUES (332,78,11,'2025-04-15 16:23:47','APPLIED');
INSERT INTO event_apply (apply_id,user_id,event_id,applied_at,status) VALUES (333,81,11,'2025-03-28 11:04:35','APPLIED');
INSERT INTO event_apply (apply_id,user_id,event_id,applied_at,status) VALUES (334,64,11,'2025-03-14 07:38:35','REJECTED');
INSERT INTO event_apply (apply_id,user_id,event_id,applied_at,status) VALUES (335,3,11,'2025-03-10 17:09:26','APPROVED');
INSERT INTO event_apply (apply_id,user_id,event_id,applied_at,status) VALUES (336,52,11,'2025-04-07 11:28:37','APPLIED');
INSERT INTO event_apply (apply_id,user_id,event_id,applied_at,status) VALUES (337,91,11,'2025-04-21 18:46:19','APPROVED');
INSERT INTO event_apply (apply_id,user_id,event_id,applied_at,status) VALUES (338,87,11,'2025-04-15 12:49:56','APPLIED');
INSERT INTO event_apply (apply_id,user_id,event_id,applied_at,status) VALUES (339,34,11,'2025-03-24 09:33:00','APPLIED');
INSERT INTO event_apply (apply_id,user_id,event_id,applied_at,status) VALUES (340,15,11,'2025-03-01 18:34:58','REJECTED');
INSERT INTO event_apply (apply_id,user_id,event_id,applied_at,status) VALUES (341,21,11,'2025-04-09 20:17:20','APPROVED');
INSERT INTO event_apply (apply_id,user_id,event_id,applied_at,status) VALUES (342,46,11,'2025-03-06 19:25:05','APPLIED');
INSERT INTO event_apply (apply_id,user_id,event_id,applied_at,status) VALUES (343,70,11,'2025-03-17 09:01:38','CANCELLED');
INSERT INTO event_apply (apply_id,user_id,event_id,applied_at,status) VALUES (344,54,12,'2025-12-17 11:27:32','APPROVED');
INSERT INTO event_apply (apply_id,user_id,event_id,applied_at,status) VALUES (345,26,12,'2026-01-14 13:03:55','APPLIED');
INSERT INTO event_apply (apply_id,user_id,event_id,applied_at,status) VALUES (346,45,12,'2026-01-14 14:38:38','REJECTED');
INSERT INTO event_apply (apply_id,user_id,event_id,applied_at,status) VALUES (347,40,12,'2026-01-18 23:37:47','APPLIED');
INSERT INTO event_apply (apply_id,user_id,event_id,applied_at,status) VALUES (348,14,12,'2025-12-19 19:00:58','APPLIED');
INSERT INTO event_apply (apply_id,user_id,event_id,applied_at,status) VALUES (349,17,12,'2025-12-16 10:23:45','REJECTED');
INSERT INTO event_apply (apply_id,user_id,event_id,applied_at,status) VALUES (350,61,12,'2026-01-22 12:16:35','APPLIED');
INSERT INTO event_apply (apply_id,user_id,event_id,applied_at,status) VALUES (351,8,12,'2025-12-24 05:00:01','APPLIED');
INSERT INTO event_apply (apply_id,user_id,event_id,applied_at,status) VALUES (352,81,12,'2025-12-22 18:29:17','CANCELLED');
INSERT INTO event_apply (apply_id,user_id,event_id,applied_at,status) VALUES (353,57,12,'2026-01-03 03:56:10','APPLIED');
INSERT INTO event_apply (apply_id,user_id,event_id,applied_at,status) VALUES (354,20,12,'2026-01-29 18:55:50','CANCELLED');
INSERT INTO event_apply (apply_id,user_id,event_id,applied_at,status) VALUES (355,89,12,'2026-02-04 02:10:58','CANCELLED');
INSERT INTO event_apply (apply_id,user_id,event_id,applied_at,status) VALUES (356,99,12,'2026-01-15 13:35:19','REJECTED');
INSERT INTO event_apply (apply_id,user_id,event_id,applied_at,status) VALUES (357,24,12,'2025-12-28 09:43:17','APPLIED');
INSERT INTO event_apply (apply_id,user_id,event_id,applied_at,status) VALUES (358,37,12,'2026-01-11 19:10:44','APPLIED');
INSERT INTO event_apply (apply_id,user_id,event_id,applied_at,status) VALUES (359,39,12,'2026-01-31 10:51:47','REJECTED');
INSERT INTO event_apply (apply_id,user_id,event_id,applied_at,status) VALUES (360,4,12,'2025-12-24 16:23:49','APPROVED');
INSERT INTO event_apply (apply_id,user_id,event_id,applied_at,status) VALUES (361,98,12,'2025-12-19 20:56:29','APPLIED');
INSERT INTO event_apply (apply_id,user_id,event_id,applied_at,status) VALUES (362,43,12,'2026-01-29 18:47:34','APPLIED');
INSERT INTO event_apply (apply_id,user_id,event_id,applied_at,status) VALUES (363,7,12,'2026-02-04 01:59:55','APPLIED');
INSERT INTO event_apply (apply_id,user_id,event_id,applied_at,status) VALUES (364,25,12,'2026-01-30 00:25:35','APPROVED');
INSERT INTO event_apply (apply_id,user_id,event_id,applied_at,status) VALUES (365,80,12,'2026-01-01 16:34:26','APPLIED');
INSERT INTO event_apply (apply_id,user_id,event_id,applied_at,status) VALUES (366,95,12,'2025-12-25 15:03:19','APPLIED');
INSERT INTO event_apply (apply_id,user_id,event_id,applied_at,status) VALUES (367,47,12,'2026-02-05 15:15:37','APPLIED');
INSERT INTO event_apply (apply_id,user_id,event_id,applied_at,status) VALUES (368,41,12,'2026-01-09 23:44:28','APPROVED');
INSERT INTO event_apply (apply_id,user_id,event_id,applied_at,status) VALUES (369,71,12,'2026-01-27 09:27:44','APPLIED');
INSERT INTO event_apply (apply_id,user_id,event_id,applied_at,status) VALUES (370,48,12,'2026-01-08 07:10:09','APPLIED');
INSERT INTO event_apply (apply_id,user_id,event_id,applied_at,status) VALUES (371,52,12,'2026-01-09 21:54:07','APPLIED');
INSERT INTO event_apply (apply_id,user_id,event_id,applied_at,status) VALUES (372,96,12,'2026-01-23 22:23:12','APPLIED');
INSERT INTO event_apply (apply_id,user_id,event_id,applied_at,status) VALUES (373,65,12,'2026-01-21 21:10:42','CANCELLED');
INSERT INTO event_apply (apply_id,user_id,event_id,applied_at,status) VALUES (374,76,12,'2026-01-14 05:22:02','CANCELLED');
INSERT INTO event_apply (apply_id,user_id,event_id,applied_at,status) VALUES (375,85,12,'2026-01-31 14:33:38','CANCELLED');
INSERT INTO event_apply (apply_id,user_id,event_id,applied_at,status) VALUES (376,13,12,'2025-12-14 22:14:06','APPLIED');
INSERT INTO event_apply (apply_id,user_id,event_id,applied_at,status) VALUES (377,72,12,'2025-12-21 05:45:06','APPLIED');
INSERT INTO event_apply (apply_id,user_id,event_id,applied_at,status) VALUES (378,12,12,'2026-01-26 06:11:39','APPLIED');
INSERT INTO event_apply (apply_id,user_id,event_id,applied_at,status) VALUES (379,69,12,'2026-01-15 02:26:41','REJECTED');
INSERT INTO event_apply (apply_id,user_id,event_id,applied_at,status) VALUES (380,1,12,'2026-01-06 18:54:24','REJECTED');
INSERT INTO event_apply (apply_id,user_id,event_id,applied_at,status) VALUES (381,97,12,'2026-01-24 14:47:45','APPLIED');
INSERT INTO event_apply (apply_id,user_id,event_id,applied_at,status) VALUES (382,64,12,'2026-01-18 06:49:06','REJECTED');
INSERT INTO event_apply (apply_id,user_id,event_id,applied_at,status) VALUES (383,21,12,'2026-01-23 17:08:19','REJECTED');
INSERT INTO event_apply (apply_id,user_id,event_id,applied_at,status) VALUES (384,46,12,'2025-12-11 09:33:38','APPLIED');
INSERT INTO event_apply (apply_id,user_id,event_id,applied_at,status) VALUES (385,5,12,'2025-12-16 02:42:11','REJECTED');
INSERT INTO event_apply (apply_id,user_id,event_id,applied_at,status) VALUES (386,42,12,'2025-12-18 01:49:14','APPLIED');
INSERT INTO event_apply (apply_id,user_id,event_id,applied_at,status) VALUES (387,6,12,'2025-12-23 02:29:46','APPLIED');
INSERT INTO event_apply (apply_id,user_id,event_id,applied_at,status) VALUES (388,93,12,'2025-12-20 10:05:20','APPLIED');
INSERT INTO event_apply (apply_id,user_id,event_id,applied_at,status) VALUES (389,53,12,'2025-12-16 10:13:43','APPLIED');
INSERT INTO event_apply (apply_id,user_id,event_id,applied_at,status) VALUES (390,30,12,'2025-12-27 22:29:44','APPROVED');
INSERT INTO event_apply (apply_id,user_id,event_id,applied_at,status) VALUES (391,50,13,'2023-05-16 22:43:40','REJECTED');
INSERT INTO event_apply (apply_id,user_id,event_id,applied_at,status) VALUES (392,23,13,'2023-04-26 05:12:18','APPROVED');
INSERT INTO event_apply (apply_id,user_id,event_id,applied_at,status) VALUES (393,68,13,'2023-06-09 08:01:08','APPLIED');
INSERT INTO event_apply (apply_id,user_id,event_id,applied_at,status) VALUES (394,21,13,'2023-05-07 08:13:02','REJECTED');
INSERT INTO event_apply (apply_id,user_id,event_id,applied_at,status) VALUES (395,75,13,'2023-04-30 11:46:27','REJECTED');
INSERT INTO event_apply (apply_id,user_id,event_id,applied_at,status) VALUES (396,41,13,'2023-05-15 01:46:32','APPLIED');
INSERT INTO event_apply (apply_id,user_id,event_id,applied_at,status) VALUES (397,11,13,'2023-06-11 09:24:20','APPLIED');
INSERT INTO event_apply (apply_id,user_id,event_id,applied_at,status) VALUES (398,26,13,'2023-05-04 13:11:49','APPLIED');
INSERT INTO event_apply (apply_id,user_id,event_id,applied_at,status) VALUES (399,35,13,'2023-05-17 23:31:20','APPLIED');
INSERT INTO event_apply (apply_id,user_id,event_id,applied_at,status) VALUES (400,8,13,'2023-06-10 05:36:22','APPLIED');
INSERT INTO event_apply (apply_id,user_id,event_id,applied_at,status) VALUES (401,38,13,'2023-05-10 02:24:46','APPLIED');
INSERT INTO event_apply (apply_id,user_id,event_id,applied_at,status) VALUES (402,96,13,'2023-05-16 15:22:44','APPLIED');
INSERT INTO event_apply (apply_id,user_id,event_id,applied_at,status) VALUES (403,86,13,'2023-05-05 00:06:09','APPLIED');
INSERT INTO event_apply (apply_id,user_id,event_id,applied_at,status) VALUES (404,14,13,'2023-05-10 11:39:36','REJECTED');
INSERT INTO event_apply (apply_id,user_id,event_id,applied_at,status) VALUES (405,77,13,'2023-05-24 00:31:20','APPLIED');
INSERT INTO event_apply (apply_id,user_id,event_id,applied_at,status) VALUES (406,45,13,'2023-05-03 00:32:01','APPLIED');
INSERT INTO event_apply (apply_id,user_id,event_id,applied_at,status) VALUES (407,64,14,'2025-09-25 13:29:05','APPROVED');
INSERT INTO event_apply (apply_id,user_id,event_id,applied_at,status) VALUES (408,25,14,'2025-10-12 15:46:11','APPLIED');
INSERT INTO event_apply (apply_id,user_id,event_id,applied_at,status) VALUES (409,31,14,'2025-09-02 21:44:02','APPROVED');
INSERT INTO event_apply (apply_id,user_id,event_id,applied_at,status) VALUES (410,14,14,'2025-10-14 09:28:32','REJECTED');
INSERT INTO event_apply (apply_id,user_id,event_id,applied_at,status) VALUES (411,62,14,'2025-08-23 03:27:15','APPROVED');
INSERT INTO event_apply (apply_id,user_id,event_id,applied_at,status) VALUES (412,33,14,'2025-10-07 01:54:03','APPLIED');
INSERT INTO event_apply (apply_id,user_id,event_id,applied_at,status) VALUES (413,41,14,'2025-09-25 17:53:52','APPROVED');
INSERT INTO event_apply (apply_id,user_id,event_id,applied_at,status) VALUES (414,19,14,'2025-08-27 11:20:41','APPLIED');
INSERT INTO event_apply (apply_id,user_id,event_id,applied_at,status) VALUES (415,45,14,'2025-10-05 01:56:51','APPLIED');
INSERT INTO event_apply (apply_id,user_id,event_id,applied_at,status) VALUES (416,5,14,'2025-10-13 21:05:18','CANCELLED');
INSERT INTO event_apply (apply_id,user_id,event_id,applied_at,status) VALUES (417,22,14,'2025-09-30 17:48:23','APPLIED');
INSERT INTO event_apply (apply_id,user_id,event_id,applied_at,status) VALUES (418,52,14,'2025-09-10 10:12:03','APPLIED');
INSERT INTO event_apply (apply_id,user_id,event_id,applied_at,status) VALUES (419,72,14,'2025-08-31 08:08:34','APPLIED');
INSERT INTO event_apply (apply_id,user_id,event_id,applied_at,status) VALUES (420,79,14,'2025-08-17 12:24:51','APPROVED');
INSERT INTO event_apply (apply_id,user_id,event_id,applied_at,status) VALUES (421,69,14,'2025-09-19 04:17:16','REJECTED');
INSERT INTO event_apply (apply_id,user_id,event_id,applied_at,status) VALUES (422,59,14,'2025-08-20 01:08:01','APPLIED');
INSERT INTO event_apply (apply_id,user_id,event_id,applied_at,status) VALUES (423,1,14,'2025-09-04 15:07:47','APPLIED');
INSERT INTO event_apply (apply_id,user_id,event_id,applied_at,status) VALUES (424,7,14,'2025-09-28 15:57:13','APPROVED');
INSERT INTO event_apply (apply_id,user_id,event_id,applied_at,status) VALUES (425,36,14,'2025-09-20 04:24:56','REJECTED');
INSERT INTO event_apply (apply_id,user_id,event_id,applied_at,status) VALUES (426,80,14,'2025-08-29 18:30:37','CANCELLED');
INSERT INTO event_apply (apply_id,user_id,event_id,applied_at,status) VALUES (427,78,14,'2025-10-01 17:25:38','APPLIED');
INSERT INTO event_apply (apply_id,user_id,event_id,applied_at,status) VALUES (428,60,14,'2025-08-27 19:59:42','APPROVED');
INSERT INTO event_apply (apply_id,user_id,event_id,applied_at,status) VALUES (429,97,14,'2025-09-04 11:40:17','APPLIED');
INSERT INTO event_apply (apply_id,user_id,event_id,applied_at,status) VALUES (430,92,14,'2025-09-03 07:21:53','CANCELLED');
INSERT INTO event_apply (apply_id,user_id,event_id,applied_at,status) VALUES (431,65,14,'2025-10-04 09:50:05','APPROVED');
INSERT INTO event_apply (apply_id,user_id,event_id,applied_at,status) VALUES (432,73,14,'2025-09-03 00:52:45','APPLIED');
INSERT INTO event_apply (apply_id,user_id,event_id,applied_at,status) VALUES (433,3,14,'2025-08-27 11:36:50','APPLIED');
INSERT INTO event_apply (apply_id,user_id,event_id,applied_at,status) VALUES (434,87,14,'2025-10-10 20:18:04','REJECTED');
INSERT INTO event_apply (apply_id,user_id,event_id,applied_at,status) VALUES (435,32,14,'2025-09-04 11:22:37','CANCELLED');
INSERT INTO event_apply (apply_id,user_id,event_id,applied_at,status) VALUES (436,47,14,'2025-09-30 16:59:24','APPLIED');
INSERT INTO event_apply (apply_id,user_id,event_id,applied_at,status) VALUES (437,85,14,'2025-09-03 21:59:00','APPLIED');
INSERT INTO event_apply (apply_id,user_id,event_id,applied_at,status) VALUES (438,24,14,'2025-08-31 01:50:50','APPLIED');
INSERT INTO event_apply (apply_id,user_id,event_id,applied_at,status) VALUES (439,68,14,'2025-08-30 22:24:21','APPLIED');
INSERT INTO event_apply (apply_id,user_id,event_id,applied_at,status) VALUES (440,26,14,'2025-09-15 19:34:47','APPLIED');
INSERT INTO event_apply (apply_id,user_id,event_id,applied_at,status) VALUES (441,9,14,'2025-09-14 19:22:21','REJECTED');
INSERT INTO event_apply (apply_id,user_id,event_id,applied_at,status) VALUES (442,43,14,'2025-10-05 13:26:48','APPLIED');
INSERT INTO event_apply (apply_id,user_id,event_id,applied_at,status) VALUES (443,4,14,'2025-08-22 11:08:03','APPLIED');
INSERT INTO event_apply (apply_id,user_id,event_id,applied_at,status) VALUES (444,12,14,'2025-09-16 20:54:00','CANCELLED');
INSERT INTO event_apply (apply_id,user_id,event_id,applied_at,status) VALUES (445,40,14,'2025-08-27 02:28:37','REJECTED');
INSERT INTO event_apply (apply_id,user_id,event_id,applied_at,status) VALUES (446,11,14,'2025-08-29 01:22:06','APPLIED');
INSERT INTO event_apply (apply_id,user_id,event_id,applied_at,status) VALUES (447,53,14,'2025-09-02 06:28:18','APPLIED');
INSERT INTO event_apply (apply_id,user_id,event_id,applied_at,status) VALUES (448,20,14,'2025-09-25 10:37:23','APPLIED');
INSERT INTO event_apply (apply_id,user_id,event_id,applied_at,status) VALUES (449,6,14,'2025-08-20 23:07:42','APPROVED');
INSERT INTO event_apply (apply_id,user_id,event_id,applied_at,status) VALUES (450,37,14,'2025-09-25 23:23:04','APPLIED');
INSERT INTO event_apply (apply_id,user_id,event_id,applied_at,status) VALUES (451,28,14,'2025-08-19 01:20:32','REJECTED');
INSERT INTO event_apply (apply_id,user_id,event_id,applied_at,status) VALUES (452,70,14,'2025-08-20 11:25:39','APPLIED');
INSERT INTO event_apply (apply_id,user_id,event_id,applied_at,status) VALUES (453,92,15,'2023-05-05 01:48:26','APPLIED');
INSERT INTO event_apply (apply_id,user_id,event_id,applied_at,status) VALUES (454,13,15,'2023-05-20 11:33:13','APPLIED');
INSERT INTO event_apply (apply_id,user_id,event_id,applied_at,status) VALUES (455,53,15,'2023-05-13 05:53:20','APPROVED');
INSERT INTO event_apply (apply_id,user_id,event_id,applied_at,status) VALUES (456,90,15,'2023-05-03 17:20:46','APPROVED');
INSERT INTO event_apply (apply_id,user_id,event_id,applied_at,status) VALUES (457,75,15,'2023-05-21 18:37:22','REJECTED');
INSERT INTO event_apply (apply_id,user_id,event_id,applied_at,status) VALUES (458,96,15,'2023-04-15 11:04:14','APPLIED');
INSERT INTO event_apply (apply_id,user_id,event_id,applied_at,status) VALUES (459,12,15,'2023-05-12 04:32:55','APPLIED');
INSERT INTO event_apply (apply_id,user_id,event_id,applied_at,status) VALUES (460,65,15,'2023-05-31 10:39:14','APPLIED');
INSERT INTO event_apply (apply_id,user_id,event_id,applied_at,status) VALUES (461,43,15,'2023-04-20 14:38:36','APPLIED');
INSERT INTO event_apply (apply_id,user_id,event_id,applied_at,status) VALUES (462,8,15,'2023-04-22 15:20:02','CANCELLED');
INSERT INTO event_apply (apply_id,user_id,event_id,applied_at,status) VALUES (463,99,15,'2023-04-26 00:36:33','APPROVED');
INSERT INTO event_apply (apply_id,user_id,event_id,applied_at,status) VALUES (464,1,15,'2023-05-12 02:42:33','APPLIED');
INSERT INTO event_apply (apply_id,user_id,event_id,applied_at,status) VALUES (465,60,15,'2023-04-27 00:45:50','APPROVED');
INSERT INTO event_apply (apply_id,user_id,event_id,applied_at,status) VALUES (466,98,15,'2023-05-17 11:50:24','APPLIED');
INSERT INTO event_apply (apply_id,user_id,event_id,applied_at,status) VALUES (467,3,15,'2023-04-12 06:37:09','REJECTED');
INSERT INTO event_apply (apply_id,user_id,event_id,applied_at,status) VALUES (468,89,15,'2023-04-21 19:50:46','CANCELLED');
INSERT INTO event_apply (apply_id,user_id,event_id,applied_at,status) VALUES (469,69,15,'2023-04-25 10:25:13','APPLIED');
INSERT INTO event_apply (apply_id,user_id,event_id,applied_at,status) VALUES (470,29,15,'2023-04-17 01:05:24','APPLIED');
INSERT INTO event_apply (apply_id,user_id,event_id,applied_at,status) VALUES (471,19,15,'2023-04-14 14:41:00','APPROVED');
INSERT INTO event_apply (apply_id,user_id,event_id,applied_at,status) VALUES (472,91,15,'2023-04-23 00:26:52','APPROVED');
INSERT INTO event_apply (apply_id,user_id,event_id,applied_at,status) VALUES (473,72,15,'2023-06-04 16:12:56','APPROVED');
INSERT INTO event_apply (apply_id,user_id,event_id,applied_at,status) VALUES (474,7,15,'2023-04-29 22:16:25','CANCELLED');
INSERT INTO event_apply (apply_id,user_id,event_id,applied_at,status) VALUES (475,45,15,'2023-04-30 00:36:18','APPLIED');
INSERT INTO event_apply (apply_id,user_id,event_id,applied_at,status) VALUES (476,73,16,'2026-02-15 19:37:04','APPLIED');
INSERT INTO event_apply (apply_id,user_id,event_id,applied_at,status) VALUES (477,9,16,'2026-01-24 07:05:33','APPLIED');
INSERT INTO event_apply (apply_id,user_id,event_id,applied_at,status) VALUES (478,18,16,'2026-02-03 13:51:51','APPLIED');
INSERT INTO event_apply (apply_id,user_id,event_id,applied_at,status) VALUES (479,69,16,'2026-02-20 14:42:21','APPROVED');
INSERT INTO event_apply (apply_id,user_id,event_id,applied_at,status) VALUES (480,94,16,'2026-01-08 12:51:26','APPLIED');
INSERT INTO event_apply (apply_id,user_id,event_id,applied_at,status) VALUES (481,61,16,'2026-02-20 13:36:09','REJECTED');
INSERT INTO event_apply (apply_id,user_id,event_id,applied_at,status) VALUES (482,19,16,'2026-01-31 16:48:23','APPLIED');
INSERT INTO event_apply (apply_id,user_id,event_id,applied_at,status) VALUES (483,29,16,'2026-02-05 17:13:06','APPLIED');
INSERT INTO event_apply (apply_id,user_id,event_id,applied_at,status) VALUES (484,35,16,'2026-01-31 04:06:54','APPROVED');
INSERT INTO event_apply (apply_id,user_id,event_id,applied_at,status) VALUES (485,8,16,'2026-01-20 01:06:58','APPLIED');
INSERT INTO event_apply (apply_id,user_id,event_id,applied_at,status) VALUES (486,36,16,'2026-02-15 16:30:09','APPLIED');
INSERT INTO event_apply (apply_id,user_id,event_id,applied_at,status) VALUES (487,1,16,'2026-01-04 18:02:08','APPLIED');
INSERT INTO event_apply (apply_id,user_id,event_id,applied_at,status) VALUES (488,53,16,'2026-02-09 20:45:14','APPLIED');
INSERT INTO event_apply (apply_id,user_id,event_id,applied_at,status) VALUES (489,30,16,'2026-02-09 06:47:04','APPLIED');
INSERT INTO event_apply (apply_id,user_id,event_id,applied_at,status) VALUES (490,99,16,'2026-01-01 22:33:13','APPROVED');
INSERT INTO event_apply (apply_id,user_id,event_id,applied_at,status) VALUES (491,62,17,'2024-10-29 15:31:23','APPROVED');
INSERT INTO event_apply (apply_id,user_id,event_id,applied_at,status) VALUES (492,42,17,'2024-11-20 14:17:43','APPROVED');
INSERT INTO event_apply (apply_id,user_id,event_id,applied_at,status) VALUES (493,20,17,'2024-11-17 16:31:45','APPROVED');
INSERT INTO event_apply (apply_id,user_id,event_id,applied_at,status) VALUES (494,24,17,'2024-12-07 06:53:04','CANCELLED');
INSERT INTO event_apply (apply_id,user_id,event_id,applied_at,status) VALUES (495,43,17,'2024-12-21 05:47:29','APPLIED');
INSERT INTO event_apply (apply_id,user_id,event_id,applied_at,status) VALUES (496,48,17,'2024-11-21 08:52:16','APPLIED');
INSERT INTO event_apply (apply_id,user_id,event_id,applied_at,status) VALUES (497,39,17,'2024-11-13 18:23:54','APPROVED');
INSERT INTO event_apply (apply_id,user_id,event_id,applied_at,status) VALUES (498,49,17,'2024-12-01 13:01:06','APPLIED');
INSERT INTO event_apply (apply_id,user_id,event_id,applied_at,status) VALUES (499,63,17,'2024-11-22 02:38:30','APPLIED');
INSERT INTO event_apply (apply_id,user_id,event_id,applied_at,status) VALUES (500,47,17,'2024-11-17 08:00:05','CANCELLED');
INSERT INTO event_apply (apply_id,user_id,event_id,applied_at,status) VALUES (501,19,17,'2024-12-20 19:03:40','APPROVED');
INSERT INTO event_apply (apply_id,user_id,event_id,applied_at,status) VALUES (502,3,17,'2024-12-09 19:43:18','REJECTED');
INSERT INTO event_apply (apply_id,user_id,event_id,applied_at,status) VALUES (503,33,17,'2024-11-02 14:36:51','CANCELLED');
INSERT INTO event_apply (apply_id,user_id,event_id,applied_at,status) VALUES (504,94,17,'2024-12-17 23:50:21','APPLIED');
INSERT INTO event_apply (apply_id,user_id,event_id,applied_at,status) VALUES (505,65,17,'2024-11-23 23:18:12','APPLIED');
INSERT INTO event_apply (apply_id,user_id,event_id,applied_at,status) VALUES (506,51,17,'2024-11-16 07:59:24','APPLIED');
INSERT INTO event_apply (apply_id,user_id,event_id,applied_at,status) VALUES (507,5,17,'2024-11-01 03:58:05','APPLIED');
INSERT INTO event_apply (apply_id,user_id,event_id,applied_at,status) VALUES (508,9,17,'2024-11-19 21:58:42','APPLIED');
INSERT INTO event_apply (apply_id,user_id,event_id,applied_at,status) VALUES (509,90,17,'2024-11-28 17:30:39','APPLIED');
INSERT INTO event_apply (apply_id,user_id,event_id,applied_at,status) VALUES (510,36,17,'2024-11-14 23:00:45','APPLIED');
INSERT INTO event_apply (apply_id,user_id,event_id,applied_at,status) VALUES (511,79,17,'2024-11-12 14:44:41','APPLIED');
INSERT INTO event_apply (apply_id,user_id,event_id,applied_at,status) VALUES (512,22,17,'2024-11-12 09:50:06','APPROVED');
INSERT INTO event_apply (apply_id,user_id,event_id,applied_at,status) VALUES (513,96,17,'2024-12-22 02:20:37','CANCELLED');
INSERT INTO event_apply (apply_id,user_id,event_id,applied_at,status) VALUES (514,97,17,'2024-11-30 06:23:13','APPROVED');
INSERT INTO event_apply (apply_id,user_id,event_id,applied_at,status) VALUES (515,46,17,'2024-12-11 07:18:43','REJECTED');
INSERT INTO event_apply (apply_id,user_id,event_id,applied_at,status) VALUES (516,10,17,'2024-11-14 12:22:19','APPROVED');
INSERT INTO event_apply (apply_id,user_id,event_id,applied_at,status) VALUES (517,66,17,'2024-11-11 00:14:32','APPLIED');
INSERT INTO event_apply (apply_id,user_id,event_id,applied_at,status) VALUES (518,68,18,'2026-02-13 22:21:58','APPLIED');
INSERT INTO event_apply (apply_id,user_id,event_id,applied_at,status) VALUES (519,30,18,'2026-02-13 02:47:55','APPLIED');
INSERT INTO event_apply (apply_id,user_id,event_id,applied_at,status) VALUES (520,18,18,'2026-02-07 21:08:20','CANCELLED');
INSERT INTO event_apply (apply_id,user_id,event_id,applied_at,status) VALUES (521,31,18,'2026-01-10 21:08:53','APPROVED');
INSERT INTO event_apply (apply_id,user_id,event_id,applied_at,status) VALUES (522,38,18,'2026-01-17 09:52:37','REJECTED');
INSERT INTO event_apply (apply_id,user_id,event_id,applied_at,status) VALUES (523,55,18,'2026-02-14 00:13:41','REJECTED');
INSERT INTO event_apply (apply_id,user_id,event_id,applied_at,status) VALUES (524,12,18,'2026-01-09 12:01:42','APPLIED');
INSERT INTO event_apply (apply_id,user_id,event_id,applied_at,status) VALUES (525,4,18,'2026-01-26 17:31:56','APPROVED');
INSERT INTO event_apply (apply_id,user_id,event_id,applied_at,status) VALUES (526,67,18,'2026-02-21 07:54:02','APPROVED');
INSERT INTO event_apply (apply_id,user_id,event_id,applied_at,status) VALUES (527,15,18,'2026-01-06 15:41:10','APPLIED');
INSERT INTO event_apply (apply_id,user_id,event_id,applied_at,status) VALUES (528,21,18,'2026-01-01 00:42:35','APPLIED');
INSERT INTO event_apply (apply_id,user_id,event_id,applied_at,status) VALUES (529,62,18,'2026-01-24 20:25:51','APPLIED');
INSERT INTO event_apply (apply_id,user_id,event_id,applied_at,status) VALUES (530,10,18,'2026-01-05 02:46:06','APPROVED');
INSERT INTO event_apply (apply_id,user_id,event_id,applied_at,status) VALUES (531,17,18,'2026-01-04 17:39:09','CANCELLED');
INSERT INTO event_apply (apply_id,user_id,event_id,applied_at,status) VALUES (532,59,18,'2026-01-03 04:30:37','APPLIED');
INSERT INTO event_apply (apply_id,user_id,event_id,applied_at,status) VALUES (533,92,18,'2026-01-17 21:44:02','CANCELLED');
INSERT INTO event_apply (apply_id,user_id,event_id,applied_at,status) VALUES (534,14,18,'2025-12-27 23:05:38','APPLIED');
INSERT INTO event_apply (apply_id,user_id,event_id,applied_at,status) VALUES (535,47,18,'2025-12-29 02:52:34','APPROVED');
INSERT INTO event_apply (apply_id,user_id,event_id,applied_at,status) VALUES (536,42,18,'2026-01-06 22:38:59','APPROVED');
INSERT INTO event_apply (apply_id,user_id,event_id,applied_at,status) VALUES (537,86,18,'2026-01-19 06:40:50','APPLIED');
INSERT INTO event_apply (apply_id,user_id,event_id,applied_at,status) VALUES (538,78,18,'2026-01-03 02:15:37','APPLIED');
INSERT INTO event_apply (apply_id,user_id,event_id,applied_at,status) VALUES (539,93,18,'2026-01-16 14:09:41','CANCELLED');
INSERT INTO event_apply (apply_id,user_id,event_id,applied_at,status) VALUES (540,84,18,'2026-02-12 02:00:36','APPLIED');
INSERT INTO event_apply (apply_id,user_id,event_id,applied_at,status) VALUES (541,13,18,'2026-01-12 19:11:37','APPROVED');
INSERT INTO event_apply (apply_id,user_id,event_id,applied_at,status) VALUES (542,58,18,'2026-01-01 21:41:31','APPLIED');
INSERT INTO event_apply (apply_id,user_id,event_id,applied_at,status) VALUES (543,69,18,'2026-01-20 02:17:50','APPROVED');
INSERT INTO event_apply (apply_id,user_id,event_id,applied_at,status) VALUES (544,29,18,'2026-01-05 16:46:29','APPLIED');
INSERT INTO event_apply (apply_id,user_id,event_id,applied_at,status) VALUES (545,71,18,'2026-02-11 01:31:51','APPLIED');
INSERT INTO event_apply (apply_id,user_id,event_id,applied_at,status) VALUES (546,63,18,'2026-01-15 11:54:39','CANCELLED');
INSERT INTO event_apply (apply_id,user_id,event_id,applied_at,status) VALUES (547,22,18,'2025-12-30 16:30:35','CANCELLED');
INSERT INTO event_apply (apply_id,user_id,event_id,applied_at,status) VALUES (548,4,19,'2023-10-17 19:23:22','APPLIED');
INSERT INTO event_apply (apply_id,user_id,event_id,applied_at,status) VALUES (549,96,19,'2023-11-02 14:43:10','APPLIED');
INSERT INTO event_apply (apply_id,user_id,event_id,applied_at,status) VALUES (550,57,19,'2023-10-28 11:49:08','APPLIED');
INSERT INTO event_apply (apply_id,user_id,event_id,applied_at,status) VALUES (551,18,19,'2023-09-27 07:25:22','APPROVED');
INSERT INTO event_apply (apply_id,user_id,event_id,applied_at,status) VALUES (552,66,19,'2023-11-04 04:06:02','APPLIED');
INSERT INTO event_apply (apply_id,user_id,event_id,applied_at,status) VALUES (553,77,19,'2023-11-17 11:55:21','REJECTED');
INSERT INTO event_apply (apply_id,user_id,event_id,applied_at,status) VALUES (554,59,19,'2023-10-11 22:25:06','APPLIED');
INSERT INTO event_apply (apply_id,user_id,event_id,applied_at,status) VALUES (555,83,19,'2023-10-23 18:36:19','CANCELLED');
INSERT INTO event_apply (apply_id,user_id,event_id,applied_at,status) VALUES (556,58,19,'2023-10-04 04:51:32','APPLIED');
INSERT INTO event_apply (apply_id,user_id,event_id,applied_at,status) VALUES (557,23,19,'2023-10-01 05:05:51','APPLIED');
INSERT INTO event_apply (apply_id,user_id,event_id,applied_at,status) VALUES (558,11,19,'2023-11-14 12:11:21','APPROVED');
INSERT INTO event_apply (apply_id,user_id,event_id,applied_at,status) VALUES (559,37,19,'2023-10-27 18:06:09','APPLIED');
INSERT INTO event_apply (apply_id,user_id,event_id,applied_at,status) VALUES (560,74,19,'2023-10-24 20:33:46','APPLIED');
INSERT INTO event_apply (apply_id,user_id,event_id,applied_at,status) VALUES (561,9,19,'2023-10-09 12:26:28','APPROVED');
INSERT INTO event_apply (apply_id,user_id,event_id,applied_at,status) VALUES (562,45,19,'2023-11-08 05:46:03','CANCELLED');
INSERT INTO event_apply (apply_id,user_id,event_id,applied_at,status) VALUES (563,2,19,'2023-10-21 19:29:52','REJECTED');
INSERT INTO event_apply (apply_id,user_id,event_id,applied_at,status) VALUES (564,89,19,'2023-11-03 01:09:52','APPLIED');
INSERT INTO event_apply (apply_id,user_id,event_id,applied_at,status) VALUES (565,30,19,'2023-11-15 11:47:16','APPLIED');
INSERT INTO event_apply (apply_id,user_id,event_id,applied_at,status) VALUES (566,73,19,'2023-10-28 09:41:59','REJECTED');
INSERT INTO event_apply (apply_id,user_id,event_id,applied_at,status) VALUES (567,86,19,'2023-11-06 12:48:30','APPLIED');
INSERT INTO event_apply (apply_id,user_id,event_id,applied_at,status) VALUES (568,38,20,'2025-10-26 22:40:26','APPLIED');
INSERT INTO event_apply (apply_id,user_id,event_id,applied_at,status) VALUES (569,26,20,'2025-10-18 11:53:05','APPROVED');
INSERT INTO event_apply (apply_id,user_id,event_id,applied_at,status) VALUES (570,57,20,'2025-11-30 07:36:45','APPLIED');
INSERT INTO event_apply (apply_id,user_id,event_id,applied_at,status) VALUES (571,10,20,'2025-11-03 19:18:26','APPLIED');
INSERT INTO event_apply (apply_id,user_id,event_id,applied_at,status) VALUES (572,65,20,'2025-11-13 22:57:23','APPROVED');
INSERT INTO event_apply (apply_id,user_id,event_id,applied_at,status) VALUES (573,67,20,'2025-10-29 06:49:26','APPROVED');
INSERT INTO event_apply (apply_id,user_id,event_id,applied_at,status) VALUES (574,33,20,'2025-12-05 08:14:53','APPLIED');
INSERT INTO event_apply (apply_id,user_id,event_id,applied_at,status) VALUES (575,89,20,'2025-11-13 07:50:10','APPROVED');
INSERT INTO event_apply (apply_id,user_id,event_id,applied_at,status) VALUES (576,90,20,'2025-10-21 18:20:39','APPLIED');
INSERT INTO event_apply (apply_id,user_id,event_id,applied_at,status) VALUES (577,78,20,'2025-12-06 12:28:03','CANCELLED');
INSERT INTO event_apply (apply_id,user_id,event_id,applied_at,status) VALUES (578,41,20,'2025-12-14 20:55:57','APPLIED');
INSERT INTO event_apply (apply_id,user_id,event_id,applied_at,status) VALUES (579,35,20,'2025-12-01 16:04:57','APPROVED');
INSERT INTO event_apply (apply_id,user_id,event_id,applied_at,status) VALUES (580,92,20,'2025-11-11 00:57:46','CANCELLED');
INSERT INTO event_apply (apply_id,user_id,event_id,applied_at,status) VALUES (581,31,20,'2025-11-15 11:02:58','CANCELLED');
INSERT INTO event_apply (apply_id,user_id,event_id,applied_at,status) VALUES (582,29,20,'2025-11-10 05:29:53','APPLIED');
INSERT INTO event_apply (apply_id,user_id,event_id,applied_at,status) VALUES (583,21,20,'2025-11-10 01:53:18','APPLIED');
INSERT INTO event_apply (apply_id,user_id,event_id,applied_at,status) VALUES (584,77,20,'2025-11-10 16:59:39','APPLIED');
INSERT INTO event_apply (apply_id,user_id,event_id,applied_at,status) VALUES (585,6,20,'2025-11-18 20:51:32','APPROVED');
INSERT INTO event_apply (apply_id,user_id,event_id,applied_at,status) VALUES (586,14,20,'2025-11-09 17:47:49','CANCELLED');
INSERT INTO event_apply (apply_id,user_id,event_id,applied_at,status) VALUES (587,3,20,'2025-10-21 11:05:37','APPLIED');
INSERT INTO event_apply (apply_id,user_id,event_id,applied_at,status) VALUES (588,98,20,'2025-11-14 01:42:59','CANCELLED');
INSERT INTO event_apply (apply_id,user_id,event_id,applied_at,status) VALUES (589,39,20,'2025-10-31 03:59:50','APPLIED');
INSERT INTO event_apply (apply_id,user_id,event_id,applied_at,status) VALUES (590,9,20,'2025-10-26 17:45:04','APPROVED');
INSERT INTO event_apply (apply_id,user_id,event_id,applied_at,status) VALUES (591,96,20,'2025-10-26 05:03:36','REJECTED');
INSERT INTO event_apply (apply_id,user_id,event_id,applied_at,status) VALUES (592,56,20,'2025-11-07 01:37:29','APPLIED');
INSERT INTO event_apply (apply_id,user_id,event_id,applied_at,status) VALUES (593,61,20,'2025-11-14 10:00:27','REJECTED');
INSERT INTO event_apply (apply_id,user_id,event_id,applied_at,status) VALUES (594,15,20,'2025-11-12 16:09:10','APPLIED');
INSERT INTO event_apply (apply_id,user_id,event_id,applied_at,status) VALUES (595,27,20,'2025-12-16 05:08:52','CANCELLED');
INSERT INTO event_apply (apply_id,user_id,event_id,applied_at,status) VALUES (596,52,20,'2025-11-21 04:53:26','APPLIED');
INSERT INTO event_apply (apply_id,user_id,event_id,applied_at,status) VALUES (597,54,20,'2025-11-19 15:39:30','APPLIED');
INSERT INTO event_apply (apply_id,user_id,event_id,applied_at,status) VALUES (598,82,20,'2025-10-22 14:37:38','APPLIED');
INSERT INTO event_apply (apply_id,user_id,event_id,applied_at,status) VALUES (599,64,20,'2025-11-18 06:43:09','APPLIED');
INSERT INTO event_apply (apply_id,user_id,event_id,applied_at,status) VALUES (600,91,20,'2025-11-26 02:01:57','APPROVED');
INSERT INTO event_apply (apply_id,user_id,event_id,applied_at,status) VALUES (601,72,20,'2025-10-19 02:25:18','REJECTED');
INSERT INTO event_apply (apply_id,user_id,event_id,applied_at,status) VALUES (602,30,20,'2025-12-03 00:49:15','REJECTED');
INSERT INTO event_apply (apply_id,user_id,event_id,applied_at,status) VALUES (603,40,20,'2025-12-10 13:09:02','APPLIED');
INSERT INTO event_apply (apply_id,user_id,event_id,applied_at,status) VALUES (604,59,20,'2025-11-13 04:28:42','CANCELLED');
INSERT INTO event_apply (apply_id,user_id,event_id,applied_at,status) VALUES (605,2,20,'2025-10-27 03:30:32','REJECTED');
INSERT INTO event_apply (apply_id,user_id,event_id,applied_at,status) VALUES (606,36,20,'2025-11-09 19:53:20','APPROVED');
INSERT INTO event_apply (apply_id,user_id,event_id,applied_at,status) VALUES (607,7,21,'2023-05-20 09:10:49','APPLIED');
INSERT INTO event_apply (apply_id,user_id,event_id,applied_at,status) VALUES (608,42,21,'2023-04-10 06:11:44','APPROVED');
INSERT INTO event_apply (apply_id,user_id,event_id,applied_at,status) VALUES (609,54,21,'2023-05-16 05:51:55','REJECTED');
INSERT INTO event_apply (apply_id,user_id,event_id,applied_at,status) VALUES (610,38,21,'2023-05-15 13:53:06','APPLIED');
INSERT INTO event_apply (apply_id,user_id,event_id,applied_at,status) VALUES (611,40,21,'2023-05-27 22:53:07','APPROVED');
INSERT INTO event_apply (apply_id,user_id,event_id,applied_at,status) VALUES (612,65,21,'2023-05-26 13:21:34','APPLIED');
INSERT INTO event_apply (apply_id,user_id,event_id,applied_at,status) VALUES (613,70,21,'2023-05-29 03:41:25','REJECTED');
INSERT INTO event_apply (apply_id,user_id,event_id,applied_at,status) VALUES (614,26,21,'2023-04-13 07:37:15','APPLIED');
INSERT INTO event_apply (apply_id,user_id,event_id,applied_at,status) VALUES (615,19,21,'2023-06-07 08:44:12','APPLIED');
INSERT INTO event_apply (apply_id,user_id,event_id,applied_at,status) VALUES (616,44,21,'2023-05-24 23:19:03','APPLIED');
INSERT INTO event_apply (apply_id,user_id,event_id,applied_at,status) VALUES (617,93,21,'2023-04-12 05:41:03','APPLIED');
INSERT INTO event_apply (apply_id,user_id,event_id,applied_at,status) VALUES (618,60,21,'2023-04-10 16:29:07','APPLIED');
INSERT INTO event_apply (apply_id,user_id,event_id,applied_at,status) VALUES (619,1,21,'2023-05-20 08:43:52','APPLIED');
INSERT INTO event_apply (apply_id,user_id,event_id,applied_at,status) VALUES (620,28,21,'2023-04-23 04:53:26','REJECTED');
INSERT INTO event_apply (apply_id,user_id,event_id,applied_at,status) VALUES (621,18,21,'2023-05-16 19:27:31','APPROVED');
INSERT INTO event_apply (apply_id,user_id,event_id,applied_at,status) VALUES (622,73,21,'2023-04-26 06:38:01','APPROVED');
INSERT INTO event_apply (apply_id,user_id,event_id,applied_at,status) VALUES (623,4,21,'2023-04-23 08:19:11','APPLIED');
INSERT INTO event_apply (apply_id,user_id,event_id,applied_at,status) VALUES (624,61,21,'2023-04-15 22:43:16','APPLIED');
INSERT INTO event_apply (apply_id,user_id,event_id,applied_at,status) VALUES (625,32,21,'2023-05-01 10:12:37','APPLIED');
INSERT INTO event_apply (apply_id,user_id,event_id,applied_at,status) VALUES (626,78,21,'2023-05-01 07:57:00','APPLIED');
INSERT INTO event_apply (apply_id,user_id,event_id,applied_at,status) VALUES (627,47,21,'2023-04-10 18:38:25','REJECTED');
INSERT INTO event_apply (apply_id,user_id,event_id,applied_at,status) VALUES (628,72,21,'2023-05-25 07:09:37','APPLIED');
INSERT INTO event_apply (apply_id,user_id,event_id,applied_at,status) VALUES (629,62,21,'2023-05-22 22:51:07','APPLIED');
INSERT INTO event_apply (apply_id,user_id,event_id,applied_at,status) VALUES (630,10,21,'2023-05-25 09:22:38','APPROVED');
INSERT INTO event_apply (apply_id,user_id,event_id,applied_at,status) VALUES (631,90,21,'2023-05-17 14:23:06','APPLIED');
INSERT INTO event_apply (apply_id,user_id,event_id,applied_at,status) VALUES (632,77,21,'2023-05-07 06:51:56','APPLIED');
INSERT INTO event_apply (apply_id,user_id,event_id,applied_at,status) VALUES (633,89,21,'2023-05-06 14:10:07','APPLIED');
INSERT INTO event_apply (apply_id,user_id,event_id,applied_at,status) VALUES (634,96,21,'2023-06-07 11:48:56','APPLIED');
INSERT INTO event_apply (apply_id,user_id,event_id,applied_at,status) VALUES (635,34,21,'2023-04-15 18:37:06','APPROVED');
INSERT INTO event_apply (apply_id,user_id,event_id,applied_at,status) VALUES (636,81,21,'2023-04-19 12:05:07','CANCELLED');
INSERT INTO event_apply (apply_id,user_id,event_id,applied_at,status) VALUES (637,30,21,'2023-04-10 07:18:08','APPLIED');
INSERT INTO event_apply (apply_id,user_id,event_id,applied_at,status) VALUES (638,87,21,'2023-05-05 15:26:39','REJECTED');
INSERT INTO event_apply (apply_id,user_id,event_id,applied_at,status) VALUES (639,16,21,'2023-06-03 02:02:51','APPLIED');
INSERT INTO event_apply (apply_id,user_id,event_id,applied_at,status) VALUES (640,46,21,'2023-06-03 08:34:28','APPLIED');
INSERT INTO event_apply (apply_id,user_id,event_id,applied_at,status) VALUES (641,3,21,'2023-05-28 14:57:30','APPROVED');
INSERT INTO event_apply (apply_id,user_id,event_id,applied_at,status) VALUES (642,39,21,'2023-06-04 09:59:26','CANCELLED');
INSERT INTO event_apply (apply_id,user_id,event_id,applied_at,status) VALUES (643,55,21,'2023-06-01 10:28:54','APPLIED');
INSERT INTO event_apply (apply_id,user_id,event_id,applied_at,status) VALUES (644,59,21,'2023-05-08 16:32:49','APPLIED');
INSERT INTO event_apply (apply_id,user_id,event_id,applied_at,status) VALUES (645,57,21,'2023-05-05 17:47:25','REJECTED');
INSERT INTO event_apply (apply_id,user_id,event_id,applied_at,status) VALUES (646,100,21,'2023-05-04 05:11:43','APPROVED');
INSERT INTO event_apply (apply_id,user_id,event_id,applied_at,status) VALUES (647,17,21,'2023-06-07 19:22:59','APPROVED');
INSERT INTO event_apply (apply_id,user_id,event_id,applied_at,status) VALUES (648,5,21,'2023-05-19 17:25:51','APPLIED');
INSERT INTO event_apply (apply_id,user_id,event_id,applied_at,status) VALUES (649,66,21,'2023-05-03 08:22:53','APPROVED');
INSERT INTO event_apply (apply_id,user_id,event_id,applied_at,status) VALUES (650,98,21,'2023-05-10 04:16:50','APPLIED');
INSERT INTO event_apply (apply_id,user_id,event_id,applied_at,status) VALUES (651,31,21,'2023-05-11 00:18:50','CANCELLED');
INSERT INTO event_apply (apply_id,user_id,event_id,applied_at,status) VALUES (652,63,21,'2023-05-01 02:31:04','REJECTED');
INSERT INTO event_apply (apply_id,user_id,event_id,applied_at,status) VALUES (653,22,21,'2023-04-11 18:07:33','CANCELLED');
INSERT INTO event_apply (apply_id,user_id,event_id,applied_at,status) VALUES (654,24,21,'2023-04-13 03:20:18','APPROVED');
INSERT INTO event_apply (apply_id,user_id,event_id,applied_at,status) VALUES (655,74,22,'2024-08-01 10:16:06','APPLIED');
INSERT INTO event_apply (apply_id,user_id,event_id,applied_at,status) VALUES (656,34,22,'2024-08-05 03:08:43','APPLIED');
INSERT INTO event_apply (apply_id,user_id,event_id,applied_at,status) VALUES (657,12,22,'2024-08-05 03:43:34','APPLIED');
INSERT INTO event_apply (apply_id,user_id,event_id,applied_at,status) VALUES (658,2,22,'2024-08-29 05:39:04','APPLIED');
INSERT INTO event_apply (apply_id,user_id,event_id,applied_at,status) VALUES (659,57,22,'2024-08-29 08:20:55','APPROVED');
INSERT INTO event_apply (apply_id,user_id,event_id,applied_at,status) VALUES (660,33,22,'2024-08-19 17:30:18','REJECTED');
INSERT INTO event_apply (apply_id,user_id,event_id,applied_at,status) VALUES (661,91,22,'2024-07-16 03:00:22','APPROVED');
INSERT INTO event_apply (apply_id,user_id,event_id,applied_at,status) VALUES (662,21,22,'2024-08-14 06:08:46','APPLIED');
INSERT INTO event_apply (apply_id,user_id,event_id,applied_at,status) VALUES (663,37,22,'2024-07-14 01:06:05','CANCELLED');
INSERT INTO event_apply (apply_id,user_id,event_id,applied_at,status) VALUES (664,90,22,'2024-08-04 18:58:02','APPLIED');
INSERT INTO event_apply (apply_id,user_id,event_id,applied_at,status) VALUES (665,39,22,'2024-08-26 06:29:28','APPROVED');
INSERT INTO event_apply (apply_id,user_id,event_id,applied_at,status) VALUES (666,62,22,'2024-08-09 09:30:08','APPLIED');
INSERT INTO event_apply (apply_id,user_id,event_id,applied_at,status) VALUES (667,51,22,'2024-08-06 17:33:36','APPLIED');
INSERT INTO event_apply (apply_id,user_id,event_id,applied_at,status) VALUES (668,81,22,'2024-08-02 15:46:40','CANCELLED');
INSERT INTO event_apply (apply_id,user_id,event_id,applied_at,status) VALUES (669,50,22,'2024-08-07 18:40:53','APPLIED');
INSERT INTO event_apply (apply_id,user_id,event_id,applied_at,status) VALUES (670,75,22,'2024-08-18 20:24:30','APPLIED');
INSERT INTO event_apply (apply_id,user_id,event_id,applied_at,status) VALUES (671,99,22,'2024-07-30 10:27:18','APPLIED');
INSERT INTO event_apply (apply_id,user_id,event_id,applied_at,status) VALUES (672,53,22,'2024-09-01 22:39:42','APPLIED');
INSERT INTO event_apply (apply_id,user_id,event_id,applied_at,status) VALUES (673,31,23,'2023-08-26 01:01:31','APPLIED');
INSERT INTO event_apply (apply_id,user_id,event_id,applied_at,status) VALUES (674,17,23,'2023-08-23 06:27:08','CANCELLED');
INSERT INTO event_apply (apply_id,user_id,event_id,applied_at,status) VALUES (675,61,23,'2023-09-15 19:47:36','CANCELLED');
INSERT INTO event_apply (apply_id,user_id,event_id,applied_at,status) VALUES (676,11,23,'2023-08-19 21:24:35','APPLIED');
INSERT INTO event_apply (apply_id,user_id,event_id,applied_at,status) VALUES (677,14,23,'2023-09-26 09:00:23','APPROVED');
INSERT INTO event_apply (apply_id,user_id,event_id,applied_at,status) VALUES (678,26,23,'2023-08-19 13:05:41','APPROVED');
INSERT INTO event_apply (apply_id,user_id,event_id,applied_at,status) VALUES (679,77,23,'2023-10-06 07:24:11','APPLIED');
INSERT INTO event_apply (apply_id,user_id,event_id,applied_at,status) VALUES (680,97,23,'2023-09-18 00:23:49','APPLIED');
INSERT INTO event_apply (apply_id,user_id,event_id,applied_at,status) VALUES (681,68,23,'2023-09-19 02:17:19','APPLIED');
INSERT INTO event_apply (apply_id,user_id,event_id,applied_at,status) VALUES (682,65,23,'2023-08-22 23:18:49','APPROVED');
INSERT INTO event_apply (apply_id,user_id,event_id,applied_at,status) VALUES (683,100,23,'2023-09-27 18:20:16','APPLIED');
INSERT INTO event_apply (apply_id,user_id,event_id,applied_at,status) VALUES (684,5,23,'2023-09-04 21:32:33','APPLIED');
INSERT INTO event_apply (apply_id,user_id,event_id,applied_at,status) VALUES (685,8,23,'2023-09-11 15:49:52','CANCELLED');
INSERT INTO event_apply (apply_id,user_id,event_id,applied_at,status) VALUES (686,83,23,'2023-08-26 14:42:56','REJECTED');
INSERT INTO event_apply (apply_id,user_id,event_id,applied_at,status) VALUES (687,82,23,'2023-08-26 02:13:07','APPROVED');
INSERT INTO event_apply (apply_id,user_id,event_id,applied_at,status) VALUES (688,71,23,'2023-09-26 22:44:40','APPLIED');
INSERT INTO event_apply (apply_id,user_id,event_id,applied_at,status) VALUES (689,36,23,'2023-09-30 18:06:42','APPLIED');
INSERT INTO event_apply (apply_id,user_id,event_id,applied_at,status) VALUES (690,95,23,'2023-09-23 00:28:19','CANCELLED');
INSERT INTO event_apply (apply_id,user_id,event_id,applied_at,status) VALUES (691,67,23,'2023-08-27 23:01:48','APPLIED');
INSERT INTO event_apply (apply_id,user_id,event_id,applied_at,status) VALUES (692,13,23,'2023-09-23 16:52:12','APPLIED');
INSERT INTO event_apply (apply_id,user_id,event_id,applied_at,status) VALUES (693,16,23,'2023-08-19 23:57:26','APPLIED');
INSERT INTO event_apply (apply_id,user_id,event_id,applied_at,status) VALUES (694,60,23,'2023-08-24 21:00:18','APPROVED');
INSERT INTO event_apply (apply_id,user_id,event_id,applied_at,status) VALUES (695,85,23,'2023-08-23 09:53:34','APPLIED');
INSERT INTO event_apply (apply_id,user_id,event_id,applied_at,status) VALUES (696,54,23,'2023-09-20 04:32:53','APPLIED');
INSERT INTO event_apply (apply_id,user_id,event_id,applied_at,status) VALUES (697,70,23,'2023-08-21 01:50:01','APPLIED');
INSERT INTO event_apply (apply_id,user_id,event_id,applied_at,status) VALUES (698,41,24,'2024-03-25 10:24:30','APPLIED');
INSERT INTO event_apply (apply_id,user_id,event_id,applied_at,status) VALUES (699,60,24,'2024-04-03 05:33:24','APPLIED');
INSERT INTO event_apply (apply_id,user_id,event_id,applied_at,status) VALUES (700,72,24,'2024-03-02 23:11:09','APPLIED');
INSERT INTO event_apply (apply_id,user_id,event_id,applied_at,status) VALUES (701,28,24,'2024-02-29 10:06:13','APPROVED');
INSERT INTO event_apply (apply_id,user_id,event_id,applied_at,status) VALUES (702,44,24,'2024-04-08 12:34:50','APPROVED');
INSERT INTO event_apply (apply_id,user_id,event_id,applied_at,status) VALUES (703,93,24,'2024-03-25 12:22:36','APPROVED');
INSERT INTO event_apply (apply_id,user_id,event_id,applied_at,status) VALUES (704,62,24,'2024-03-02 14:31:04','APPLIED');
INSERT INTO event_apply (apply_id,user_id,event_id,applied_at,status) VALUES (705,85,24,'2024-03-27 05:56:39','APPLIED');
INSERT INTO event_apply (apply_id,user_id,event_id,applied_at,status) VALUES (706,95,24,'2024-04-06 12:11:06','APPLIED');
INSERT INTO event_apply (apply_id,user_id,event_id,applied_at,status) VALUES (707,38,24,'2024-04-09 15:43:08','APPLIED');
INSERT INTO event_apply (apply_id,user_id,event_id,applied_at,status) VALUES (708,69,24,'2024-02-27 22:05:06','APPROVED');
INSERT INTO event_apply (apply_id,user_id,event_id,applied_at,status) VALUES (709,91,24,'2024-02-21 07:36:11','APPLIED');
INSERT INTO event_apply (apply_id,user_id,event_id,applied_at,status) VALUES (710,37,24,'2024-02-29 03:16:08','APPLIED');
INSERT INTO event_apply (apply_id,user_id,event_id,applied_at,status) VALUES (711,9,24,'2024-03-19 20:14:13','APPLIED');
INSERT INTO event_apply (apply_id,user_id,event_id,applied_at,status) VALUES (712,17,24,'2024-03-05 20:44:36','REJECTED');
INSERT INTO event_apply (apply_id,user_id,event_id,applied_at,status) VALUES (713,25,24,'2024-04-06 12:55:53','APPLIED');
INSERT INTO event_apply (apply_id,user_id,event_id,applied_at,status) VALUES (714,40,24,'2024-04-15 03:39:28','CANCELLED');
INSERT INTO event_apply (apply_id,user_id,event_id,applied_at,status) VALUES (715,42,24,'2024-03-29 15:31:25','APPLIED');
INSERT INTO event_apply (apply_id,user_id,event_id,applied_at,status) VALUES (716,36,24,'2024-03-18 13:46:41','APPLIED');
INSERT INTO event_apply (apply_id,user_id,event_id,applied_at,status) VALUES (717,59,24,'2024-03-01 02:07:47','APPLIED');
INSERT INTO event_apply (apply_id,user_id,event_id,applied_at,status) VALUES (718,78,24,'2024-03-10 16:01:31','APPLIED');
INSERT INTO event_apply (apply_id,user_id,event_id,applied_at,status) VALUES (719,20,24,'2024-04-01 16:21:25','APPLIED');
INSERT INTO event_apply (apply_id,user_id,event_id,applied_at,status) VALUES (720,77,24,'2024-03-13 20:52:25','APPROVED');
INSERT INTO event_apply (apply_id,user_id,event_id,applied_at,status) VALUES (721,19,24,'2024-04-07 02:55:15','APPROVED');
INSERT INTO event_apply (apply_id,user_id,event_id,applied_at,status) VALUES (722,11,24,'2024-02-27 12:33:13','APPROVED');
INSERT INTO event_apply (apply_id,user_id,event_id,applied_at,status) VALUES (723,7,24,'2024-03-20 08:33:09','REJECTED');
INSERT INTO event_apply (apply_id,user_id,event_id,applied_at,status) VALUES (724,6,24,'2024-03-07 03:56:12','APPLIED');
INSERT INTO event_apply (apply_id,user_id,event_id,applied_at,status) VALUES (725,99,24,'2024-04-18 20:45:39','APPROVED');
INSERT INTO event_apply (apply_id,user_id,event_id,applied_at,status) VALUES (726,97,24,'2024-02-26 04:40:09','APPLIED');
INSERT INTO event_apply (apply_id,user_id,event_id,applied_at,status) VALUES (727,66,24,'2024-04-05 22:27:18','APPLIED');
INSERT INTO event_apply (apply_id,user_id,event_id,applied_at,status) VALUES (728,10,24,'2024-02-26 08:13:40','APPLIED');
INSERT INTO event_apply (apply_id,user_id,event_id,applied_at,status) VALUES (729,27,24,'2024-02-23 20:48:05','APPLIED');
INSERT INTO event_apply (apply_id,user_id,event_id,applied_at,status) VALUES (730,53,24,'2024-03-24 15:39:33','APPLIED');
INSERT INTO event_apply (apply_id,user_id,event_id,applied_at,status) VALUES (731,56,24,'2024-03-30 02:46:28','APPLIED');
INSERT INTO event_apply (apply_id,user_id,event_id,applied_at,status) VALUES (732,64,24,'2024-02-22 12:46:02','CANCELLED');
INSERT INTO event_apply (apply_id,user_id,event_id,applied_at,status) VALUES (733,14,24,'2024-03-15 11:29:32','APPLIED');
INSERT INTO event_apply (apply_id,user_id,event_id,applied_at,status) VALUES (734,8,24,'2024-04-06 11:10:18','APPLIED');
INSERT INTO event_apply (apply_id,user_id,event_id,applied_at,status) VALUES (735,82,24,'2024-03-14 06:49:02','APPLIED');
INSERT INTO event_apply (apply_id,user_id,event_id,applied_at,status) VALUES (736,74,24,'2024-03-20 14:08:50','APPLIED');
INSERT INTO event_apply (apply_id,user_id,event_id,applied_at,status) VALUES (737,18,24,'2024-03-04 19:10:34','CANCELLED');
INSERT INTO event_apply (apply_id,user_id,event_id,applied_at,status) VALUES (738,81,24,'2024-02-26 09:04:04','APPROVED');
INSERT INTO event_apply (apply_id,user_id,event_id,applied_at,status) VALUES (739,68,24,'2024-02-27 22:35:34','REJECTED');
INSERT INTO event_apply (apply_id,user_id,event_id,applied_at,status) VALUES (740,50,24,'2024-04-18 19:40:01','REJECTED');
INSERT INTO event_apply (apply_id,user_id,event_id,applied_at,status) VALUES (741,70,24,'2024-03-16 23:48:52','APPLIED');
INSERT INTO event_apply (apply_id,user_id,event_id,applied_at,status) VALUES (742,5,24,'2024-02-21 20:01:51','CANCELLED');
-- Insert into event_program_apply
INSERT INTO event_program_apply (program_apply_id,program_id,user_id,pet_id,image_url,status,ticket_no,eta_min,notified_at,checked_in_at,created_at,cancelled_at) VALUES (1,1,47,48,'/uploads/program_apply/b462e29c-c136-4d30-83ff-882ddd5f34a9.png','CHECKED_IN','4808',NULL,NULL,'2025-01-23 14:18:24','2025-01-12 13:23:05',NULL);
INSERT INTO event_program_apply (program_apply_id,program_id,user_id,pet_id,image_url,status,ticket_no,eta_min,notified_at,checked_in_at,created_at,cancelled_at) VALUES (2,1,68,64,'/uploads/program_apply/deffcc8b-2e23-496a-a3d3-45e4f9afb45f.png','REJECTED','9538',NULL,NULL,NULL,'2024-12-08 16:12:37',NULL);
INSERT INTO event_program_apply (program_apply_id,program_id,user_id,pet_id,image_url,status,ticket_no,eta_min,notified_at,checked_in_at,created_at,cancelled_at) VALUES (3,1,41,NULL,'/uploads/program_apply/bf511a5a-6fdb-4c98-a429-9bf7186a0b27.png','APPLIED','3155',NULL,'2025-01-23 12:48:13',NULL,'2025-01-02 21:47:42',NULL);
INSERT INTO event_program_apply (program_apply_id,program_id,user_id,pet_id,image_url,status,ticket_no,eta_min,notified_at,checked_in_at,created_at,cancelled_at) VALUES (4,1,80,73,'/uploads/program_apply/a6de23d5-27b4-4150-8a68-44fa052d4e28.png','APPROVED','3498',16,NULL,NULL,'2024-12-18 15:11:25',NULL);
INSERT INTO event_program_apply (program_apply_id,program_id,user_id,pet_id,image_url,status,ticket_no,eta_min,notified_at,checked_in_at,created_at,cancelled_at) VALUES (5,1,27,30,'/uploads/program_apply/f280c085-0123-4a39-a33f-d3826f3aa0ed.png','REJECTED','2918',NULL,NULL,NULL,'2025-01-22 18:38:56',NULL);
INSERT INTO event_program_apply (program_apply_id,program_id,user_id,pet_id,image_url,status,ticket_no,eta_min,notified_at,checked_in_at,created_at,cancelled_at) VALUES (6,1,18,20,'/uploads/program_apply/d3457361-9cf3-4f22-a16a-b75c7153056a.png','APPROVED','8878',21,NULL,NULL,'2025-01-12 22:04:16',NULL);
INSERT INTO event_program_apply (program_apply_id,program_id,user_id,pet_id,image_url,status,ticket_no,eta_min,notified_at,checked_in_at,created_at,cancelled_at) VALUES (7,1,44,NULL,'/uploads/program_apply/c6620bc7-a503-40e1-91e4-ae29f2e6915d.png','APPLIED','1629',NULL,'2025-01-23 13:16:34',NULL,'2024-12-18 20:47:12',NULL);
INSERT INTO event_program_apply (program_apply_id,program_id,user_id,pet_id,image_url,status,ticket_no,eta_min,notified_at,checked_in_at,created_at,cancelled_at) VALUES (8,1,23,NULL,'/uploads/program_apply/b462e29c-c136-4d30-83ff-882ddd5f34a9.png','REJECTED','2604',NULL,NULL,NULL,'2025-01-16 08:34:46',NULL);
INSERT INTO event_program_apply (program_apply_id,program_id,user_id,pet_id,image_url,status,ticket_no,eta_min,notified_at,checked_in_at,created_at,cancelled_at) VALUES (9,1,7,9,'/uploads/program_apply/f280c085-0123-4a39-a33f-d3826f3aa0ed.png','APPROVED','1547',7,NULL,NULL,'2024-12-19 08:36:47',NULL);
INSERT INTO event_program_apply (program_apply_id,program_id,user_id,pet_id,image_url,status,ticket_no,eta_min,notified_at,checked_in_at,created_at,cancelled_at) VALUES (10,1,43,44,'/uploads/program_apply/a6de23d5-27b4-4150-8a68-44fa052d4e28.png','CHECKED_IN','4706',NULL,NULL,'2025-01-23 14:06:27','2024-12-26 15:31:36',NULL);
INSERT INTO event_program_apply (program_apply_id,program_id,user_id,pet_id,image_url,status,ticket_no,eta_min,notified_at,checked_in_at,created_at,cancelled_at) VALUES (11,1,39,NULL,'/uploads/program_apply/bf879bd2-37c8-448a-aad6-dabdb3d30d81.png','APPLIED','9097',NULL,NULL,NULL,'2024-12-27 03:35:09',NULL);
INSERT INTO event_program_apply (program_apply_id,program_id,user_id,pet_id,image_url,status,ticket_no,eta_min,notified_at,checked_in_at,created_at,cancelled_at) VALUES (12,1,76,70,'/uploads/program_apply/f19d9a9d-d5f0-4738-8ed3-53446ecc0cd8.png','WAITING','8581',22,NULL,NULL,'2025-01-04 15:08:58',NULL);
INSERT INTO event_program_apply (program_apply_id,program_id,user_id,pet_id,image_url,status,ticket_no,eta_min,notified_at,checked_in_at,created_at,cancelled_at) VALUES (13,1,10,NULL,'/uploads/program_apply/bf879bd2-37c8-448a-aad6-dabdb3d30d81.png','APPLIED','1069',NULL,NULL,NULL,'2025-01-01 01:23:27',NULL);
INSERT INTO event_program_apply (program_apply_id,program_id,user_id,pet_id,image_url,status,ticket_no,eta_min,notified_at,checked_in_at,created_at,cancelled_at) VALUES (14,1,40,NULL,'/uploads/program_apply/deffcc8b-2e23-496a-a3d3-45e4f9afb45f.png','CANCELLED','5392',NULL,NULL,NULL,'2025-01-22 14:43:27','2025-01-23 10:55:01');
INSERT INTO event_program_apply (program_apply_id,program_id,user_id,pet_id,image_url,status,ticket_no,eta_min,notified_at,checked_in_at,created_at,cancelled_at) VALUES (15,1,34,39,'/uploads/program_apply/f19d9a9d-d5f0-4738-8ed3-53446ecc0cd8.png','WAITING','6373',20,'2025-01-23 12:46:24',NULL,'2024-12-18 21:10:18',NULL);
INSERT INTO event_program_apply (program_apply_id,program_id,user_id,pet_id,image_url,status,ticket_no,eta_min,notified_at,checked_in_at,created_at,cancelled_at) VALUES (16,1,48,49,'/uploads/program_apply/a6de23d5-27b4-4150-8a68-44fa052d4e28.png','CANCELLED','8522',NULL,NULL,NULL,'2025-01-22 02:14:18','2025-01-23 09:05:13');
INSERT INTO event_program_apply (program_apply_id,program_id,user_id,pet_id,image_url,status,ticket_no,eta_min,notified_at,checked_in_at,created_at,cancelled_at) VALUES (17,1,16,17,'/uploads/program_apply/bf511a5a-6fdb-4c98-a429-9bf7186a0b27.png','APPLIED','1077',NULL,NULL,NULL,'2025-01-08 00:24:15',NULL);
INSERT INTO event_program_apply (program_apply_id,program_id,user_id,pet_id,image_url,status,ticket_no,eta_min,notified_at,checked_in_at,created_at,cancelled_at) VALUES (18,1,63,58,'/uploads/program_apply/f280c085-0123-4a39-a33f-d3826f3aa0ed.png','APPROVED','8630',11,NULL,NULL,'2025-01-07 03:31:42',NULL);
INSERT INTO event_program_apply (program_apply_id,program_id,user_id,pet_id,image_url,status,ticket_no,eta_min,notified_at,checked_in_at,created_at,cancelled_at) VALUES (19,2,68,64,'/uploads/program_apply/6ecaa6ad-9d5c-40b8-972f-bd6db6a69d14.png','APPROVED','7061',6,'2025-01-24 09:59:01',NULL,'2025-01-21 23:54:58',NULL);
INSERT INTO event_program_apply (program_apply_id,program_id,user_id,pet_id,image_url,status,ticket_no,eta_min,notified_at,checked_in_at,created_at,cancelled_at) VALUES (20,2,86,78,'/uploads/program_apply/deffcc8b-2e23-496a-a3d3-45e4f9afb45f.png','APPROVED','6395',20,NULL,NULL,'2025-01-10 05:01:45',NULL);
INSERT INTO event_program_apply (program_apply_id,program_id,user_id,pet_id,image_url,status,ticket_no,eta_min,notified_at,checked_in_at,created_at,cancelled_at) VALUES (21,2,70,NULL,'/uploads/program_apply/d3457361-9cf3-4f22-a16a-b75c7153056a.png','CANCELLED','9379',NULL,'2025-01-24 09:44:28',NULL,'2024-12-29 04:49:10','2025-01-16 19:45:32');
INSERT INTO event_program_apply (program_apply_id,program_id,user_id,pet_id,image_url,status,ticket_no,eta_min,notified_at,checked_in_at,created_at,cancelled_at) VALUES (22,2,60,56,'/uploads/program_apply/6ecaa6ad-9d5c-40b8-972f-bd6db6a69d14.png','APPLIED','7775',NULL,NULL,NULL,'2024-12-31 09:58:44',NULL);
INSERT INTO event_program_apply (program_apply_id,program_id,user_id,pet_id,image_url,status,ticket_no,eta_min,notified_at,checked_in_at,created_at,cancelled_at) VALUES (23,2,34,39,'/uploads/program_apply/bf879bd2-37c8-448a-aad6-dabdb3d30d81.png','APPROVED','1215',28,NULL,NULL,'2025-01-12 04:09:59',NULL);
INSERT INTO event_program_apply (program_apply_id,program_id,user_id,pet_id,image_url,status,ticket_no,eta_min,notified_at,checked_in_at,created_at,cancelled_at) VALUES (24,2,93,85,'/uploads/program_apply/f280c085-0123-4a39-a33f-d3826f3aa0ed.png','APPLIED','2648',NULL,'2025-01-24 09:47:49',NULL,'2024-12-01 01:33:25',NULL);
INSERT INTO event_program_apply (program_apply_id,program_id,user_id,pet_id,image_url,status,ticket_no,eta_min,notified_at,checked_in_at,created_at,cancelled_at) VALUES (25,2,23,NULL,'/uploads/program_apply/dded599b-c1d9-4238-9dcc-246960a4162c.png','CHECKED_IN','7384',NULL,NULL,'2025-01-24 11:14:33','2025-01-10 12:41:06',NULL);
INSERT INTO event_program_apply (program_apply_id,program_id,user_id,pet_id,image_url,status,ticket_no,eta_min,notified_at,checked_in_at,created_at,cancelled_at) VALUES (26,2,29,33,'/uploads/program_apply/bf511a5a-6fdb-4c98-a429-9bf7186a0b27.png','APPROVED','9824',12,NULL,NULL,'2025-01-21 01:33:53',NULL);
INSERT INTO event_program_apply (program_apply_id,program_id,user_id,pet_id,image_url,status,ticket_no,eta_min,notified_at,checked_in_at,created_at,cancelled_at) VALUES (27,2,43,44,'/uploads/program_apply/a6de23d5-27b4-4150-8a68-44fa052d4e28.png','REJECTED','4217',NULL,'2025-01-24 10:05:21',NULL,'2025-01-17 22:57:13',NULL);
INSERT INTO event_program_apply (program_apply_id,program_id,user_id,pet_id,image_url,status,ticket_no,eta_min,notified_at,checked_in_at,created_at,cancelled_at) VALUES (28,3,53,NULL,'/uploads/program_apply/d3457361-9cf3-4f22-a16a-b75c7153056a.png','WAITING','1684',10,'2025-10-22 17:10:53',NULL,'2025-10-18 15:54:41',NULL);
INSERT INTO event_program_apply (program_apply_id,program_id,user_id,pet_id,image_url,status,ticket_no,eta_min,notified_at,checked_in_at,created_at,cancelled_at) VALUES (29,3,7,9,'/uploads/program_apply/f280c085-0123-4a39-a33f-d3826f3aa0ed.png','REJECTED','2267',NULL,NULL,NULL,'2025-10-19 17:02:11',NULL);
INSERT INTO event_program_apply (program_apply_id,program_id,user_id,pet_id,image_url,status,ticket_no,eta_min,notified_at,checked_in_at,created_at,cancelled_at) VALUES (30,3,31,35,'/uploads/program_apply/d3457361-9cf3-4f22-a16a-b75c7153056a.png','APPROVED','5146',10,NULL,NULL,'2025-10-21 20:34:24',NULL);
INSERT INTO event_program_apply (program_apply_id,program_id,user_id,pet_id,image_url,status,ticket_no,eta_min,notified_at,checked_in_at,created_at,cancelled_at) VALUES (31,3,76,70,'/uploads/program_apply/f19d9a9d-d5f0-4738-8ed3-53446ecc0cd8.png','APPROVED','7622',24,'2025-10-22 17:13:16',NULL,'2025-10-20 13:24:20',NULL);
INSERT INTO event_program_apply (program_apply_id,program_id,user_id,pet_id,image_url,status,ticket_no,eta_min,notified_at,checked_in_at,created_at,cancelled_at) VALUES (32,3,48,49,'/uploads/program_apply/a6de23d5-27b4-4150-8a68-44fa052d4e28.png','APPROVED','1240',19,'2025-10-22 17:20:50',NULL,'2025-10-20 16:36:04',NULL);
INSERT INTO event_program_apply (program_apply_id,program_id,user_id,pet_id,image_url,status,ticket_no,eta_min,notified_at,checked_in_at,created_at,cancelled_at) VALUES (33,3,37,NULL,'/uploads/program_apply/f280c085-0123-4a39-a33f-d3826f3aa0ed.png','APPLIED','4138',NULL,NULL,NULL,'2025-10-09 23:48:41',NULL);
INSERT INTO event_program_apply (program_apply_id,program_id,user_id,pet_id,image_url,status,ticket_no,eta_min,notified_at,checked_in_at,created_at,cancelled_at) VALUES (34,3,78,72,'/uploads/program_apply/d3457361-9cf3-4f22-a16a-b75c7153056a.png','APPROVED','5549',19,NULL,NULL,'2025-10-21 14:51:48',NULL);
INSERT INTO event_program_apply (program_apply_id,program_id,user_id,pet_id,image_url,status,ticket_no,eta_min,notified_at,checked_in_at,created_at,cancelled_at) VALUES (35,4,79,NULL,'/uploads/program_apply/f19d9a9d-d5f0-4738-8ed3-53446ecc0cd8.png','APPROVED','5997',7,NULL,NULL,'2025-10-20 15:15:50',NULL);
INSERT INTO event_program_apply (program_apply_id,program_id,user_id,pet_id,image_url,status,ticket_no,eta_min,notified_at,checked_in_at,created_at,cancelled_at) VALUES (36,4,16,16,'/uploads/program_apply/bf879bd2-37c8-448a-aad6-dabdb3d30d81.png','APPROVED','3132',24,NULL,NULL,'2025-10-14 03:54:40',NULL);
INSERT INTO event_program_apply (program_apply_id,program_id,user_id,pet_id,image_url,status,ticket_no,eta_min,notified_at,checked_in_at,created_at,cancelled_at) VALUES (37,4,47,47,'/uploads/program_apply/dded599b-c1d9-4238-9dcc-246960a4162c.png','APPROVED','5544',28,NULL,NULL,'2025-09-14 05:15:29',NULL);
INSERT INTO event_program_apply (program_apply_id,program_id,user_id,pet_id,image_url,status,ticket_no,eta_min,notified_at,checked_in_at,created_at,cancelled_at) VALUES (38,4,84,75,'/uploads/program_apply/f19d9a9d-d5f0-4738-8ed3-53446ecc0cd8.png','WAITING','3501',30,'2025-10-22 05:02:17',NULL,'2025-08-31 02:07:00',NULL);
INSERT INTO event_program_apply (program_apply_id,program_id,user_id,pet_id,image_url,status,ticket_no,eta_min,notified_at,checked_in_at,created_at,cancelled_at) VALUES (39,4,98,94,'/uploads/program_apply/b462e29c-c136-4d30-83ff-882ddd5f34a9.png','APPLIED','1740',NULL,'2025-10-22 05:08:25',NULL,'2025-09-29 00:45:23',NULL);
INSERT INTO event_program_apply (program_apply_id,program_id,user_id,pet_id,image_url,status,ticket_no,eta_min,notified_at,checked_in_at,created_at,cancelled_at) VALUES (40,4,23,NULL,'/uploads/program_apply/d3457361-9cf3-4f22-a16a-b75c7153056a.png','CHECKED_IN','3156',NULL,NULL,'2025-10-22 06:41:44','2025-09-19 04:48:32',NULL);
INSERT INTO event_program_apply (program_apply_id,program_id,user_id,pet_id,image_url,status,ticket_no,eta_min,notified_at,checked_in_at,created_at,cancelled_at) VALUES (41,4,66,61,'/uploads/program_apply/b462e29c-c136-4d30-83ff-882ddd5f34a9.png','APPROVED','3284',17,NULL,NULL,'2025-10-06 06:37:31',NULL);
INSERT INTO event_program_apply (program_apply_id,program_id,user_id,pet_id,image_url,status,ticket_no,eta_min,notified_at,checked_in_at,created_at,cancelled_at) VALUES (42,4,41,NULL,'/uploads/program_apply/dded599b-c1d9-4238-9dcc-246960a4162c.png','CHECKED_IN','7603',NULL,NULL,'2025-10-22 07:00:27','2025-10-09 15:49:36',NULL);
INSERT INTO event_program_apply (program_apply_id,program_id,user_id,pet_id,image_url,status,ticket_no,eta_min,notified_at,checked_in_at,created_at,cancelled_at) VALUES (43,4,63,58,'/uploads/program_apply/6ecaa6ad-9d5c-40b8-972f-bd6db6a69d14.png','APPLIED','6685',NULL,NULL,NULL,'2025-10-16 13:08:07',NULL);
INSERT INTO event_program_apply (program_apply_id,program_id,user_id,pet_id,image_url,status,ticket_no,eta_min,notified_at,checked_in_at,created_at,cancelled_at) VALUES (44,4,31,35,'/uploads/program_apply/6ecaa6ad-9d5c-40b8-972f-bd6db6a69d14.png','WAITING','6704',13,NULL,NULL,'2025-10-19 21:09:11',NULL);
INSERT INTO event_program_apply (program_apply_id,program_id,user_id,pet_id,image_url,status,ticket_no,eta_min,notified_at,checked_in_at,created_at,cancelled_at) VALUES (45,4,81,NULL,'/uploads/program_apply/c6620bc7-a503-40e1-91e4-ae29f2e6915d.png','CHECKED_IN','8620',NULL,NULL,'2025-10-22 06:01:36','2025-10-12 04:17:42',NULL);
INSERT INTO event_program_apply (program_apply_id,program_id,user_id,pet_id,image_url,status,ticket_no,eta_min,notified_at,checked_in_at,created_at,cancelled_at) VALUES (46,4,75,69,'/uploads/program_apply/a6de23d5-27b4-4150-8a68-44fa052d4e28.png','REJECTED','7397',NULL,NULL,NULL,'2025-10-20 01:13:20',NULL);
INSERT INTO event_program_apply (program_apply_id,program_id,user_id,pet_id,image_url,status,ticket_no,eta_min,notified_at,checked_in_at,created_at,cancelled_at) VALUES (47,4,67,63,'/uploads/program_apply/deffcc8b-2e23-496a-a3d3-45e4f9afb45f.png','APPLIED','4272',NULL,'2025-10-22 05:52:48',NULL,'2025-09-26 16:59:46',NULL);
INSERT INTO event_program_apply (program_apply_id,program_id,user_id,pet_id,image_url,status,ticket_no,eta_min,notified_at,checked_in_at,created_at,cancelled_at) VALUES (48,4,12,11,'/uploads/program_apply/a6de23d5-27b4-4150-8a68-44fa052d4e28.png','APPLIED','9699',NULL,NULL,NULL,'2025-10-16 19:52:52',NULL);
INSERT INTO event_program_apply (program_apply_id,program_id,user_id,pet_id,image_url,status,ticket_no,eta_min,notified_at,checked_in_at,created_at,cancelled_at) VALUES (49,4,76,70,'/uploads/program_apply/d3457361-9cf3-4f22-a16a-b75c7153056a.png','APPLIED','4945',NULL,NULL,NULL,'2025-10-20 15:52:33',NULL);
INSERT INTO event_program_apply (program_apply_id,program_id,user_id,pet_id,image_url,status,ticket_no,eta_min,notified_at,checked_in_at,created_at,cancelled_at) VALUES (50,4,97,92,'/uploads/program_apply/deffcc8b-2e23-496a-a3d3-45e4f9afb45f.png','CANCELLED','6396',NULL,NULL,NULL,'2025-10-04 16:34:43','2025-10-21 11:54:57');
INSERT INTO event_program_apply (program_apply_id,program_id,user_id,pet_id,image_url,status,ticket_no,eta_min,notified_at,checked_in_at,created_at,cancelled_at) VALUES (51,4,32,36,'/uploads/program_apply/a6de23d5-27b4-4150-8a68-44fa052d4e28.png','CANCELLED','1476',NULL,'2025-10-22 05:03:14',NULL,'2025-10-01 17:16:54','2025-10-18 20:35:50');
INSERT INTO event_program_apply (program_apply_id,program_id,user_id,pet_id,image_url,status,ticket_no,eta_min,notified_at,checked_in_at,created_at,cancelled_at) VALUES (52,5,84,75,'/uploads/program_apply/f19d9a9d-d5f0-4738-8ed3-53446ecc0cd8.png','WAITING','3197',26,NULL,NULL,'2025-07-14 16:28:57',NULL);
INSERT INTO event_program_apply (program_apply_id,program_id,user_id,pet_id,image_url,status,ticket_no,eta_min,notified_at,checked_in_at,created_at,cancelled_at) VALUES (53,5,7,8,'/uploads/program_apply/bf511a5a-6fdb-4c98-a429-9bf7186a0b27.png','APPROVED','3394',8,NULL,NULL,'2025-05-28 01:51:22',NULL);
INSERT INTO event_program_apply (program_apply_id,program_id,user_id,pet_id,image_url,status,ticket_no,eta_min,notified_at,checked_in_at,created_at,cancelled_at) VALUES (54,5,74,NULL,'/uploads/program_apply/deffcc8b-2e23-496a-a3d3-45e4f9afb45f.png','APPLIED','6754',NULL,NULL,NULL,'2025-07-11 16:46:13',NULL);
INSERT INTO event_program_apply (program_apply_id,program_id,user_id,pet_id,image_url,status,ticket_no,eta_min,notified_at,checked_in_at,created_at,cancelled_at) VALUES (55,5,67,63,'/uploads/program_apply/6ecaa6ad-9d5c-40b8-972f-bd6db6a69d14.png','APPLIED','1176',NULL,'2025-07-17 01:07:59',NULL,'2025-06-20 17:27:15',NULL);
INSERT INTO event_program_apply (program_apply_id,program_id,user_id,pet_id,image_url,status,ticket_no,eta_min,notified_at,checked_in_at,created_at,cancelled_at) VALUES (56,5,58,54,'/uploads/program_apply/bf879bd2-37c8-448a-aad6-dabdb3d30d81.png','APPLIED','2945',NULL,'2025-07-17 00:27:05',NULL,'2025-07-14 00:48:16',NULL);
INSERT INTO event_program_apply (program_apply_id,program_id,user_id,pet_id,image_url,status,ticket_no,eta_min,notified_at,checked_in_at,created_at,cancelled_at) VALUES (57,5,19,21,'/uploads/program_apply/f280c085-0123-4a39-a33f-d3826f3aa0ed.png','CHECKED_IN','7811',NULL,NULL,'2025-07-17 01:21:29','2025-06-21 08:31:28',NULL);
INSERT INTO event_program_apply (program_apply_id,program_id,user_id,pet_id,image_url,status,ticket_no,eta_min,notified_at,checked_in_at,created_at,cancelled_at) VALUES (58,5,61,NULL,'/uploads/program_apply/bf511a5a-6fdb-4c98-a429-9bf7186a0b27.png','APPLIED','2834',NULL,NULL,NULL,'2025-06-24 21:01:40',NULL);
INSERT INTO event_program_apply (program_apply_id,program_id,user_id,pet_id,image_url,status,ticket_no,eta_min,notified_at,checked_in_at,created_at,cancelled_at) VALUES (59,5,72,66,'/uploads/program_apply/f280c085-0123-4a39-a33f-d3826f3aa0ed.png','APPLIED','1941',NULL,NULL,NULL,'2025-06-10 15:40:16',NULL);
INSERT INTO event_program_apply (program_apply_id,program_id,user_id,pet_id,image_url,status,ticket_no,eta_min,notified_at,checked_in_at,created_at,cancelled_at) VALUES (60,5,82,NULL,'/uploads/program_apply/deffcc8b-2e23-496a-a3d3-45e4f9afb45f.png','APPROVED','3347',23,NULL,NULL,'2025-07-02 12:18:36',NULL);
INSERT INTO event_program_apply (program_apply_id,program_id,user_id,pet_id,image_url,status,ticket_no,eta_min,notified_at,checked_in_at,created_at,cancelled_at) VALUES (61,5,24,26,'/uploads/program_apply/deffcc8b-2e23-496a-a3d3-45e4f9afb45f.png','REJECTED','1640',NULL,'2025-07-17 00:19:20',NULL,'2025-07-10 04:14:14',NULL);
INSERT INTO event_program_apply (program_apply_id,program_id,user_id,pet_id,image_url,status,ticket_no,eta_min,notified_at,checked_in_at,created_at,cancelled_at) VALUES (62,5,51,50,'/uploads/program_apply/f19d9a9d-d5f0-4738-8ed3-53446ecc0cd8.png','APPROVED','7491',12,NULL,NULL,'2025-06-22 02:06:29',NULL);
INSERT INTO event_program_apply (program_apply_id,program_id,user_id,pet_id,image_url,status,ticket_no,eta_min,notified_at,checked_in_at,created_at,cancelled_at) VALUES (63,5,80,73,'/uploads/program_apply/dded599b-c1d9-4238-9dcc-246960a4162c.png','APPLIED','2811',NULL,NULL,NULL,'2025-05-26 03:59:55',NULL);
INSERT INTO event_program_apply (program_apply_id,program_id,user_id,pet_id,image_url,status,ticket_no,eta_min,notified_at,checked_in_at,created_at,cancelled_at) VALUES (64,5,2,NULL,'/uploads/program_apply/bf879bd2-37c8-448a-aad6-dabdb3d30d81.png','REJECTED','7017',NULL,NULL,NULL,'2025-07-16 00:05:21',NULL);
INSERT INTO event_program_apply (program_apply_id,program_id,user_id,pet_id,image_url,status,ticket_no,eta_min,notified_at,checked_in_at,created_at,cancelled_at) VALUES (65,5,17,18,'/uploads/program_apply/b462e29c-c136-4d30-83ff-882ddd5f34a9.png','WAITING','7828',17,NULL,NULL,'2025-06-30 09:22:56',NULL);
INSERT INTO event_program_apply (program_apply_id,program_id,user_id,pet_id,image_url,status,ticket_no,eta_min,notified_at,checked_in_at,created_at,cancelled_at) VALUES (66,5,46,46,'/uploads/program_apply/deffcc8b-2e23-496a-a3d3-45e4f9afb45f.png','APPLIED','8655',NULL,NULL,NULL,'2025-07-16 02:18:52',NULL);
INSERT INTO event_program_apply (program_apply_id,program_id,user_id,pet_id,image_url,status,ticket_no,eta_min,notified_at,checked_in_at,created_at,cancelled_at) VALUES (67,5,29,33,'/uploads/program_apply/6ecaa6ad-9d5c-40b8-972f-bd6db6a69d14.png','APPLIED','8058',NULL,'2025-07-17 00:23:17',NULL,'2025-06-21 14:35:26',NULL);
INSERT INTO event_program_apply (program_apply_id,program_id,user_id,pet_id,image_url,status,ticket_no,eta_min,notified_at,checked_in_at,created_at,cancelled_at) VALUES (68,5,83,NULL,'/uploads/program_apply/a6de23d5-27b4-4150-8a68-44fa052d4e28.png','REJECTED','1394',NULL,NULL,NULL,'2025-07-08 02:17:26',NULL);
INSERT INTO event_program_apply (program_apply_id,program_id,user_id,pet_id,image_url,status,ticket_no,eta_min,notified_at,checked_in_at,created_at,cancelled_at) VALUES (69,5,73,68,'/uploads/program_apply/d3457361-9cf3-4f22-a16a-b75c7153056a.png','CHECKED_IN','2084',NULL,NULL,'2025-07-17 02:05:00','2025-07-05 06:58:41',NULL);
INSERT INTO event_program_apply (program_apply_id,program_id,user_id,pet_id,image_url,status,ticket_no,eta_min,notified_at,checked_in_at,created_at,cancelled_at) VALUES (70,5,85,77,'/uploads/program_apply/a6de23d5-27b4-4150-8a68-44fa052d4e28.png','CANCELLED','7492',NULL,NULL,NULL,'2025-07-05 19:13:52','2025-07-13 05:14:55');
INSERT INTO event_program_apply (program_apply_id,program_id,user_id,pet_id,image_url,status,ticket_no,eta_min,notified_at,checked_in_at,created_at,cancelled_at) VALUES (71,5,57,52,'/uploads/program_apply/f19d9a9d-d5f0-4738-8ed3-53446ecc0cd8.png','CANCELLED','1339',NULL,'2025-07-17 00:51:36',NULL,'2025-06-28 09:18:32','2025-06-30 21:54:35');
INSERT INTO event_program_apply (program_apply_id,program_id,user_id,pet_id,image_url,status,ticket_no,eta_min,notified_at,checked_in_at,created_at,cancelled_at) VALUES (72,6,20,23,'/uploads/program_apply/bf511a5a-6fdb-4c98-a429-9bf7186a0b27.png','WAITING','5088',19,'2025-07-17 01:22:15',NULL,'2025-07-08 16:03:58',NULL);
INSERT INTO event_program_apply (program_apply_id,program_id,user_id,pet_id,image_url,status,ticket_no,eta_min,notified_at,checked_in_at,created_at,cancelled_at) VALUES (73,6,51,50,'/uploads/program_apply/f19d9a9d-d5f0-4738-8ed3-53446ecc0cd8.png','APPROVED','6937',9,NULL,NULL,'2025-06-08 07:57:46',NULL);
INSERT INTO event_program_apply (program_apply_id,program_id,user_id,pet_id,image_url,status,ticket_no,eta_min,notified_at,checked_in_at,created_at,cancelled_at) VALUES (74,6,85,76,'/uploads/program_apply/b462e29c-c136-4d30-83ff-882ddd5f34a9.png','APPLIED','2278',NULL,NULL,NULL,'2025-07-12 02:41:56',NULL);
INSERT INTO event_program_apply (program_apply_id,program_id,user_id,pet_id,image_url,status,ticket_no,eta_min,notified_at,checked_in_at,created_at,cancelled_at) VALUES (75,6,6,7,'/uploads/program_apply/bf879bd2-37c8-448a-aad6-dabdb3d30d81.png','APPLIED','1845',NULL,'2025-07-17 01:18:54',NULL,'2025-07-13 14:24:35',NULL);
INSERT INTO event_program_apply (program_apply_id,program_id,user_id,pet_id,image_url,status,ticket_no,eta_min,notified_at,checked_in_at,created_at,cancelled_at) VALUES (76,6,24,26,'/uploads/program_apply/bf511a5a-6fdb-4c98-a429-9bf7186a0b27.png','APPLIED','2902',NULL,NULL,NULL,'2025-07-09 18:30:18',NULL);
INSERT INTO event_program_apply (program_apply_id,program_id,user_id,pet_id,image_url,status,ticket_no,eta_min,notified_at,checked_in_at,created_at,cancelled_at) VALUES (77,6,23,NULL,'/uploads/program_apply/b462e29c-c136-4d30-83ff-882ddd5f34a9.png','APPLIED','8799',NULL,NULL,NULL,'2025-07-08 22:32:37',NULL);
INSERT INTO event_program_apply (program_apply_id,program_id,user_id,pet_id,image_url,status,ticket_no,eta_min,notified_at,checked_in_at,created_at,cancelled_at) VALUES (78,6,58,54,'/uploads/program_apply/bf511a5a-6fdb-4c98-a429-9bf7186a0b27.png','APPLIED','3108',NULL,NULL,NULL,'2025-07-16 08:06:01',NULL);
INSERT INTO event_program_apply (program_apply_id,program_id,user_id,pet_id,image_url,status,ticket_no,eta_min,notified_at,checked_in_at,created_at,cancelled_at) VALUES (79,6,73,67,'/uploads/program_apply/deffcc8b-2e23-496a-a3d3-45e4f9afb45f.png','REJECTED','6759',NULL,NULL,NULL,'2025-07-06 03:41:51',NULL);
INSERT INTO event_program_apply (program_apply_id,program_id,user_id,pet_id,image_url,status,ticket_no,eta_min,notified_at,checked_in_at,created_at,cancelled_at) VALUES (80,6,8,NULL,'/uploads/program_apply/6ecaa6ad-9d5c-40b8-972f-bd6db6a69d14.png','APPROVED','8581',28,'2025-07-17 01:27:06',NULL,'2025-07-15 09:14:08',NULL);
INSERT INTO event_program_apply (program_apply_id,program_id,user_id,pet_id,image_url,status,ticket_no,eta_min,notified_at,checked_in_at,created_at,cancelled_at) VALUES (81,6,83,NULL,'/uploads/program_apply/bf879bd2-37c8-448a-aad6-dabdb3d30d81.png','CHECKED_IN','4156',NULL,NULL,'2025-07-17 02:13:01','2025-07-07 05:32:11',NULL);
INSERT INTO event_program_apply (program_apply_id,program_id,user_id,pet_id,image_url,status,ticket_no,eta_min,notified_at,checked_in_at,created_at,cancelled_at) VALUES (82,6,72,66,'/uploads/program_apply/deffcc8b-2e23-496a-a3d3-45e4f9afb45f.png','APPLIED','5928',NULL,NULL,NULL,'2025-06-06 09:30:22',NULL);
INSERT INTO event_program_apply (program_apply_id,program_id,user_id,pet_id,image_url,status,ticket_no,eta_min,notified_at,checked_in_at,created_at,cancelled_at) VALUES (83,6,19,21,'/uploads/program_apply/bf511a5a-6fdb-4c98-a429-9bf7186a0b27.png','APPLIED','7489',NULL,NULL,NULL,'2025-06-23 10:45:58',NULL);
INSERT INTO event_program_apply (program_apply_id,program_id,user_id,pet_id,image_url,status,ticket_no,eta_min,notified_at,checked_in_at,created_at,cancelled_at) VALUES (84,6,84,75,'/uploads/program_apply/bf879bd2-37c8-448a-aad6-dabdb3d30d81.png','APPLIED','7549',NULL,'2025-07-17 01:40:06',NULL,'2025-07-10 00:59:10',NULL);
INSERT INTO event_program_apply (program_apply_id,program_id,user_id,pet_id,image_url,status,ticket_no,eta_min,notified_at,checked_in_at,created_at,cancelled_at) VALUES (85,6,57,53,'/uploads/program_apply/deffcc8b-2e23-496a-a3d3-45e4f9afb45f.png','APPROVED','6917',23,NULL,NULL,'2025-07-01 02:19:13',NULL);
INSERT INTO event_program_apply (program_apply_id,program_id,user_id,pet_id,image_url,status,ticket_no,eta_min,notified_at,checked_in_at,created_at,cancelled_at) VALUES (86,6,2,NULL,'/uploads/program_apply/deffcc8b-2e23-496a-a3d3-45e4f9afb45f.png','APPROVED','1654',8,'2025-07-17 01:12:27',NULL,'2025-07-15 08:59:09',NULL);
INSERT INTO event_program_apply (program_apply_id,program_id,user_id,pet_id,image_url,status,ticket_no,eta_min,notified_at,checked_in_at,created_at,cancelled_at) VALUES (87,6,29,33,'/uploads/program_apply/a6de23d5-27b4-4150-8a68-44fa052d4e28.png','REJECTED','2018',NULL,NULL,NULL,'2025-06-28 05:27:04',NULL);
INSERT INTO event_program_apply (program_apply_id,program_id,user_id,pet_id,image_url,status,ticket_no,eta_min,notified_at,checked_in_at,created_at,cancelled_at) VALUES (88,7,77,NULL,'/uploads/program_apply/c6620bc7-a503-40e1-91e4-ae29f2e6915d.png','APPLIED','9028',NULL,NULL,NULL,'2023-04-11 01:25:00',NULL);
INSERT INTO event_program_apply (program_apply_id,program_id,user_id,pet_id,image_url,status,ticket_no,eta_min,notified_at,checked_in_at,created_at,cancelled_at) VALUES (89,7,72,66,'/uploads/program_apply/c6620bc7-a503-40e1-91e4-ae29f2e6915d.png','APPLIED','9437',NULL,NULL,NULL,'2023-05-03 21:14:35',NULL);
INSERT INTO event_program_apply (program_apply_id,program_id,user_id,pet_id,image_url,status,ticket_no,eta_min,notified_at,checked_in_at,created_at,cancelled_at) VALUES (90,7,94,87,'/uploads/program_apply/dded599b-c1d9-4238-9dcc-246960a4162c.png','APPLIED','9067',NULL,'2023-05-07 21:24:27',NULL,'2023-04-30 20:39:01',NULL);
INSERT INTO event_program_apply (program_apply_id,program_id,user_id,pet_id,image_url,status,ticket_no,eta_min,notified_at,checked_in_at,created_at,cancelled_at) VALUES (91,7,78,72,'/uploads/program_apply/f19d9a9d-d5f0-4738-8ed3-53446ecc0cd8.png','APPLIED','6133',NULL,NULL,NULL,'2023-04-30 22:45:27',NULL);
INSERT INTO event_program_apply (program_apply_id,program_id,user_id,pet_id,image_url,status,ticket_no,eta_min,notified_at,checked_in_at,created_at,cancelled_at) VALUES (92,7,61,NULL,'/uploads/program_apply/dded599b-c1d9-4238-9dcc-246960a4162c.png','APPLIED','4089',NULL,NULL,NULL,'2023-05-04 23:55:29',NULL);
INSERT INTO event_program_apply (program_apply_id,program_id,user_id,pet_id,image_url,status,ticket_no,eta_min,notified_at,checked_in_at,created_at,cancelled_at) VALUES (93,7,41,NULL,'/uploads/program_apply/f19d9a9d-d5f0-4738-8ed3-53446ecc0cd8.png','WAITING','9398',18,NULL,NULL,'2023-05-04 12:07:49',NULL);
INSERT INTO event_program_apply (program_apply_id,program_id,user_id,pet_id,image_url,status,ticket_no,eta_min,notified_at,checked_in_at,created_at,cancelled_at) VALUES (94,7,25,29,'/uploads/program_apply/dded599b-c1d9-4238-9dcc-246960a4162c.png','APPROVED','7844',24,NULL,NULL,'2023-04-17 20:54:09',NULL);
INSERT INTO event_program_apply (program_apply_id,program_id,user_id,pet_id,image_url,status,ticket_no,eta_min,notified_at,checked_in_at,created_at,cancelled_at) VALUES (95,7,9,NULL,'/uploads/program_apply/f19d9a9d-d5f0-4738-8ed3-53446ecc0cd8.png','APPROVED','4333',16,'2023-05-07 21:25:01',NULL,'2023-04-21 02:36:43',NULL);
INSERT INTO event_program_apply (program_apply_id,program_id,user_id,pet_id,image_url,status,ticket_no,eta_min,notified_at,checked_in_at,created_at,cancelled_at) VALUES (96,7,24,26,'/uploads/program_apply/6ecaa6ad-9d5c-40b8-972f-bd6db6a69d14.png','APPLIED','4831',NULL,NULL,NULL,'2023-03-16 06:06:44',NULL);
INSERT INTO event_program_apply (program_apply_id,program_id,user_id,pet_id,image_url,status,ticket_no,eta_min,notified_at,checked_in_at,created_at,cancelled_at) VALUES (97,7,10,NULL,'/uploads/program_apply/bf511a5a-6fdb-4c98-a429-9bf7186a0b27.png','APPROVED','1824',5,NULL,NULL,'2023-04-23 04:38:40',NULL);
INSERT INTO event_program_apply (program_apply_id,program_id,user_id,pet_id,image_url,status,ticket_no,eta_min,notified_at,checked_in_at,created_at,cancelled_at) VALUES (98,8,9,NULL,'/uploads/program_apply/bf879bd2-37c8-448a-aad6-dabdb3d30d81.png','WAITING','5828',20,'2023-05-07 05:40:53',NULL,'2023-04-07 11:08:53',NULL);
INSERT INTO event_program_apply (program_apply_id,program_id,user_id,pet_id,image_url,status,ticket_no,eta_min,notified_at,checked_in_at,created_at,cancelled_at) VALUES (99,8,24,26,'/uploads/program_apply/d3457361-9cf3-4f22-a16a-b75c7153056a.png','APPROVED','8522',20,NULL,NULL,'2023-04-04 14:16:47',NULL);
INSERT INTO event_program_apply (program_apply_id,program_id,user_id,pet_id,image_url,status,ticket_no,eta_min,notified_at,checked_in_at,created_at,cancelled_at) VALUES (100,8,76,70,'/uploads/program_apply/dded599b-c1d9-4238-9dcc-246960a4162c.png','REJECTED','4823',NULL,NULL,NULL,'2023-03-19 22:52:53',NULL);
INSERT INTO event_program_apply (program_apply_id,program_id,user_id,pet_id,image_url,status,ticket_no,eta_min,notified_at,checked_in_at,created_at,cancelled_at) VALUES (101,8,23,NULL,'/uploads/program_apply/f280c085-0123-4a39-a33f-d3826f3aa0ed.png','APPLIED','3133',NULL,NULL,NULL,'2023-04-26 23:42:02',NULL);
INSERT INTO event_program_apply (program_apply_id,program_id,user_id,pet_id,image_url,status,ticket_no,eta_min,notified_at,checked_in_at,created_at,cancelled_at) VALUES (102,8,87,79,'/uploads/program_apply/b462e29c-c136-4d30-83ff-882ddd5f34a9.png','APPLIED','6946',NULL,NULL,NULL,'2023-05-06 18:54:49',NULL);
INSERT INTO event_program_apply (program_apply_id,program_id,user_id,pet_id,image_url,status,ticket_no,eta_min,notified_at,checked_in_at,created_at,cancelled_at) VALUES (103,8,46,45,'/uploads/program_apply/bf511a5a-6fdb-4c98-a429-9bf7186a0b27.png','APPLIED','2453',NULL,NULL,NULL,'2023-04-20 07:32:06',NULL);
INSERT INTO event_program_apply (program_apply_id,program_id,user_id,pet_id,image_url,status,ticket_no,eta_min,notified_at,checked_in_at,created_at,cancelled_at) VALUES (104,8,72,66,'/uploads/program_apply/6ecaa6ad-9d5c-40b8-972f-bd6db6a69d14.png','APPLIED','6492',NULL,'2023-05-07 06:05:50',NULL,'2023-04-13 23:53:40',NULL);
INSERT INTO event_program_apply (program_apply_id,program_id,user_id,pet_id,image_url,status,ticket_no,eta_min,notified_at,checked_in_at,created_at,cancelled_at) VALUES (105,8,41,NULL,'/uploads/program_apply/d3457361-9cf3-4f22-a16a-b75c7153056a.png','APPLIED','4309',NULL,'2023-05-07 06:07:20',NULL,'2023-04-26 13:42:00',NULL);
INSERT INTO event_program_apply (program_apply_id,program_id,user_id,pet_id,image_url,status,ticket_no,eta_min,notified_at,checked_in_at,created_at,cancelled_at) VALUES (106,8,61,NULL,'/uploads/program_apply/d3457361-9cf3-4f22-a16a-b75c7153056a.png','APPROVED','9144',6,'2023-05-07 05:37:27',NULL,'2023-05-01 08:52:43',NULL);
INSERT INTO event_program_apply (program_apply_id,program_id,user_id,pet_id,image_url,status,ticket_no,eta_min,notified_at,checked_in_at,created_at,cancelled_at) VALUES (107,8,77,NULL,'/uploads/program_apply/deffcc8b-2e23-496a-a3d3-45e4f9afb45f.png','APPLIED','6883',NULL,NULL,NULL,'2023-04-25 19:19:21',NULL);
INSERT INTO event_program_apply (program_apply_id,program_id,user_id,pet_id,image_url,status,ticket_no,eta_min,notified_at,checked_in_at,created_at,cancelled_at) VALUES (108,8,54,NULL,'/uploads/program_apply/b462e29c-c136-4d30-83ff-882ddd5f34a9.png','APPLIED','3117',NULL,'2023-05-07 06:13:24',NULL,'2023-05-03 02:13:36',NULL);
INSERT INTO event_program_apply (program_apply_id,program_id,user_id,pet_id,image_url,status,ticket_no,eta_min,notified_at,checked_in_at,created_at,cancelled_at) VALUES (109,8,78,72,'/uploads/program_apply/deffcc8b-2e23-496a-a3d3-45e4f9afb45f.png','APPLIED','5268',NULL,NULL,NULL,'2023-04-23 01:30:41',NULL);
INSERT INTO event_program_apply (program_apply_id,program_id,user_id,pet_id,image_url,status,ticket_no,eta_min,notified_at,checked_in_at,created_at,cancelled_at) VALUES (110,8,94,87,'/uploads/program_apply/f19d9a9d-d5f0-4738-8ed3-53446ecc0cd8.png','APPROVED','5829',25,NULL,NULL,'2023-05-06 07:04:55',NULL);
INSERT INTO event_program_apply (program_apply_id,program_id,user_id,pet_id,image_url,status,ticket_no,eta_min,notified_at,checked_in_at,created_at,cancelled_at) VALUES (111,8,25,28,'/uploads/program_apply/bf511a5a-6fdb-4c98-a429-9bf7186a0b27.png','APPLIED','9694',NULL,NULL,NULL,'2023-04-17 05:26:13',NULL);
INSERT INTO event_program_apply (program_apply_id,program_id,user_id,pet_id,image_url,status,ticket_no,eta_min,notified_at,checked_in_at,created_at,cancelled_at) VALUES (112,8,27,30,'/uploads/program_apply/dded599b-c1d9-4238-9dcc-246960a4162c.png','APPLIED','3800',NULL,NULL,NULL,'2023-04-06 06:10:57',NULL);
INSERT INTO event_program_apply (program_apply_id,program_id,user_id,pet_id,image_url,status,ticket_no,eta_min,notified_at,checked_in_at,created_at,cancelled_at) VALUES (113,8,16,16,'/uploads/program_apply/a6de23d5-27b4-4150-8a68-44fa052d4e28.png','APPLIED','8733',NULL,NULL,NULL,'2023-05-02 13:26:03',NULL);
INSERT INTO event_program_apply (program_apply_id,program_id,user_id,pet_id,image_url,status,ticket_no,eta_min,notified_at,checked_in_at,created_at,cancelled_at) VALUES (114,8,59,55,'/uploads/program_apply/f19d9a9d-d5f0-4738-8ed3-53446ecc0cd8.png','APPLIED','4890',NULL,NULL,NULL,'2023-05-06 09:04:00',NULL);
INSERT INTO event_program_apply (program_apply_id,program_id,user_id,pet_id,image_url,status,ticket_no,eta_min,notified_at,checked_in_at,created_at,cancelled_at) VALUES (115,8,7,9,'/uploads/program_apply/6ecaa6ad-9d5c-40b8-972f-bd6db6a69d14.png','APPLIED','3040',NULL,NULL,NULL,'2023-05-06 22:13:15',NULL);
INSERT INTO event_program_apply (program_apply_id,program_id,user_id,pet_id,image_url,status,ticket_no,eta_min,notified_at,checked_in_at,created_at,cancelled_at) VALUES (116,8,91,82,'/uploads/program_apply/6ecaa6ad-9d5c-40b8-972f-bd6db6a69d14.png','REJECTED','6816',NULL,NULL,NULL,'2023-05-05 07:58:49',NULL);
INSERT INTO event_program_apply (program_apply_id,program_id,user_id,pet_id,image_url,status,ticket_no,eta_min,notified_at,checked_in_at,created_at,cancelled_at) VALUES (117,8,69,NULL,'/uploads/program_apply/b462e29c-c136-4d30-83ff-882ddd5f34a9.png','APPROVED','8940',5,NULL,NULL,'2023-05-03 00:39:30',NULL);
INSERT INTO event_program_apply (program_apply_id,program_id,user_id,pet_id,image_url,status,ticket_no,eta_min,notified_at,checked_in_at,created_at,cancelled_at) VALUES (118,9,75,69,'/uploads/program_apply/f19d9a9d-d5f0-4738-8ed3-53446ecc0cd8.png','REJECTED','2928',NULL,NULL,NULL,'2023-03-15 05:12:03',NULL);
INSERT INTO event_program_apply (program_apply_id,program_id,user_id,pet_id,image_url,status,ticket_no,eta_min,notified_at,checked_in_at,created_at,cancelled_at) VALUES (119,9,62,57,'/uploads/program_apply/a6de23d5-27b4-4150-8a68-44fa052d4e28.png','APPLIED','7385',NULL,NULL,NULL,'2023-03-12 13:56:49',NULL);
INSERT INTO event_program_apply (program_apply_id,program_id,user_id,pet_id,image_url,status,ticket_no,eta_min,notified_at,checked_in_at,created_at,cancelled_at) VALUES (120,9,77,NULL,'/uploads/program_apply/b462e29c-c136-4d30-83ff-882ddd5f34a9.png','APPLIED','9616',NULL,'2023-04-04 18:15:12',NULL,'2023-04-04 02:11:11',NULL);
INSERT INTO event_program_apply (program_apply_id,program_id,user_id,pet_id,image_url,status,ticket_no,eta_min,notified_at,checked_in_at,created_at,cancelled_at) VALUES (121,9,21,NULL,'/uploads/program_apply/dded599b-c1d9-4238-9dcc-246960a4162c.png','WAITING','2049',27,NULL,NULL,'2023-03-14 18:35:02',NULL);
INSERT INTO event_program_apply (program_apply_id,program_id,user_id,pet_id,image_url,status,ticket_no,eta_min,notified_at,checked_in_at,created_at,cancelled_at) VALUES (122,9,76,70,'/uploads/program_apply/bf879bd2-37c8-448a-aad6-dabdb3d30d81.png','APPROVED','9075',19,NULL,NULL,'2023-03-19 13:52:20',NULL);
INSERT INTO event_program_apply (program_apply_id,program_id,user_id,pet_id,image_url,status,ticket_no,eta_min,notified_at,checked_in_at,created_at,cancelled_at) VALUES (123,10,6,6,'/uploads/program_apply/6ecaa6ad-9d5c-40b8-972f-bd6db6a69d14.png','APPLIED','2752',NULL,'2023-04-07 01:43:20',NULL,'2023-04-06 06:15:32',NULL);
INSERT INTO event_program_apply (program_apply_id,program_id,user_id,pet_id,image_url,status,ticket_no,eta_min,notified_at,checked_in_at,created_at,cancelled_at) VALUES (124,10,48,49,'/uploads/program_apply/b462e29c-c136-4d30-83ff-882ddd5f34a9.png','CANCELLED','8404',NULL,NULL,NULL,'2023-03-26 06:21:55','2023-04-02 01:12:32');
INSERT INTO event_program_apply (program_apply_id,program_id,user_id,pet_id,image_url,status,ticket_no,eta_min,notified_at,checked_in_at,created_at,cancelled_at) VALUES (125,10,92,84,'/uploads/program_apply/b462e29c-c136-4d30-83ff-882ddd5f34a9.png','APPROVED','3681',18,'2023-04-07 01:50:55',NULL,'2023-04-03 09:30:15',NULL);
INSERT INTO event_program_apply (program_apply_id,program_id,user_id,pet_id,image_url,status,ticket_no,eta_min,notified_at,checked_in_at,created_at,cancelled_at) VALUES (126,10,23,NULL,'/uploads/program_apply/f280c085-0123-4a39-a33f-d3826f3aa0ed.png','REJECTED','7280',NULL,NULL,NULL,'2023-04-01 12:54:19',NULL);
INSERT INTO event_program_apply (program_apply_id,program_id,user_id,pet_id,image_url,status,ticket_no,eta_min,notified_at,checked_in_at,created_at,cancelled_at) VALUES (127,10,77,NULL,'/uploads/program_apply/bf511a5a-6fdb-4c98-a429-9bf7186a0b27.png','APPROVED','5673',12,'2023-04-07 02:12:51',NULL,'2023-04-05 12:40:33',NULL);
INSERT INTO event_program_apply (program_apply_id,program_id,user_id,pet_id,image_url,status,ticket_no,eta_min,notified_at,checked_in_at,created_at,cancelled_at) VALUES (128,10,44,NULL,'/uploads/program_apply/f19d9a9d-d5f0-4738-8ed3-53446ecc0cd8.png','APPROVED','7401',15,NULL,NULL,'2023-03-18 00:30:25',NULL);
INSERT INTO event_program_apply (program_apply_id,program_id,user_id,pet_id,image_url,status,ticket_no,eta_min,notified_at,checked_in_at,created_at,cancelled_at) VALUES (129,10,25,28,'/uploads/program_apply/b462e29c-c136-4d30-83ff-882ddd5f34a9.png','WAITING','5345',8,NULL,NULL,'2023-03-26 10:14:39',NULL);
INSERT INTO event_program_apply (program_apply_id,program_id,user_id,pet_id,image_url,status,ticket_no,eta_min,notified_at,checked_in_at,created_at,cancelled_at) VALUES (130,10,12,11,'/uploads/program_apply/c6620bc7-a503-40e1-91e4-ae29f2e6915d.png','APPLIED','9366',NULL,NULL,NULL,'2023-03-07 09:37:49',NULL);
INSERT INTO event_program_apply (program_apply_id,program_id,user_id,pet_id,image_url,status,ticket_no,eta_min,notified_at,checked_in_at,created_at,cancelled_at) VALUES (131,10,32,36,'/uploads/program_apply/dded599b-c1d9-4238-9dcc-246960a4162c.png','CHECKED_IN','3604',NULL,'2023-04-07 01:37:06','2023-04-07 03:03:57','2023-03-29 14:40:11',NULL);
INSERT INTO event_program_apply (program_apply_id,program_id,user_id,pet_id,image_url,status,ticket_no,eta_min,notified_at,checked_in_at,created_at,cancelled_at) VALUES (132,10,76,70,'/uploads/program_apply/f280c085-0123-4a39-a33f-d3826f3aa0ed.png','CANCELLED','7713',NULL,'2023-04-07 01:46:19',NULL,'2023-03-02 12:42:18','2023-03-03 06:03:28');
INSERT INTO event_program_apply (program_apply_id,program_id,user_id,pet_id,image_url,status,ticket_no,eta_min,notified_at,checked_in_at,created_at,cancelled_at) VALUES (133,10,65,60,'/uploads/program_apply/f19d9a9d-d5f0-4738-8ed3-53446ecc0cd8.png','APPLIED','3352',NULL,NULL,NULL,'2023-04-06 19:08:11',NULL);
INSERT INTO event_program_apply (program_apply_id,program_id,user_id,pet_id,image_url,status,ticket_no,eta_min,notified_at,checked_in_at,created_at,cancelled_at) VALUES (134,10,21,NULL,'/uploads/program_apply/f19d9a9d-d5f0-4738-8ed3-53446ecc0cd8.png','CANCELLED','6792',NULL,NULL,NULL,'2023-03-06 19:57:26','2023-03-31 18:10:56');
INSERT INTO event_program_apply (program_apply_id,program_id,user_id,pet_id,image_url,status,ticket_no,eta_min,notified_at,checked_in_at,created_at,cancelled_at) VALUES (135,10,63,58,'/uploads/program_apply/c6620bc7-a503-40e1-91e4-ae29f2e6915d.png','APPLIED','4794',NULL,NULL,NULL,'2023-03-22 18:33:57',NULL);
INSERT INTO event_program_apply (program_apply_id,program_id,user_id,pet_id,image_url,status,ticket_no,eta_min,notified_at,checked_in_at,created_at,cancelled_at) VALUES (136,10,11,10,'/uploads/program_apply/dded599b-c1d9-4238-9dcc-246960a4162c.png','APPLIED','8560',NULL,'2023-04-07 01:51:26',NULL,'2023-04-02 12:54:50',NULL);
INSERT INTO event_program_apply (program_apply_id,program_id,user_id,pet_id,image_url,status,ticket_no,eta_min,notified_at,checked_in_at,created_at,cancelled_at) VALUES (137,10,20,23,'/uploads/program_apply/b462e29c-c136-4d30-83ff-882ddd5f34a9.png','REJECTED','7504',NULL,NULL,NULL,'2023-03-27 03:34:56',NULL);
INSERT INTO event_program_apply (program_apply_id,program_id,user_id,pet_id,image_url,status,ticket_no,eta_min,notified_at,checked_in_at,created_at,cancelled_at) VALUES (138,10,37,NULL,'/uploads/program_apply/f19d9a9d-d5f0-4738-8ed3-53446ecc0cd8.png','APPROVED','7665',24,NULL,NULL,'2023-03-09 03:41:12',NULL);
INSERT INTO event_program_apply (program_apply_id,program_id,user_id,pet_id,image_url,status,ticket_no,eta_min,notified_at,checked_in_at,created_at,cancelled_at) VALUES (139,11,78,71,'/uploads/program_apply/bf511a5a-6fdb-4c98-a429-9bf7186a0b27.png','CHECKED_IN','6538',NULL,NULL,'2025-09-06 12:09:02','2025-09-05 21:43:44',NULL);
INSERT INTO event_program_apply (program_apply_id,program_id,user_id,pet_id,image_url,status,ticket_no,eta_min,notified_at,checked_in_at,created_at,cancelled_at) VALUES (140,11,47,47,'/uploads/program_apply/dded599b-c1d9-4238-9dcc-246960a4162c.png','APPLIED','1835',NULL,NULL,NULL,'2025-09-05 13:33:34',NULL);
INSERT INTO event_program_apply (program_apply_id,program_id,user_id,pet_id,image_url,status,ticket_no,eta_min,notified_at,checked_in_at,created_at,cancelled_at) VALUES (141,11,27,30,'/uploads/program_apply/6ecaa6ad-9d5c-40b8-972f-bd6db6a69d14.png','APPLIED','5522',NULL,NULL,NULL,'2025-08-29 22:16:55',NULL);
INSERT INTO event_program_apply (program_apply_id,program_id,user_id,pet_id,image_url,status,ticket_no,eta_min,notified_at,checked_in_at,created_at,cancelled_at) VALUES (142,11,19,21,'/uploads/program_apply/dded599b-c1d9-4238-9dcc-246960a4162c.png','REJECTED','6903',NULL,NULL,NULL,'2025-08-25 16:31:48',NULL);
INSERT INTO event_program_apply (program_apply_id,program_id,user_id,pet_id,image_url,status,ticket_no,eta_min,notified_at,checked_in_at,created_at,cancelled_at) VALUES (143,11,7,8,'/uploads/program_apply/dded599b-c1d9-4238-9dcc-246960a4162c.png','REJECTED','8180',NULL,'2025-09-06 09:41:36',NULL,'2025-08-30 03:50:22',NULL);
INSERT INTO event_program_apply (program_apply_id,program_id,user_id,pet_id,image_url,status,ticket_no,eta_min,notified_at,checked_in_at,created_at,cancelled_at) VALUES (144,11,50,NULL,'/uploads/program_apply/c6620bc7-a503-40e1-91e4-ae29f2e6915d.png','APPLIED','5697',NULL,NULL,NULL,'2025-08-09 18:01:29',NULL);
INSERT INTO event_program_apply (program_apply_id,program_id,user_id,pet_id,image_url,status,ticket_no,eta_min,notified_at,checked_in_at,created_at,cancelled_at) VALUES (145,11,68,64,'/uploads/program_apply/bf511a5a-6fdb-4c98-a429-9bf7186a0b27.png','APPROVED','6177',28,'2025-09-06 09:14:54',NULL,'2025-09-05 05:32:55',NULL);
INSERT INTO event_program_apply (program_apply_id,program_id,user_id,pet_id,image_url,status,ticket_no,eta_min,notified_at,checked_in_at,created_at,cancelled_at) VALUES (146,11,84,74,'/uploads/program_apply/deffcc8b-2e23-496a-a3d3-45e4f9afb45f.png','APPLIED','9586',NULL,NULL,NULL,'2025-08-24 00:17:01',NULL);
INSERT INTO event_program_apply (program_apply_id,program_id,user_id,pet_id,image_url,status,ticket_no,eta_min,notified_at,checked_in_at,created_at,cancelled_at) VALUES (147,11,67,63,'/uploads/program_apply/bf511a5a-6fdb-4c98-a429-9bf7186a0b27.png','APPLIED','4187',NULL,NULL,NULL,'2025-09-02 21:23:49',NULL);
INSERT INTO event_program_apply (program_apply_id,program_id,user_id,pet_id,image_url,status,ticket_no,eta_min,notified_at,checked_in_at,created_at,cancelled_at) VALUES (148,12,96,91,'/uploads/program_apply/f19d9a9d-d5f0-4738-8ed3-53446ecc0cd8.png','APPROVED','2277',18,'2025-09-07 08:18:19',NULL,'2025-08-26 01:09:34',NULL);
INSERT INTO event_program_apply (program_apply_id,program_id,user_id,pet_id,image_url,status,ticket_no,eta_min,notified_at,checked_in_at,created_at,cancelled_at) VALUES (149,12,18,19,'/uploads/program_apply/deffcc8b-2e23-496a-a3d3-45e4f9afb45f.png','APPROVED','2332',18,'2025-09-07 08:17:36',NULL,'2025-09-05 16:00:28',NULL);
INSERT INTO event_program_apply (program_apply_id,program_id,user_id,pet_id,image_url,status,ticket_no,eta_min,notified_at,checked_in_at,created_at,cancelled_at) VALUES (150,12,95,89,'/uploads/program_apply/bf879bd2-37c8-448a-aad6-dabdb3d30d81.png','APPROVED','3623',28,NULL,NULL,'2025-08-15 03:08:48',NULL);
INSERT INTO event_program_apply (program_apply_id,program_id,user_id,pet_id,image_url,status,ticket_no,eta_min,notified_at,checked_in_at,created_at,cancelled_at) VALUES (151,12,69,NULL,'/uploads/program_apply/b462e29c-c136-4d30-83ff-882ddd5f34a9.png','CANCELLED','8351',NULL,'2025-09-07 08:06:39',NULL,'2025-09-04 23:53:13','2025-09-05 03:04:44');
INSERT INTO event_program_apply (program_apply_id,program_id,user_id,pet_id,image_url,status,ticket_no,eta_min,notified_at,checked_in_at,created_at,cancelled_at) VALUES (152,12,27,30,'/uploads/program_apply/bf511a5a-6fdb-4c98-a429-9bf7186a0b27.png','REJECTED','5464',NULL,NULL,NULL,'2025-09-07 06:54:37',NULL);
INSERT INTO event_program_apply (program_apply_id,program_id,user_id,pet_id,image_url,status,ticket_no,eta_min,notified_at,checked_in_at,created_at,cancelled_at) VALUES (153,12,84,75,'/uploads/program_apply/deffcc8b-2e23-496a-a3d3-45e4f9afb45f.png','CHECKED_IN','8149',NULL,NULL,'2025-09-07 09:09:15','2025-08-28 05:50:16',NULL);
INSERT INTO event_program_apply (program_apply_id,program_id,user_id,pet_id,image_url,status,ticket_no,eta_min,notified_at,checked_in_at,created_at,cancelled_at) VALUES (154,12,41,NULL,'/uploads/program_apply/f19d9a9d-d5f0-4738-8ed3-53446ecc0cd8.png','REJECTED','2499',NULL,NULL,NULL,'2025-08-24 21:26:51',NULL);
INSERT INTO event_program_apply (program_apply_id,program_id,user_id,pet_id,image_url,status,ticket_no,eta_min,notified_at,checked_in_at,created_at,cancelled_at) VALUES (155,12,98,95,'/uploads/program_apply/f280c085-0123-4a39-a33f-d3826f3aa0ed.png','APPLIED','1090',NULL,'2025-09-07 08:13:17',NULL,'2025-09-06 12:52:33',NULL);
INSERT INTO event_program_apply (program_apply_id,program_id,user_id,pet_id,image_url,status,ticket_no,eta_min,notified_at,checked_in_at,created_at,cancelled_at) VALUES (156,12,26,NULL,'/uploads/program_apply/b462e29c-c136-4d30-83ff-882ddd5f34a9.png','APPLIED','4703',NULL,'2025-09-07 08:24:51',NULL,'2025-08-06 05:26:01',NULL);
INSERT INTO event_program_apply (program_apply_id,program_id,user_id,pet_id,image_url,status,ticket_no,eta_min,notified_at,checked_in_at,created_at,cancelled_at) VALUES (157,12,85,77,'/uploads/program_apply/f280c085-0123-4a39-a33f-d3826f3aa0ed.png','APPLIED','8594',NULL,'2025-09-07 08:39:24',NULL,'2025-09-06 07:04:30',NULL);
INSERT INTO event_program_apply (program_apply_id,program_id,user_id,pet_id,image_url,status,ticket_no,eta_min,notified_at,checked_in_at,created_at,cancelled_at) VALUES (158,12,47,48,'/uploads/program_apply/d3457361-9cf3-4f22-a16a-b75c7153056a.png','APPROVED','9572',8,'2025-09-07 08:18:45',NULL,'2025-08-18 11:19:15',NULL);
INSERT INTO event_program_apply (program_apply_id,program_id,user_id,pet_id,image_url,status,ticket_no,eta_min,notified_at,checked_in_at,created_at,cancelled_at) VALUES (159,13,60,56,'/uploads/program_apply/b462e29c-c136-4d30-83ff-882ddd5f34a9.png','APPLIED','6274',NULL,'2024-12-29 16:21:20',NULL,'2024-12-18 02:27:34',NULL);
INSERT INTO event_program_apply (program_apply_id,program_id,user_id,pet_id,image_url,status,ticket_no,eta_min,notified_at,checked_in_at,created_at,cancelled_at) VALUES (160,13,75,69,'/uploads/program_apply/dded599b-c1d9-4238-9dcc-246960a4162c.png','APPLIED','4794',NULL,NULL,NULL,'2024-12-14 19:29:18',NULL);
INSERT INTO event_program_apply (program_apply_id,program_id,user_id,pet_id,image_url,status,ticket_no,eta_min,notified_at,checked_in_at,created_at,cancelled_at) VALUES (161,13,84,74,'/uploads/program_apply/d3457361-9cf3-4f22-a16a-b75c7153056a.png','REJECTED','8390',NULL,NULL,NULL,'2024-12-04 10:08:13',NULL);
INSERT INTO event_program_apply (program_apply_id,program_id,user_id,pet_id,image_url,status,ticket_no,eta_min,notified_at,checked_in_at,created_at,cancelled_at) VALUES (162,13,8,NULL,'/uploads/program_apply/dded599b-c1d9-4238-9dcc-246960a4162c.png','APPLIED','1356',NULL,NULL,NULL,'2024-11-27 03:05:55',NULL);
INSERT INTO event_program_apply (program_apply_id,program_id,user_id,pet_id,image_url,status,ticket_no,eta_min,notified_at,checked_in_at,created_at,cancelled_at) VALUES (163,13,87,79,'/uploads/program_apply/f280c085-0123-4a39-a33f-d3826f3aa0ed.png','APPROVED','1955',13,NULL,NULL,'2024-12-21 03:21:42',NULL);
INSERT INTO event_program_apply (program_apply_id,program_id,user_id,pet_id,image_url,status,ticket_no,eta_min,notified_at,checked_in_at,created_at,cancelled_at) VALUES (164,13,80,73,'/uploads/program_apply/deffcc8b-2e23-496a-a3d3-45e4f9afb45f.png','CANCELLED','2138',NULL,'2024-12-29 15:23:58',NULL,'2024-12-14 03:43:49','2024-12-19 01:42:36');
INSERT INTO event_program_apply (program_apply_id,program_id,user_id,pet_id,image_url,status,ticket_no,eta_min,notified_at,checked_in_at,created_at,cancelled_at) VALUES (165,13,12,11,'/uploads/program_apply/dded599b-c1d9-4238-9dcc-246960a4162c.png','APPROVED','9781',17,NULL,NULL,'2024-12-28 02:08:46',NULL);
INSERT INTO event_program_apply (program_apply_id,program_id,user_id,pet_id,image_url,status,ticket_no,eta_min,notified_at,checked_in_at,created_at,cancelled_at) VALUES (166,13,99,96,'/uploads/program_apply/a6de23d5-27b4-4150-8a68-44fa052d4e28.png','REJECTED','7275',NULL,NULL,NULL,'2024-12-22 00:19:13',NULL);
INSERT INTO event_program_apply (program_apply_id,program_id,user_id,pet_id,image_url,status,ticket_no,eta_min,notified_at,checked_in_at,created_at,cancelled_at) VALUES (167,13,91,82,'/uploads/program_apply/f280c085-0123-4a39-a33f-d3826f3aa0ed.png','APPLIED','6002',NULL,NULL,NULL,'2024-12-13 12:09:11',NULL);
INSERT INTO event_program_apply (program_apply_id,program_id,user_id,pet_id,image_url,status,ticket_no,eta_min,notified_at,checked_in_at,created_at,cancelled_at) VALUES (168,13,73,67,'/uploads/program_apply/f280c085-0123-4a39-a33f-d3826f3aa0ed.png','REJECTED','6140',NULL,NULL,NULL,'2024-12-15 20:48:14',NULL);
INSERT INTO event_program_apply (program_apply_id,program_id,user_id,pet_id,image_url,status,ticket_no,eta_min,notified_at,checked_in_at,created_at,cancelled_at) VALUES (169,13,77,NULL,'/uploads/program_apply/dded599b-c1d9-4238-9dcc-246960a4162c.png','APPROVED','1045',18,NULL,NULL,'2024-12-26 23:05:23',NULL);
INSERT INTO event_program_apply (program_apply_id,program_id,user_id,pet_id,image_url,status,ticket_no,eta_min,notified_at,checked_in_at,created_at,cancelled_at) VALUES (170,13,46,45,'/uploads/program_apply/bf879bd2-37c8-448a-aad6-dabdb3d30d81.png','APPROVED','6902',26,'2024-12-29 15:36:24',NULL,'2024-12-28 01:38:21',NULL);
INSERT INTO event_program_apply (program_apply_id,program_id,user_id,pet_id,image_url,status,ticket_no,eta_min,notified_at,checked_in_at,created_at,cancelled_at) VALUES (171,13,51,50,'/uploads/program_apply/bf879bd2-37c8-448a-aad6-dabdb3d30d81.png','APPLIED','1480',NULL,NULL,NULL,'2024-12-11 04:02:54',NULL);
INSERT INTO event_program_apply (program_apply_id,program_id,user_id,pet_id,image_url,status,ticket_no,eta_min,notified_at,checked_in_at,created_at,cancelled_at) VALUES (172,13,71,65,'/uploads/program_apply/bf511a5a-6fdb-4c98-a429-9bf7186a0b27.png','APPLIED','5220',NULL,'2024-12-29 15:33:13',NULL,'2024-11-04 09:40:59',NULL);
INSERT INTO event_program_apply (program_apply_id,program_id,user_id,pet_id,image_url,status,ticket_no,eta_min,notified_at,checked_in_at,created_at,cancelled_at) VALUES (173,14,91,83,'/uploads/program_apply/bf879bd2-37c8-448a-aad6-dabdb3d30d81.png','APPLIED','7000',NULL,NULL,NULL,'2024-12-03 07:30:55',NULL);
INSERT INTO event_program_apply (program_apply_id,program_id,user_id,pet_id,image_url,status,ticket_no,eta_min,notified_at,checked_in_at,created_at,cancelled_at) VALUES (174,14,4,2,'/uploads/program_apply/bf511a5a-6fdb-4c98-a429-9bf7186a0b27.png','APPLIED','9424',NULL,'2024-12-29 07:27:56',NULL,'2024-12-23 11:51:43',NULL);
INSERT INTO event_program_apply (program_apply_id,program_id,user_id,pet_id,image_url,status,ticket_no,eta_min,notified_at,checked_in_at,created_at,cancelled_at) VALUES (175,14,80,73,'/uploads/program_apply/f280c085-0123-4a39-a33f-d3826f3aa0ed.png','WAITING','7709',5,'2024-12-29 07:22:25',NULL,'2024-12-25 22:26:46',NULL);
INSERT INTO event_program_apply (program_apply_id,program_id,user_id,pet_id,image_url,status,ticket_no,eta_min,notified_at,checked_in_at,created_at,cancelled_at) VALUES (176,14,71,65,'/uploads/program_apply/d3457361-9cf3-4f22-a16a-b75c7153056a.png','APPROVED','9901',22,NULL,NULL,'2024-11-16 01:09:42',NULL);
INSERT INTO event_program_apply (program_apply_id,program_id,user_id,pet_id,image_url,status,ticket_no,eta_min,notified_at,checked_in_at,created_at,cancelled_at) VALUES (177,14,6,7,'/uploads/program_apply/dded599b-c1d9-4238-9dcc-246960a4162c.png','APPLIED','7681',NULL,NULL,NULL,'2024-12-29 06:44:27',NULL);
INSERT INTO event_program_apply (program_apply_id,program_id,user_id,pet_id,image_url,status,ticket_no,eta_min,notified_at,checked_in_at,created_at,cancelled_at) VALUES (178,14,99,96,'/uploads/program_apply/f19d9a9d-d5f0-4738-8ed3-53446ecc0cd8.png','CHECKED_IN','8032',NULL,'2024-12-29 08:00:03','2024-12-29 09:25:49','2024-12-17 17:32:35',NULL);
INSERT INTO event_program_apply (program_apply_id,program_id,user_id,pet_id,image_url,status,ticket_no,eta_min,notified_at,checked_in_at,created_at,cancelled_at) VALUES (179,14,12,11,'/uploads/program_apply/bf511a5a-6fdb-4c98-a429-9bf7186a0b27.png','WAITING','9112',28,'2024-12-29 07:29:04',NULL,'2024-12-27 05:28:05',NULL);
INSERT INTO event_program_apply (program_apply_id,program_id,user_id,pet_id,image_url,status,ticket_no,eta_min,notified_at,checked_in_at,created_at,cancelled_at) VALUES (180,14,33,37,'/uploads/program_apply/6ecaa6ad-9d5c-40b8-972f-bd6db6a69d14.png','APPLIED','2510',NULL,'2024-12-29 08:01:54',NULL,'2024-12-28 14:39:26',NULL);
INSERT INTO event_program_apply (program_apply_id,program_id,user_id,pet_id,image_url,status,ticket_no,eta_min,notified_at,checked_in_at,created_at,cancelled_at) VALUES (181,14,14,14,'/uploads/program_apply/dded599b-c1d9-4238-9dcc-246960a4162c.png','APPLIED','7640',NULL,NULL,NULL,'2024-12-28 07:26:55',NULL);
INSERT INTO event_program_apply (program_apply_id,program_id,user_id,pet_id,image_url,status,ticket_no,eta_min,notified_at,checked_in_at,created_at,cancelled_at) VALUES (182,14,84,75,'/uploads/program_apply/6ecaa6ad-9d5c-40b8-972f-bd6db6a69d14.png','REJECTED','4124',NULL,NULL,NULL,'2024-12-04 17:46:41',NULL);
INSERT INTO event_program_apply (program_apply_id,program_id,user_id,pet_id,image_url,status,ticket_no,eta_min,notified_at,checked_in_at,created_at,cancelled_at) VALUES (183,15,48,49,'/uploads/program_apply/deffcc8b-2e23-496a-a3d3-45e4f9afb45f.png','APPROVED','3923',14,NULL,NULL,'2024-09-26 18:34:14',NULL);
INSERT INTO event_program_apply (program_apply_id,program_id,user_id,pet_id,image_url,status,ticket_no,eta_min,notified_at,checked_in_at,created_at,cancelled_at) VALUES (184,15,3,1,'/uploads/program_apply/6ecaa6ad-9d5c-40b8-972f-bd6db6a69d14.png','WAITING','7936',21,'2024-09-28 09:10:01',NULL,'2024-09-27 16:44:10',NULL);
INSERT INTO event_program_apply (program_apply_id,program_id,user_id,pet_id,image_url,status,ticket_no,eta_min,notified_at,checked_in_at,created_at,cancelled_at) VALUES (185,15,69,NULL,'/uploads/program_apply/f280c085-0123-4a39-a33f-d3826f3aa0ed.png','APPLIED','7996',NULL,NULL,NULL,'2024-09-01 17:44:35',NULL);
INSERT INTO event_program_apply (program_apply_id,program_id,user_id,pet_id,image_url,status,ticket_no,eta_min,notified_at,checked_in_at,created_at,cancelled_at) VALUES (186,15,66,61,'/uploads/program_apply/c6620bc7-a503-40e1-91e4-ae29f2e6915d.png','APPROVED','1652',23,NULL,NULL,'2024-09-11 22:00:42',NULL);
INSERT INTO event_program_apply (program_apply_id,program_id,user_id,pet_id,image_url,status,ticket_no,eta_min,notified_at,checked_in_at,created_at,cancelled_at) VALUES (187,15,97,92,'/uploads/program_apply/c6620bc7-a503-40e1-91e4-ae29f2e6915d.png','APPLIED','1126',NULL,NULL,NULL,'2024-09-07 23:48:46',NULL);
INSERT INTO event_program_apply (program_apply_id,program_id,user_id,pet_id,image_url,status,ticket_no,eta_min,notified_at,checked_in_at,created_at,cancelled_at) VALUES (188,15,37,NULL,'/uploads/program_apply/6ecaa6ad-9d5c-40b8-972f-bd6db6a69d14.png','APPROVED','1746',26,NULL,NULL,'2024-09-28 08:57:31',NULL);
INSERT INTO event_program_apply (program_apply_id,program_id,user_id,pet_id,image_url,status,ticket_no,eta_min,notified_at,checked_in_at,created_at,cancelled_at) VALUES (189,16,19,22,'/uploads/program_apply/b462e29c-c136-4d30-83ff-882ddd5f34a9.png','WAITING','2227',10,NULL,NULL,'2024-09-24 16:47:58',NULL);
INSERT INTO event_program_apply (program_apply_id,program_id,user_id,pet_id,image_url,status,ticket_no,eta_min,notified_at,checked_in_at,created_at,cancelled_at) VALUES (190,16,69,NULL,'/uploads/program_apply/f280c085-0123-4a39-a33f-d3826f3aa0ed.png','APPLIED','6293',NULL,NULL,NULL,'2024-08-24 17:50:31',NULL);
INSERT INTO event_program_apply (program_apply_id,program_id,user_id,pet_id,image_url,status,ticket_no,eta_min,notified_at,checked_in_at,created_at,cancelled_at) VALUES (191,16,97,93,'/uploads/program_apply/bf511a5a-6fdb-4c98-a429-9bf7186a0b27.png','APPLIED','8044',NULL,NULL,NULL,'2024-09-15 02:27:23',NULL);
INSERT INTO event_program_apply (program_apply_id,program_id,user_id,pet_id,image_url,status,ticket_no,eta_min,notified_at,checked_in_at,created_at,cancelled_at) VALUES (192,16,3,1,'/uploads/program_apply/6ecaa6ad-9d5c-40b8-972f-bd6db6a69d14.png','APPLIED','5734',NULL,NULL,NULL,'2024-09-16 08:41:19',NULL);
INSERT INTO event_program_apply (program_apply_id,program_id,user_id,pet_id,image_url,status,ticket_no,eta_min,notified_at,checked_in_at,created_at,cancelled_at) VALUES (193,16,48,49,'/uploads/program_apply/f19d9a9d-d5f0-4738-8ed3-53446ecc0cd8.png','CHECKED_IN','8677',NULL,NULL,'2024-09-30 08:12:35','2024-09-29 13:27:18',NULL);
INSERT INTO event_program_apply (program_apply_id,program_id,user_id,pet_id,image_url,status,ticket_no,eta_min,notified_at,checked_in_at,created_at,cancelled_at) VALUES (194,16,53,NULL,'/uploads/program_apply/f280c085-0123-4a39-a33f-d3826f3aa0ed.png','REJECTED','2023',NULL,NULL,NULL,'2024-09-11 15:08:13',NULL);
INSERT INTO event_program_apply (program_apply_id,program_id,user_id,pet_id,image_url,status,ticket_no,eta_min,notified_at,checked_in_at,created_at,cancelled_at) VALUES (195,17,93,85,'/uploads/program_apply/dded599b-c1d9-4238-9dcc-246960a4162c.png','WAITING','6038',25,'2024-12-16 14:04:22',NULL,'2024-11-16 16:51:07',NULL);
INSERT INTO event_program_apply (program_apply_id,program_id,user_id,pet_id,image_url,status,ticket_no,eta_min,notified_at,checked_in_at,created_at,cancelled_at) VALUES (196,17,66,61,'/uploads/program_apply/c6620bc7-a503-40e1-91e4-ae29f2e6915d.png','REJECTED','2366',NULL,NULL,NULL,'2024-12-07 08:25:54',NULL);
INSERT INTO event_program_apply (program_apply_id,program_id,user_id,pet_id,image_url,status,ticket_no,eta_min,notified_at,checked_in_at,created_at,cancelled_at) VALUES (197,17,1,NULL,'/uploads/program_apply/a6de23d5-27b4-4150-8a68-44fa052d4e28.png','APPROVED','7127',17,'2024-12-16 14:01:21',NULL,'2024-11-17 11:07:47',NULL);
INSERT INTO event_program_apply (program_apply_id,program_id,user_id,pet_id,image_url,status,ticket_no,eta_min,notified_at,checked_in_at,created_at,cancelled_at) VALUES (198,17,80,73,'/uploads/program_apply/c6620bc7-a503-40e1-91e4-ae29f2e6915d.png','CHECKED_IN','4777',NULL,NULL,'2024-12-16 17:13:52','2024-12-11 19:55:47',NULL);
INSERT INTO event_program_apply (program_apply_id,program_id,user_id,pet_id,image_url,status,ticket_no,eta_min,notified_at,checked_in_at,created_at,cancelled_at) VALUES (199,17,89,NULL,'/uploads/program_apply/bf511a5a-6fdb-4c98-a429-9bf7186a0b27.png','REJECTED','7874',NULL,'2024-12-16 14:19:23',NULL,'2024-12-14 15:28:13',NULL);
INSERT INTO event_program_apply (program_apply_id,program_id,user_id,pet_id,image_url,status,ticket_no,eta_min,notified_at,checked_in_at,created_at,cancelled_at) VALUES (200,17,9,NULL,'/uploads/program_apply/bf879bd2-37c8-448a-aad6-dabdb3d30d81.png','APPROVED','5798',22,NULL,NULL,'2024-12-09 15:50:20',NULL);
INSERT INTO event_program_apply (program_apply_id,program_id,user_id,pet_id,image_url,status,ticket_no,eta_min,notified_at,checked_in_at,created_at,cancelled_at) VALUES (201,17,76,70,'/uploads/program_apply/f19d9a9d-d5f0-4738-8ed3-53446ecc0cd8.png','CANCELLED','7651',NULL,NULL,NULL,'2024-12-14 18:40:04','2024-12-15 07:46:55');
INSERT INTO event_program_apply (program_apply_id,program_id,user_id,pet_id,image_url,status,ticket_no,eta_min,notified_at,checked_in_at,created_at,cancelled_at) VALUES (202,18,37,NULL,'/uploads/program_apply/a6de23d5-27b4-4150-8a68-44fa052d4e28.png','APPROVED','4408',17,NULL,NULL,'2024-11-10 23:16:30',NULL);
INSERT INTO event_program_apply (program_apply_id,program_id,user_id,pet_id,image_url,status,ticket_no,eta_min,notified_at,checked_in_at,created_at,cancelled_at) VALUES (203,18,44,NULL,'/uploads/program_apply/d3457361-9cf3-4f22-a16a-b75c7153056a.png','CANCELLED','6845',NULL,NULL,NULL,'2024-10-28 11:22:27','2024-12-04 17:44:31');
INSERT INTO event_program_apply (program_apply_id,program_id,user_id,pet_id,image_url,status,ticket_no,eta_min,notified_at,checked_in_at,created_at,cancelled_at) VALUES (204,18,68,64,'/uploads/program_apply/deffcc8b-2e23-496a-a3d3-45e4f9afb45f.png','APPLIED','9645',NULL,NULL,NULL,'2024-12-15 06:31:29',NULL);
INSERT INTO event_program_apply (program_apply_id,program_id,user_id,pet_id,image_url,status,ticket_no,eta_min,notified_at,checked_in_at,created_at,cancelled_at) VALUES (205,18,89,NULL,'/uploads/program_apply/a6de23d5-27b4-4150-8a68-44fa052d4e28.png','APPLIED','2764',NULL,NULL,NULL,'2024-12-13 16:16:08',NULL);
INSERT INTO event_program_apply (program_apply_id,program_id,user_id,pet_id,image_url,status,ticket_no,eta_min,notified_at,checked_in_at,created_at,cancelled_at) VALUES (206,18,79,NULL,'/uploads/program_apply/bf511a5a-6fdb-4c98-a429-9bf7186a0b27.png','APPROVED','5459',11,NULL,NULL,'2024-11-30 03:43:18',NULL);
INSERT INTO event_program_apply (program_apply_id,program_id,user_id,pet_id,image_url,status,ticket_no,eta_min,notified_at,checked_in_at,created_at,cancelled_at) VALUES (207,18,76,70,'/uploads/program_apply/6ecaa6ad-9d5c-40b8-972f-bd6db6a69d14.png','CHECKED_IN','7499',NULL,'2024-12-16 13:09:08','2024-12-16 15:00:06','2024-12-15 15:12:37',NULL);
INSERT INTO event_program_apply (program_apply_id,program_id,user_id,pet_id,image_url,status,ticket_no,eta_min,notified_at,checked_in_at,created_at,cancelled_at) VALUES (208,18,18,20,'/uploads/program_apply/f19d9a9d-d5f0-4738-8ed3-53446ecc0cd8.png','APPLIED','9671',NULL,'2024-12-16 13:03:05',NULL,'2024-12-11 08:14:17',NULL);
INSERT INTO event_program_apply (program_apply_id,program_id,user_id,pet_id,image_url,status,ticket_no,eta_min,notified_at,checked_in_at,created_at,cancelled_at) VALUES (209,18,69,NULL,'/uploads/program_apply/bf879bd2-37c8-448a-aad6-dabdb3d30d81.png','APPROVED','8228',15,NULL,NULL,'2024-11-29 20:05:39',NULL);
INSERT INTO event_program_apply (program_apply_id,program_id,user_id,pet_id,image_url,status,ticket_no,eta_min,notified_at,checked_in_at,created_at,cancelled_at) VALUES (210,18,85,76,'/uploads/program_apply/bf879bd2-37c8-448a-aad6-dabdb3d30d81.png','APPROVED','5890',28,'2024-12-16 13:23:54',NULL,'2024-11-30 23:47:23',NULL);
INSERT INTO event_program_apply (program_apply_id,program_id,user_id,pet_id,image_url,status,ticket_no,eta_min,notified_at,checked_in_at,created_at,cancelled_at) VALUES (211,18,39,NULL,'/uploads/program_apply/dded599b-c1d9-4238-9dcc-246960a4162c.png','APPLIED','8990',NULL,NULL,NULL,'2024-12-02 02:54:39',NULL);
INSERT INTO event_program_apply (program_apply_id,program_id,user_id,pet_id,image_url,status,ticket_no,eta_min,notified_at,checked_in_at,created_at,cancelled_at) VALUES (212,18,63,58,'/uploads/program_apply/6ecaa6ad-9d5c-40b8-972f-bd6db6a69d14.png','WAITING','6695',13,NULL,NULL,'2024-12-04 10:59:06',NULL);
INSERT INTO event_program_apply (program_apply_id,program_id,user_id,pet_id,image_url,status,ticket_no,eta_min,notified_at,checked_in_at,created_at,cancelled_at) VALUES (213,18,99,96,'/uploads/program_apply/a6de23d5-27b4-4150-8a68-44fa052d4e28.png','APPROVED','1878',9,NULL,NULL,'2024-11-25 19:52:07',NULL);
INSERT INTO event_program_apply (program_apply_id,program_id,user_id,pet_id,image_url,status,ticket_no,eta_min,notified_at,checked_in_at,created_at,cancelled_at) VALUES (214,18,1,NULL,'/uploads/program_apply/deffcc8b-2e23-496a-a3d3-45e4f9afb45f.png','APPROVED','3335',24,'2024-12-16 13:11:15',NULL,'2024-11-12 08:02:47',NULL);
INSERT INTO event_program_apply (program_apply_id,program_id,user_id,pet_id,image_url,status,ticket_no,eta_min,notified_at,checked_in_at,created_at,cancelled_at) VALUES (215,18,64,59,'/uploads/program_apply/bf879bd2-37c8-448a-aad6-dabdb3d30d81.png','APPLIED','7607',NULL,NULL,NULL,'2024-12-09 05:43:38',NULL);
INSERT INTO event_program_apply (program_apply_id,program_id,user_id,pet_id,image_url,status,ticket_no,eta_min,notified_at,checked_in_at,created_at,cancelled_at) VALUES (216,19,22,25,'/uploads/program_apply/f19d9a9d-d5f0-4738-8ed3-53446ecc0cd8.png','REJECTED','5080',NULL,'2025-08-15 20:03:10',NULL,'2025-08-05 20:46:26',NULL);
INSERT INTO event_program_apply (program_apply_id,program_id,user_id,pet_id,image_url,status,ticket_no,eta_min,notified_at,checked_in_at,created_at,cancelled_at) VALUES (217,19,83,NULL,'/uploads/program_apply/f19d9a9d-d5f0-4738-8ed3-53446ecc0cd8.png','REJECTED','6169',NULL,NULL,NULL,'2025-07-07 21:34:22',NULL);
INSERT INTO event_program_apply (program_apply_id,program_id,user_id,pet_id,image_url,status,ticket_no,eta_min,notified_at,checked_in_at,created_at,cancelled_at) VALUES (218,19,55,NULL,'/uploads/program_apply/f280c085-0123-4a39-a33f-d3826f3aa0ed.png','APPLIED','6969',NULL,'2025-08-15 20:49:49',NULL,'2025-08-07 11:50:45',NULL);
INSERT INTO event_program_apply (program_apply_id,program_id,user_id,pet_id,image_url,status,ticket_no,eta_min,notified_at,checked_in_at,created_at,cancelled_at) VALUES (219,19,67,63,'/uploads/program_apply/6ecaa6ad-9d5c-40b8-972f-bd6db6a69d14.png','CANCELLED','7944',NULL,NULL,NULL,'2025-08-05 21:49:56','2025-08-08 11:00:58');
INSERT INTO event_program_apply (program_apply_id,program_id,user_id,pet_id,image_url,status,ticket_no,eta_min,notified_at,checked_in_at,created_at,cancelled_at) VALUES (220,19,36,40,'/uploads/program_apply/f19d9a9d-d5f0-4738-8ed3-53446ecc0cd8.png','APPROVED','8221',23,NULL,NULL,'2025-06-21 08:32:06',NULL);
INSERT INTO event_program_apply (program_apply_id,program_id,user_id,pet_id,image_url,status,ticket_no,eta_min,notified_at,checked_in_at,created_at,cancelled_at) VALUES (221,19,70,NULL,'/uploads/program_apply/a6de23d5-27b4-4150-8a68-44fa052d4e28.png','APPLIED','8062',NULL,NULL,NULL,'2025-08-09 08:40:57',NULL);
INSERT INTO event_program_apply (program_apply_id,program_id,user_id,pet_id,image_url,status,ticket_no,eta_min,notified_at,checked_in_at,created_at,cancelled_at) VALUES (222,19,99,96,'/uploads/program_apply/dded599b-c1d9-4238-9dcc-246960a4162c.png','APPLIED','1654',NULL,'2025-08-15 20:08:52',NULL,'2025-08-09 15:04:26',NULL);
INSERT INTO event_program_apply (program_apply_id,program_id,user_id,pet_id,image_url,status,ticket_no,eta_min,notified_at,checked_in_at,created_at,cancelled_at) VALUES (223,19,5,4,'/uploads/program_apply/f280c085-0123-4a39-a33f-d3826f3aa0ed.png','REJECTED','7397',NULL,NULL,NULL,'2025-07-30 04:02:27',NULL);
INSERT INTO event_program_apply (program_apply_id,program_id,user_id,pet_id,image_url,status,ticket_no,eta_min,notified_at,checked_in_at,created_at,cancelled_at) VALUES (224,19,93,85,'/uploads/program_apply/bf511a5a-6fdb-4c98-a429-9bf7186a0b27.png','APPROVED','8928',7,NULL,NULL,'2025-08-11 00:48:02',NULL);
INSERT INTO event_program_apply (program_apply_id,program_id,user_id,pet_id,image_url,status,ticket_no,eta_min,notified_at,checked_in_at,created_at,cancelled_at) VALUES (225,19,25,29,'/uploads/program_apply/dded599b-c1d9-4238-9dcc-246960a4162c.png','REJECTED','4120',NULL,NULL,NULL,'2025-08-06 20:53:17',NULL);
INSERT INTO event_program_apply (program_apply_id,program_id,user_id,pet_id,image_url,status,ticket_no,eta_min,notified_at,checked_in_at,created_at,cancelled_at) VALUES (226,19,91,83,'/uploads/program_apply/dded599b-c1d9-4238-9dcc-246960a4162c.png','APPROVED','9005',28,NULL,NULL,'2025-07-12 07:29:56',NULL);
INSERT INTO event_program_apply (program_apply_id,program_id,user_id,pet_id,image_url,status,ticket_no,eta_min,notified_at,checked_in_at,created_at,cancelled_at) VALUES (227,20,96,91,'/uploads/program_apply/f280c085-0123-4a39-a33f-d3826f3aa0ed.png','APPROVED','6032',24,NULL,NULL,'2025-08-03 08:47:01',NULL);
INSERT INTO event_program_apply (program_apply_id,program_id,user_id,pet_id,image_url,status,ticket_no,eta_min,notified_at,checked_in_at,created_at,cancelled_at) VALUES (228,20,37,NULL,'/uploads/program_apply/f280c085-0123-4a39-a33f-d3826f3aa0ed.png','CHECKED_IN','3097',NULL,'2025-08-16 04:40:56','2025-08-16 07:47:41','2025-08-15 03:48:46',NULL);
INSERT INTO event_program_apply (program_apply_id,program_id,user_id,pet_id,image_url,status,ticket_no,eta_min,notified_at,checked_in_at,created_at,cancelled_at) VALUES (229,20,44,NULL,'/uploads/program_apply/bf511a5a-6fdb-4c98-a429-9bf7186a0b27.png','APPLIED','7356',NULL,NULL,NULL,'2025-08-11 12:32:18',NULL);
INSERT INTO event_program_apply (program_apply_id,program_id,user_id,pet_id,image_url,status,ticket_no,eta_min,notified_at,checked_in_at,created_at,cancelled_at) VALUES (230,20,67,63,'/uploads/program_apply/6ecaa6ad-9d5c-40b8-972f-bd6db6a69d14.png','CANCELLED','2571',NULL,'2025-08-16 04:03:09',NULL,'2025-08-10 16:11:44','2025-08-10 19:35:32');
INSERT INTO event_program_apply (program_apply_id,program_id,user_id,pet_id,image_url,status,ticket_no,eta_min,notified_at,checked_in_at,created_at,cancelled_at) VALUES (231,20,83,NULL,'/uploads/program_apply/a6de23d5-27b4-4150-8a68-44fa052d4e28.png','APPROVED','8769',26,'2025-08-16 04:17:41',NULL,'2025-07-18 15:34:16',NULL);
INSERT INTO event_program_apply (program_apply_id,program_id,user_id,pet_id,image_url,status,ticket_no,eta_min,notified_at,checked_in_at,created_at,cancelled_at) VALUES (232,20,10,NULL,'/uploads/program_apply/6ecaa6ad-9d5c-40b8-972f-bd6db6a69d14.png','APPROVED','7757',7,'2025-08-16 04:51:42',NULL,'2025-08-15 06:23:45',NULL);
INSERT INTO event_program_apply (program_apply_id,program_id,user_id,pet_id,image_url,status,ticket_no,eta_min,notified_at,checked_in_at,created_at,cancelled_at) VALUES (233,20,91,83,'/uploads/program_apply/d3457361-9cf3-4f22-a16a-b75c7153056a.png','APPROVED','5808',9,NULL,NULL,'2025-07-24 16:57:58',NULL);
INSERT INTO event_program_apply (program_apply_id,program_id,user_id,pet_id,image_url,status,ticket_no,eta_min,notified_at,checked_in_at,created_at,cancelled_at) VALUES (234,20,22,24,'/uploads/program_apply/a6de23d5-27b4-4150-8a68-44fa052d4e28.png','APPROVED','6926',18,NULL,NULL,'2025-08-15 21:51:10',NULL);
INSERT INTO event_program_apply (program_apply_id,program_id,user_id,pet_id,image_url,status,ticket_no,eta_min,notified_at,checked_in_at,created_at,cancelled_at) VALUES (235,20,36,41,'/uploads/program_apply/deffcc8b-2e23-496a-a3d3-45e4f9afb45f.png','APPROVED','2837',9,'2025-08-16 04:19:26',NULL,'2025-06-17 15:58:00',NULL);
INSERT INTO event_program_apply (program_apply_id,program_id,user_id,pet_id,image_url,status,ticket_no,eta_min,notified_at,checked_in_at,created_at,cancelled_at) VALUES (236,21,31,34,'/uploads/program_apply/deffcc8b-2e23-496a-a3d3-45e4f9afb45f.png','REJECTED','2433',NULL,'2025-04-28 01:21:36',NULL,'2025-04-22 06:23:19',NULL);
INSERT INTO event_program_apply (program_apply_id,program_id,user_id,pet_id,image_url,status,ticket_no,eta_min,notified_at,checked_in_at,created_at,cancelled_at) VALUES (237,21,85,77,'/uploads/program_apply/f19d9a9d-d5f0-4738-8ed3-53446ecc0cd8.png','CHECKED_IN','4616',NULL,NULL,'2025-04-28 04:15:06','2025-04-18 20:50:40',NULL);
INSERT INTO event_program_apply (program_apply_id,program_id,user_id,pet_id,image_url,status,ticket_no,eta_min,notified_at,checked_in_at,created_at,cancelled_at) VALUES (238,21,46,46,'/uploads/program_apply/d3457361-9cf3-4f22-a16a-b75c7153056a.png','APPLIED','9180',NULL,NULL,NULL,'2025-03-14 10:38:02',NULL);
INSERT INTO event_program_apply (program_apply_id,program_id,user_id,pet_id,image_url,status,ticket_no,eta_min,notified_at,checked_in_at,created_at,cancelled_at) VALUES (239,21,10,NULL,'/uploads/program_apply/bf879bd2-37c8-448a-aad6-dabdb3d30d81.png','APPLIED','8420',NULL,NULL,NULL,'2025-04-12 06:30:44',NULL);
INSERT INTO event_program_apply (program_apply_id,program_id,user_id,pet_id,image_url,status,ticket_no,eta_min,notified_at,checked_in_at,created_at,cancelled_at) VALUES (240,21,100,97,'/uploads/program_apply/f19d9a9d-d5f0-4738-8ed3-53446ecc0cd8.png','APPROVED','3207',15,NULL,NULL,'2025-04-08 22:35:08',NULL);
INSERT INTO event_program_apply (program_apply_id,program_id,user_id,pet_id,image_url,status,ticket_no,eta_min,notified_at,checked_in_at,created_at,cancelled_at) VALUES (241,22,84,75,'/uploads/program_apply/f280c085-0123-4a39-a33f-d3826f3aa0ed.png','APPROVED','6150',5,NULL,NULL,'2025-03-18 03:01:08',NULL);
INSERT INTO event_program_apply (program_apply_id,program_id,user_id,pet_id,image_url,status,ticket_no,eta_min,notified_at,checked_in_at,created_at,cancelled_at) VALUES (242,22,100,97,'/uploads/program_apply/bf511a5a-6fdb-4c98-a429-9bf7186a0b27.png','APPROVED','6798',13,NULL,NULL,'2025-03-27 17:26:16',NULL);
INSERT INTO event_program_apply (program_apply_id,program_id,user_id,pet_id,image_url,status,ticket_no,eta_min,notified_at,checked_in_at,created_at,cancelled_at) VALUES (243,22,46,45,'/uploads/program_apply/deffcc8b-2e23-496a-a3d3-45e4f9afb45f.png','APPROVED','1012',9,'2025-04-28 10:50:36',NULL,'2025-03-21 05:46:39',NULL);
INSERT INTO event_program_apply (program_apply_id,program_id,user_id,pet_id,image_url,status,ticket_no,eta_min,notified_at,checked_in_at,created_at,cancelled_at) VALUES (244,22,41,NULL,'/uploads/program_apply/bf511a5a-6fdb-4c98-a429-9bf7186a0b27.png','APPLIED','9331',NULL,NULL,NULL,'2025-04-15 00:53:00',NULL);
INSERT INTO event_program_apply (program_apply_id,program_id,user_id,pet_id,image_url,status,ticket_no,eta_min,notified_at,checked_in_at,created_at,cancelled_at) VALUES (245,22,76,70,'/uploads/program_apply/dded599b-c1d9-4238-9dcc-246960a4162c.png','WAITING','2500',25,'2025-04-28 10:45:33',NULL,'2025-04-17 22:03:02',NULL);
INSERT INTO event_program_apply (program_apply_id,program_id,user_id,pet_id,image_url,status,ticket_no,eta_min,notified_at,checked_in_at,created_at,cancelled_at) VALUES (246,22,97,93,'/uploads/program_apply/dded599b-c1d9-4238-9dcc-246960a4162c.png','APPLIED','4162',NULL,NULL,NULL,'2025-03-15 13:15:48',NULL);
INSERT INTO event_program_apply (program_apply_id,program_id,user_id,pet_id,image_url,status,ticket_no,eta_min,notified_at,checked_in_at,created_at,cancelled_at) VALUES (247,22,54,NULL,'/uploads/program_apply/c6620bc7-a503-40e1-91e4-ae29f2e6915d.png','CHECKED_IN','4376',NULL,NULL,'2025-04-28 13:37:05','2025-03-13 10:10:53',NULL);
INSERT INTO event_program_apply (program_apply_id,program_id,user_id,pet_id,image_url,status,ticket_no,eta_min,notified_at,checked_in_at,created_at,cancelled_at) VALUES (248,22,56,51,'/uploads/program_apply/a6de23d5-27b4-4150-8a68-44fa052d4e28.png','REJECTED','4992',NULL,NULL,NULL,'2025-03-31 02:52:37',NULL);
INSERT INTO event_program_apply (program_apply_id,program_id,user_id,pet_id,image_url,status,ticket_no,eta_min,notified_at,checked_in_at,created_at,cancelled_at) VALUES (249,22,23,NULL,'/uploads/program_apply/bf879bd2-37c8-448a-aad6-dabdb3d30d81.png','CHECKED_IN','7817',NULL,NULL,'2025-04-28 13:15:04','2025-04-17 22:51:18',NULL);
INSERT INTO event_program_apply (program_apply_id,program_id,user_id,pet_id,image_url,status,ticket_no,eta_min,notified_at,checked_in_at,created_at,cancelled_at) VALUES (250,22,21,NULL,'/uploads/program_apply/6ecaa6ad-9d5c-40b8-972f-bd6db6a69d14.png','REJECTED','6396',NULL,NULL,NULL,'2025-04-18 23:13:49',NULL);
INSERT INTO event_program_apply (program_apply_id,program_id,user_id,pet_id,image_url,status,ticket_no,eta_min,notified_at,checked_in_at,created_at,cancelled_at) VALUES (251,22,10,NULL,'/uploads/program_apply/bf511a5a-6fdb-4c98-a429-9bf7186a0b27.png','APPLIED','9858',NULL,NULL,NULL,'2025-04-15 00:56:51',NULL);
INSERT INTO event_program_apply (program_apply_id,program_id,user_id,pet_id,image_url,status,ticket_no,eta_min,notified_at,checked_in_at,created_at,cancelled_at) VALUES (252,22,35,NULL,'/uploads/program_apply/deffcc8b-2e23-496a-a3d3-45e4f9afb45f.png','APPLIED','9262',NULL,NULL,NULL,'2025-04-02 08:03:49',NULL);
INSERT INTO event_program_apply (program_apply_id,program_id,user_id,pet_id,image_url,status,ticket_no,eta_min,notified_at,checked_in_at,created_at,cancelled_at) VALUES (253,22,29,33,'/uploads/program_apply/f280c085-0123-4a39-a33f-d3826f3aa0ed.png','CHECKED_IN','7841',NULL,NULL,'2025-04-28 11:49:21','2025-03-24 02:38:43',NULL);
INSERT INTO event_program_apply (program_apply_id,program_id,user_id,pet_id,image_url,status,ticket_no,eta_min,notified_at,checked_in_at,created_at,cancelled_at) VALUES (254,22,91,83,'/uploads/program_apply/b462e29c-c136-4d30-83ff-882ddd5f34a9.png','APPLIED','4216',NULL,NULL,NULL,'2025-04-25 08:13:58',NULL);
INSERT INTO event_program_apply (program_apply_id,program_id,user_id,pet_id,image_url,status,ticket_no,eta_min,notified_at,checked_in_at,created_at,cancelled_at) VALUES (255,22,71,65,'/uploads/program_apply/d3457361-9cf3-4f22-a16a-b75c7153056a.png','APPLIED','8991',NULL,'2025-04-28 10:42:55',NULL,'2025-04-24 08:39:20',NULL);
INSERT INTO event_program_apply (program_apply_id,program_id,user_id,pet_id,image_url,status,ticket_no,eta_min,notified_at,checked_in_at,created_at,cancelled_at) VALUES (256,22,70,NULL,'/uploads/program_apply/d3457361-9cf3-4f22-a16a-b75c7153056a.png','CANCELLED','7326',NULL,NULL,NULL,'2025-04-08 04:59:38','2025-04-21 15:43:43');
INSERT INTO event_program_apply (program_apply_id,program_id,user_id,pet_id,image_url,status,ticket_no,eta_min,notified_at,checked_in_at,created_at,cancelled_at) VALUES (257,22,81,NULL,'/uploads/program_apply/f280c085-0123-4a39-a33f-d3826f3aa0ed.png','APPLIED','6541',NULL,'2025-04-28 10:38:58',NULL,'2025-04-20 10:47:24',NULL);
INSERT INTO event_program_apply (program_apply_id,program_id,user_id,pet_id,image_url,status,ticket_no,eta_min,notified_at,checked_in_at,created_at,cancelled_at) VALUES (258,22,87,79,'/uploads/program_apply/bf879bd2-37c8-448a-aad6-dabdb3d30d81.png','APPLIED','2040',NULL,NULL,NULL,'2025-04-24 14:50:15',NULL);
INSERT INTO event_program_apply (program_apply_id,program_id,user_id,pet_id,image_url,status,ticket_no,eta_min,notified_at,checked_in_at,created_at,cancelled_at) VALUES (259,23,72,66,'/uploads/program_apply/bf511a5a-6fdb-4c98-a429-9bf7186a0b27.png','WAITING','3458',22,NULL,NULL,'2026-02-03 11:41:41',NULL);
INSERT INTO event_program_apply (program_apply_id,program_id,user_id,pet_id,image_url,status,ticket_no,eta_min,notified_at,checked_in_at,created_at,cancelled_at) VALUES (260,23,20,23,'/uploads/program_apply/dded599b-c1d9-4238-9dcc-246960a4162c.png','APPLIED','6556',NULL,NULL,NULL,'2026-02-04 22:53:04',NULL);
INSERT INTO event_program_apply (program_apply_id,program_id,user_id,pet_id,image_url,status,ticket_no,eta_min,notified_at,checked_in_at,created_at,cancelled_at) VALUES (261,23,48,49,'/uploads/program_apply/bf879bd2-37c8-448a-aad6-dabdb3d30d81.png','APPLIED','5721',NULL,NULL,NULL,'2026-01-08 17:23:58',NULL);
INSERT INTO event_program_apply (program_apply_id,program_id,user_id,pet_id,image_url,status,ticket_no,eta_min,notified_at,checked_in_at,created_at,cancelled_at) VALUES (262,23,93,85,'/uploads/program_apply/deffcc8b-2e23-496a-a3d3-45e4f9afb45f.png','APPROVED','6571',16,NULL,NULL,'2026-01-23 11:58:11',NULL);
INSERT INTO event_program_apply (program_apply_id,program_id,user_id,pet_id,image_url,status,ticket_no,eta_min,notified_at,checked_in_at,created_at,cancelled_at) VALUES (263,23,14,14,'/uploads/program_apply/deffcc8b-2e23-496a-a3d3-45e4f9afb45f.png','REJECTED','4274',NULL,NULL,NULL,'2026-01-21 21:43:57',NULL);
INSERT INTO event_program_apply (program_apply_id,program_id,user_id,pet_id,image_url,status,ticket_no,eta_min,notified_at,checked_in_at,created_at,cancelled_at) VALUES (264,23,85,76,'/uploads/program_apply/b462e29c-c136-4d30-83ff-882ddd5f34a9.png','APPROVED','3147',17,NULL,NULL,'2026-02-05 10:41:27',NULL);
INSERT INTO event_program_apply (program_apply_id,program_id,user_id,pet_id,image_url,status,ticket_no,eta_min,notified_at,checked_in_at,created_at,cancelled_at) VALUES (265,23,98,95,'/uploads/program_apply/d3457361-9cf3-4f22-a16a-b75c7153056a.png','APPROVED','6976',26,NULL,NULL,'2026-01-09 19:39:27',NULL);
INSERT INTO event_program_apply (program_apply_id,program_id,user_id,pet_id,image_url,status,ticket_no,eta_min,notified_at,checked_in_at,created_at,cancelled_at) VALUES (266,23,40,NULL,'/uploads/program_apply/bf879bd2-37c8-448a-aad6-dabdb3d30d81.png','CANCELLED','1855',NULL,NULL,NULL,'2026-02-08 20:06:53','2026-02-09 00:05:16');
INSERT INTO event_program_apply (program_apply_id,program_id,user_id,pet_id,image_url,status,ticket_no,eta_min,notified_at,checked_in_at,created_at,cancelled_at) VALUES (267,23,39,NULL,'/uploads/program_apply/f19d9a9d-d5f0-4738-8ed3-53446ecc0cd8.png','APPLIED','7773',NULL,NULL,NULL,'2026-02-08 09:23:01',NULL);
INSERT INTO event_program_apply (program_apply_id,program_id,user_id,pet_id,image_url,status,ticket_no,eta_min,notified_at,checked_in_at,created_at,cancelled_at) VALUES (268,23,45,NULL,'/uploads/program_apply/6ecaa6ad-9d5c-40b8-972f-bd6db6a69d14.png','REJECTED','8678',NULL,NULL,NULL,'2026-02-04 21:31:47',NULL);
INSERT INTO event_program_apply (program_apply_id,program_id,user_id,pet_id,image_url,status,ticket_no,eta_min,notified_at,checked_in_at,created_at,cancelled_at) VALUES (269,23,52,NULL,'/uploads/program_apply/c6620bc7-a503-40e1-91e4-ae29f2e6915d.png','APPROVED','1955',13,'2026-02-10 00:25:16',NULL,'2026-02-04 17:08:24',NULL);
INSERT INTO event_program_apply (program_apply_id,program_id,user_id,pet_id,image_url,status,ticket_no,eta_min,notified_at,checked_in_at,created_at,cancelled_at) VALUES (270,23,25,29,'/uploads/program_apply/a6de23d5-27b4-4150-8a68-44fa052d4e28.png','APPROVED','3439',6,NULL,NULL,'2026-02-09 15:19:21',NULL);
INSERT INTO event_program_apply (program_apply_id,program_id,user_id,pet_id,image_url,status,ticket_no,eta_min,notified_at,checked_in_at,created_at,cancelled_at) VALUES (271,23,89,NULL,'/uploads/program_apply/c6620bc7-a503-40e1-91e4-ae29f2e6915d.png','WAITING','9876',21,NULL,NULL,'2026-02-08 07:24:05',NULL);
INSERT INTO event_program_apply (program_apply_id,program_id,user_id,pet_id,image_url,status,ticket_no,eta_min,notified_at,checked_in_at,created_at,cancelled_at) VALUES (272,24,99,96,'/uploads/program_apply/d3457361-9cf3-4f22-a16a-b75c7153056a.png','APPROVED','8327',21,NULL,NULL,'2026-02-03 20:28:13',NULL);
INSERT INTO event_program_apply (program_apply_id,program_id,user_id,pet_id,image_url,status,ticket_no,eta_min,notified_at,checked_in_at,created_at,cancelled_at) VALUES (273,24,98,95,'/uploads/program_apply/bf879bd2-37c8-448a-aad6-dabdb3d30d81.png','APPROVED','5269',5,NULL,NULL,'2026-01-16 18:18:56',NULL);
INSERT INTO event_program_apply (program_apply_id,program_id,user_id,pet_id,image_url,status,ticket_no,eta_min,notified_at,checked_in_at,created_at,cancelled_at) VALUES (274,24,39,NULL,'/uploads/program_apply/f19d9a9d-d5f0-4738-8ed3-53446ecc0cd8.png','APPROVED','6099',18,'2026-02-08 20:38:49',NULL,'2026-02-07 15:49:07',NULL);
INSERT INTO event_program_apply (program_apply_id,program_id,user_id,pet_id,image_url,status,ticket_no,eta_min,notified_at,checked_in_at,created_at,cancelled_at) VALUES (275,24,46,46,'/uploads/program_apply/d3457361-9cf3-4f22-a16a-b75c7153056a.png','APPLIED','3595',NULL,NULL,NULL,'2025-12-12 02:45:12',NULL);
INSERT INTO event_program_apply (program_apply_id,program_id,user_id,pet_id,image_url,status,ticket_no,eta_min,notified_at,checked_in_at,created_at,cancelled_at) VALUES (276,24,41,NULL,'/uploads/program_apply/f19d9a9d-d5f0-4738-8ed3-53446ecc0cd8.png','APPLIED','3971',NULL,NULL,NULL,'2026-01-17 08:35:10',NULL);
INSERT INTO event_program_apply (program_apply_id,program_id,user_id,pet_id,image_url,status,ticket_no,eta_min,notified_at,checked_in_at,created_at,cancelled_at) VALUES (277,24,81,NULL,'/uploads/program_apply/dded599b-c1d9-4238-9dcc-246960a4162c.png','APPLIED','6358',NULL,NULL,NULL,'2026-01-06 15:21:27',NULL);
INSERT INTO event_program_apply (program_apply_id,program_id,user_id,pet_id,image_url,status,ticket_no,eta_min,notified_at,checked_in_at,created_at,cancelled_at) VALUES (278,24,47,48,'/uploads/program_apply/c6620bc7-a503-40e1-91e4-ae29f2e6915d.png','APPLIED','2703',NULL,NULL,NULL,'2026-02-06 21:00:35',NULL);
INSERT INTO event_program_apply (program_apply_id,program_id,user_id,pet_id,image_url,status,ticket_no,eta_min,notified_at,checked_in_at,created_at,cancelled_at) VALUES (279,24,93,85,'/uploads/program_apply/bf511a5a-6fdb-4c98-a429-9bf7186a0b27.png','APPLIED','9054',NULL,NULL,NULL,'2026-02-07 10:58:15',NULL);
INSERT INTO event_program_apply (program_apply_id,program_id,user_id,pet_id,image_url,status,ticket_no,eta_min,notified_at,checked_in_at,created_at,cancelled_at) VALUES (280,24,71,65,'/uploads/program_apply/c6620bc7-a503-40e1-91e4-ae29f2e6915d.png','WAITING','7963',26,NULL,NULL,'2026-02-07 18:16:47',NULL);
INSERT INTO event_program_apply (program_apply_id,program_id,user_id,pet_id,image_url,status,ticket_no,eta_min,notified_at,checked_in_at,created_at,cancelled_at) VALUES (281,24,4,3,'/uploads/program_apply/6ecaa6ad-9d5c-40b8-972f-bd6db6a69d14.png','CANCELLED','6318',NULL,NULL,NULL,'2026-01-04 23:27:29','2026-01-07 00:24:46');
INSERT INTO event_program_apply (program_apply_id,program_id,user_id,pet_id,image_url,status,ticket_no,eta_min,notified_at,checked_in_at,created_at,cancelled_at) VALUES (282,24,53,NULL,'/uploads/program_apply/deffcc8b-2e23-496a-a3d3-45e4f9afb45f.png','APPLIED','1234',NULL,NULL,NULL,'2026-01-24 08:11:12',NULL);
INSERT INTO event_program_apply (program_apply_id,program_id,user_id,pet_id,image_url,status,ticket_no,eta_min,notified_at,checked_in_at,created_at,cancelled_at) VALUES (283,24,96,91,'/uploads/program_apply/deffcc8b-2e23-496a-a3d3-45e4f9afb45f.png','APPLIED','6553',NULL,'2026-02-08 20:47:49',NULL,'2026-02-03 04:13:38',NULL);
INSERT INTO event_program_apply (program_apply_id,program_id,user_id,pet_id,image_url,status,ticket_no,eta_min,notified_at,checked_in_at,created_at,cancelled_at) VALUES (284,24,5,4,'/uploads/program_apply/c6620bc7-a503-40e1-91e4-ae29f2e6915d.png','REJECTED','1724',NULL,NULL,NULL,'2025-12-27 16:10:41',NULL);
INSERT INTO event_program_apply (program_apply_id,program_id,user_id,pet_id,image_url,status,ticket_no,eta_min,notified_at,checked_in_at,created_at,cancelled_at) VALUES (285,24,24,27,'/uploads/program_apply/bf511a5a-6fdb-4c98-a429-9bf7186a0b27.png','APPLIED','1573',NULL,NULL,NULL,'2026-02-01 14:17:05',NULL);
INSERT INTO event_program_apply (program_apply_id,program_id,user_id,pet_id,image_url,status,ticket_no,eta_min,notified_at,checked_in_at,created_at,cancelled_at) VALUES (286,24,17,18,'/uploads/program_apply/a6de23d5-27b4-4150-8a68-44fa052d4e28.png','APPLIED','8071',NULL,NULL,NULL,'2025-12-24 08:54:31',NULL);
INSERT INTO event_program_apply (program_apply_id,program_id,user_id,pet_id,image_url,status,ticket_no,eta_min,notified_at,checked_in_at,created_at,cancelled_at) VALUES (287,24,72,66,'/uploads/program_apply/a6de23d5-27b4-4150-8a68-44fa052d4e28.png','APPLIED','5471',NULL,NULL,NULL,'2026-01-06 14:40:18',NULL);
INSERT INTO event_program_apply (program_apply_id,program_id,user_id,pet_id,image_url,status,ticket_no,eta_min,notified_at,checked_in_at,created_at,cancelled_at) VALUES (288,24,76,70,'/uploads/program_apply/f280c085-0123-4a39-a33f-d3826f3aa0ed.png','APPROVED','9420',6,NULL,NULL,'2026-01-20 05:33:59',NULL);
INSERT INTO event_program_apply (program_apply_id,program_id,user_id,pet_id,image_url,status,ticket_no,eta_min,notified_at,checked_in_at,created_at,cancelled_at) VALUES (289,25,14,13,'/uploads/program_apply/dded599b-c1d9-4238-9dcc-246960a4162c.png','CANCELLED','2183',NULL,NULL,NULL,'2023-05-12 21:08:22','2023-05-28 17:26:40');
INSERT INTO event_program_apply (program_apply_id,program_id,user_id,pet_id,image_url,status,ticket_no,eta_min,notified_at,checked_in_at,created_at,cancelled_at) VALUES (290,25,8,NULL,'/uploads/program_apply/dded599b-c1d9-4238-9dcc-246960a4162c.png','APPROVED','7491',29,NULL,NULL,'2023-06-15 03:39:03',NULL);
INSERT INTO event_program_apply (program_apply_id,program_id,user_id,pet_id,image_url,status,ticket_no,eta_min,notified_at,checked_in_at,created_at,cancelled_at) VALUES (291,25,77,NULL,'/uploads/program_apply/c6620bc7-a503-40e1-91e4-ae29f2e6915d.png','APPLIED','9200',NULL,'2023-06-21 19:25:13',NULL,'2023-06-10 16:39:31',NULL);
INSERT INTO event_program_apply (program_apply_id,program_id,user_id,pet_id,image_url,status,ticket_no,eta_min,notified_at,checked_in_at,created_at,cancelled_at) VALUES (292,25,35,NULL,'/uploads/program_apply/6ecaa6ad-9d5c-40b8-972f-bd6db6a69d14.png','CHECKED_IN','9357',NULL,NULL,'2023-06-21 21:48:17','2023-05-29 06:44:18',NULL);
INSERT INTO event_program_apply (program_apply_id,program_id,user_id,pet_id,image_url,status,ticket_no,eta_min,notified_at,checked_in_at,created_at,cancelled_at) VALUES (293,25,38,42,'/uploads/program_apply/a6de23d5-27b4-4150-8a68-44fa052d4e28.png','APPROVED','5687',19,NULL,NULL,'2023-06-05 08:22:30',NULL);
INSERT INTO event_program_apply (program_apply_id,program_id,user_id,pet_id,image_url,status,ticket_no,eta_min,notified_at,checked_in_at,created_at,cancelled_at) VALUES (294,26,11,10,'/uploads/program_apply/dded599b-c1d9-4238-9dcc-246960a4162c.png','APPLIED','4623',NULL,NULL,NULL,'2023-06-15 23:44:08',NULL);
INSERT INTO event_program_apply (program_apply_id,program_id,user_id,pet_id,image_url,status,ticket_no,eta_min,notified_at,checked_in_at,created_at,cancelled_at) VALUES (295,26,75,69,'/uploads/program_apply/bf511a5a-6fdb-4c98-a429-9bf7186a0b27.png','APPLIED','5411',NULL,'2023-06-21 17:20:34',NULL,'2023-06-16 16:43:58',NULL);
INSERT INTO event_program_apply (program_apply_id,program_id,user_id,pet_id,image_url,status,ticket_no,eta_min,notified_at,checked_in_at,created_at,cancelled_at) VALUES (296,26,77,NULL,'/uploads/program_apply/bf879bd2-37c8-448a-aad6-dabdb3d30d81.png','WAITING','3026',18,NULL,NULL,'2023-06-14 13:57:45',NULL);
INSERT INTO event_program_apply (program_apply_id,program_id,user_id,pet_id,image_url,status,ticket_no,eta_min,notified_at,checked_in_at,created_at,cancelled_at) VALUES (297,26,14,13,'/uploads/program_apply/c6620bc7-a503-40e1-91e4-ae29f2e6915d.png','APPLIED','1190',NULL,NULL,NULL,'2023-05-11 16:18:26',NULL);
INSERT INTO event_program_apply (program_apply_id,program_id,user_id,pet_id,image_url,status,ticket_no,eta_min,notified_at,checked_in_at,created_at,cancelled_at) VALUES (298,26,50,NULL,'/uploads/program_apply/f280c085-0123-4a39-a33f-d3826f3aa0ed.png','APPLIED','9272',NULL,NULL,NULL,'2023-06-04 01:16:03',NULL);
INSERT INTO event_program_apply (program_apply_id,program_id,user_id,pet_id,image_url,status,ticket_no,eta_min,notified_at,checked_in_at,created_at,cancelled_at) VALUES (299,26,35,NULL,'/uploads/program_apply/dded599b-c1d9-4238-9dcc-246960a4162c.png','APPLIED','7098',NULL,NULL,NULL,'2023-06-18 15:00:59',NULL);
INSERT INTO event_program_apply (program_apply_id,program_id,user_id,pet_id,image_url,status,ticket_no,eta_min,notified_at,checked_in_at,created_at,cancelled_at) VALUES (300,26,26,NULL,'/uploads/program_apply/deffcc8b-2e23-496a-a3d3-45e4f9afb45f.png','APPLIED','7076',NULL,NULL,NULL,'2023-05-24 15:55:09',NULL);
INSERT INTO event_program_apply (program_apply_id,program_id,user_id,pet_id,image_url,status,ticket_no,eta_min,notified_at,checked_in_at,created_at,cancelled_at) VALUES (301,26,8,NULL,'/uploads/program_apply/f19d9a9d-d5f0-4738-8ed3-53446ecc0cd8.png','APPROVED','3668',23,'2023-06-21 17:20:02',NULL,'2023-06-16 12:59:14',NULL);
INSERT INTO event_program_apply (program_apply_id,program_id,user_id,pet_id,image_url,status,ticket_no,eta_min,notified_at,checked_in_at,created_at,cancelled_at) VALUES (302,26,41,NULL,'/uploads/program_apply/dded599b-c1d9-4238-9dcc-246960a4162c.png','CANCELLED','5129',NULL,'2023-06-21 17:43:54',NULL,'2023-06-10 14:34:40','2023-06-19 10:40:32');
INSERT INTO event_program_apply (program_apply_id,program_id,user_id,pet_id,image_url,status,ticket_no,eta_min,notified_at,checked_in_at,created_at,cancelled_at) VALUES (303,26,68,64,'/uploads/program_apply/a6de23d5-27b4-4150-8a68-44fa052d4e28.png','APPLIED','4396',NULL,'2023-06-21 17:45:49',NULL,'2023-06-19 10:12:28',NULL);
INSERT INTO event_program_apply (program_apply_id,program_id,user_id,pet_id,image_url,status,ticket_no,eta_min,notified_at,checked_in_at,created_at,cancelled_at) VALUES (304,27,65,60,'/uploads/program_apply/f19d9a9d-d5f0-4738-8ed3-53446ecc0cd8.png','APPROVED','1129',15,NULL,NULL,'2025-10-06 12:41:30',NULL);
INSERT INTO event_program_apply (program_apply_id,program_id,user_id,pet_id,image_url,status,ticket_no,eta_min,notified_at,checked_in_at,created_at,cancelled_at) VALUES (305,27,79,NULL,'/uploads/program_apply/6ecaa6ad-9d5c-40b8-972f-bd6db6a69d14.png','REJECTED','1856',NULL,NULL,NULL,'2025-10-09 19:55:11',NULL);
INSERT INTO event_program_apply (program_apply_id,program_id,user_id,pet_id,image_url,status,ticket_no,eta_min,notified_at,checked_in_at,created_at,cancelled_at) VALUES (306,27,70,NULL,'/uploads/program_apply/b462e29c-c136-4d30-83ff-882ddd5f34a9.png','APPROVED','3587',19,'2025-10-16 23:56:18',NULL,'2025-09-22 13:08:20',NULL);
INSERT INTO event_program_apply (program_apply_id,program_id,user_id,pet_id,image_url,status,ticket_no,eta_min,notified_at,checked_in_at,created_at,cancelled_at) VALUES (307,27,31,34,'/uploads/program_apply/f280c085-0123-4a39-a33f-d3826f3aa0ed.png','APPLIED','2629',NULL,'2025-10-17 00:14:39',NULL,'2025-09-03 19:37:32',NULL);
INSERT INTO event_program_apply (program_apply_id,program_id,user_id,pet_id,image_url,status,ticket_no,eta_min,notified_at,checked_in_at,created_at,cancelled_at) VALUES (308,27,41,NULL,'/uploads/program_apply/a6de23d5-27b4-4150-8a68-44fa052d4e28.png','APPROVED','7493',6,NULL,NULL,'2025-10-11 12:55:51',NULL);
INSERT INTO event_program_apply (program_apply_id,program_id,user_id,pet_id,image_url,status,ticket_no,eta_min,notified_at,checked_in_at,created_at,cancelled_at) VALUES (309,27,87,79,'/uploads/program_apply/d3457361-9cf3-4f22-a16a-b75c7153056a.png','CHECKED_IN','6636',NULL,'2025-10-16 23:56:00','2025-10-17 00:57:28','2025-10-12 10:28:16',NULL);
INSERT INTO event_program_apply (program_apply_id,program_id,user_id,pet_id,image_url,status,ticket_no,eta_min,notified_at,checked_in_at,created_at,cancelled_at) VALUES (310,27,92,84,'/uploads/program_apply/bf879bd2-37c8-448a-aad6-dabdb3d30d81.png','APPLIED','7514',NULL,NULL,NULL,'2025-09-21 09:28:30',NULL);
INSERT INTO event_program_apply (program_apply_id,program_id,user_id,pet_id,image_url,status,ticket_no,eta_min,notified_at,checked_in_at,created_at,cancelled_at) VALUES (311,27,40,NULL,'/uploads/program_apply/f19d9a9d-d5f0-4738-8ed3-53446ecc0cd8.png','REJECTED','2464',NULL,NULL,NULL,'2025-09-06 04:12:49',NULL);
INSERT INTO event_program_apply (program_apply_id,program_id,user_id,pet_id,image_url,status,ticket_no,eta_min,notified_at,checked_in_at,created_at,cancelled_at) VALUES (312,27,12,11,'/uploads/program_apply/d3457361-9cf3-4f22-a16a-b75c7153056a.png','APPLIED','4480',NULL,NULL,NULL,'2025-10-03 13:06:30',NULL);
INSERT INTO event_program_apply (program_apply_id,program_id,user_id,pet_id,image_url,status,ticket_no,eta_min,notified_at,checked_in_at,created_at,cancelled_at) VALUES (313,27,11,10,'/uploads/program_apply/c6620bc7-a503-40e1-91e4-ae29f2e6915d.png','REJECTED','2186',NULL,NULL,NULL,'2025-09-30 16:06:47',NULL);
INSERT INTO event_program_apply (program_apply_id,program_id,user_id,pet_id,image_url,status,ticket_no,eta_min,notified_at,checked_in_at,created_at,cancelled_at) VALUES (314,27,78,71,'/uploads/program_apply/f19d9a9d-d5f0-4738-8ed3-53446ecc0cd8.png','APPROVED','5782',25,NULL,NULL,'2025-10-05 11:31:54',NULL);
INSERT INTO event_program_apply (program_apply_id,program_id,user_id,pet_id,image_url,status,ticket_no,eta_min,notified_at,checked_in_at,created_at,cancelled_at) VALUES (315,27,22,25,'/uploads/program_apply/bf511a5a-6fdb-4c98-a429-9bf7186a0b27.png','WAITING','2714',10,NULL,NULL,'2025-10-15 10:11:00',NULL);
INSERT INTO event_program_apply (program_apply_id,program_id,user_id,pet_id,image_url,status,ticket_no,eta_min,notified_at,checked_in_at,created_at,cancelled_at) VALUES (316,27,45,NULL,'/uploads/program_apply/bf879bd2-37c8-448a-aad6-dabdb3d30d81.png','APPLIED','9785',NULL,NULL,NULL,'2025-10-11 10:52:36',NULL);
INSERT INTO event_program_apply (program_apply_id,program_id,user_id,pet_id,image_url,status,ticket_no,eta_min,notified_at,checked_in_at,created_at,cancelled_at) VALUES (317,28,92,84,'/uploads/program_apply/a6de23d5-27b4-4150-8a68-44fa052d4e28.png','WAITING','9363',28,NULL,NULL,'2025-10-05 02:55:46',NULL);
INSERT INTO event_program_apply (program_apply_id,program_id,user_id,pet_id,image_url,status,ticket_no,eta_min,notified_at,checked_in_at,created_at,cancelled_at) VALUES (318,28,40,NULL,'/uploads/program_apply/f280c085-0123-4a39-a33f-d3826f3aa0ed.png','REJECTED','3421',NULL,'2025-10-16 16:11:29',NULL,'2025-09-11 22:00:07',NULL);
INSERT INTO event_program_apply (program_apply_id,program_id,user_id,pet_id,image_url,status,ticket_no,eta_min,notified_at,checked_in_at,created_at,cancelled_at) VALUES (319,28,47,47,'/uploads/program_apply/a6de23d5-27b4-4150-8a68-44fa052d4e28.png','APPLIED','9964',NULL,'2025-10-16 15:19:34',NULL,'2025-10-14 02:00:20',NULL);
INSERT INTO event_program_apply (program_apply_id,program_id,user_id,pet_id,image_url,status,ticket_no,eta_min,notified_at,checked_in_at,created_at,cancelled_at) VALUES (320,28,68,64,'/uploads/program_apply/c6620bc7-a503-40e1-91e4-ae29f2e6915d.png','CANCELLED','2918',NULL,NULL,NULL,'2025-10-05 18:12:47','2025-10-15 12:02:04');
INSERT INTO event_program_apply (program_apply_id,program_id,user_id,pet_id,image_url,status,ticket_no,eta_min,notified_at,checked_in_at,created_at,cancelled_at) VALUES (321,28,3,1,'/uploads/program_apply/f19d9a9d-d5f0-4738-8ed3-53446ecc0cd8.png','APPROVED','4895',20,NULL,NULL,'2025-09-24 15:59:42',NULL);
INSERT INTO event_program_apply (program_apply_id,program_id,user_id,pet_id,image_url,status,ticket_no,eta_min,notified_at,checked_in_at,created_at,cancelled_at) VALUES (322,28,1,NULL,'/uploads/program_apply/6ecaa6ad-9d5c-40b8-972f-bd6db6a69d14.png','WAITING','9893',27,NULL,NULL,'2025-09-17 09:56:47',NULL);
INSERT INTO event_program_apply (program_apply_id,program_id,user_id,pet_id,image_url,status,ticket_no,eta_min,notified_at,checked_in_at,created_at,cancelled_at) VALUES (323,28,4,3,'/uploads/program_apply/6ecaa6ad-9d5c-40b8-972f-bd6db6a69d14.png','REJECTED','5927',NULL,NULL,NULL,'2025-08-27 17:34:04',NULL);
INSERT INTO event_program_apply (program_apply_id,program_id,user_id,pet_id,image_url,status,ticket_no,eta_min,notified_at,checked_in_at,created_at,cancelled_at) VALUES (324,28,41,NULL,'/uploads/program_apply/f19d9a9d-d5f0-4738-8ed3-53446ecc0cd8.png','APPLIED','6532',NULL,'2025-10-16 15:19:04',NULL,'2025-10-06 09:27:16',NULL);
INSERT INTO event_program_apply (program_apply_id,program_id,user_id,pet_id,image_url,status,ticket_no,eta_min,notified_at,checked_in_at,created_at,cancelled_at) VALUES (325,28,14,13,'/uploads/program_apply/6ecaa6ad-9d5c-40b8-972f-bd6db6a69d14.png','APPROVED','1961',24,NULL,NULL,'2025-10-14 20:10:12',NULL);
INSERT INTO event_program_apply (program_apply_id,program_id,user_id,pet_id,image_url,status,ticket_no,eta_min,notified_at,checked_in_at,created_at,cancelled_at) VALUES (326,28,52,NULL,'/uploads/program_apply/c6620bc7-a503-40e1-91e4-ae29f2e6915d.png','WAITING','3057',13,NULL,NULL,'2025-10-04 12:51:56',NULL);
INSERT INTO event_program_apply (program_apply_id,program_id,user_id,pet_id,image_url,status,ticket_no,eta_min,notified_at,checked_in_at,created_at,cancelled_at) VALUES (327,28,19,22,'/uploads/program_apply/a6de23d5-27b4-4150-8a68-44fa052d4e28.png','APPROVED','5193',26,NULL,NULL,'2025-10-11 12:14:16',NULL);
INSERT INTO event_program_apply (program_apply_id,program_id,user_id,pet_id,image_url,status,ticket_no,eta_min,notified_at,checked_in_at,created_at,cancelled_at) VALUES (328,28,87,79,'/uploads/program_apply/b462e29c-c136-4d30-83ff-882ddd5f34a9.png','REJECTED','1026',NULL,'2025-10-16 15:24:33',NULL,'2025-10-12 22:59:24',NULL);
INSERT INTO event_program_apply (program_apply_id,program_id,user_id,pet_id,image_url,status,ticket_no,eta_min,notified_at,checked_in_at,created_at,cancelled_at) VALUES (329,28,7,9,'/uploads/program_apply/deffcc8b-2e23-496a-a3d3-45e4f9afb45f.png','CANCELLED','2903',NULL,'2025-10-16 15:48:06',NULL,'2025-10-07 01:23:39','2025-10-12 02:01:03');
INSERT INTO event_program_apply (program_apply_id,program_id,user_id,pet_id,image_url,status,ticket_no,eta_min,notified_at,checked_in_at,created_at,cancelled_at) VALUES (330,28,97,93,'/uploads/program_apply/c6620bc7-a503-40e1-91e4-ae29f2e6915d.png','APPROVED','6300',8,NULL,NULL,'2025-09-11 21:49:15',NULL);
INSERT INTO event_program_apply (program_apply_id,program_id,user_id,pet_id,image_url,status,ticket_no,eta_min,notified_at,checked_in_at,created_at,cancelled_at) VALUES (331,28,37,NULL,'/uploads/program_apply/f280c085-0123-4a39-a33f-d3826f3aa0ed.png','APPLIED','3530',NULL,NULL,NULL,'2025-09-27 04:54:58',NULL);
INSERT INTO event_program_apply (program_apply_id,program_id,user_id,pet_id,image_url,status,ticket_no,eta_min,notified_at,checked_in_at,created_at,cancelled_at) VALUES (332,28,79,NULL,'/uploads/program_apply/bf511a5a-6fdb-4c98-a429-9bf7186a0b27.png','APPLIED','7358',NULL,NULL,NULL,'2025-09-27 22:18:15',NULL);
INSERT INTO event_program_apply (program_apply_id,program_id,user_id,pet_id,image_url,status,ticket_no,eta_min,notified_at,checked_in_at,created_at,cancelled_at) VALUES (333,28,33,37,'/uploads/program_apply/6ecaa6ad-9d5c-40b8-972f-bd6db6a69d14.png','APPLIED','7781',NULL,NULL,NULL,'2025-10-10 03:07:40',NULL);
INSERT INTO event_program_apply (program_apply_id,program_id,user_id,pet_id,image_url,status,ticket_no,eta_min,notified_at,checked_in_at,created_at,cancelled_at) VALUES (334,28,60,56,'/uploads/program_apply/f280c085-0123-4a39-a33f-d3826f3aa0ed.png','REJECTED','3029',NULL,NULL,NULL,'2025-09-13 21:14:07',NULL);
INSERT INTO event_program_apply (program_apply_id,program_id,user_id,pet_id,image_url,status,ticket_no,eta_min,notified_at,checked_in_at,created_at,cancelled_at) VALUES (335,28,62,57,'/uploads/program_apply/c6620bc7-a503-40e1-91e4-ae29f2e6915d.png','APPLIED','8127',NULL,NULL,NULL,'2025-09-16 21:23:12',NULL);
INSERT INTO event_program_apply (program_apply_id,program_id,user_id,pet_id,image_url,status,ticket_no,eta_min,notified_at,checked_in_at,created_at,cancelled_at) VALUES (336,29,90,80,'/uploads/program_apply/f19d9a9d-d5f0-4738-8ed3-53446ecc0cd8.png','APPLIED','8340',NULL,'2023-06-07 10:11:53',NULL,'2023-05-07 21:29:34',NULL);
INSERT INTO event_program_apply (program_apply_id,program_id,user_id,pet_id,image_url,status,ticket_no,eta_min,notified_at,checked_in_at,created_at,cancelled_at) VALUES (337,29,43,44,'/uploads/program_apply/a6de23d5-27b4-4150-8a68-44fa052d4e28.png','APPROVED','7950',18,NULL,NULL,'2023-05-19 14:11:56',NULL);
INSERT INTO event_program_apply (program_apply_id,program_id,user_id,pet_id,image_url,status,ticket_no,eta_min,notified_at,checked_in_at,created_at,cancelled_at) VALUES (338,29,65,60,'/uploads/program_apply/b462e29c-c136-4d30-83ff-882ddd5f34a9.png','APPROVED','8656',28,NULL,NULL,'2023-06-02 01:28:11',NULL);
INSERT INTO event_program_apply (program_apply_id,program_id,user_id,pet_id,image_url,status,ticket_no,eta_min,notified_at,checked_in_at,created_at,cancelled_at) VALUES (339,29,89,NULL,'/uploads/program_apply/c6620bc7-a503-40e1-91e4-ae29f2e6915d.png','REJECTED','6923',NULL,'2023-06-07 10:02:28',NULL,'2023-05-27 07:08:58',NULL);
INSERT INTO event_program_apply (program_apply_id,program_id,user_id,pet_id,image_url,status,ticket_no,eta_min,notified_at,checked_in_at,created_at,cancelled_at) VALUES (340,29,69,NULL,'/uploads/program_apply/deffcc8b-2e23-496a-a3d3-45e4f9afb45f.png','APPLIED','8040',NULL,NULL,NULL,'2023-05-16 01:54:42',NULL);
INSERT INTO event_program_apply (program_apply_id,program_id,user_id,pet_id,image_url,status,ticket_no,eta_min,notified_at,checked_in_at,created_at,cancelled_at) VALUES (341,29,98,94,'/uploads/program_apply/b462e29c-c136-4d30-83ff-882ddd5f34a9.png','APPROVED','3572',7,NULL,NULL,'2023-06-04 11:17:05',NULL);
INSERT INTO event_program_apply (program_apply_id,program_id,user_id,pet_id,image_url,status,ticket_no,eta_min,notified_at,checked_in_at,created_at,cancelled_at) VALUES (342,29,29,33,'/uploads/program_apply/f280c085-0123-4a39-a33f-d3826f3aa0ed.png','APPLIED','7914',NULL,'2023-06-07 10:27:25',NULL,'2023-04-26 02:20:50',NULL);
INSERT INTO event_program_apply (program_apply_id,program_id,user_id,pet_id,image_url,status,ticket_no,eta_min,notified_at,checked_in_at,created_at,cancelled_at) VALUES (343,29,1,NULL,'/uploads/program_apply/deffcc8b-2e23-496a-a3d3-45e4f9afb45f.png','APPLIED','3395',NULL,NULL,NULL,'2023-06-02 22:14:44',NULL);
INSERT INTO event_program_apply (program_apply_id,program_id,user_id,pet_id,image_url,status,ticket_no,eta_min,notified_at,checked_in_at,created_at,cancelled_at) VALUES (344,29,75,69,'/uploads/program_apply/dded599b-c1d9-4238-9dcc-246960a4162c.png','WAITING','5343',12,'2023-06-07 09:49:33',NULL,'2023-05-22 22:55:21',NULL);
INSERT INTO event_program_apply (program_apply_id,program_id,user_id,pet_id,image_url,status,ticket_no,eta_min,notified_at,checked_in_at,created_at,cancelled_at) VALUES (345,30,7,8,'/uploads/program_apply/bf879bd2-37c8-448a-aad6-dabdb3d30d81.png','CANCELLED','6862',NULL,NULL,NULL,'2023-05-29 14:29:23','2023-06-01 21:38:22');
INSERT INTO event_program_apply (program_apply_id,program_id,user_id,pet_id,image_url,status,ticket_no,eta_min,notified_at,checked_in_at,created_at,cancelled_at) VALUES (346,30,90,80,'/uploads/program_apply/bf511a5a-6fdb-4c98-a429-9bf7186a0b27.png','APPLIED','4587',NULL,'2023-06-07 07:38:36',NULL,'2023-05-16 23:30:41',NULL);
INSERT INTO event_program_apply (program_apply_id,program_id,user_id,pet_id,image_url,status,ticket_no,eta_min,notified_at,checked_in_at,created_at,cancelled_at) VALUES (347,30,72,66,'/uploads/program_apply/deffcc8b-2e23-496a-a3d3-45e4f9afb45f.png','APPROVED','7705',15,NULL,NULL,'2023-06-05 10:25:51',NULL);
INSERT INTO event_program_apply (program_apply_id,program_id,user_id,pet_id,image_url,status,ticket_no,eta_min,notified_at,checked_in_at,created_at,cancelled_at) VALUES (348,30,65,60,'/uploads/program_apply/f19d9a9d-d5f0-4738-8ed3-53446ecc0cd8.png','APPROVED','1679',30,NULL,NULL,'2023-06-01 00:35:26',NULL);
INSERT INTO event_program_apply (program_apply_id,program_id,user_id,pet_id,image_url,status,ticket_no,eta_min,notified_at,checked_in_at,created_at,cancelled_at) VALUES (349,30,89,NULL,'/uploads/program_apply/f19d9a9d-d5f0-4738-8ed3-53446ecc0cd8.png','APPLIED','3134',NULL,'2023-06-07 07:09:07',NULL,'2023-05-22 12:44:31',NULL);
INSERT INTO event_program_apply (program_apply_id,program_id,user_id,pet_id,image_url,status,ticket_no,eta_min,notified_at,checked_in_at,created_at,cancelled_at) VALUES (350,30,75,69,'/uploads/program_apply/c6620bc7-a503-40e1-91e4-ae29f2e6915d.png','APPROVED','5630',11,NULL,NULL,'2023-06-03 00:56:29',NULL);
INSERT INTO event_program_apply (program_apply_id,program_id,user_id,pet_id,image_url,status,ticket_no,eta_min,notified_at,checked_in_at,created_at,cancelled_at) VALUES (351,30,12,11,'/uploads/program_apply/6ecaa6ad-9d5c-40b8-972f-bd6db6a69d14.png','CANCELLED','7654',NULL,'2023-06-07 06:50:25',NULL,'2023-06-01 01:36:33','2023-06-01 14:30:58');
INSERT INTO event_program_apply (program_apply_id,program_id,user_id,pet_id,image_url,status,ticket_no,eta_min,notified_at,checked_in_at,created_at,cancelled_at) VALUES (352,30,13,12,'/uploads/program_apply/6ecaa6ad-9d5c-40b8-972f-bd6db6a69d14.png','APPLIED','6211',NULL,NULL,NULL,'2023-05-29 12:27:39',NULL);
INSERT INTO event_program_apply (program_apply_id,program_id,user_id,pet_id,image_url,status,ticket_no,eta_min,notified_at,checked_in_at,created_at,cancelled_at) VALUES (353,30,91,82,'/uploads/program_apply/dded599b-c1d9-4238-9dcc-246960a4162c.png','APPLIED','5776',NULL,NULL,NULL,'2023-05-07 11:08:49',NULL);
INSERT INTO event_program_apply (program_apply_id,program_id,user_id,pet_id,image_url,status,ticket_no,eta_min,notified_at,checked_in_at,created_at,cancelled_at) VALUES (354,30,43,44,'/uploads/program_apply/d3457361-9cf3-4f22-a16a-b75c7153056a.png','WAITING','2330',12,'2023-06-07 06:47:12',NULL,'2023-05-17 14:54:39',NULL);
INSERT INTO event_program_apply (program_apply_id,program_id,user_id,pet_id,image_url,status,ticket_no,eta_min,notified_at,checked_in_at,created_at,cancelled_at) VALUES (355,30,96,91,'/uploads/program_apply/a6de23d5-27b4-4150-8a68-44fa052d4e28.png','APPLIED','3572',NULL,'2023-06-07 07:18:17',NULL,'2023-04-30 07:35:27',NULL);
INSERT INTO event_program_apply (program_apply_id,program_id,user_id,pet_id,image_url,status,ticket_no,eta_min,notified_at,checked_in_at,created_at,cancelled_at) VALUES (356,30,29,33,'/uploads/program_apply/dded599b-c1d9-4238-9dcc-246960a4162c.png','APPROVED','3544',25,NULL,NULL,'2023-05-31 12:06:48',NULL);
INSERT INTO event_program_apply (program_apply_id,program_id,user_id,pet_id,image_url,status,ticket_no,eta_min,notified_at,checked_in_at,created_at,cancelled_at) VALUES (357,30,3,1,'/uploads/program_apply/6ecaa6ad-9d5c-40b8-972f-bd6db6a69d14.png','APPLIED','6375',NULL,'2023-06-07 07:18:16',NULL,'2023-04-27 00:12:28',NULL);
INSERT INTO event_program_apply (program_apply_id,program_id,user_id,pet_id,image_url,status,ticket_no,eta_min,notified_at,checked_in_at,created_at,cancelled_at) VALUES (358,31,18,19,'/uploads/program_apply/f280c085-0123-4a39-a33f-d3826f3aa0ed.png','REJECTED','3734',NULL,'2026-02-24 11:31:14',NULL,'2026-02-18 03:52:36',NULL);
INSERT INTO event_program_apply (program_apply_id,program_id,user_id,pet_id,image_url,status,ticket_no,eta_min,notified_at,checked_in_at,created_at,cancelled_at) VALUES (359,31,94,87,'/uploads/program_apply/f280c085-0123-4a39-a33f-d3826f3aa0ed.png','APPLIED','7549',NULL,NULL,NULL,'2026-02-15 09:28:09',NULL);
INSERT INTO event_program_apply (program_apply_id,program_id,user_id,pet_id,image_url,status,ticket_no,eta_min,notified_at,checked_in_at,created_at,cancelled_at) VALUES (360,31,29,33,'/uploads/program_apply/d3457361-9cf3-4f22-a16a-b75c7153056a.png','REJECTED','4473',NULL,NULL,NULL,'2026-02-14 14:27:05',NULL);
INSERT INTO event_program_apply (program_apply_id,program_id,user_id,pet_id,image_url,status,ticket_no,eta_min,notified_at,checked_in_at,created_at,cancelled_at) VALUES (361,31,19,22,'/uploads/program_apply/a6de23d5-27b4-4150-8a68-44fa052d4e28.png','WAITING','3875',24,NULL,NULL,'2026-02-16 20:42:31',NULL);
INSERT INTO event_program_apply (program_apply_id,program_id,user_id,pet_id,image_url,status,ticket_no,eta_min,notified_at,checked_in_at,created_at,cancelled_at) VALUES (362,31,8,NULL,'/uploads/program_apply/bf879bd2-37c8-448a-aad6-dabdb3d30d81.png','APPLIED','7129',NULL,NULL,NULL,'2026-01-23 05:53:31',NULL);
INSERT INTO event_program_apply (program_apply_id,program_id,user_id,pet_id,image_url,status,ticket_no,eta_min,notified_at,checked_in_at,created_at,cancelled_at) VALUES (363,31,73,67,'/uploads/program_apply/f19d9a9d-d5f0-4738-8ed3-53446ecc0cd8.png','CANCELLED','6438',NULL,'2026-02-24 11:56:54',NULL,'2026-02-23 21:03:15','2026-02-24 12:12:48');
INSERT INTO event_program_apply (program_apply_id,program_id,user_id,pet_id,image_url,status,ticket_no,eta_min,notified_at,checked_in_at,created_at,cancelled_at) VALUES (364,31,9,NULL,'/uploads/program_apply/dded599b-c1d9-4238-9dcc-246960a4162c.png','APPROVED','1356',20,'2026-02-24 11:34:05',NULL,'2026-01-27 09:46:41',NULL);
INSERT INTO event_program_apply (program_apply_id,program_id,user_id,pet_id,image_url,status,ticket_no,eta_min,notified_at,checked_in_at,created_at,cancelled_at) VALUES (365,31,35,NULL,'/uploads/program_apply/f19d9a9d-d5f0-4738-8ed3-53446ecc0cd8.png','APPLIED','1047',NULL,NULL,NULL,'2026-02-09 14:06:35',NULL);
INSERT INTO event_program_apply (program_apply_id,program_id,user_id,pet_id,image_url,status,ticket_no,eta_min,notified_at,checked_in_at,created_at,cancelled_at) VALUES (366,31,30,NULL,'/uploads/program_apply/a6de23d5-27b4-4150-8a68-44fa052d4e28.png','APPROVED','5167',24,NULL,NULL,'2026-02-18 22:27:37',NULL);
INSERT INTO event_program_apply (program_apply_id,program_id,user_id,pet_id,image_url,status,ticket_no,eta_min,notified_at,checked_in_at,created_at,cancelled_at) VALUES (367,31,61,NULL,'/uploads/program_apply/deffcc8b-2e23-496a-a3d3-45e4f9afb45f.png','APPLIED','3408',NULL,NULL,NULL,'2026-02-21 07:12:08',NULL);
INSERT INTO event_program_apply (program_apply_id,program_id,user_id,pet_id,image_url,status,ticket_no,eta_min,notified_at,checked_in_at,created_at,cancelled_at) VALUES (368,32,9,NULL,'/uploads/program_apply/c6620bc7-a503-40e1-91e4-ae29f2e6915d.png','WAITING','1044',8,NULL,NULL,'2026-01-30 05:39:22',NULL);
INSERT INTO event_program_apply (program_apply_id,program_id,user_id,pet_id,image_url,status,ticket_no,eta_min,notified_at,checked_in_at,created_at,cancelled_at) VALUES (369,32,35,NULL,'/uploads/program_apply/dded599b-c1d9-4238-9dcc-246960a4162c.png','WAITING','4820',7,NULL,NULL,'2026-02-19 05:33:35',NULL);
INSERT INTO event_program_apply (program_apply_id,program_id,user_id,pet_id,image_url,status,ticket_no,eta_min,notified_at,checked_in_at,created_at,cancelled_at) VALUES (370,32,1,NULL,'/uploads/program_apply/deffcc8b-2e23-496a-a3d3-45e4f9afb45f.png','REJECTED','2096',NULL,NULL,NULL,'2026-02-12 01:01:23',NULL);
INSERT INTO event_program_apply (program_apply_id,program_id,user_id,pet_id,image_url,status,ticket_no,eta_min,notified_at,checked_in_at,created_at,cancelled_at) VALUES (371,32,19,21,'/uploads/program_apply/bf879bd2-37c8-448a-aad6-dabdb3d30d81.png','APPLIED','7967',NULL,NULL,NULL,'2026-02-10 23:45:21',NULL);
INSERT INTO event_program_apply (program_apply_id,program_id,user_id,pet_id,image_url,status,ticket_no,eta_min,notified_at,checked_in_at,created_at,cancelled_at) VALUES (372,32,94,86,'/uploads/program_apply/c6620bc7-a503-40e1-91e4-ae29f2e6915d.png','APPLIED','7248',NULL,NULL,NULL,'2026-02-07 19:32:38',NULL);
INSERT INTO event_program_apply (program_apply_id,program_id,user_id,pet_id,image_url,status,ticket_no,eta_min,notified_at,checked_in_at,created_at,cancelled_at) VALUES (373,32,53,NULL,'/uploads/program_apply/bf879bd2-37c8-448a-aad6-dabdb3d30d81.png','CANCELLED','5629',NULL,'2026-02-24 09:10:00',NULL,'2026-02-19 11:09:48','2026-02-24 07:00:27');
INSERT INTO event_program_apply (program_apply_id,program_id,user_id,pet_id,image_url,status,ticket_no,eta_min,notified_at,checked_in_at,created_at,cancelled_at) VALUES (374,32,69,NULL,'/uploads/program_apply/bf511a5a-6fdb-4c98-a429-9bf7186a0b27.png','APPLIED','3611',NULL,NULL,NULL,'2026-02-20 23:29:09',NULL);
INSERT INTO event_program_apply (program_apply_id,program_id,user_id,pet_id,image_url,status,ticket_no,eta_min,notified_at,checked_in_at,created_at,cancelled_at) VALUES (375,32,73,67,'/uploads/program_apply/b462e29c-c136-4d30-83ff-882ddd5f34a9.png','APPROVED','4474',6,NULL,NULL,'2026-02-24 01:18:24',NULL);
INSERT INTO event_program_apply (program_apply_id,program_id,user_id,pet_id,image_url,status,ticket_no,eta_min,notified_at,checked_in_at,created_at,cancelled_at) VALUES (376,32,18,20,'/uploads/program_apply/c6620bc7-a503-40e1-91e4-ae29f2e6915d.png','APPLIED','5419',NULL,'2026-02-24 09:24:49',NULL,'2026-02-11 11:22:00',NULL);
INSERT INTO event_program_apply (program_apply_id,program_id,user_id,pet_id,image_url,status,ticket_no,eta_min,notified_at,checked_in_at,created_at,cancelled_at) VALUES (377,32,30,NULL,'/uploads/program_apply/b462e29c-c136-4d30-83ff-882ddd5f34a9.png','APPLIED','2709',NULL,'2026-02-24 09:46:37',NULL,'2026-02-22 02:58:18',NULL);
INSERT INTO event_program_apply (program_apply_id,program_id,user_id,pet_id,image_url,status,ticket_no,eta_min,notified_at,checked_in_at,created_at,cancelled_at) VALUES (378,32,61,NULL,'/uploads/program_apply/bf879bd2-37c8-448a-aad6-dabdb3d30d81.png','CANCELLED','7079',NULL,NULL,NULL,'2026-02-21 23:15:58','2026-02-22 21:37:27');
INSERT INTO event_program_apply (program_apply_id,program_id,user_id,pet_id,image_url,status,ticket_no,eta_min,notified_at,checked_in_at,created_at,cancelled_at) VALUES (379,32,99,96,'/uploads/program_apply/6ecaa6ad-9d5c-40b8-972f-bd6db6a69d14.png','APPLIED','1318',NULL,NULL,NULL,'2026-02-15 09:59:54',NULL);
INSERT INTO event_program_apply (program_apply_id,program_id,user_id,pet_id,image_url,status,ticket_no,eta_min,notified_at,checked_in_at,created_at,cancelled_at) VALUES (380,32,8,NULL,'/uploads/program_apply/deffcc8b-2e23-496a-a3d3-45e4f9afb45f.png','WAITING','2962',8,NULL,NULL,'2026-02-20 20:31:31',NULL);
INSERT INTO event_program_apply (program_apply_id,program_id,user_id,pet_id,image_url,status,ticket_no,eta_min,notified_at,checked_in_at,created_at,cancelled_at) VALUES (381,32,29,33,'/uploads/program_apply/bf511a5a-6fdb-4c98-a429-9bf7186a0b27.png','APPROVED','8495',6,NULL,NULL,'2026-02-21 17:00:40',NULL);
INSERT INTO event_program_apply (program_apply_id,program_id,user_id,pet_id,image_url,status,ticket_no,eta_min,notified_at,checked_in_at,created_at,cancelled_at) VALUES (382,33,97,92,'/uploads/program_apply/dded599b-c1d9-4238-9dcc-246960a4162c.png','APPLIED','9357',NULL,NULL,NULL,'2024-12-22 21:49:17',NULL);
INSERT INTO event_program_apply (program_apply_id,program_id,user_id,pet_id,image_url,status,ticket_no,eta_min,notified_at,checked_in_at,created_at,cancelled_at) VALUES (383,33,43,43,'/uploads/program_apply/f280c085-0123-4a39-a33f-d3826f3aa0ed.png','CANCELLED','8801',NULL,NULL,NULL,'2024-12-21 12:31:18','2024-12-23 16:29:51');
INSERT INTO event_program_apply (program_apply_id,program_id,user_id,pet_id,image_url,status,ticket_no,eta_min,notified_at,checked_in_at,created_at,cancelled_at) VALUES (384,33,3,1,'/uploads/program_apply/a6de23d5-27b4-4150-8a68-44fa052d4e28.png','CHECKED_IN','4265',NULL,NULL,'2024-12-25 14:56:49','2024-12-21 04:57:33',NULL);
INSERT INTO event_program_apply (program_apply_id,program_id,user_id,pet_id,image_url,status,ticket_no,eta_min,notified_at,checked_in_at,created_at,cancelled_at) VALUES (385,33,24,26,'/uploads/program_apply/b462e29c-c136-4d30-83ff-882ddd5f34a9.png','APPROVED','5296',15,'2024-12-25 13:04:50',NULL,'2024-12-21 15:41:12',NULL);
INSERT INTO event_program_apply (program_apply_id,program_id,user_id,pet_id,image_url,status,ticket_no,eta_min,notified_at,checked_in_at,created_at,cancelled_at) VALUES (386,33,39,NULL,'/uploads/program_apply/bf511a5a-6fdb-4c98-a429-9bf7186a0b27.png','APPROVED','3363',12,NULL,NULL,'2024-11-16 09:52:19',NULL);
INSERT INTO event_program_apply (program_apply_id,program_id,user_id,pet_id,image_url,status,ticket_no,eta_min,notified_at,checked_in_at,created_at,cancelled_at) VALUES (387,33,96,91,'/uploads/program_apply/6ecaa6ad-9d5c-40b8-972f-bd6db6a69d14.png','WAITING','7960',10,NULL,NULL,'2024-12-24 12:34:26',NULL);
INSERT INTO event_program_apply (program_apply_id,program_id,user_id,pet_id,image_url,status,ticket_no,eta_min,notified_at,checked_in_at,created_at,cancelled_at) VALUES (388,33,36,40,'/uploads/program_apply/f19d9a9d-d5f0-4738-8ed3-53446ecc0cd8.png','APPROVED','2560',8,NULL,NULL,'2024-11-15 06:52:05',NULL);
INSERT INTO event_program_apply (program_apply_id,program_id,user_id,pet_id,image_url,status,ticket_no,eta_min,notified_at,checked_in_at,created_at,cancelled_at) VALUES (389,33,20,23,'/uploads/program_apply/deffcc8b-2e23-496a-a3d3-45e4f9afb45f.png','REJECTED','7369',NULL,NULL,NULL,'2024-12-20 12:13:37',NULL);
INSERT INTO event_program_apply (program_apply_id,program_id,user_id,pet_id,image_url,status,ticket_no,eta_min,notified_at,checked_in_at,created_at,cancelled_at) VALUES (390,33,9,NULL,'/uploads/program_apply/f280c085-0123-4a39-a33f-d3826f3aa0ed.png','APPROVED','6356',22,NULL,NULL,'2024-12-13 02:43:12',NULL);
INSERT INTO event_program_apply (program_apply_id,program_id,user_id,pet_id,image_url,status,ticket_no,eta_min,notified_at,checked_in_at,created_at,cancelled_at) VALUES (391,33,46,45,'/uploads/program_apply/a6de23d5-27b4-4150-8a68-44fa052d4e28.png','APPLIED','3549',NULL,NULL,NULL,'2024-12-21 18:33:32',NULL);
INSERT INTO event_program_apply (program_apply_id,program_id,user_id,pet_id,image_url,status,ticket_no,eta_min,notified_at,checked_in_at,created_at,cancelled_at) VALUES (392,33,10,NULL,'/uploads/program_apply/b462e29c-c136-4d30-83ff-882ddd5f34a9.png','APPLIED','7331',NULL,NULL,NULL,'2024-12-19 12:06:44',NULL);
INSERT INTO event_program_apply (program_apply_id,program_id,user_id,pet_id,image_url,status,ticket_no,eta_min,notified_at,checked_in_at,created_at,cancelled_at) VALUES (393,33,5,4,'/uploads/program_apply/dded599b-c1d9-4238-9dcc-246960a4162c.png','REJECTED','9059',NULL,'2024-12-25 13:08:48',NULL,'2024-11-04 00:41:21',NULL);
INSERT INTO event_program_apply (program_apply_id,program_id,user_id,pet_id,image_url,status,ticket_no,eta_min,notified_at,checked_in_at,created_at,cancelled_at) VALUES (394,33,94,87,'/uploads/program_apply/f280c085-0123-4a39-a33f-d3826f3aa0ed.png','APPROVED','3221',20,NULL,NULL,'2024-12-24 17:49:23',NULL);
INSERT INTO event_program_apply (program_apply_id,program_id,user_id,pet_id,image_url,status,ticket_no,eta_min,notified_at,checked_in_at,created_at,cancelled_at) VALUES (395,33,65,60,'/uploads/program_apply/bf511a5a-6fdb-4c98-a429-9bf7186a0b27.png','APPLIED','9974',NULL,NULL,NULL,'2024-12-22 15:30:16',NULL);
INSERT INTO event_program_apply (program_apply_id,program_id,user_id,pet_id,image_url,status,ticket_no,eta_min,notified_at,checked_in_at,created_at,cancelled_at) VALUES (396,33,19,22,'/uploads/program_apply/bf879bd2-37c8-448a-aad6-dabdb3d30d81.png','WAITING','3369',23,NULL,NULL,'2024-12-24 18:38:08',NULL);
INSERT INTO event_program_apply (program_apply_id,program_id,user_id,pet_id,image_url,status,ticket_no,eta_min,notified_at,checked_in_at,created_at,cancelled_at) VALUES (397,33,49,NULL,'/uploads/program_apply/6ecaa6ad-9d5c-40b8-972f-bd6db6a69d14.png','CANCELLED','6094',NULL,'2024-12-25 12:45:42',NULL,'2024-12-03 07:49:41','2024-12-19 13:54:09');
INSERT INTO event_program_apply (program_apply_id,program_id,user_id,pet_id,image_url,status,ticket_no,eta_min,notified_at,checked_in_at,created_at,cancelled_at) VALUES (398,33,62,57,'/uploads/program_apply/c6620bc7-a503-40e1-91e4-ae29f2e6915d.png','WAITING','6532',10,NULL,NULL,'2024-11-07 07:50:47',NULL);
INSERT INTO event_program_apply (program_apply_id,program_id,user_id,pet_id,image_url,status,ticket_no,eta_min,notified_at,checked_in_at,created_at,cancelled_at) VALUES (399,33,48,49,'/uploads/program_apply/d3457361-9cf3-4f22-a16a-b75c7153056a.png','APPLIED','8958',NULL,'2024-12-25 12:42:17',NULL,'2024-12-16 16:09:25',NULL);
INSERT INTO event_program_apply (program_apply_id,program_id,user_id,pet_id,image_url,status,ticket_no,eta_min,notified_at,checked_in_at,created_at,cancelled_at) VALUES (400,33,63,58,'/uploads/program_apply/bf879bd2-37c8-448a-aad6-dabdb3d30d81.png','APPLIED','5390',NULL,NULL,NULL,'2024-12-20 05:32:50',NULL);
INSERT INTO event_program_apply (program_apply_id,program_id,user_id,pet_id,image_url,status,ticket_no,eta_min,notified_at,checked_in_at,created_at,cancelled_at) VALUES (401,34,42,NULL,'/uploads/program_apply/b462e29c-c136-4d30-83ff-882ddd5f34a9.png','CHECKED_IN','7424',NULL,NULL,'2024-12-25 11:36:54','2024-12-24 16:04:27',NULL);
INSERT INTO event_program_apply (program_apply_id,program_id,user_id,pet_id,image_url,status,ticket_no,eta_min,notified_at,checked_in_at,created_at,cancelled_at) VALUES (402,34,46,46,'/uploads/program_apply/c6620bc7-a503-40e1-91e4-ae29f2e6915d.png','WAITING','5077',6,NULL,NULL,'2024-12-24 00:12:48',NULL);
INSERT INTO event_program_apply (program_apply_id,program_id,user_id,pet_id,image_url,status,ticket_no,eta_min,notified_at,checked_in_at,created_at,cancelled_at) VALUES (403,34,65,60,'/uploads/program_apply/d3457361-9cf3-4f22-a16a-b75c7153056a.png','APPLIED','8511',NULL,NULL,NULL,'2024-12-01 02:07:04',NULL);
INSERT INTO event_program_apply (program_apply_id,program_id,user_id,pet_id,image_url,status,ticket_no,eta_min,notified_at,checked_in_at,created_at,cancelled_at) VALUES (404,34,5,5,'/uploads/program_apply/f280c085-0123-4a39-a33f-d3826f3aa0ed.png','CANCELLED','6105',NULL,NULL,NULL,'2024-11-06 15:57:20','2024-11-11 19:22:55');
INSERT INTO event_program_apply (program_apply_id,program_id,user_id,pet_id,image_url,status,ticket_no,eta_min,notified_at,checked_in_at,created_at,cancelled_at) VALUES (405,34,79,NULL,'/uploads/program_apply/c6620bc7-a503-40e1-91e4-ae29f2e6915d.png','APPLIED','1899',NULL,'2024-12-25 10:21:26',NULL,'2024-11-23 13:35:04',NULL);
INSERT INTO event_program_apply (program_apply_id,program_id,user_id,pet_id,image_url,status,ticket_no,eta_min,notified_at,checked_in_at,created_at,cancelled_at) VALUES (406,34,3,1,'/uploads/program_apply/f280c085-0123-4a39-a33f-d3826f3aa0ed.png','APPLIED','7626',NULL,NULL,NULL,'2024-12-16 16:19:54',NULL);
INSERT INTO event_program_apply (program_apply_id,program_id,user_id,pet_id,image_url,status,ticket_no,eta_min,notified_at,checked_in_at,created_at,cancelled_at) VALUES (407,34,94,86,'/uploads/program_apply/dded599b-c1d9-4238-9dcc-246960a4162c.png','APPROVED','8734',27,NULL,NULL,'2024-12-20 22:44:48',NULL);
INSERT INTO event_program_apply (program_apply_id,program_id,user_id,pet_id,image_url,status,ticket_no,eta_min,notified_at,checked_in_at,created_at,cancelled_at) VALUES (408,34,97,92,'/uploads/program_apply/dded599b-c1d9-4238-9dcc-246960a4162c.png','APPROVED','9051',10,'2024-12-25 09:27:17',NULL,'2024-12-12 21:38:28',NULL);
INSERT INTO event_program_apply (program_apply_id,program_id,user_id,pet_id,image_url,status,ticket_no,eta_min,notified_at,checked_in_at,created_at,cancelled_at) VALUES (409,35,13,12,'/uploads/program_apply/c6620bc7-a503-40e1-91e4-ae29f2e6915d.png','APPLIED','1997',NULL,NULL,NULL,'2026-01-22 15:51:13',NULL);
INSERT INTO event_program_apply (program_apply_id,program_id,user_id,pet_id,image_url,status,ticket_no,eta_min,notified_at,checked_in_at,created_at,cancelled_at) VALUES (410,35,78,71,'/uploads/program_apply/c6620bc7-a503-40e1-91e4-ae29f2e6915d.png','APPLIED','8110',NULL,NULL,NULL,'2026-02-20 23:34:40',NULL);
INSERT INTO event_program_apply (program_apply_id,program_id,user_id,pet_id,image_url,status,ticket_no,eta_min,notified_at,checked_in_at,created_at,cancelled_at) VALUES (411,35,93,85,'/uploads/program_apply/c6620bc7-a503-40e1-91e4-ae29f2e6915d.png','APPLIED','2580',NULL,NULL,NULL,'2026-01-27 09:15:40',NULL);
INSERT INTO event_program_apply (program_apply_id,program_id,user_id,pet_id,image_url,status,ticket_no,eta_min,notified_at,checked_in_at,created_at,cancelled_at) VALUES (412,35,31,34,'/uploads/program_apply/deffcc8b-2e23-496a-a3d3-45e4f9afb45f.png','APPROVED','4086',14,NULL,NULL,'2026-02-10 21:43:34',NULL);
INSERT INTO event_program_apply (program_apply_id,program_id,user_id,pet_id,image_url,status,ticket_no,eta_min,notified_at,checked_in_at,created_at,cancelled_at) VALUES (413,35,67,63,'/uploads/program_apply/b462e29c-c136-4d30-83ff-882ddd5f34a9.png','APPROVED','5874',5,NULL,NULL,'2026-02-21 09:08:37',NULL);
INSERT INTO event_program_apply (program_apply_id,program_id,user_id,pet_id,image_url,status,ticket_no,eta_min,notified_at,checked_in_at,created_at,cancelled_at) VALUES (414,35,17,18,'/uploads/program_apply/deffcc8b-2e23-496a-a3d3-45e4f9afb45f.png','CANCELLED','1362',NULL,'2026-02-24 01:44:11',NULL,'2026-01-23 12:36:55','2026-02-17 22:49:45');
INSERT INTO event_program_apply (program_apply_id,program_id,user_id,pet_id,image_url,status,ticket_no,eta_min,notified_at,checked_in_at,created_at,cancelled_at) VALUES (415,35,47,48,'/uploads/program_apply/a6de23d5-27b4-4150-8a68-44fa052d4e28.png','APPLIED','8013',NULL,'2026-02-24 01:00:45',NULL,'2026-01-23 04:27:10',NULL);
INSERT INTO event_program_apply (program_apply_id,program_id,user_id,pet_id,image_url,status,ticket_no,eta_min,notified_at,checked_in_at,created_at,cancelled_at) VALUES (416,36,62,57,'/uploads/program_apply/a6de23d5-27b4-4150-8a68-44fa052d4e28.png','APPLIED','2394',NULL,'2026-02-25 01:45:04',NULL,'2026-02-10 19:50:34',NULL);
INSERT INTO event_program_apply (program_apply_id,program_id,user_id,pet_id,image_url,status,ticket_no,eta_min,notified_at,checked_in_at,created_at,cancelled_at) VALUES (417,36,84,75,'/uploads/program_apply/f280c085-0123-4a39-a33f-d3826f3aa0ed.png','CANCELLED','6899',NULL,'2026-02-25 01:08:55',NULL,'2026-02-21 10:48:47','2026-02-23 19:19:33');
INSERT INTO event_program_apply (program_apply_id,program_id,user_id,pet_id,image_url,status,ticket_no,eta_min,notified_at,checked_in_at,created_at,cancelled_at) VALUES (418,36,14,13,'/uploads/program_apply/bf879bd2-37c8-448a-aad6-dabdb3d30d81.png','APPROVED','1864',10,NULL,NULL,'2026-02-24 12:58:02',NULL);
INSERT INTO event_program_apply (program_apply_id,program_id,user_id,pet_id,image_url,status,ticket_no,eta_min,notified_at,checked_in_at,created_at,cancelled_at) VALUES (419,36,12,11,'/uploads/program_apply/a6de23d5-27b4-4150-8a68-44fa052d4e28.png','WAITING','9830',6,NULL,NULL,'2026-01-12 14:09:13',NULL);
INSERT INTO event_program_apply (program_apply_id,program_id,user_id,pet_id,image_url,status,ticket_no,eta_min,notified_at,checked_in_at,created_at,cancelled_at) VALUES (420,36,67,63,'/uploads/program_apply/c6620bc7-a503-40e1-91e4-ae29f2e6915d.png','APPROVED','8123',21,NULL,NULL,'2026-02-21 17:47:31',NULL);
INSERT INTO event_program_apply (program_apply_id,program_id,user_id,pet_id,image_url,status,ticket_no,eta_min,notified_at,checked_in_at,created_at,cancelled_at) VALUES (421,36,47,47,'/uploads/program_apply/f19d9a9d-d5f0-4738-8ed3-53446ecc0cd8.png','CANCELLED','9652',NULL,NULL,NULL,'2026-02-18 14:18:03','2026-02-20 07:20:23');
INSERT INTO event_program_apply (program_apply_id,program_id,user_id,pet_id,image_url,status,ticket_no,eta_min,notified_at,checked_in_at,created_at,cancelled_at) VALUES (422,37,74,NULL,'/uploads/program_apply/deffcc8b-2e23-496a-a3d3-45e4f9afb45f.png','CANCELLED','7627',NULL,NULL,NULL,'2023-11-19 20:33:47','2023-11-20 05:41:42');
INSERT INTO event_program_apply (program_apply_id,program_id,user_id,pet_id,image_url,status,ticket_no,eta_min,notified_at,checked_in_at,created_at,cancelled_at) VALUES (423,37,57,53,'/uploads/program_apply/bf879bd2-37c8-448a-aad6-dabdb3d30d81.png','APPLIED','1530',NULL,NULL,NULL,'2023-10-31 15:46:38',NULL);
INSERT INTO event_program_apply (program_apply_id,program_id,user_id,pet_id,image_url,status,ticket_no,eta_min,notified_at,checked_in_at,created_at,cancelled_at) VALUES (424,37,83,NULL,'/uploads/program_apply/bf511a5a-6fdb-4c98-a429-9bf7186a0b27.png','REJECTED','1908',NULL,'2023-11-20 19:23:56',NULL,'2023-11-02 12:21:09',NULL);
INSERT INTO event_program_apply (program_apply_id,program_id,user_id,pet_id,image_url,status,ticket_no,eta_min,notified_at,checked_in_at,created_at,cancelled_at) VALUES (425,37,11,10,'/uploads/program_apply/bf511a5a-6fdb-4c98-a429-9bf7186a0b27.png','APPROVED','4223',7,NULL,NULL,'2023-11-19 15:47:48',NULL);
INSERT INTO event_program_apply (program_apply_id,program_id,user_id,pet_id,image_url,status,ticket_no,eta_min,notified_at,checked_in_at,created_at,cancelled_at) VALUES (426,37,77,NULL,'/uploads/program_apply/d3457361-9cf3-4f22-a16a-b75c7153056a.png','APPLIED','5014',NULL,NULL,NULL,'2023-11-20 11:31:02',NULL);
INSERT INTO event_program_apply (program_apply_id,program_id,user_id,pet_id,image_url,status,ticket_no,eta_min,notified_at,checked_in_at,created_at,cancelled_at) VALUES (427,37,73,67,'/uploads/program_apply/d3457361-9cf3-4f22-a16a-b75c7153056a.png','APPROVED','7531',8,NULL,NULL,'2023-11-18 19:49:00',NULL);
INSERT INTO event_program_apply (program_apply_id,program_id,user_id,pet_id,image_url,status,ticket_no,eta_min,notified_at,checked_in_at,created_at,cancelled_at) VALUES (428,37,45,NULL,'/uploads/program_apply/d3457361-9cf3-4f22-a16a-b75c7153056a.png','APPROVED','7598',26,NULL,NULL,'2023-11-11 20:17:39',NULL);
INSERT INTO event_program_apply (program_apply_id,program_id,user_id,pet_id,image_url,status,ticket_no,eta_min,notified_at,checked_in_at,created_at,cancelled_at) VALUES (429,37,89,NULL,'/uploads/program_apply/dded599b-c1d9-4238-9dcc-246960a4162c.png','APPROVED','9239',17,'2023-11-20 19:30:05',NULL,'2023-11-05 05:31:21',NULL);
INSERT INTO event_program_apply (program_apply_id,program_id,user_id,pet_id,image_url,status,ticket_no,eta_min,notified_at,checked_in_at,created_at,cancelled_at) VALUES (430,37,30,NULL,'/uploads/program_apply/bf879bd2-37c8-448a-aad6-dabdb3d30d81.png','APPLIED','1799',NULL,NULL,NULL,'2023-11-20 10:30:14',NULL);
INSERT INTO event_program_apply (program_apply_id,program_id,user_id,pet_id,image_url,status,ticket_no,eta_min,notified_at,checked_in_at,created_at,cancelled_at) VALUES (431,37,66,61,'/uploads/program_apply/a6de23d5-27b4-4150-8a68-44fa052d4e28.png','APPLIED','1342',NULL,'2023-11-20 19:02:30',NULL,'2023-11-07 15:13:35',NULL);
INSERT INTO event_program_apply (program_apply_id,program_id,user_id,pet_id,image_url,status,ticket_no,eta_min,notified_at,checked_in_at,created_at,cancelled_at) VALUES (432,37,58,54,'/uploads/program_apply/bf879bd2-37c8-448a-aad6-dabdb3d30d81.png','APPLIED','6094',NULL,NULL,NULL,'2023-10-16 12:36:58',NULL);
INSERT INTO event_program_apply (program_apply_id,program_id,user_id,pet_id,image_url,status,ticket_no,eta_min,notified_at,checked_in_at,created_at,cancelled_at) VALUES (433,37,2,NULL,'/uploads/program_apply/bf511a5a-6fdb-4c98-a429-9bf7186a0b27.png','CHECKED_IN','7608',NULL,NULL,'2023-11-20 21:26:40','2023-11-15 22:36:01',NULL);
INSERT INTO event_program_apply (program_apply_id,program_id,user_id,pet_id,image_url,status,ticket_no,eta_min,notified_at,checked_in_at,created_at,cancelled_at) VALUES (434,37,18,20,'/uploads/program_apply/b462e29c-c136-4d30-83ff-882ddd5f34a9.png','APPROVED','7824',30,NULL,NULL,'2023-10-17 01:41:23',NULL);
INSERT INTO event_program_apply (program_apply_id,program_id,user_id,pet_id,image_url,status,ticket_no,eta_min,notified_at,checked_in_at,created_at,cancelled_at) VALUES (435,37,59,55,'/uploads/program_apply/b462e29c-c136-4d30-83ff-882ddd5f34a9.png','APPLIED','6242',NULL,NULL,NULL,'2023-11-01 11:24:59',NULL);
INSERT INTO event_program_apply (program_apply_id,program_id,user_id,pet_id,image_url,status,ticket_no,eta_min,notified_at,checked_in_at,created_at,cancelled_at) VALUES (436,37,96,90,'/uploads/program_apply/b462e29c-c136-4d30-83ff-882ddd5f34a9.png','APPLIED','6494',NULL,'2023-11-20 19:13:17',NULL,'2023-11-14 10:44:43',NULL);
INSERT INTO event_program_apply (program_apply_id,program_id,user_id,pet_id,image_url,status,ticket_no,eta_min,notified_at,checked_in_at,created_at,cancelled_at) VALUES (437,38,18,19,'/uploads/program_apply/bf879bd2-37c8-448a-aad6-dabdb3d30d81.png','APPLIED','6010',NULL,'2023-11-20 23:03:22',NULL,'2023-10-02 02:21:50',NULL);
INSERT INTO event_program_apply (program_apply_id,program_id,user_id,pet_id,image_url,status,ticket_no,eta_min,notified_at,checked_in_at,created_at,cancelled_at) VALUES (438,38,59,55,'/uploads/program_apply/6ecaa6ad-9d5c-40b8-972f-bd6db6a69d14.png','APPLIED','1065',NULL,NULL,NULL,'2023-10-21 15:37:28',NULL);
INSERT INTO event_program_apply (program_apply_id,program_id,user_id,pet_id,image_url,status,ticket_no,eta_min,notified_at,checked_in_at,created_at,cancelled_at) VALUES (439,38,89,NULL,'/uploads/program_apply/f280c085-0123-4a39-a33f-d3826f3aa0ed.png','CANCELLED','3749',NULL,'2023-11-20 23:07:23',NULL,'2023-11-09 08:39:26','2023-11-19 20:33:11');
INSERT INTO event_program_apply (program_apply_id,program_id,user_id,pet_id,image_url,status,ticket_no,eta_min,notified_at,checked_in_at,created_at,cancelled_at) VALUES (440,38,66,62,'/uploads/program_apply/dded599b-c1d9-4238-9dcc-246960a4162c.png','APPLIED','9539',NULL,'2023-11-20 23:28:28',NULL,'2023-11-17 20:21:05',NULL);
INSERT INTO event_program_apply (program_apply_id,program_id,user_id,pet_id,image_url,status,ticket_no,eta_min,notified_at,checked_in_at,created_at,cancelled_at) VALUES (441,38,45,NULL,'/uploads/program_apply/d3457361-9cf3-4f22-a16a-b75c7153056a.png','REJECTED','2609',NULL,NULL,NULL,'2023-11-08 12:34:19',NULL);
INSERT INTO event_program_apply (program_apply_id,program_id,user_id,pet_id,image_url,status,ticket_no,eta_min,notified_at,checked_in_at,created_at,cancelled_at) VALUES (442,38,86,78,'/uploads/program_apply/b462e29c-c136-4d30-83ff-882ddd5f34a9.png','APPROVED','2147',16,NULL,NULL,'2023-11-10 18:58:20',NULL);
INSERT INTO event_program_apply (program_apply_id,program_id,user_id,pet_id,image_url,status,ticket_no,eta_min,notified_at,checked_in_at,created_at,cancelled_at) VALUES (443,38,74,NULL,'/uploads/program_apply/a6de23d5-27b4-4150-8a68-44fa052d4e28.png','APPLIED','5194',NULL,NULL,NULL,'2023-10-30 16:34:08',NULL);
INSERT INTO event_program_apply (program_apply_id,program_id,user_id,pet_id,image_url,status,ticket_no,eta_min,notified_at,checked_in_at,created_at,cancelled_at) VALUES (444,38,96,90,'/uploads/program_apply/6ecaa6ad-9d5c-40b8-972f-bd6db6a69d14.png','REJECTED','4163',NULL,'2023-11-20 23:39:04',NULL,'2023-11-14 00:47:53',NULL);
INSERT INTO event_program_apply (program_apply_id,program_id,user_id,pet_id,image_url,status,ticket_no,eta_min,notified_at,checked_in_at,created_at,cancelled_at) VALUES (445,38,58,54,'/uploads/program_apply/f280c085-0123-4a39-a33f-d3826f3aa0ed.png','REJECTED','6368',NULL,NULL,NULL,'2023-11-11 21:25:51',NULL);
INSERT INTO event_program_apply (program_apply_id,program_id,user_id,pet_id,image_url,status,ticket_no,eta_min,notified_at,checked_in_at,created_at,cancelled_at) VALUES (446,38,73,67,'/uploads/program_apply/d3457361-9cf3-4f22-a16a-b75c7153056a.png','APPLIED','1504',NULL,NULL,NULL,'2023-10-29 22:43:34',NULL);
INSERT INTO event_program_apply (program_apply_id,program_id,user_id,pet_id,image_url,status,ticket_no,eta_min,notified_at,checked_in_at,created_at,cancelled_at) VALUES (447,38,30,NULL,'/uploads/program_apply/bf879bd2-37c8-448a-aad6-dabdb3d30d81.png','APPLIED','2217',NULL,NULL,NULL,'2023-11-18 04:11:03',NULL);
INSERT INTO event_program_apply (program_apply_id,program_id,user_id,pet_id,image_url,status,ticket_no,eta_min,notified_at,checked_in_at,created_at,cancelled_at) VALUES (448,38,23,NULL,'/uploads/program_apply/dded599b-c1d9-4238-9dcc-246960a4162c.png','APPROVED','3792',16,'2023-11-20 23:24:24',NULL,'2023-10-05 06:12:11',NULL);
INSERT INTO event_program_apply (program_apply_id,program_id,user_id,pet_id,image_url,status,ticket_no,eta_min,notified_at,checked_in_at,created_at,cancelled_at) VALUES (449,38,77,NULL,'/uploads/program_apply/d3457361-9cf3-4f22-a16a-b75c7153056a.png','CHECKED_IN','1969',NULL,NULL,'2023-11-21 00:19:16','2023-11-19 07:02:56',NULL);
INSERT INTO event_program_apply (program_apply_id,program_id,user_id,pet_id,image_url,status,ticket_no,eta_min,notified_at,checked_in_at,created_at,cancelled_at) VALUES (450,38,2,NULL,'/uploads/program_apply/bf511a5a-6fdb-4c98-a429-9bf7186a0b27.png','APPROVED','8977',5,NULL,NULL,'2023-10-30 10:47:37',NULL);
INSERT INTO event_program_apply (program_apply_id,program_id,user_id,pet_id,image_url,status,ticket_no,eta_min,notified_at,checked_in_at,created_at,cancelled_at) VALUES (451,38,57,52,'/uploads/program_apply/a6de23d5-27b4-4150-8a68-44fa052d4e28.png','CANCELLED','6719',NULL,'2023-11-20 22:55:21',NULL,'2023-11-15 11:29:45','2023-11-19 07:36:17');
INSERT INTO event_program_apply (program_apply_id,program_id,user_id,pet_id,image_url,status,ticket_no,eta_min,notified_at,checked_in_at,created_at,cancelled_at) VALUES (452,38,4,2,'/uploads/program_apply/bf879bd2-37c8-448a-aad6-dabdb3d30d81.png','APPLIED','6245',NULL,NULL,NULL,'2023-11-17 23:59:27',NULL);
INSERT INTO event_program_apply (program_apply_id,program_id,user_id,pet_id,image_url,status,ticket_no,eta_min,notified_at,checked_in_at,created_at,cancelled_at) VALUES (453,38,9,NULL,'/uploads/program_apply/bf879bd2-37c8-448a-aad6-dabdb3d30d81.png','APPROVED','1181',25,NULL,NULL,'2023-11-10 03:22:12',NULL);
INSERT INTO event_program_apply (program_apply_id,program_id,user_id,pet_id,image_url,status,ticket_no,eta_min,notified_at,checked_in_at,created_at,cancelled_at) VALUES (454,38,11,10,'/uploads/program_apply/a6de23d5-27b4-4150-8a68-44fa052d4e28.png','APPROVED','2608',19,NULL,NULL,'2023-11-15 11:40:08',NULL);
INSERT INTO event_program_apply (program_apply_id,program_id,user_id,pet_id,image_url,status,ticket_no,eta_min,notified_at,checked_in_at,created_at,cancelled_at) VALUES (455,39,67,63,'/uploads/program_apply/deffcc8b-2e23-496a-a3d3-45e4f9afb45f.png','APPLIED','8174',NULL,NULL,NULL,'2025-11-08 17:23:16',NULL);
INSERT INTO event_program_apply (program_apply_id,program_id,user_id,pet_id,image_url,status,ticket_no,eta_min,notified_at,checked_in_at,created_at,cancelled_at) VALUES (456,39,72,66,'/uploads/program_apply/f280c085-0123-4a39-a33f-d3826f3aa0ed.png','REJECTED','7558',NULL,'2025-12-18 18:37:31',NULL,'2025-11-15 22:12:00',NULL);
INSERT INTO event_program_apply (program_apply_id,program_id,user_id,pet_id,image_url,status,ticket_no,eta_min,notified_at,checked_in_at,created_at,cancelled_at) VALUES (457,39,15,15,'/uploads/program_apply/bf511a5a-6fdb-4c98-a429-9bf7186a0b27.png','CHECKED_IN','3420',NULL,NULL,'2025-12-18 20:11:51','2025-11-21 20:45:30',NULL);
INSERT INTO event_program_apply (program_apply_id,program_id,user_id,pet_id,image_url,status,ticket_no,eta_min,notified_at,checked_in_at,created_at,cancelled_at) VALUES (458,39,33,37,'/uploads/program_apply/f280c085-0123-4a39-a33f-d3826f3aa0ed.png','WAITING','7796',29,NULL,NULL,'2025-12-17 06:44:28',NULL);
INSERT INTO event_program_apply (program_apply_id,program_id,user_id,pet_id,image_url,status,ticket_no,eta_min,notified_at,checked_in_at,created_at,cancelled_at) VALUES (459,39,89,NULL,'/uploads/program_apply/b462e29c-c136-4d30-83ff-882ddd5f34a9.png','APPLIED','7384',NULL,NULL,NULL,'2025-12-09 22:58:37',NULL);
INSERT INTO event_program_apply (program_apply_id,program_id,user_id,pet_id,image_url,status,ticket_no,eta_min,notified_at,checked_in_at,created_at,cancelled_at) VALUES (460,39,26,NULL,'/uploads/program_apply/d3457361-9cf3-4f22-a16a-b75c7153056a.png','APPROVED','7977',15,NULL,NULL,'2025-11-26 01:01:11',NULL);
INSERT INTO event_program_apply (program_apply_id,program_id,user_id,pet_id,image_url,status,ticket_no,eta_min,notified_at,checked_in_at,created_at,cancelled_at) VALUES (461,39,56,51,'/uploads/program_apply/c6620bc7-a503-40e1-91e4-ae29f2e6915d.png','APPLIED','5913',NULL,'2025-12-18 18:33:41',NULL,'2025-11-13 08:42:29',NULL);
INSERT INTO event_program_apply (program_apply_id,program_id,user_id,pet_id,image_url,status,ticket_no,eta_min,notified_at,checked_in_at,created_at,cancelled_at) VALUES (462,39,59,55,'/uploads/program_apply/f280c085-0123-4a39-a33f-d3826f3aa0ed.png','CHECKED_IN','2099',NULL,NULL,'2025-12-18 21:11:31','2025-12-06 16:53:30',NULL);
INSERT INTO event_program_apply (program_apply_id,program_id,user_id,pet_id,image_url,status,ticket_no,eta_min,notified_at,checked_in_at,created_at,cancelled_at) VALUES (463,39,2,NULL,'/uploads/program_apply/f19d9a9d-d5f0-4738-8ed3-53446ecc0cd8.png','WAITING','2103',13,NULL,NULL,'2025-12-13 17:18:00',NULL);
INSERT INTO event_program_apply (program_apply_id,program_id,user_id,pet_id,image_url,status,ticket_no,eta_min,notified_at,checked_in_at,created_at,cancelled_at) VALUES (464,39,40,NULL,'/uploads/program_apply/d3457361-9cf3-4f22-a16a-b75c7153056a.png','APPROVED','4530',24,'2025-12-18 19:17:05',NULL,'2025-12-15 13:36:00',NULL);
INSERT INTO event_program_apply (program_apply_id,program_id,user_id,pet_id,image_url,status,ticket_no,eta_min,notified_at,checked_in_at,created_at,cancelled_at) VALUES (465,39,96,90,'/uploads/program_apply/f19d9a9d-d5f0-4738-8ed3-53446ecc0cd8.png','REJECTED','4359',NULL,NULL,NULL,'2025-11-02 03:58:00',NULL);
INSERT INTO event_program_apply (program_apply_id,program_id,user_id,pet_id,image_url,status,ticket_no,eta_min,notified_at,checked_in_at,created_at,cancelled_at) VALUES (466,39,92,84,'/uploads/program_apply/f280c085-0123-4a39-a33f-d3826f3aa0ed.png','REJECTED','1339',NULL,NULL,NULL,'2025-12-06 21:11:37',NULL);
INSERT INTO event_program_apply (program_apply_id,program_id,user_id,pet_id,image_url,status,ticket_no,eta_min,notified_at,checked_in_at,created_at,cancelled_at) VALUES (467,39,77,NULL,'/uploads/program_apply/a6de23d5-27b4-4150-8a68-44fa052d4e28.png','APPROVED','3458',21,NULL,NULL,'2025-12-11 01:46:42',NULL);
INSERT INTO event_program_apply (program_apply_id,program_id,user_id,pet_id,image_url,status,ticket_no,eta_min,notified_at,checked_in_at,created_at,cancelled_at) VALUES (468,39,39,NULL,'/uploads/program_apply/f19d9a9d-d5f0-4738-8ed3-53446ecc0cd8.png','REJECTED','8095',NULL,NULL,NULL,'2025-11-29 07:31:02',NULL);
INSERT INTO event_program_apply (program_apply_id,program_id,user_id,pet_id,image_url,status,ticket_no,eta_min,notified_at,checked_in_at,created_at,cancelled_at) VALUES (469,39,27,30,'/uploads/program_apply/deffcc8b-2e23-496a-a3d3-45e4f9afb45f.png','APPLIED','9682',NULL,NULL,NULL,'2025-12-17 05:40:48',NULL);
INSERT INTO event_program_apply (program_apply_id,program_id,user_id,pet_id,image_url,status,ticket_no,eta_min,notified_at,checked_in_at,created_at,cancelled_at) VALUES (470,39,57,52,'/uploads/program_apply/bf879bd2-37c8-448a-aad6-dabdb3d30d81.png','REJECTED','1450',NULL,NULL,NULL,'2025-12-12 17:03:17',NULL);
INSERT INTO event_program_apply (program_apply_id,program_id,user_id,pet_id,image_url,status,ticket_no,eta_min,notified_at,checked_in_at,created_at,cancelled_at) VALUES (471,39,98,94,'/uploads/program_apply/bf879bd2-37c8-448a-aad6-dabdb3d30d81.png','APPLIED','6260',NULL,NULL,NULL,'2025-11-28 16:07:46',NULL);
INSERT INTO event_program_apply (program_apply_id,program_id,user_id,pet_id,image_url,status,ticket_no,eta_min,notified_at,checked_in_at,created_at,cancelled_at) VALUES (472,39,30,NULL,'/uploads/program_apply/d3457361-9cf3-4f22-a16a-b75c7153056a.png','APPROVED','8299',8,NULL,NULL,'2025-12-17 10:47:44',NULL);
INSERT INTO event_program_apply (program_apply_id,program_id,user_id,pet_id,image_url,status,ticket_no,eta_min,notified_at,checked_in_at,created_at,cancelled_at) VALUES (473,39,78,72,'/uploads/program_apply/bf511a5a-6fdb-4c98-a429-9bf7186a0b27.png','APPLIED','2195',NULL,'2025-12-18 18:48:08',NULL,'2025-12-09 17:14:51',NULL);
INSERT INTO event_program_apply (program_apply_id,program_id,user_id,pet_id,image_url,status,ticket_no,eta_min,notified_at,checked_in_at,created_at,cancelled_at) VALUES (474,39,29,33,'/uploads/program_apply/b462e29c-c136-4d30-83ff-882ddd5f34a9.png','APPROVED','1312',26,'2025-12-18 19:08:53',NULL,'2025-12-18 05:19:41',NULL);
INSERT INTO event_program_apply (program_apply_id,program_id,user_id,pet_id,image_url,status,ticket_no,eta_min,notified_at,checked_in_at,created_at,cancelled_at) VALUES (475,40,67,63,'/uploads/program_apply/b462e29c-c136-4d30-83ff-882ddd5f34a9.png','APPROVED','5064',27,'2025-12-19 21:29:02',NULL,'2025-11-30 17:41:04',NULL);
INSERT INTO event_program_apply (program_apply_id,program_id,user_id,pet_id,image_url,status,ticket_no,eta_min,notified_at,checked_in_at,created_at,cancelled_at) VALUES (476,40,38,42,'/uploads/program_apply/bf879bd2-37c8-448a-aad6-dabdb3d30d81.png','CANCELLED','5822',NULL,NULL,NULL,'2025-12-11 23:35:54','2025-12-16 20:30:37');
INSERT INTO event_program_apply (program_apply_id,program_id,user_id,pet_id,image_url,status,ticket_no,eta_min,notified_at,checked_in_at,created_at,cancelled_at) VALUES (477,40,33,37,'/uploads/program_apply/a6de23d5-27b4-4150-8a68-44fa052d4e28.png','REJECTED','4158',NULL,'2025-12-19 22:13:24',NULL,'2025-12-12 08:29:26',NULL);
INSERT INTO event_program_apply (program_apply_id,program_id,user_id,pet_id,image_url,status,ticket_no,eta_min,notified_at,checked_in_at,created_at,cancelled_at) VALUES (478,40,31,34,'/uploads/program_apply/b462e29c-c136-4d30-83ff-882ddd5f34a9.png','REJECTED','6761',NULL,NULL,NULL,'2025-11-22 06:07:45',NULL);
INSERT INTO event_program_apply (program_apply_id,program_id,user_id,pet_id,image_url,status,ticket_no,eta_min,notified_at,checked_in_at,created_at,cancelled_at) VALUES (479,40,92,84,'/uploads/program_apply/bf879bd2-37c8-448a-aad6-dabdb3d30d81.png','CANCELLED','5919',NULL,NULL,NULL,'2025-12-18 04:18:19','2025-12-18 18:45:16');
INSERT INTO event_program_apply (program_apply_id,program_id,user_id,pet_id,image_url,status,ticket_no,eta_min,notified_at,checked_in_at,created_at,cancelled_at) VALUES (480,40,26,NULL,'/uploads/program_apply/deffcc8b-2e23-496a-a3d3-45e4f9afb45f.png','APPROVED','1810',10,NULL,NULL,'2025-12-19 20:10:19',NULL);
INSERT INTO event_program_apply (program_apply_id,program_id,user_id,pet_id,image_url,status,ticket_no,eta_min,notified_at,checked_in_at,created_at,cancelled_at) VALUES (481,40,41,NULL,'/uploads/program_apply/c6620bc7-a503-40e1-91e4-ae29f2e6915d.png','APPROVED','5832',14,NULL,NULL,'2025-12-16 06:58:20',NULL);
INSERT INTO event_program_apply (program_apply_id,program_id,user_id,pet_id,image_url,status,ticket_no,eta_min,notified_at,checked_in_at,created_at,cancelled_at) VALUES (482,40,91,83,'/uploads/program_apply/f19d9a9d-d5f0-4738-8ed3-53446ecc0cd8.png','REJECTED','6890',NULL,'2025-12-19 21:58:59',NULL,'2025-12-14 15:59:48',NULL);
INSERT INTO event_program_apply (program_apply_id,program_id,user_id,pet_id,image_url,status,ticket_no,eta_min,notified_at,checked_in_at,created_at,cancelled_at) VALUES (483,40,52,NULL,'/uploads/program_apply/b462e29c-c136-4d30-83ff-882ddd5f34a9.png','CANCELLED','2170',NULL,'2025-12-19 22:02:56',NULL,'2025-12-04 04:12:48','2025-12-04 23:16:22');
INSERT INTO event_program_apply (program_apply_id,program_id,user_id,pet_id,image_url,status,ticket_no,eta_min,notified_at,checked_in_at,created_at,cancelled_at) VALUES (484,40,39,NULL,'/uploads/program_apply/6ecaa6ad-9d5c-40b8-972f-bd6db6a69d14.png','WAITING','9687',7,NULL,NULL,'2025-11-23 12:14:16',NULL);
INSERT INTO event_program_apply (program_apply_id,program_id,user_id,pet_id,image_url,status,ticket_no,eta_min,notified_at,checked_in_at,created_at,cancelled_at) VALUES (485,40,21,NULL,'/uploads/program_apply/bf879bd2-37c8-448a-aad6-dabdb3d30d81.png','WAITING','4975',21,'2025-12-19 21:51:34',NULL,'2025-12-02 21:31:49',NULL);
INSERT INTO event_program_apply (program_apply_id,program_id,user_id,pet_id,image_url,status,ticket_no,eta_min,notified_at,checked_in_at,created_at,cancelled_at) VALUES (486,40,61,NULL,'/uploads/program_apply/b462e29c-c136-4d30-83ff-882ddd5f34a9.png','APPROVED','6539',10,NULL,NULL,'2025-11-26 22:54:48',NULL);
INSERT INTO event_program_apply (program_apply_id,program_id,user_id,pet_id,image_url,status,ticket_no,eta_min,notified_at,checked_in_at,created_at,cancelled_at) VALUES (487,40,57,53,'/uploads/program_apply/c6620bc7-a503-40e1-91e4-ae29f2e6915d.png','APPLIED','5832',NULL,NULL,NULL,'2025-12-03 13:05:40',NULL);
INSERT INTO event_program_apply (program_apply_id,program_id,user_id,pet_id,image_url,status,ticket_no,eta_min,notified_at,checked_in_at,created_at,cancelled_at) VALUES (488,40,14,13,'/uploads/program_apply/6ecaa6ad-9d5c-40b8-972f-bd6db6a69d14.png','APPLIED','4562',NULL,NULL,NULL,'2025-12-18 13:34:12',NULL);
INSERT INTO event_program_apply (program_apply_id,program_id,user_id,pet_id,image_url,status,ticket_no,eta_min,notified_at,checked_in_at,created_at,cancelled_at) VALUES (489,40,35,NULL,'/uploads/program_apply/bf879bd2-37c8-448a-aad6-dabdb3d30d81.png','REJECTED','3184',NULL,NULL,NULL,'2025-12-18 12:42:18',NULL);
INSERT INTO event_program_apply (program_apply_id,program_id,user_id,pet_id,image_url,status,ticket_no,eta_min,notified_at,checked_in_at,created_at,cancelled_at) VALUES (490,41,46,46,'/uploads/program_apply/d3457361-9cf3-4f22-a16a-b75c7153056a.png','APPLIED','3983',NULL,NULL,NULL,'2023-06-03 23:26:25',NULL);
INSERT INTO event_program_apply (program_apply_id,program_id,user_id,pet_id,image_url,status,ticket_no,eta_min,notified_at,checked_in_at,created_at,cancelled_at) VALUES (491,41,3,1,'/uploads/program_apply/bf511a5a-6fdb-4c98-a429-9bf7186a0b27.png','APPLIED','4304',NULL,NULL,NULL,'2023-06-08 13:45:45',NULL);
INSERT INTO event_program_apply (program_apply_id,program_id,user_id,pet_id,image_url,status,ticket_no,eta_min,notified_at,checked_in_at,created_at,cancelled_at) VALUES (492,41,55,NULL,'/uploads/program_apply/f19d9a9d-d5f0-4738-8ed3-53446ecc0cd8.png','APPLIED','6483',NULL,NULL,NULL,'2023-06-05 13:32:04',NULL);
INSERT INTO event_program_apply (program_apply_id,program_id,user_id,pet_id,image_url,status,ticket_no,eta_min,notified_at,checked_in_at,created_at,cancelled_at) VALUES (493,41,44,NULL,'/uploads/program_apply/d3457361-9cf3-4f22-a16a-b75c7153056a.png','APPLIED','6294',NULL,NULL,NULL,'2023-06-02 02:31:28',NULL);
INSERT INTO event_program_apply (program_apply_id,program_id,user_id,pet_id,image_url,status,ticket_no,eta_min,notified_at,checked_in_at,created_at,cancelled_at) VALUES (494,41,39,NULL,'/uploads/program_apply/f19d9a9d-d5f0-4738-8ed3-53446ecc0cd8.png','APPLIED','6161',NULL,NULL,NULL,'2023-06-06 07:41:34',NULL);
INSERT INTO event_program_apply (program_apply_id,program_id,user_id,pet_id,image_url,status,ticket_no,eta_min,notified_at,checked_in_at,created_at,cancelled_at) VALUES (495,41,65,60,'/uploads/program_apply/deffcc8b-2e23-496a-a3d3-45e4f9afb45f.png','APPLIED','2233',NULL,NULL,NULL,'2023-05-27 01:35:24',NULL);
INSERT INTO event_program_apply (program_apply_id,program_id,user_id,pet_id,image_url,status,ticket_no,eta_min,notified_at,checked_in_at,created_at,cancelled_at) VALUES (496,41,34,38,'/uploads/program_apply/6ecaa6ad-9d5c-40b8-972f-bd6db6a69d14.png','APPLIED','6510',NULL,NULL,NULL,'2023-04-28 01:04:52',NULL);
INSERT INTO event_program_apply (program_apply_id,program_id,user_id,pet_id,image_url,status,ticket_no,eta_min,notified_at,checked_in_at,created_at,cancelled_at) VALUES (497,41,78,71,'/uploads/program_apply/f19d9a9d-d5f0-4738-8ed3-53446ecc0cd8.png','APPLIED','4952',NULL,NULL,NULL,'2023-05-16 20:29:59',NULL);
INSERT INTO event_program_apply (program_apply_id,program_id,user_id,pet_id,image_url,status,ticket_no,eta_min,notified_at,checked_in_at,created_at,cancelled_at) VALUES (498,42,54,NULL,'/uploads/program_apply/bf511a5a-6fdb-4c98-a429-9bf7186a0b27.png','APPROVED','4325',21,NULL,NULL,'2023-05-26 14:41:17',NULL);
INSERT INTO event_program_apply (program_apply_id,program_id,user_id,pet_id,image_url,status,ticket_no,eta_min,notified_at,checked_in_at,created_at,cancelled_at) VALUES (499,42,4,3,'/uploads/program_apply/bf511a5a-6fdb-4c98-a429-9bf7186a0b27.png','REJECTED','7741',NULL,NULL,NULL,'2023-04-23 09:43:57',NULL);
INSERT INTO event_program_apply (program_apply_id,program_id,user_id,pet_id,image_url,status,ticket_no,eta_min,notified_at,checked_in_at,created_at,cancelled_at) VALUES (500,42,34,39,'/uploads/program_apply/bf511a5a-6fdb-4c98-a429-9bf7186a0b27.png','APPLIED','8777',NULL,NULL,NULL,'2023-06-06 22:07:59',NULL);
INSERT INTO event_program_apply (program_apply_id,program_id,user_id,pet_id,image_url,status,ticket_no,eta_min,notified_at,checked_in_at,created_at,cancelled_at) VALUES (501,42,96,90,'/uploads/program_apply/c6620bc7-a503-40e1-91e4-ae29f2e6915d.png','APPLIED','2702',NULL,NULL,NULL,'2023-06-07 17:32:09',NULL);
INSERT INTO event_program_apply (program_apply_id,program_id,user_id,pet_id,image_url,status,ticket_no,eta_min,notified_at,checked_in_at,created_at,cancelled_at) VALUES (502,42,62,57,'/uploads/program_apply/c6620bc7-a503-40e1-91e4-ae29f2e6915d.png','APPROVED','8956',17,NULL,NULL,'2023-06-05 14:16:44',NULL);
INSERT INTO event_program_apply (program_apply_id,program_id,user_id,pet_id,image_url,status,ticket_no,eta_min,notified_at,checked_in_at,created_at,cancelled_at) VALUES (503,42,16,16,'/uploads/program_apply/6ecaa6ad-9d5c-40b8-972f-bd6db6a69d14.png','WAITING','4053',16,NULL,NULL,'2023-06-05 18:37:36',NULL);
INSERT INTO event_program_apply (program_apply_id,program_id,user_id,pet_id,image_url,status,ticket_no,eta_min,notified_at,checked_in_at,created_at,cancelled_at) VALUES (504,43,51,50,'/uploads/program_apply/bf511a5a-6fdb-4c98-a429-9bf7186a0b27.png','APPROVED','2132',5,NULL,NULL,'2024-09-02 07:06:50',NULL);
INSERT INTO event_program_apply (program_apply_id,program_id,user_id,pet_id,image_url,status,ticket_no,eta_min,notified_at,checked_in_at,created_at,cancelled_at) VALUES (505,43,21,NULL,'/uploads/program_apply/f280c085-0123-4a39-a33f-d3826f3aa0ed.png','APPLIED','9831',NULL,NULL,NULL,'2024-09-01 22:40:09',NULL);
INSERT INTO event_program_apply (program_apply_id,program_id,user_id,pet_id,image_url,status,ticket_no,eta_min,notified_at,checked_in_at,created_at,cancelled_at) VALUES (506,43,34,39,'/uploads/program_apply/f280c085-0123-4a39-a33f-d3826f3aa0ed.png','REJECTED','5216',NULL,'2024-09-02 20:54:59',NULL,'2024-08-30 01:46:28',NULL);
INSERT INTO event_program_apply (program_apply_id,program_id,user_id,pet_id,image_url,status,ticket_no,eta_min,notified_at,checked_in_at,created_at,cancelled_at) VALUES (507,43,2,NULL,'/uploads/program_apply/c6620bc7-a503-40e1-91e4-ae29f2e6915d.png','CHECKED_IN','9616',NULL,NULL,'2024-09-02 22:38:13','2024-09-01 13:14:55',NULL);
INSERT INTO event_program_apply (program_apply_id,program_id,user_id,pet_id,image_url,status,ticket_no,eta_min,notified_at,checked_in_at,created_at,cancelled_at) VALUES (508,43,91,83,'/uploads/program_apply/dded599b-c1d9-4238-9dcc-246960a4162c.png','APPLIED','8323',NULL,NULL,NULL,'2024-07-28 19:58:39',NULL);
INSERT INTO event_program_apply (program_apply_id,program_id,user_id,pet_id,image_url,status,ticket_no,eta_min,notified_at,checked_in_at,created_at,cancelled_at) VALUES (509,43,57,53,'/uploads/program_apply/d3457361-9cf3-4f22-a16a-b75c7153056a.png','APPLIED','9220',NULL,NULL,NULL,'2024-09-02 11:55:42',NULL);
INSERT INTO event_program_apply (program_apply_id,program_id,user_id,pet_id,image_url,status,ticket_no,eta_min,notified_at,checked_in_at,created_at,cancelled_at) VALUES (510,43,39,NULL,'/uploads/program_apply/a6de23d5-27b4-4150-8a68-44fa052d4e28.png','APPLIED','6162',NULL,NULL,NULL,'2024-08-28 18:57:42',NULL);
INSERT INTO event_program_apply (program_apply_id,program_id,user_id,pet_id,image_url,status,ticket_no,eta_min,notified_at,checked_in_at,created_at,cancelled_at) VALUES (511,43,99,96,'/uploads/program_apply/deffcc8b-2e23-496a-a3d3-45e4f9afb45f.png','APPLIED','9388',NULL,'2024-09-02 21:21:02',NULL,'2024-08-30 01:47:36',NULL);
INSERT INTO event_program_apply (program_apply_id,program_id,user_id,pet_id,image_url,status,ticket_no,eta_min,notified_at,checked_in_at,created_at,cancelled_at) VALUES (512,43,12,11,'/uploads/program_apply/deffcc8b-2e23-496a-a3d3-45e4f9afb45f.png','CANCELLED','5287',NULL,NULL,NULL,'2024-09-02 17:32:26','2024-09-02 19:01:19');
INSERT INTO event_program_apply (program_apply_id,program_id,user_id,pet_id,image_url,status,ticket_no,eta_min,notified_at,checked_in_at,created_at,cancelled_at) VALUES (513,43,75,69,'/uploads/program_apply/b462e29c-c136-4d30-83ff-882ddd5f34a9.png','REJECTED','5697',NULL,'2024-09-02 21:00:38',NULL,'2024-08-20 02:34:17',NULL);
INSERT INTO event_program_apply (program_apply_id,program_id,user_id,pet_id,image_url,status,ticket_no,eta_min,notified_at,checked_in_at,created_at,cancelled_at) VALUES (514,43,74,NULL,'/uploads/program_apply/dded599b-c1d9-4238-9dcc-246960a4162c.png','APPLIED','3664',NULL,'2024-09-02 20:59:55',NULL,'2024-08-28 14:24:56',NULL);
INSERT INTO event_program_apply (program_apply_id,program_id,user_id,pet_id,image_url,status,ticket_no,eta_min,notified_at,checked_in_at,created_at,cancelled_at) VALUES (515,43,53,NULL,'/uploads/program_apply/dded599b-c1d9-4238-9dcc-246960a4162c.png','APPLIED','8818',NULL,'2024-09-02 21:10:40',NULL,'2024-09-02 16:51:21',NULL);
INSERT INTO event_program_apply (program_apply_id,program_id,user_id,pet_id,image_url,status,ticket_no,eta_min,notified_at,checked_in_at,created_at,cancelled_at) VALUES (516,43,37,NULL,'/uploads/program_apply/c6620bc7-a503-40e1-91e4-ae29f2e6915d.png','REJECTED','4858',NULL,NULL,NULL,'2024-08-23 17:56:00',NULL);
INSERT INTO event_program_apply (program_apply_id,program_id,user_id,pet_id,image_url,status,ticket_no,eta_min,notified_at,checked_in_at,created_at,cancelled_at) VALUES (517,43,62,57,'/uploads/program_apply/a6de23d5-27b4-4150-8a68-44fa052d4e28.png','APPROVED','2183',29,'2024-09-02 21:27:19',NULL,'2024-08-26 13:39:11',NULL);
INSERT INTO event_program_apply (program_apply_id,program_id,user_id,pet_id,image_url,status,ticket_no,eta_min,notified_at,checked_in_at,created_at,cancelled_at) VALUES (518,43,50,NULL,'/uploads/program_apply/f280c085-0123-4a39-a33f-d3826f3aa0ed.png','REJECTED','2973',NULL,'2024-09-02 20:38:10',NULL,'2024-08-11 12:26:13',NULL);
INSERT INTO event_program_apply (program_apply_id,program_id,user_id,pet_id,image_url,status,ticket_no,eta_min,notified_at,checked_in_at,created_at,cancelled_at) VALUES (519,43,81,NULL,'/uploads/program_apply/bf879bd2-37c8-448a-aad6-dabdb3d30d81.png','CHECKED_IN','3326',NULL,NULL,'2024-09-02 22:52:08','2024-08-14 16:55:58',NULL);
INSERT INTO event_program_apply (program_apply_id,program_id,user_id,pet_id,image_url,status,ticket_no,eta_min,notified_at,checked_in_at,created_at,cancelled_at) VALUES (520,44,12,11,'/uploads/program_apply/f280c085-0123-4a39-a33f-d3826f3aa0ed.png','APPLIED','6092',NULL,'2024-09-03 13:08:08',NULL,'2024-09-01 01:19:08',NULL);
INSERT INTO event_program_apply (program_apply_id,program_id,user_id,pet_id,image_url,status,ticket_no,eta_min,notified_at,checked_in_at,created_at,cancelled_at) VALUES (521,44,53,NULL,'/uploads/program_apply/d3457361-9cf3-4f22-a16a-b75c7153056a.png','CANCELLED','3641',NULL,NULL,NULL,'2024-09-02 20:19:39','2024-09-03 05:57:58');
INSERT INTO event_program_apply (program_apply_id,program_id,user_id,pet_id,image_url,status,ticket_no,eta_min,notified_at,checked_in_at,created_at,cancelled_at) VALUES (522,44,50,NULL,'/uploads/program_apply/6ecaa6ad-9d5c-40b8-972f-bd6db6a69d14.png','APPROVED','8874',19,'2024-09-03 12:46:00',NULL,'2024-08-07 22:18:29',NULL);
INSERT INTO event_program_apply (program_apply_id,program_id,user_id,pet_id,image_url,status,ticket_no,eta_min,notified_at,checked_in_at,created_at,cancelled_at) VALUES (523,44,2,NULL,'/uploads/program_apply/f280c085-0123-4a39-a33f-d3826f3aa0ed.png','APPLIED','1822',NULL,NULL,NULL,'2024-09-03 10:20:05',NULL);
INSERT INTO event_program_apply (program_apply_id,program_id,user_id,pet_id,image_url,status,ticket_no,eta_min,notified_at,checked_in_at,created_at,cancelled_at) VALUES (524,44,39,NULL,'/uploads/program_apply/a6de23d5-27b4-4150-8a68-44fa052d4e28.png','APPLIED','4284',NULL,NULL,NULL,'2024-08-31 04:24:17',NULL);
INSERT INTO event_program_apply (program_apply_id,program_id,user_id,pet_id,image_url,status,ticket_no,eta_min,notified_at,checked_in_at,created_at,cancelled_at) VALUES (525,44,62,57,'/uploads/program_apply/dded599b-c1d9-4238-9dcc-246960a4162c.png','CANCELLED','6034',NULL,NULL,NULL,'2024-08-26 08:49:58','2024-08-30 06:44:01');
INSERT INTO event_program_apply (program_apply_id,program_id,user_id,pet_id,image_url,status,ticket_no,eta_min,notified_at,checked_in_at,created_at,cancelled_at) VALUES (526,44,37,NULL,'/uploads/program_apply/dded599b-c1d9-4238-9dcc-246960a4162c.png','APPLIED','6133',NULL,'2024-09-03 13:00:23',NULL,'2024-07-17 08:06:45',NULL);
INSERT INTO event_program_apply (program_apply_id,program_id,user_id,pet_id,image_url,status,ticket_no,eta_min,notified_at,checked_in_at,created_at,cancelled_at) VALUES (527,44,34,38,'/uploads/program_apply/d3457361-9cf3-4f22-a16a-b75c7153056a.png','WAITING','5301',26,'2024-09-03 12:40:17',NULL,'2024-08-19 21:51:05',NULL);
INSERT INTO event_program_apply (program_apply_id,program_id,user_id,pet_id,image_url,status,ticket_no,eta_min,notified_at,checked_in_at,created_at,cancelled_at) VALUES (528,44,81,NULL,'/uploads/program_apply/f280c085-0123-4a39-a33f-d3826f3aa0ed.png','APPLIED','3677',NULL,NULL,NULL,'2024-08-25 06:15:53',NULL);
INSERT INTO event_program_apply (program_apply_id,program_id,user_id,pet_id,image_url,status,ticket_no,eta_min,notified_at,checked_in_at,created_at,cancelled_at) VALUES (529,44,91,82,'/uploads/program_apply/d3457361-9cf3-4f22-a16a-b75c7153056a.png','APPROVED','7090',28,NULL,NULL,'2024-08-17 02:37:02',NULL);
INSERT INTO event_program_apply (program_apply_id,program_id,user_id,pet_id,image_url,status,ticket_no,eta_min,notified_at,checked_in_at,created_at,cancelled_at) VALUES (530,44,74,NULL,'/uploads/program_apply/a6de23d5-27b4-4150-8a68-44fa052d4e28.png','CANCELLED','6147',NULL,NULL,NULL,'2024-08-28 16:25:13','2024-09-03 05:30:40');
INSERT INTO event_program_apply (program_apply_id,program_id,user_id,pet_id,image_url,status,ticket_no,eta_min,notified_at,checked_in_at,created_at,cancelled_at) VALUES (531,44,57,53,'/uploads/program_apply/f280c085-0123-4a39-a33f-d3826f3aa0ed.png','REJECTED','6645',NULL,'2024-09-03 12:44:36',NULL,'2024-08-30 07:45:42',NULL);
INSERT INTO event_program_apply (program_apply_id,program_id,user_id,pet_id,image_url,status,ticket_no,eta_min,notified_at,checked_in_at,created_at,cancelled_at) VALUES (532,44,21,NULL,'/uploads/program_apply/f19d9a9d-d5f0-4738-8ed3-53446ecc0cd8.png','APPLIED','9782',NULL,'2024-09-03 13:19:56',NULL,'2024-08-31 12:40:29',NULL);
INSERT INTO event_program_apply (program_apply_id,program_id,user_id,pet_id,image_url,status,ticket_no,eta_min,notified_at,checked_in_at,created_at,cancelled_at) VALUES (533,44,90,81,'/uploads/program_apply/d3457361-9cf3-4f22-a16a-b75c7153056a.png','APPLIED','4909',NULL,NULL,NULL,'2024-08-19 09:47:14',NULL);
INSERT INTO event_program_apply (program_apply_id,program_id,user_id,pet_id,image_url,status,ticket_no,eta_min,notified_at,checked_in_at,created_at,cancelled_at) VALUES (534,44,75,69,'/uploads/program_apply/d3457361-9cf3-4f22-a16a-b75c7153056a.png','REJECTED','3520',NULL,NULL,NULL,'2024-08-30 20:52:30',NULL);
INSERT INTO event_program_apply (program_apply_id,program_id,user_id,pet_id,image_url,status,ticket_no,eta_min,notified_at,checked_in_at,created_at,cancelled_at) VALUES (535,44,51,50,'/uploads/program_apply/bf879bd2-37c8-448a-aad6-dabdb3d30d81.png','WAITING','3882',27,NULL,NULL,'2024-08-16 05:12:44',NULL);
INSERT INTO event_program_apply (program_apply_id,program_id,user_id,pet_id,image_url,status,ticket_no,eta_min,notified_at,checked_in_at,created_at,cancelled_at) VALUES (536,45,77,NULL,'/uploads/program_apply/a6de23d5-27b4-4150-8a68-44fa052d4e28.png','APPLIED','2558',NULL,NULL,NULL,'2023-10-07 05:39:41',NULL);
INSERT INTO event_program_apply (program_apply_id,program_id,user_id,pet_id,image_url,status,ticket_no,eta_min,notified_at,checked_in_at,created_at,cancelled_at) VALUES (537,45,60,56,'/uploads/program_apply/b462e29c-c136-4d30-83ff-882ddd5f34a9.png','APPLIED','6246',NULL,'2023-10-09 19:26:04',NULL,'2023-09-17 09:35:26',NULL);
INSERT INTO event_program_apply (program_apply_id,program_id,user_id,pet_id,image_url,status,ticket_no,eta_min,notified_at,checked_in_at,created_at,cancelled_at) VALUES (538,45,85,77,'/uploads/program_apply/bf879bd2-37c8-448a-aad6-dabdb3d30d81.png','APPLIED','4292',NULL,NULL,NULL,'2023-08-26 19:43:51',NULL);
INSERT INTO event_program_apply (program_apply_id,program_id,user_id,pet_id,image_url,status,ticket_no,eta_min,notified_at,checked_in_at,created_at,cancelled_at) VALUES (539,45,17,18,'/uploads/program_apply/d3457361-9cf3-4f22-a16a-b75c7153056a.png','CHECKED_IN','2770',NULL,NULL,'2023-10-09 20:43:26','2023-10-03 16:28:13',NULL);
INSERT INTO event_program_apply (program_apply_id,program_id,user_id,pet_id,image_url,status,ticket_no,eta_min,notified_at,checked_in_at,created_at,cancelled_at) VALUES (540,45,16,16,'/uploads/program_apply/d3457361-9cf3-4f22-a16a-b75c7153056a.png','APPROVED','4193',6,'2023-10-09 19:40:24',NULL,'2023-10-04 15:28:09',NULL);
INSERT INTO event_program_apply (program_apply_id,program_id,user_id,pet_id,image_url,status,ticket_no,eta_min,notified_at,checked_in_at,created_at,cancelled_at) VALUES (541,45,31,34,'/uploads/program_apply/f19d9a9d-d5f0-4738-8ed3-53446ecc0cd8.png','APPLIED','2711',NULL,NULL,NULL,'2023-09-26 10:17:37',NULL);
INSERT INTO event_program_apply (program_apply_id,program_id,user_id,pet_id,image_url,status,ticket_no,eta_min,notified_at,checked_in_at,created_at,cancelled_at) VALUES (542,45,97,93,'/uploads/program_apply/c6620bc7-a503-40e1-91e4-ae29f2e6915d.png','APPROVED','2606',20,NULL,NULL,'2023-09-25 09:43:55',NULL);
INSERT INTO event_program_apply (program_apply_id,program_id,user_id,pet_id,image_url,status,ticket_no,eta_min,notified_at,checked_in_at,created_at,cancelled_at) VALUES (543,45,95,88,'/uploads/program_apply/deffcc8b-2e23-496a-a3d3-45e4f9afb45f.png','APPLIED','5794',NULL,'2023-10-09 19:31:30',NULL,'2023-10-01 18:14:21',NULL);
INSERT INTO event_program_apply (program_apply_id,program_id,user_id,pet_id,image_url,status,ticket_no,eta_min,notified_at,checked_in_at,created_at,cancelled_at) VALUES (544,45,71,65,'/uploads/program_apply/f280c085-0123-4a39-a33f-d3826f3aa0ed.png','APPLIED','1171',NULL,'2023-10-09 19:37:42',NULL,'2023-09-28 12:20:17',NULL);
INSERT INTO event_program_apply (program_apply_id,program_id,user_id,pet_id,image_url,status,ticket_no,eta_min,notified_at,checked_in_at,created_at,cancelled_at) VALUES (545,45,5,4,'/uploads/program_apply/deffcc8b-2e23-496a-a3d3-45e4f9afb45f.png','WAITING','6825',13,NULL,NULL,'2023-09-10 00:21:47',NULL);
INSERT INTO event_program_apply (program_apply_id,program_id,user_id,pet_id,image_url,status,ticket_no,eta_min,notified_at,checked_in_at,created_at,cancelled_at) VALUES (546,45,14,13,'/uploads/program_apply/deffcc8b-2e23-496a-a3d3-45e4f9afb45f.png','APPLIED','2971',NULL,'2023-10-09 19:44:06',NULL,'2023-10-07 11:23:08',NULL);
INSERT INTO event_program_apply (program_apply_id,program_id,user_id,pet_id,image_url,status,ticket_no,eta_min,notified_at,checked_in_at,created_at,cancelled_at) VALUES (547,45,8,NULL,'/uploads/program_apply/6ecaa6ad-9d5c-40b8-972f-bd6db6a69d14.png','APPLIED','9271',NULL,NULL,NULL,'2023-10-07 13:51:34',NULL);
INSERT INTO event_program_apply (program_apply_id,program_id,user_id,pet_id,image_url,status,ticket_no,eta_min,notified_at,checked_in_at,created_at,cancelled_at) VALUES (548,45,100,97,'/uploads/program_apply/deffcc8b-2e23-496a-a3d3-45e4f9afb45f.png','APPLIED','2139',NULL,NULL,NULL,'2023-10-02 13:11:55',NULL);
INSERT INTO event_program_apply (program_apply_id,program_id,user_id,pet_id,image_url,status,ticket_no,eta_min,notified_at,checked_in_at,created_at,cancelled_at) VALUES (549,45,61,NULL,'/uploads/program_apply/deffcc8b-2e23-496a-a3d3-45e4f9afb45f.png','APPLIED','5580',NULL,NULL,NULL,'2023-10-07 06:55:39',NULL);
INSERT INTO event_program_apply (program_apply_id,program_id,user_id,pet_id,image_url,status,ticket_no,eta_min,notified_at,checked_in_at,created_at,cancelled_at) VALUES (550,45,82,NULL,'/uploads/program_apply/d3457361-9cf3-4f22-a16a-b75c7153056a.png','REJECTED','5079',NULL,NULL,NULL,'2023-09-08 00:20:42',NULL);
INSERT INTO event_program_apply (program_apply_id,program_id,user_id,pet_id,image_url,status,ticket_no,eta_min,notified_at,checked_in_at,created_at,cancelled_at) VALUES (551,45,68,64,'/uploads/program_apply/deffcc8b-2e23-496a-a3d3-45e4f9afb45f.png','CANCELLED','6512',NULL,'2023-10-09 19:41:49',NULL,'2023-09-21 16:05:11','2023-09-27 05:06:50');
INSERT INTO event_program_apply (program_apply_id,program_id,user_id,pet_id,image_url,status,ticket_no,eta_min,notified_at,checked_in_at,created_at,cancelled_at) VALUES (552,45,65,60,'/uploads/program_apply/f280c085-0123-4a39-a33f-d3826f3aa0ed.png','WAITING','5523',30,NULL,NULL,'2023-09-28 15:57:09',NULL);
INSERT INTO event_program_apply (program_apply_id,program_id,user_id,pet_id,image_url,status,ticket_no,eta_min,notified_at,checked_in_at,created_at,cancelled_at) VALUES (553,46,77,NULL,'/uploads/program_apply/deffcc8b-2e23-496a-a3d3-45e4f9afb45f.png','APPROVED','2319',28,NULL,NULL,'2023-10-06 17:47:12',NULL);
INSERT INTO event_program_apply (program_apply_id,program_id,user_id,pet_id,image_url,status,ticket_no,eta_min,notified_at,checked_in_at,created_at,cancelled_at) VALUES (554,46,60,56,'/uploads/program_apply/d3457361-9cf3-4f22-a16a-b75c7153056a.png','APPLIED','8676',NULL,NULL,NULL,'2023-08-28 11:00:32',NULL);
INSERT INTO event_program_apply (program_apply_id,program_id,user_id,pet_id,image_url,status,ticket_no,eta_min,notified_at,checked_in_at,created_at,cancelled_at) VALUES (555,46,54,NULL,'/uploads/program_apply/bf879bd2-37c8-448a-aad6-dabdb3d30d81.png','REJECTED','4876',NULL,NULL,NULL,'2023-09-21 00:50:38',NULL);
INSERT INTO event_program_apply (program_apply_id,program_id,user_id,pet_id,image_url,status,ticket_no,eta_min,notified_at,checked_in_at,created_at,cancelled_at) VALUES (556,46,16,16,'/uploads/program_apply/d3457361-9cf3-4f22-a16a-b75c7153056a.png','APPROVED','2201',5,NULL,NULL,'2023-09-15 00:56:04',NULL);
INSERT INTO event_program_apply (program_apply_id,program_id,user_id,pet_id,image_url,status,ticket_no,eta_min,notified_at,checked_in_at,created_at,cancelled_at) VALUES (557,46,71,65,'/uploads/program_apply/f19d9a9d-d5f0-4738-8ed3-53446ecc0cd8.png','WAITING','6301',22,'2023-10-10 11:23:57',NULL,'2023-09-27 16:12:11',NULL);
INSERT INTO event_program_apply (program_apply_id,program_id,user_id,pet_id,image_url,status,ticket_no,eta_min,notified_at,checked_in_at,created_at,cancelled_at) VALUES (558,46,11,10,'/uploads/program_apply/dded599b-c1d9-4238-9dcc-246960a4162c.png','WAITING','1479',8,NULL,NULL,'2023-09-10 00:29:49',NULL);
INSERT INTO event_program_apply (program_apply_id,program_id,user_id,pet_id,image_url,status,ticket_no,eta_min,notified_at,checked_in_at,created_at,cancelled_at) VALUES (559,46,36,41,'/uploads/program_apply/dded599b-c1d9-4238-9dcc-246960a4162c.png','WAITING','5942',8,NULL,NULL,'2023-10-08 00:26:02',NULL);
INSERT INTO event_program_apply (program_apply_id,program_id,user_id,pet_id,image_url,status,ticket_no,eta_min,notified_at,checked_in_at,created_at,cancelled_at) VALUES (560,46,95,89,'/uploads/program_apply/6ecaa6ad-9d5c-40b8-972f-bd6db6a69d14.png','WAITING','9715',5,NULL,NULL,'2023-09-28 19:02:58',NULL);
INSERT INTO event_program_apply (program_apply_id,program_id,user_id,pet_id,image_url,status,ticket_no,eta_min,notified_at,checked_in_at,created_at,cancelled_at) VALUES (561,46,70,NULL,'/uploads/program_apply/a6de23d5-27b4-4150-8a68-44fa052d4e28.png','APPLIED','5617',NULL,NULL,NULL,'2023-09-23 08:13:37',NULL);
INSERT INTO event_program_apply (program_apply_id,program_id,user_id,pet_id,image_url,status,ticket_no,eta_min,notified_at,checked_in_at,created_at,cancelled_at) VALUES (562,46,68,64,'/uploads/program_apply/c6620bc7-a503-40e1-91e4-ae29f2e6915d.png','WAITING','1972',26,NULL,NULL,'2023-10-02 05:16:36',NULL);
INSERT INTO event_program_apply (program_apply_id,program_id,user_id,pet_id,image_url,status,ticket_no,eta_min,notified_at,checked_in_at,created_at,cancelled_at) VALUES (563,46,8,NULL,'/uploads/program_apply/d3457361-9cf3-4f22-a16a-b75c7153056a.png','REJECTED','3679',NULL,NULL,NULL,'2023-09-24 07:24:48',NULL);
INSERT INTO event_program_apply (program_apply_id,program_id,user_id,pet_id,image_url,status,ticket_no,eta_min,notified_at,checked_in_at,created_at,cancelled_at) VALUES (564,46,26,NULL,'/uploads/program_apply/deffcc8b-2e23-496a-a3d3-45e4f9afb45f.png','APPLIED','3864',NULL,NULL,NULL,'2023-09-16 06:27:43',NULL);
INSERT INTO event_program_apply (program_apply_id,program_id,user_id,pet_id,image_url,status,ticket_no,eta_min,notified_at,checked_in_at,created_at,cancelled_at) VALUES (565,46,5,5,'/uploads/program_apply/6ecaa6ad-9d5c-40b8-972f-bd6db6a69d14.png','APPLIED','1780',NULL,'2023-10-10 11:07:39',NULL,'2023-10-05 22:09:52',NULL);
INSERT INTO event_program_apply (program_apply_id,program_id,user_id,pet_id,image_url,status,ticket_no,eta_min,notified_at,checked_in_at,created_at,cancelled_at) VALUES (566,46,85,76,'/uploads/program_apply/bf511a5a-6fdb-4c98-a429-9bf7186a0b27.png','APPROVED','5724',12,NULL,NULL,'2023-10-07 21:20:49',NULL);
INSERT INTO event_program_apply (program_apply_id,program_id,user_id,pet_id,image_url,status,ticket_no,eta_min,notified_at,checked_in_at,created_at,cancelled_at) VALUES (567,46,83,NULL,'/uploads/program_apply/f280c085-0123-4a39-a33f-d3826f3aa0ed.png','APPLIED','3592',NULL,NULL,NULL,'2023-09-18 03:28:19',NULL);
INSERT INTO event_program_apply (program_apply_id,program_id,user_id,pet_id,image_url,status,ticket_no,eta_min,notified_at,checked_in_at,created_at,cancelled_at) VALUES (568,47,77,NULL,'/uploads/program_apply/d3457361-9cf3-4f22-a16a-b75c7153056a.png','APPLIED','1953',NULL,'2024-04-19 09:39:02',NULL,'2024-03-26 21:16:43',NULL);
INSERT INTO event_program_apply (program_apply_id,program_id,user_id,pet_id,image_url,status,ticket_no,eta_min,notified_at,checked_in_at,created_at,cancelled_at) VALUES (569,47,20,23,'/uploads/program_apply/c6620bc7-a503-40e1-91e4-ae29f2e6915d.png','APPLIED','4062',NULL,NULL,NULL,'2024-04-04 01:35:10',NULL);
INSERT INTO event_program_apply (program_apply_id,program_id,user_id,pet_id,image_url,status,ticket_no,eta_min,notified_at,checked_in_at,created_at,cancelled_at) VALUES (570,47,27,30,'/uploads/program_apply/deffcc8b-2e23-496a-a3d3-45e4f9afb45f.png','APPLIED','1731',NULL,NULL,NULL,'2024-03-23 08:46:23',NULL);
INSERT INTO event_program_apply (program_apply_id,program_id,user_id,pet_id,image_url,status,ticket_no,eta_min,notified_at,checked_in_at,created_at,cancelled_at) VALUES (571,47,64,59,'/uploads/program_apply/d3457361-9cf3-4f22-a16a-b75c7153056a.png','APPLIED','3708',NULL,'2024-04-19 09:56:04',NULL,'2024-03-28 20:05:46',NULL);
INSERT INTO event_program_apply (program_apply_id,program_id,user_id,pet_id,image_url,status,ticket_no,eta_min,notified_at,checked_in_at,created_at,cancelled_at) VALUES (572,47,91,82,'/uploads/program_apply/bf879bd2-37c8-448a-aad6-dabdb3d30d81.png','APPLIED','2635',NULL,NULL,NULL,'2024-04-01 16:50:37',NULL);
INSERT INTO event_program_apply (program_apply_id,program_id,user_id,pet_id,image_url,status,ticket_no,eta_min,notified_at,checked_in_at,created_at,cancelled_at) VALUES (573,47,72,66,'/uploads/program_apply/dded599b-c1d9-4238-9dcc-246960a4162c.png','APPLIED','7409',NULL,NULL,NULL,'2024-03-12 13:10:58',NULL);
INSERT INTO event_program_apply (program_apply_id,program_id,user_id,pet_id,image_url,status,ticket_no,eta_min,notified_at,checked_in_at,created_at,cancelled_at) VALUES (574,47,56,51,'/uploads/program_apply/c6620bc7-a503-40e1-91e4-ae29f2e6915d.png','APPLIED','6730',NULL,'2024-04-19 09:56:51',NULL,'2024-04-01 01:02:00',NULL);
INSERT INTO event_program_apply (program_apply_id,program_id,user_id,pet_id,image_url,status,ticket_no,eta_min,notified_at,checked_in_at,created_at,cancelled_at) VALUES (575,47,8,NULL,'/uploads/program_apply/f280c085-0123-4a39-a33f-d3826f3aa0ed.png','APPROVED','4208',19,NULL,NULL,'2024-04-15 23:34:39',NULL);
INSERT INTO event_program_apply (program_apply_id,program_id,user_id,pet_id,image_url,status,ticket_no,eta_min,notified_at,checked_in_at,created_at,cancelled_at) VALUES (576,47,19,21,'/uploads/program_apply/bf511a5a-6fdb-4c98-a429-9bf7186a0b27.png','APPROVED','1048',17,'2024-04-19 09:26:29',NULL,'2024-04-15 17:53:17',NULL);
INSERT INTO event_program_apply (program_apply_id,program_id,user_id,pet_id,image_url,status,ticket_no,eta_min,notified_at,checked_in_at,created_at,cancelled_at) VALUES (577,47,7,9,'/uploads/program_apply/d3457361-9cf3-4f22-a16a-b75c7153056a.png','CANCELLED','2148',NULL,NULL,NULL,'2024-04-05 22:47:51','2024-04-10 22:49:23');
INSERT INTO event_program_apply (program_apply_id,program_id,user_id,pet_id,image_url,status,ticket_no,eta_min,notified_at,checked_in_at,created_at,cancelled_at) VALUES (578,47,41,NULL,'/uploads/program_apply/a6de23d5-27b4-4150-8a68-44fa052d4e28.png','APPLIED','4483',NULL,NULL,NULL,'2024-03-25 19:54:50',NULL);
INSERT INTO event_program_apply (program_apply_id,program_id,user_id,pet_id,image_url,status,ticket_no,eta_min,notified_at,checked_in_at,created_at,cancelled_at) VALUES (579,47,68,64,'/uploads/program_apply/d3457361-9cf3-4f22-a16a-b75c7153056a.png','REJECTED','2095',NULL,NULL,NULL,'2024-03-26 19:33:37',NULL);
INSERT INTO event_program_apply (program_apply_id,program_id,user_id,pet_id,image_url,status,ticket_no,eta_min,notified_at,checked_in_at,created_at,cancelled_at) VALUES (580,47,10,NULL,'/uploads/program_apply/bf511a5a-6fdb-4c98-a429-9bf7186a0b27.png','CANCELLED','4138',NULL,NULL,NULL,'2024-03-04 12:51:31','2024-03-15 21:59:11');
INSERT INTO event_program_apply (program_apply_id,program_id,user_id,pet_id,image_url,status,ticket_no,eta_min,notified_at,checked_in_at,created_at,cancelled_at) VALUES (581,47,62,57,'/uploads/program_apply/dded599b-c1d9-4238-9dcc-246960a4162c.png','APPLIED','9317',NULL,'2024-04-19 09:26:35',NULL,'2024-04-12 00:33:54',NULL);
INSERT INTO event_program_apply (program_apply_id,program_id,user_id,pet_id,image_url,status,ticket_no,eta_min,notified_at,checked_in_at,created_at,cancelled_at) VALUES (582,47,95,88,'/uploads/program_apply/deffcc8b-2e23-496a-a3d3-45e4f9afb45f.png','APPROVED','8881',10,NULL,NULL,'2024-04-08 04:46:47',NULL);
INSERT INTO event_program_apply (program_apply_id,program_id,user_id,pet_id,image_url,status,ticket_no,eta_min,notified_at,checked_in_at,created_at,cancelled_at) VALUES (583,47,50,NULL,'/uploads/program_apply/d3457361-9cf3-4f22-a16a-b75c7153056a.png','REJECTED','4645',NULL,NULL,NULL,'2024-04-18 20:54:39',NULL);
INSERT INTO event_program_apply (program_apply_id,program_id,user_id,pet_id,image_url,status,ticket_no,eta_min,notified_at,checked_in_at,created_at,cancelled_at) VALUES (584,47,38,42,'/uploads/program_apply/b462e29c-c136-4d30-83ff-882ddd5f34a9.png','REJECTED','2565',NULL,NULL,NULL,'2024-04-17 17:04:16',NULL);
INSERT INTO event_program_apply (program_apply_id,program_id,user_id,pet_id,image_url,status,ticket_no,eta_min,notified_at,checked_in_at,created_at,cancelled_at) VALUES (585,47,85,77,'/uploads/program_apply/dded599b-c1d9-4238-9dcc-246960a4162c.png','APPLIED','4414',NULL,'2024-04-19 09:32:41',NULL,'2024-04-12 02:09:21',NULL);
INSERT INTO event_program_apply (program_apply_id,program_id,user_id,pet_id,image_url,status,ticket_no,eta_min,notified_at,checked_in_at,created_at,cancelled_at) VALUES (586,47,82,NULL,'/uploads/program_apply/bf511a5a-6fdb-4c98-a429-9bf7186a0b27.png','CANCELLED','2085',NULL,'2024-04-19 09:54:21',NULL,'2024-04-10 03:28:19','2024-04-18 23:24:25');
INSERT INTO event_program_apply (program_apply_id,program_id,user_id,pet_id,image_url,status,ticket_no,eta_min,notified_at,checked_in_at,created_at,cancelled_at) VALUES (587,47,5,4,'/uploads/program_apply/f280c085-0123-4a39-a33f-d3826f3aa0ed.png','APPROVED','8700',11,'2024-04-19 09:18:47',NULL,'2024-03-13 04:54:50',NULL);
INSERT INTO event_program_apply (program_apply_id,program_id,user_id,pet_id,image_url,status,ticket_no,eta_min,notified_at,checked_in_at,created_at,cancelled_at) VALUES (588,48,56,51,'/uploads/program_apply/dded599b-c1d9-4238-9dcc-246960a4162c.png','APPROVED','6952',10,NULL,NULL,'2024-04-10 12:11:56',NULL);
INSERT INTO event_program_apply (program_apply_id,program_id,user_id,pet_id,image_url,status,ticket_no,eta_min,notified_at,checked_in_at,created_at,cancelled_at) VALUES (589,48,17,18,'/uploads/program_apply/b462e29c-c136-4d30-83ff-882ddd5f34a9.png','APPLIED','2579',NULL,'2024-04-19 15:32:03',NULL,'2024-04-09 09:27:14',NULL);
INSERT INTO event_program_apply (program_apply_id,program_id,user_id,pet_id,image_url,status,ticket_no,eta_min,notified_at,checked_in_at,created_at,cancelled_at) VALUES (590,48,60,56,'/uploads/program_apply/c6620bc7-a503-40e1-91e4-ae29f2e6915d.png','APPLIED','5508',NULL,'2024-04-19 16:08:20',NULL,'2024-04-11 09:14:09',NULL);
INSERT INTO event_program_apply (program_apply_id,program_id,user_id,pet_id,image_url,status,ticket_no,eta_min,notified_at,checked_in_at,created_at,cancelled_at) VALUES (591,48,42,NULL,'/uploads/program_apply/6ecaa6ad-9d5c-40b8-972f-bd6db6a69d14.png','APPROVED','1297',19,NULL,NULL,'2024-04-09 10:53:22',NULL);
INSERT INTO event_program_apply (program_apply_id,program_id,user_id,pet_id,image_url,status,ticket_no,eta_min,notified_at,checked_in_at,created_at,cancelled_at) VALUES (592,48,82,NULL,'/uploads/program_apply/b462e29c-c136-4d30-83ff-882ddd5f34a9.png','APPROVED','5131',9,NULL,NULL,'2024-04-12 04:16:24',NULL);
INSERT INTO event_program_apply (program_apply_id,program_id,user_id,pet_id,image_url,status,ticket_no,eta_min,notified_at,checked_in_at,created_at,cancelled_at) VALUES (593,48,6,7,'/uploads/program_apply/b462e29c-c136-4d30-83ff-882ddd5f34a9.png','APPLIED','2427',NULL,NULL,NULL,'2024-03-11 12:39:20',NULL);
INSERT INTO event_program_apply (program_apply_id,program_id,user_id,pet_id,image_url,status,ticket_no,eta_min,notified_at,checked_in_at,created_at,cancelled_at) VALUES (594,48,5,4,'/uploads/program_apply/6ecaa6ad-9d5c-40b8-972f-bd6db6a69d14.png','APPLIED','6860',NULL,NULL,NULL,'2024-03-02 08:22:15',NULL);
INSERT INTO event_program_apply (program_apply_id,program_id,user_id,pet_id,image_url,status,ticket_no,eta_min,notified_at,checked_in_at,created_at,cancelled_at) VALUES (595,48,85,77,'/uploads/program_apply/6ecaa6ad-9d5c-40b8-972f-bd6db6a69d14.png','WAITING','3571',28,NULL,NULL,'2024-04-07 23:01:11',NULL);
INSERT INTO event_program_apply (program_apply_id,program_id,user_id,pet_id,image_url,status,ticket_no,eta_min,notified_at,checked_in_at,created_at,cancelled_at) VALUES (596,48,95,88,'/uploads/program_apply/bf879bd2-37c8-448a-aad6-dabdb3d30d81.png','WAITING','4983',8,'2024-04-19 15:32:59',NULL,'2024-04-12 02:32:50',NULL);
INSERT INTO event_program_apply (program_apply_id,program_id,user_id,pet_id,image_url,status,ticket_no,eta_min,notified_at,checked_in_at,created_at,cancelled_at) VALUES (597,48,18,20,'/uploads/program_apply/dded599b-c1d9-4238-9dcc-246960a4162c.png','CANCELLED','3280',NULL,'2024-04-19 15:13:36',NULL,'2024-04-17 17:36:00','2024-04-19 15:17:57');
INSERT INTO event_program_apply (program_apply_id,program_id,user_id,pet_id,image_url,status,ticket_no,eta_min,notified_at,checked_in_at,created_at,cancelled_at) VALUES (598,48,11,10,'/uploads/program_apply/f280c085-0123-4a39-a33f-d3826f3aa0ed.png','APPLIED','4553',NULL,NULL,NULL,'2024-04-12 04:57:24',NULL);
INSERT INTO event_program_apply (program_apply_id,program_id,user_id,pet_id,image_url,status,ticket_no,eta_min,notified_at,checked_in_at,created_at,cancelled_at) VALUES (599,48,36,40,'/uploads/program_apply/d3457361-9cf3-4f22-a16a-b75c7153056a.png','APPLIED','3985',NULL,'2024-04-19 15:36:05',NULL,'2024-04-15 12:17:44',NULL);
INSERT INTO event_program_apply (program_apply_id,program_id,user_id,pet_id,image_url,status,ticket_no,eta_min,notified_at,checked_in_at,created_at,cancelled_at) VALUES (600,48,70,NULL,'/uploads/program_apply/dded599b-c1d9-4238-9dcc-246960a4162c.png','APPLIED','5066',NULL,'2024-04-19 15:13:08',NULL,'2024-04-07 09:47:46',NULL);
INSERT INTO event_program_apply (program_apply_id,program_id,user_id,pet_id,image_url,status,ticket_no,eta_min,notified_at,checked_in_at,created_at,cancelled_at) VALUES (601,48,10,NULL,'/uploads/program_apply/b462e29c-c136-4d30-83ff-882ddd5f34a9.png','APPLIED','6448',NULL,NULL,NULL,'2024-04-11 13:45:46',NULL);
INSERT INTO event_program_apply (program_apply_id,program_id,user_id,pet_id,image_url,status,ticket_no,eta_min,notified_at,checked_in_at,created_at,cancelled_at) VALUES (602,48,97,93,'/uploads/program_apply/d3457361-9cf3-4f22-a16a-b75c7153056a.png','APPLIED','3342',NULL,'2024-04-19 15:48:34',NULL,'2024-03-15 14:44:24',NULL);
INSERT INTO event_program_apply (program_apply_id,program_id,user_id,pet_id,image_url,status,ticket_no,eta_min,notified_at,checked_in_at,created_at,cancelled_at) VALUES (603,48,25,28,'/uploads/program_apply/6ecaa6ad-9d5c-40b8-972f-bd6db6a69d14.png','APPLIED','5555',NULL,NULL,NULL,'2024-04-12 04:35:23',NULL);
INSERT INTO event_program_apply (program_apply_id,program_id,user_id,pet_id,image_url,status,ticket_no,eta_min,notified_at,checked_in_at,created_at,cancelled_at) VALUES (604,48,40,NULL,'/uploads/program_apply/f19d9a9d-d5f0-4738-8ed3-53446ecc0cd8.png','APPLIED','9065',NULL,'2024-04-19 16:03:41',NULL,'2024-04-16 14:22:25',NULL);
-- Insert into event_history
INSERT INTO event_history (history_id,user_id,event_id,program_id,joined_at) VALUES (1,47,1,1,'2025-01-23 14:18:24');
INSERT INTO event_history (history_id,user_id,event_id,program_id,joined_at) VALUES (2,43,1,1,'2025-01-23 14:06:27');
INSERT INTO event_history (history_id,user_id,event_id,program_id,joined_at) VALUES (3,23,1,2,'2025-01-24 11:14:33');
INSERT INTO event_history (history_id,user_id,event_id,program_id,joined_at) VALUES (4,23,2,4,'2025-10-22 06:41:44');
INSERT INTO event_history (history_id,user_id,event_id,program_id,joined_at) VALUES (5,41,2,4,'2025-10-22 07:00:27');
INSERT INTO event_history (history_id,user_id,event_id,program_id,joined_at) VALUES (6,81,2,4,'2025-10-22 06:01:36');
INSERT INTO event_history (history_id,user_id,event_id,program_id,joined_at) VALUES (7,19,3,5,'2025-07-17 01:21:29');
INSERT INTO event_history (history_id,user_id,event_id,program_id,joined_at) VALUES (8,73,3,5,'2025-07-17 02:05:00');
INSERT INTO event_history (history_id,user_id,event_id,program_id,joined_at) VALUES (9,83,3,6,'2025-07-17 02:13:01');
INSERT INTO event_history (history_id,user_id,event_id,program_id,joined_at) VALUES (10,32,5,10,'2023-04-07 03:03:57');
INSERT INTO event_history (history_id,user_id,event_id,program_id,joined_at) VALUES (11,78,6,11,'2025-09-06 12:09:02');
INSERT INTO event_history (history_id,user_id,event_id,program_id,joined_at) VALUES (12,84,6,12,'2025-09-07 09:09:15');
INSERT INTO event_history (history_id,user_id,event_id,program_id,joined_at) VALUES (13,99,7,14,'2024-12-29 09:25:49');
INSERT INTO event_history (history_id,user_id,event_id,program_id,joined_at) VALUES (14,48,8,16,'2024-09-30 08:12:35');
INSERT INTO event_history (history_id,user_id,event_id,program_id,joined_at) VALUES (15,80,9,17,'2024-12-16 17:13:52');
INSERT INTO event_history (history_id,user_id,event_id,program_id,joined_at) VALUES (16,76,9,18,'2024-12-16 15:00:06');
INSERT INTO event_history (history_id,user_id,event_id,program_id,joined_at) VALUES (17,37,10,20,'2025-08-16 07:47:41');
INSERT INTO event_history (history_id,user_id,event_id,program_id,joined_at) VALUES (18,85,11,21,'2025-04-28 04:15:06');
INSERT INTO event_history (history_id,user_id,event_id,program_id,joined_at) VALUES (19,54,11,22,'2025-04-28 13:37:05');
INSERT INTO event_history (history_id,user_id,event_id,program_id,joined_at) VALUES (20,23,11,22,'2025-04-28 13:15:04');
INSERT INTO event_history (history_id,user_id,event_id,program_id,joined_at) VALUES (21,29,11,22,'2025-04-28 11:49:21');
INSERT INTO event_history (history_id,user_id,event_id,program_id,joined_at) VALUES (22,35,13,25,'2023-06-21 21:48:17');
INSERT INTO event_history (history_id,user_id,event_id,program_id,joined_at) VALUES (23,87,14,27,'2025-10-17 00:57:28');
INSERT INTO event_history (history_id,user_id,event_id,program_id,joined_at) VALUES (24,3,17,33,'2024-12-25 14:56:49');
INSERT INTO event_history (history_id,user_id,event_id,program_id,joined_at) VALUES (25,42,17,34,'2024-12-25 11:36:54');
INSERT INTO event_history (history_id,user_id,event_id,program_id,joined_at) VALUES (26,2,19,37,'2023-11-20 21:26:40');
INSERT INTO event_history (history_id,user_id,event_id,program_id,joined_at) VALUES (27,77,19,38,'2023-11-21 00:19:16');
INSERT INTO event_history (history_id,user_id,event_id,program_id,joined_at) VALUES (28,15,20,39,'2025-12-18 20:11:51');
INSERT INTO event_history (history_id,user_id,event_id,program_id,joined_at) VALUES (29,59,20,39,'2025-12-18 21:11:31');
INSERT INTO event_history (history_id,user_id,event_id,program_id,joined_at) VALUES (30,2,22,43,'2024-09-02 22:38:13');
INSERT INTO event_history (history_id,user_id,event_id,program_id,joined_at) VALUES (31,81,22,43,'2024-09-02 22:52:08');
INSERT INTO event_history (history_id,user_id,event_id,program_id,joined_at) VALUES (32,17,23,45,'2023-10-09 20:43:26');
-- Insert into program_participation_stats
INSERT INTO program_participation_stats (user_id,program_id,participate_count,last_participated_at) VALUES (47,1,1,'2025-01-23 14:18:24');
INSERT INTO program_participation_stats (user_id,program_id,participate_count,last_participated_at) VALUES (43,1,1,'2025-01-23 14:06:27');
INSERT INTO program_participation_stats (user_id,program_id,participate_count,last_participated_at) VALUES (23,2,1,'2025-01-24 11:14:33');
INSERT INTO program_participation_stats (user_id,program_id,participate_count,last_participated_at) VALUES (23,4,1,'2025-10-22 06:41:44');
INSERT INTO program_participation_stats (user_id,program_id,participate_count,last_participated_at) VALUES (41,4,1,'2025-10-22 07:00:27');
INSERT INTO program_participation_stats (user_id,program_id,participate_count,last_participated_at) VALUES (81,4,1,'2025-10-22 06:01:36');
INSERT INTO program_participation_stats (user_id,program_id,participate_count,last_participated_at) VALUES (19,5,1,'2025-07-17 01:21:29');
INSERT INTO program_participation_stats (user_id,program_id,participate_count,last_participated_at) VALUES (73,5,1,'2025-07-17 02:05:00');
INSERT INTO program_participation_stats (user_id,program_id,participate_count,last_participated_at) VALUES (83,6,1,'2025-07-17 02:13:01');
INSERT INTO program_participation_stats (user_id,program_id,participate_count,last_participated_at) VALUES (32,10,1,'2023-04-07 03:03:57');
INSERT INTO program_participation_stats (user_id,program_id,participate_count,last_participated_at) VALUES (78,11,1,'2025-09-06 12:09:02');
INSERT INTO program_participation_stats (user_id,program_id,participate_count,last_participated_at) VALUES (84,12,1,'2025-09-07 09:09:15');
INSERT INTO program_participation_stats (user_id,program_id,participate_count,last_participated_at) VALUES (99,14,1,'2024-12-29 09:25:49');
INSERT INTO program_participation_stats (user_id,program_id,participate_count,last_participated_at) VALUES (48,16,1,'2024-09-30 08:12:35');
INSERT INTO program_participation_stats (user_id,program_id,participate_count,last_participated_at) VALUES (80,17,1,'2024-12-16 17:13:52');
INSERT INTO program_participation_stats (user_id,program_id,participate_count,last_participated_at) VALUES (76,18,1,'2024-12-16 15:00:06');
INSERT INTO program_participation_stats (user_id,program_id,participate_count,last_participated_at) VALUES (37,20,1,'2025-08-16 07:47:41');
INSERT INTO program_participation_stats (user_id,program_id,participate_count,last_participated_at) VALUES (85,21,1,'2025-04-28 04:15:06');
INSERT INTO program_participation_stats (user_id,program_id,participate_count,last_participated_at) VALUES (54,22,1,'2025-04-28 13:37:05');
INSERT INTO program_participation_stats (user_id,program_id,participate_count,last_participated_at) VALUES (23,22,1,'2025-04-28 13:15:04');
INSERT INTO program_participation_stats (user_id,program_id,participate_count,last_participated_at) VALUES (29,22,1,'2025-04-28 11:49:21');
INSERT INTO program_participation_stats (user_id,program_id,participate_count,last_participated_at) VALUES (35,25,1,'2023-06-21 21:48:17');
INSERT INTO program_participation_stats (user_id,program_id,participate_count,last_participated_at) VALUES (87,27,1,'2025-10-17 00:57:28');
INSERT INTO program_participation_stats (user_id,program_id,participate_count,last_participated_at) VALUES (3,33,1,'2024-12-25 14:56:49');
INSERT INTO program_participation_stats (user_id,program_id,participate_count,last_participated_at) VALUES (42,34,1,'2024-12-25 11:36:54');
INSERT INTO program_participation_stats (user_id,program_id,participate_count,last_participated_at) VALUES (2,37,1,'2023-11-20 21:26:40');
INSERT INTO program_participation_stats (user_id,program_id,participate_count,last_participated_at) VALUES (77,38,1,'2023-11-21 00:19:16');
INSERT INTO program_participation_stats (user_id,program_id,participate_count,last_participated_at) VALUES (15,39,1,'2025-12-18 20:11:51');
INSERT INTO program_participation_stats (user_id,program_id,participate_count,last_participated_at) VALUES (59,39,1,'2025-12-18 21:11:31');
INSERT INTO program_participation_stats (user_id,program_id,participate_count,last_participated_at) VALUES (2,43,1,'2024-09-02 22:38:13');
INSERT INTO program_participation_stats (user_id,program_id,participate_count,last_participated_at) VALUES (81,43,1,'2024-09-02 22:52:08');
INSERT INTO program_participation_stats (user_id,program_id,participate_count,last_participated_at) VALUES (17,45,1,'2023-10-09 20:43:26');
-- Insert into contest_votes
INSERT INTO contest_votes (vote_id,program_id,program_apply_id,user_id,voted_at,status,cancelled_at) VALUES (1,3,34,24,'2025-10-22 18:44:39','CANCELLED','2025-10-22 18:44:39');
INSERT INTO contest_votes (vote_id,program_id,program_apply_id,user_id,voted_at,status,cancelled_at) VALUES (2,3,30,75,'2025-10-22 18:09:55','CANCELLED','2025-10-22 18:09:55');
INSERT INTO contest_votes (vote_id,program_id,program_apply_id,user_id,voted_at,status,cancelled_at) VALUES (3,3,33,18,'2025-10-22 18:55:31','CANCELLED','2025-10-22 18:55:31');
INSERT INTO contest_votes (vote_id,program_id,program_apply_id,user_id,voted_at,status,cancelled_at) VALUES (4,3,30,10,'2025-10-22 18:30:10','ACTIVE',NULL);
INSERT INTO contest_votes (vote_id,program_id,program_apply_id,user_id,voted_at,status,cancelled_at) VALUES (5,3,28,60,'2025-10-22 18:34:41','ACTIVE',NULL);
INSERT INTO contest_votes (vote_id,program_id,program_apply_id,user_id,voted_at,status,cancelled_at) VALUES (6,3,31,83,'2025-10-22 17:57:44','CANCELLED','2025-10-22 17:57:44');
INSERT INTO contest_votes (vote_id,program_id,program_apply_id,user_id,voted_at,status,cancelled_at) VALUES (7,3,34,47,'2025-10-22 18:01:50','ACTIVE',NULL);
INSERT INTO contest_votes (vote_id,program_id,program_apply_id,user_id,voted_at,status,cancelled_at) VALUES (8,3,31,28,'2025-10-22 18:28:49','ACTIVE',NULL);
INSERT INTO contest_votes (vote_id,program_id,program_apply_id,user_id,voted_at,status,cancelled_at) VALUES (9,3,29,97,'2025-10-22 18:40:44','CANCELLED','2025-10-22 18:40:44');
INSERT INTO contest_votes (vote_id,program_id,program_apply_id,user_id,voted_at,status,cancelled_at) VALUES (10,3,32,25,'2025-10-22 18:08:42','CANCELLED','2025-10-22 18:08:42');
INSERT INTO contest_votes (vote_id,program_id,program_apply_id,user_id,voted_at,status,cancelled_at) VALUES (11,3,29,85,'2025-10-22 18:21:08','ACTIVE',NULL);
INSERT INTO contest_votes (vote_id,program_id,program_apply_id,user_id,voted_at,status,cancelled_at) VALUES (12,3,32,98,'2025-10-22 18:22:35','ACTIVE',NULL);
INSERT INTO contest_votes (vote_id,program_id,program_apply_id,user_id,voted_at,status,cancelled_at) VALUES (13,3,29,100,'2025-10-22 18:21:25','CANCELLED','2025-10-22 18:21:25');
INSERT INTO contest_votes (vote_id,program_id,program_apply_id,user_id,voted_at,status,cancelled_at) VALUES (14,3,30,74,'2025-10-22 18:28:01','CANCELLED','2025-10-22 18:28:01');
INSERT INTO contest_votes (vote_id,program_id,program_apply_id,user_id,voted_at,status,cancelled_at) VALUES (15,3,32,15,'2025-10-22 18:20:12','CANCELLED','2025-10-22 18:20:12');
INSERT INTO contest_votes (vote_id,program_id,program_apply_id,user_id,voted_at,status,cancelled_at) VALUES (16,3,29,9,'2025-10-22 18:28:48','CANCELLED','2025-10-22 18:28:48');
INSERT INTO contest_votes (vote_id,program_id,program_apply_id,user_id,voted_at,status,cancelled_at) VALUES (17,3,34,58,'2025-10-22 18:11:38','ACTIVE',NULL);
INSERT INTO contest_votes (vote_id,program_id,program_apply_id,user_id,voted_at,status,cancelled_at) VALUES (18,3,28,5,'2025-10-22 18:53:49','CANCELLED','2025-10-22 18:53:49');
INSERT INTO contest_votes (vote_id,program_id,program_apply_id,user_id,voted_at,status,cancelled_at) VALUES (19,3,30,69,'2025-10-22 18:12:37','ACTIVE',NULL);
INSERT INTO contest_votes (vote_id,program_id,program_apply_id,user_id,voted_at,status,cancelled_at) VALUES (20,3,34,37,'2025-10-22 17:57:45','CANCELLED','2025-10-22 17:57:45');
INSERT INTO contest_votes (vote_id,program_id,program_apply_id,user_id,voted_at,status,cancelled_at) VALUES (21,3,34,31,'2025-10-22 18:37:41','ACTIVE',NULL);
INSERT INTO contest_votes (vote_id,program_id,program_apply_id,user_id,voted_at,status,cancelled_at) VALUES (22,3,32,12,'2025-10-22 18:45:54','ACTIVE',NULL);
INSERT INTO contest_votes (vote_id,program_id,program_apply_id,user_id,voted_at,status,cancelled_at) VALUES (23,3,32,77,'2025-10-22 18:15:12','ACTIVE',NULL);
INSERT INTO contest_votes (vote_id,program_id,program_apply_id,user_id,voted_at,status,cancelled_at) VALUES (24,3,32,65,'2025-10-22 18:42:39','ACTIVE',NULL);
INSERT INTO contest_votes (vote_id,program_id,program_apply_id,user_id,voted_at,status,cancelled_at) VALUES (25,3,32,2,'2025-10-22 18:16:23','ACTIVE',NULL);
INSERT INTO contest_votes (vote_id,program_id,program_apply_id,user_id,voted_at,status,cancelled_at) VALUES (26,3,30,42,'2025-10-22 18:48:52','ACTIVE',NULL);
INSERT INTO contest_votes (vote_id,program_id,program_apply_id,user_id,voted_at,status,cancelled_at) VALUES (27,3,34,46,'2025-10-22 18:28:42','CANCELLED','2025-10-22 18:28:42');
INSERT INTO contest_votes (vote_id,program_id,program_apply_id,user_id,voted_at,status,cancelled_at) VALUES (28,3,32,92,'2025-10-22 18:35:16','ACTIVE',NULL);
INSERT INTO contest_votes (vote_id,program_id,program_apply_id,user_id,voted_at,status,cancelled_at) VALUES (29,3,32,32,'2025-10-22 18:46:38','CANCELLED','2025-10-22 18:46:38');
INSERT INTO contest_votes (vote_id,program_id,program_apply_id,user_id,voted_at,status,cancelled_at) VALUES (30,3,29,13,'2025-10-22 18:25:27','CANCELLED','2025-10-22 18:25:27');
INSERT INTO contest_votes (vote_id,program_id,program_apply_id,user_id,voted_at,status,cancelled_at) VALUES (31,4,44,19,'2025-10-22 07:11:45','ACTIVE',NULL);
INSERT INTO contest_votes (vote_id,program_id,program_apply_id,user_id,voted_at,status,cancelled_at) VALUES (32,4,51,91,'2025-10-22 07:40:43','CANCELLED','2025-10-22 07:40:43');
INSERT INTO contest_votes (vote_id,program_id,program_apply_id,user_id,voted_at,status,cancelled_at) VALUES (33,4,42,32,'2025-10-22 06:11:40','ACTIVE',NULL);
INSERT INTO contest_votes (vote_id,program_id,program_apply_id,user_id,voted_at,status,cancelled_at) VALUES (34,4,48,51,'2025-10-22 07:23:42','ACTIVE',NULL);
INSERT INTO contest_votes (vote_id,program_id,program_apply_id,user_id,voted_at,status,cancelled_at) VALUES (35,4,38,85,'2025-10-22 06:58:23','CANCELLED','2025-10-22 06:58:23');
INSERT INTO contest_votes (vote_id,program_id,program_apply_id,user_id,voted_at,status,cancelled_at) VALUES (36,4,39,87,'2025-10-22 06:04:23','CANCELLED','2025-10-22 06:04:23');
INSERT INTO contest_votes (vote_id,program_id,program_apply_id,user_id,voted_at,status,cancelled_at) VALUES (37,4,37,89,'2025-10-22 06:07:04','CANCELLED','2025-10-22 06:07:04');
INSERT INTO contest_votes (vote_id,program_id,program_apply_id,user_id,voted_at,status,cancelled_at) VALUES (38,4,39,84,'2025-10-22 05:59:47','ACTIVE',NULL);
INSERT INTO contest_votes (vote_id,program_id,program_apply_id,user_id,voted_at,status,cancelled_at) VALUES (39,4,43,81,'2025-10-22 06:02:46','ACTIVE',NULL);
INSERT INTO contest_votes (vote_id,program_id,program_apply_id,user_id,voted_at,status,cancelled_at) VALUES (40,4,41,79,'2025-10-22 06:26:14','CANCELLED','2025-10-22 06:26:14');
INSERT INTO contest_votes (vote_id,program_id,program_apply_id,user_id,voted_at,status,cancelled_at) VALUES (41,4,50,86,'2025-10-22 06:35:47','ACTIVE',NULL);
INSERT INTO contest_votes (vote_id,program_id,program_apply_id,user_id,voted_at,status,cancelled_at) VALUES (42,4,41,7,'2025-10-22 06:18:43','ACTIVE',NULL);
INSERT INTO contest_votes (vote_id,program_id,program_apply_id,user_id,voted_at,status,cancelled_at) VALUES (43,4,38,50,'2025-10-22 06:30:17','CANCELLED','2025-10-22 06:30:17');
INSERT INTO contest_votes (vote_id,program_id,program_apply_id,user_id,voted_at,status,cancelled_at) VALUES (44,4,42,15,'2025-10-22 06:14:05','ACTIVE',NULL);
INSERT INTO contest_votes (vote_id,program_id,program_apply_id,user_id,voted_at,status,cancelled_at) VALUES (45,4,36,30,'2025-10-22 07:51:12','CANCELLED','2025-10-22 07:51:12');
INSERT INTO contest_votes (vote_id,program_id,program_apply_id,user_id,voted_at,status,cancelled_at) VALUES (46,4,47,65,'2025-10-22 07:05:07','CANCELLED','2025-10-22 07:05:07');
INSERT INTO contest_votes (vote_id,program_id,program_apply_id,user_id,voted_at,status,cancelled_at) VALUES (47,4,43,60,'2025-10-22 07:54:21','ACTIVE',NULL);
INSERT INTO contest_votes (vote_id,program_id,program_apply_id,user_id,voted_at,status,cancelled_at) VALUES (48,4,49,94,'2025-10-22 07:37:45','CANCELLED','2025-10-22 07:37:45');
INSERT INTO contest_votes (vote_id,program_id,program_apply_id,user_id,voted_at,status,cancelled_at) VALUES (49,4,35,20,'2025-10-22 06:21:25','ACTIVE',NULL);
INSERT INTO contest_votes (vote_id,program_id,program_apply_id,user_id,voted_at,status,cancelled_at) VALUES (50,4,47,46,'2025-10-22 07:49:54','ACTIVE',NULL);
INSERT INTO contest_votes (vote_id,program_id,program_apply_id,user_id,voted_at,status,cancelled_at) VALUES (51,4,46,95,'2025-10-22 07:02:39','CANCELLED','2025-10-22 07:02:39');
INSERT INTO contest_votes (vote_id,program_id,program_apply_id,user_id,voted_at,status,cancelled_at) VALUES (52,4,43,14,'2025-10-22 07:33:24','CANCELLED','2025-10-22 07:33:24');
INSERT INTO contest_votes (vote_id,program_id,program_apply_id,user_id,voted_at,status,cancelled_at) VALUES (53,4,36,27,'2025-10-22 07:30:22','CANCELLED','2025-10-22 07:30:22');
INSERT INTO contest_votes (vote_id,program_id,program_apply_id,user_id,voted_at,status,cancelled_at) VALUES (54,4,39,38,'2025-10-22 06:06:14','ACTIVE',NULL);
INSERT INTO contest_votes (vote_id,program_id,program_apply_id,user_id,voted_at,status,cancelled_at) VALUES (55,4,40,23,'2025-10-22 06:18:26','CANCELLED','2025-10-22 06:18:26');
INSERT INTO contest_votes (vote_id,program_id,program_apply_id,user_id,voted_at,status,cancelled_at) VALUES (56,4,41,21,'2025-10-22 07:30:35','CANCELLED','2025-10-22 07:30:35');
INSERT INTO contest_votes (vote_id,program_id,program_apply_id,user_id,voted_at,status,cancelled_at) VALUES (57,4,40,2,'2025-10-22 06:56:47','ACTIVE',NULL);
INSERT INTO contest_votes (vote_id,program_id,program_apply_id,user_id,voted_at,status,cancelled_at) VALUES (58,4,41,4,'2025-10-22 07:22:10','ACTIVE',NULL);
INSERT INTO contest_votes (vote_id,program_id,program_apply_id,user_id,voted_at,status,cancelled_at) VALUES (59,4,46,64,'2025-10-22 05:56:49','ACTIVE',NULL);
INSERT INTO contest_votes (vote_id,program_id,program_apply_id,user_id,voted_at,status,cancelled_at) VALUES (60,4,44,69,'2025-10-22 05:57:12','CANCELLED','2025-10-22 05:57:12');
INSERT INTO contest_votes (vote_id,program_id,program_apply_id,user_id,voted_at,status,cancelled_at) VALUES (61,5,62,79,'2025-07-17 01:29:11','ACTIVE',NULL);
INSERT INTO contest_votes (vote_id,program_id,program_apply_id,user_id,voted_at,status,cancelled_at) VALUES (62,5,56,99,'2025-07-17 01:16:30','CANCELLED','2025-07-17 01:16:30');
INSERT INTO contest_votes (vote_id,program_id,program_apply_id,user_id,voted_at,status,cancelled_at) VALUES (63,5,56,18,'2025-07-17 01:48:07','CANCELLED','2025-07-17 01:48:07');
INSERT INTO contest_votes (vote_id,program_id,program_apply_id,user_id,voted_at,status,cancelled_at) VALUES (64,5,65,12,'2025-07-17 01:47:41','ACTIVE',NULL);
INSERT INTO contest_votes (vote_id,program_id,program_apply_id,user_id,voted_at,status,cancelled_at) VALUES (65,5,59,8,'2025-07-17 01:19:18','ACTIVE',NULL);
INSERT INTO contest_votes (vote_id,program_id,program_apply_id,user_id,voted_at,status,cancelled_at) VALUES (66,5,66,22,'2025-07-17 02:06:07','ACTIVE',NULL);
INSERT INTO contest_votes (vote_id,program_id,program_apply_id,user_id,voted_at,status,cancelled_at) VALUES (67,5,56,94,'2025-07-17 01:36:42','ACTIVE',NULL);
INSERT INTO contest_votes (vote_id,program_id,program_apply_id,user_id,voted_at,status,cancelled_at) VALUES (68,5,54,7,'2025-07-17 01:42:02','CANCELLED','2025-07-17 01:42:02');
INSERT INTO contest_votes (vote_id,program_id,program_apply_id,user_id,voted_at,status,cancelled_at) VALUES (69,5,65,53,'2025-07-17 01:29:44','ACTIVE',NULL);
INSERT INTO contest_votes (vote_id,program_id,program_apply_id,user_id,voted_at,status,cancelled_at) VALUES (70,5,62,17,'2025-07-17 01:52:42','ACTIVE',NULL);
INSERT INTO contest_votes (vote_id,program_id,program_apply_id,user_id,voted_at,status,cancelled_at) VALUES (71,5,69,29,'2025-07-17 02:03:47','ACTIVE',NULL);
INSERT INTO contest_votes (vote_id,program_id,program_apply_id,user_id,voted_at,status,cancelled_at) VALUES (72,5,60,16,'2025-07-17 01:13:25','CANCELLED','2025-07-17 01:13:25');
INSERT INTO contest_votes (vote_id,program_id,program_apply_id,user_id,voted_at,status,cancelled_at) VALUES (73,5,66,40,'2025-07-17 02:09:50','ACTIVE',NULL);
INSERT INTO contest_votes (vote_id,program_id,program_apply_id,user_id,voted_at,status,cancelled_at) VALUES (74,5,69,30,'2025-07-17 01:25:08','CANCELLED','2025-07-17 01:25:08');
INSERT INTO contest_votes (vote_id,program_id,program_apply_id,user_id,voted_at,status,cancelled_at) VALUES (75,5,59,58,'2025-07-17 01:30:15','ACTIVE',NULL);
INSERT INTO contest_votes (vote_id,program_id,program_apply_id,user_id,voted_at,status,cancelled_at) VALUES (76,5,55,27,'2025-07-17 02:07:50','ACTIVE',NULL);
INSERT INTO contest_votes (vote_id,program_id,program_apply_id,user_id,voted_at,status,cancelled_at) VALUES (77,5,56,11,'2025-07-17 02:01:50','CANCELLED','2025-07-17 02:01:50');
INSERT INTO contest_votes (vote_id,program_id,program_apply_id,user_id,voted_at,status,cancelled_at) VALUES (78,5,56,32,'2025-07-17 01:43:32','ACTIVE',NULL);
INSERT INTO contest_votes (vote_id,program_id,program_apply_id,user_id,voted_at,status,cancelled_at) VALUES (79,5,57,82,'2025-07-17 01:28:58','CANCELLED','2025-07-17 01:28:58');
INSERT INTO contest_votes (vote_id,program_id,program_apply_id,user_id,voted_at,status,cancelled_at) VALUES (80,5,68,66,'2025-07-17 02:08:30','ACTIVE',NULL);
INSERT INTO contest_votes (vote_id,program_id,program_apply_id,user_id,voted_at,status,cancelled_at) VALUES (81,5,63,44,'2025-07-17 01:36:06','CANCELLED','2025-07-17 01:36:06');
INSERT INTO contest_votes (vote_id,program_id,program_apply_id,user_id,voted_at,status,cancelled_at) VALUES (82,5,56,68,'2025-07-17 01:58:40','CANCELLED','2025-07-17 01:58:40');
INSERT INTO contest_votes (vote_id,program_id,program_apply_id,user_id,voted_at,status,cancelled_at) VALUES (83,5,55,19,'2025-07-17 01:17:52','CANCELLED','2025-07-17 01:17:52');
INSERT INTO contest_votes (vote_id,program_id,program_apply_id,user_id,voted_at,status,cancelled_at) VALUES (84,5,69,31,'2025-07-17 01:20:34','ACTIVE',NULL);
INSERT INTO contest_votes (vote_id,program_id,program_apply_id,user_id,voted_at,status,cancelled_at) VALUES (85,5,52,6,'2025-07-17 01:27:14','CANCELLED','2025-07-17 01:27:14');
INSERT INTO contest_votes (vote_id,program_id,program_apply_id,user_id,voted_at,status,cancelled_at) VALUES (86,5,70,43,'2025-07-17 01:12:06','ACTIVE',NULL);
INSERT INTO contest_votes (vote_id,program_id,program_apply_id,user_id,voted_at,status,cancelled_at) VALUES (87,5,68,73,'2025-07-17 01:16:47','CANCELLED','2025-07-17 01:16:47');
INSERT INTO contest_votes (vote_id,program_id,program_apply_id,user_id,voted_at,status,cancelled_at) VALUES (88,5,55,54,'2025-07-17 02:07:47','CANCELLED','2025-07-17 02:07:47');
INSERT INTO contest_votes (vote_id,program_id,program_apply_id,user_id,voted_at,status,cancelled_at) VALUES (89,5,56,39,'2025-07-17 01:29:28','CANCELLED','2025-07-17 01:29:28');
INSERT INTO contest_votes (vote_id,program_id,program_apply_id,user_id,voted_at,status,cancelled_at) VALUES (90,5,59,63,'2025-07-17 01:52:39','ACTIVE',NULL);
INSERT INTO contest_votes (vote_id,program_id,program_apply_id,user_id,voted_at,status,cancelled_at) VALUES (91,11,143,49,'2025-09-06 12:43:46','ACTIVE',NULL);
INSERT INTO contest_votes (vote_id,program_id,program_apply_id,user_id,voted_at,status,cancelled_at) VALUES (92,11,143,34,'2025-09-06 11:07:12','CANCELLED','2025-09-06 11:07:12');
INSERT INTO contest_votes (vote_id,program_id,program_apply_id,user_id,voted_at,status,cancelled_at) VALUES (93,11,143,39,'2025-09-06 10:22:14','CANCELLED','2025-09-06 10:22:14');
INSERT INTO contest_votes (vote_id,program_id,program_apply_id,user_id,voted_at,status,cancelled_at) VALUES (94,11,143,95,'2025-09-06 11:17:47','CANCELLED','2025-09-06 11:17:47');
INSERT INTO contest_votes (vote_id,program_id,program_apply_id,user_id,voted_at,status,cancelled_at) VALUES (95,11,141,51,'2025-09-06 11:48:53','CANCELLED','2025-09-06 11:48:53');
INSERT INTO contest_votes (vote_id,program_id,program_apply_id,user_id,voted_at,status,cancelled_at) VALUES (96,11,147,36,'2025-09-06 11:33:51','CANCELLED','2025-09-06 11:33:51');
INSERT INTO contest_votes (vote_id,program_id,program_apply_id,user_id,voted_at,status,cancelled_at) VALUES (97,11,140,75,'2025-09-06 12:57:10','CANCELLED','2025-09-06 12:57:10');
INSERT INTO contest_votes (vote_id,program_id,program_apply_id,user_id,voted_at,status,cancelled_at) VALUES (98,11,141,81,'2025-09-06 11:48:24','CANCELLED','2025-09-06 11:48:24');
INSERT INTO contest_votes (vote_id,program_id,program_apply_id,user_id,voted_at,status,cancelled_at) VALUES (99,11,145,73,'2025-09-06 10:43:59','ACTIVE',NULL);
INSERT INTO contest_votes (vote_id,program_id,program_apply_id,user_id,voted_at,status,cancelled_at) VALUES (100,11,144,83,'2025-09-06 11:32:48','CANCELLED','2025-09-06 11:32:48');
INSERT INTO contest_votes (vote_id,program_id,program_apply_id,user_id,voted_at,status,cancelled_at) VALUES (101,11,139,53,'2025-09-06 12:29:17','CANCELLED','2025-09-06 12:29:17');
INSERT INTO contest_votes (vote_id,program_id,program_apply_id,user_id,voted_at,status,cancelled_at) VALUES (102,11,146,29,'2025-09-06 11:25:06','CANCELLED','2025-09-06 11:25:06');
INSERT INTO contest_votes (vote_id,program_id,program_apply_id,user_id,voted_at,status,cancelled_at) VALUES (103,11,146,14,'2025-09-06 10:21:02','ACTIVE',NULL);
INSERT INTO contest_votes (vote_id,program_id,program_apply_id,user_id,voted_at,status,cancelled_at) VALUES (104,11,144,89,'2025-09-06 12:00:19','CANCELLED','2025-09-06 12:00:19');
INSERT INTO contest_votes (vote_id,program_id,program_apply_id,user_id,voted_at,status,cancelled_at) VALUES (105,11,142,91,'2025-09-06 11:37:57','ACTIVE',NULL);
INSERT INTO contest_votes (vote_id,program_id,program_apply_id,user_id,voted_at,status,cancelled_at) VALUES (106,11,141,16,'2025-09-06 11:35:11','ACTIVE',NULL);
INSERT INTO contest_votes (vote_id,program_id,program_apply_id,user_id,voted_at,status,cancelled_at) VALUES (107,11,145,35,'2025-09-06 11:38:05','CANCELLED','2025-09-06 11:38:05');
INSERT INTO contest_votes (vote_id,program_id,program_apply_id,user_id,voted_at,status,cancelled_at) VALUES (108,11,143,30,'2025-09-06 10:20:29','ACTIVE',NULL);
INSERT INTO contest_votes (vote_id,program_id,program_apply_id,user_id,voted_at,status,cancelled_at) VALUES (109,11,144,87,'2025-09-06 11:45:56','CANCELLED','2025-09-06 11:45:56');
INSERT INTO contest_votes (vote_id,program_id,program_apply_id,user_id,voted_at,status,cancelled_at) VALUES (110,11,141,80,'2025-09-06 11:11:00','ACTIVE',NULL);
INSERT INTO contest_votes (vote_id,program_id,program_apply_id,user_id,voted_at,status,cancelled_at) VALUES (111,11,146,40,'2025-09-06 10:37:42','ACTIVE',NULL);
INSERT INTO contest_votes (vote_id,program_id,program_apply_id,user_id,voted_at,status,cancelled_at) VALUES (112,11,140,2,'2025-09-06 12:35:17','ACTIVE',NULL);
INSERT INTO contest_votes (vote_id,program_id,program_apply_id,user_id,voted_at,status,cancelled_at) VALUES (113,11,140,50,'2025-09-06 11:15:28','CANCELLED','2025-09-06 11:15:28');
INSERT INTO contest_votes (vote_id,program_id,program_apply_id,user_id,voted_at,status,cancelled_at) VALUES (114,11,144,15,'2025-09-06 10:29:11','ACTIVE',NULL);
INSERT INTO contest_votes (vote_id,program_id,program_apply_id,user_id,voted_at,status,cancelled_at) VALUES (115,11,139,4,'2025-09-06 11:16:53','CANCELLED','2025-09-06 11:16:53');
INSERT INTO contest_votes (vote_id,program_id,program_apply_id,user_id,voted_at,status,cancelled_at) VALUES (116,11,143,78,'2025-09-06 12:37:00','ACTIVE',NULL);
INSERT INTO contest_votes (vote_id,program_id,program_apply_id,user_id,voted_at,status,cancelled_at) VALUES (117,11,139,1,'2025-09-06 10:59:15','CANCELLED','2025-09-06 10:59:15');
INSERT INTO contest_votes (vote_id,program_id,program_apply_id,user_id,voted_at,status,cancelled_at) VALUES (118,11,147,82,'2025-09-06 10:32:05','CANCELLED','2025-09-06 10:32:05');
INSERT INTO contest_votes (vote_id,program_id,program_apply_id,user_id,voted_at,status,cancelled_at) VALUES (119,11,147,8,'2025-09-06 10:02:27','CANCELLED','2025-09-06 10:02:27');
INSERT INTO contest_votes (vote_id,program_id,program_apply_id,user_id,voted_at,status,cancelled_at) VALUES (120,11,144,69,'2025-09-06 10:22:28','ACTIVE',NULL);
INSERT INTO contest_votes (vote_id,program_id,program_apply_id,user_id,voted_at,status,cancelled_at) VALUES (121,13,171,2,'2024-12-29 17:59:24','ACTIVE',NULL);
INSERT INTO contest_votes (vote_id,program_id,program_apply_id,user_id,voted_at,status,cancelled_at) VALUES (122,13,163,51,'2024-12-29 19:05:45','ACTIVE',NULL);
INSERT INTO contest_votes (vote_id,program_id,program_apply_id,user_id,voted_at,status,cancelled_at) VALUES (123,13,169,35,'2024-12-29 18:58:09','ACTIVE',NULL);
INSERT INTO contest_votes (vote_id,program_id,program_apply_id,user_id,voted_at,status,cancelled_at) VALUES (124,13,172,12,'2024-12-29 17:59:14','CANCELLED','2024-12-29 17:59:14');
INSERT INTO contest_votes (vote_id,program_id,program_apply_id,user_id,voted_at,status,cancelled_at) VALUES (125,13,161,66,'2024-12-29 17:55:14','ACTIVE',NULL);
INSERT INTO contest_votes (vote_id,program_id,program_apply_id,user_id,voted_at,status,cancelled_at) VALUES (126,13,168,46,'2024-12-29 18:37:40','ACTIVE',NULL);
INSERT INTO contest_votes (vote_id,program_id,program_apply_id,user_id,voted_at,status,cancelled_at) VALUES (127,13,165,22,'2024-12-29 16:37:00','CANCELLED','2024-12-29 16:37:00');
INSERT INTO contest_votes (vote_id,program_id,program_apply_id,user_id,voted_at,status,cancelled_at) VALUES (128,13,166,70,'2024-12-29 18:25:50','CANCELLED','2024-12-29 18:25:50');
INSERT INTO contest_votes (vote_id,program_id,program_apply_id,user_id,voted_at,status,cancelled_at) VALUES (129,13,165,36,'2024-12-29 18:45:18','CANCELLED','2024-12-29 18:45:18');
INSERT INTO contest_votes (vote_id,program_id,program_apply_id,user_id,voted_at,status,cancelled_at) VALUES (130,13,163,44,'2024-12-29 16:35:02','CANCELLED','2024-12-29 16:35:02');
INSERT INTO contest_votes (vote_id,program_id,program_apply_id,user_id,voted_at,status,cancelled_at) VALUES (131,13,168,65,'2024-12-29 18:19:51','ACTIVE',NULL);
INSERT INTO contest_votes (vote_id,program_id,program_apply_id,user_id,voted_at,status,cancelled_at) VALUES (132,13,165,64,'2024-12-29 18:50:34','CANCELLED','2024-12-29 18:50:34');
INSERT INTO contest_votes (vote_id,program_id,program_apply_id,user_id,voted_at,status,cancelled_at) VALUES (133,13,161,61,'2024-12-29 18:06:10','ACTIVE',NULL);
INSERT INTO contest_votes (vote_id,program_id,program_apply_id,user_id,voted_at,status,cancelled_at) VALUES (134,13,172,91,'2024-12-29 18:30:54','ACTIVE',NULL);
INSERT INTO contest_votes (vote_id,program_id,program_apply_id,user_id,voted_at,status,cancelled_at) VALUES (135,13,172,15,'2024-12-29 19:12:32','CANCELLED','2024-12-29 19:12:32');
INSERT INTO contest_votes (vote_id,program_id,program_apply_id,user_id,voted_at,status,cancelled_at) VALUES (136,13,172,71,'2024-12-29 17:31:38','ACTIVE',NULL);
INSERT INTO contest_votes (vote_id,program_id,program_apply_id,user_id,voted_at,status,cancelled_at) VALUES (137,13,172,29,'2024-12-29 17:25:36','ACTIVE',NULL);
INSERT INTO contest_votes (vote_id,program_id,program_apply_id,user_id,voted_at,status,cancelled_at) VALUES (138,13,171,81,'2024-12-29 16:52:01','CANCELLED','2024-12-29 16:52:01');
INSERT INTO contest_votes (vote_id,program_id,program_apply_id,user_id,voted_at,status,cancelled_at) VALUES (139,13,161,60,'2024-12-29 18:10:00','CANCELLED','2024-12-29 18:10:00');
INSERT INTO contest_votes (vote_id,program_id,program_apply_id,user_id,voted_at,status,cancelled_at) VALUES (140,13,171,21,'2024-12-29 17:18:24','CANCELLED','2024-12-29 17:18:24');
INSERT INTO contest_votes (vote_id,program_id,program_apply_id,user_id,voted_at,status,cancelled_at) VALUES (141,13,162,62,'2024-12-29 16:23:36','ACTIVE',NULL);
INSERT INTO contest_votes (vote_id,program_id,program_apply_id,user_id,voted_at,status,cancelled_at) VALUES (142,13,169,39,'2024-12-29 18:35:12','ACTIVE',NULL);
INSERT INTO contest_votes (vote_id,program_id,program_apply_id,user_id,voted_at,status,cancelled_at) VALUES (143,13,170,95,'2024-12-29 17:39:38','ACTIVE',NULL);
INSERT INTO contest_votes (vote_id,program_id,program_apply_id,user_id,voted_at,status,cancelled_at) VALUES (144,13,165,41,'2024-12-29 17:41:11','CANCELLED','2024-12-29 17:41:11');
INSERT INTO contest_votes (vote_id,program_id,program_apply_id,user_id,voted_at,status,cancelled_at) VALUES (145,13,170,27,'2024-12-29 17:27:37','ACTIVE',NULL);
INSERT INTO contest_votes (vote_id,program_id,program_apply_id,user_id,voted_at,status,cancelled_at) VALUES (146,13,159,11,'2024-12-29 17:35:39','ACTIVE',NULL);
INSERT INTO contest_votes (vote_id,program_id,program_apply_id,user_id,voted_at,status,cancelled_at) VALUES (147,13,172,94,'2024-12-29 17:53:57','ACTIVE',NULL);
INSERT INTO contest_votes (vote_id,program_id,program_apply_id,user_id,voted_at,status,cancelled_at) VALUES (148,13,160,20,'2024-12-29 16:36:20','CANCELLED','2024-12-29 16:36:20');
INSERT INTO contest_votes (vote_id,program_id,program_apply_id,user_id,voted_at,status,cancelled_at) VALUES (149,13,167,84,'2024-12-29 16:28:45','CANCELLED','2024-12-29 16:28:45');
INSERT INTO contest_votes (vote_id,program_id,program_apply_id,user_id,voted_at,status,cancelled_at) VALUES (150,13,159,85,'2024-12-29 17:57:35','CANCELLED','2024-12-29 17:57:35');
INSERT INTO contest_votes (vote_id,program_id,program_apply_id,user_id,voted_at,status,cancelled_at) VALUES (151,14,181,88,'2024-12-29 10:04:42','ACTIVE',NULL);
INSERT INTO contest_votes (vote_id,program_id,program_apply_id,user_id,voted_at,status,cancelled_at) VALUES (152,14,178,73,'2024-12-29 09:31:39','ACTIVE',NULL);
INSERT INTO contest_votes (vote_id,program_id,program_apply_id,user_id,voted_at,status,cancelled_at) VALUES (153,14,175,7,'2024-12-29 09:33:10','CANCELLED','2024-12-29 09:33:10');
INSERT INTO contest_votes (vote_id,program_id,program_apply_id,user_id,voted_at,status,cancelled_at) VALUES (154,14,174,99,'2024-12-29 08:46:18','CANCELLED','2024-12-29 08:46:18');
INSERT INTO contest_votes (vote_id,program_id,program_apply_id,user_id,voted_at,status,cancelled_at) VALUES (155,14,177,87,'2024-12-29 08:30:44','CANCELLED','2024-12-29 08:30:44');
INSERT INTO contest_votes (vote_id,program_id,program_apply_id,user_id,voted_at,status,cancelled_at) VALUES (156,14,179,44,'2024-12-29 08:47:06','CANCELLED','2024-12-29 08:47:06');
INSERT INTO contest_votes (vote_id,program_id,program_apply_id,user_id,voted_at,status,cancelled_at) VALUES (157,14,178,47,'2024-12-29 10:17:22','ACTIVE',NULL);
INSERT INTO contest_votes (vote_id,program_id,program_apply_id,user_id,voted_at,status,cancelled_at) VALUES (158,14,181,60,'2024-12-29 08:48:01','ACTIVE',NULL);
INSERT INTO contest_votes (vote_id,program_id,program_apply_id,user_id,voted_at,status,cancelled_at) VALUES (159,14,180,4,'2024-12-29 10:13:35','ACTIVE',NULL);
INSERT INTO contest_votes (vote_id,program_id,program_apply_id,user_id,voted_at,status,cancelled_at) VALUES (160,14,173,96,'2024-12-29 09:09:10','CANCELLED','2024-12-29 09:09:10');
INSERT INTO contest_votes (vote_id,program_id,program_apply_id,user_id,voted_at,status,cancelled_at) VALUES (161,14,174,53,'2024-12-29 09:41:09','CANCELLED','2024-12-29 09:41:09');
INSERT INTO contest_votes (vote_id,program_id,program_apply_id,user_id,voted_at,status,cancelled_at) VALUES (162,14,182,12,'2024-12-29 09:07:07','ACTIVE',NULL);
INSERT INTO contest_votes (vote_id,program_id,program_apply_id,user_id,voted_at,status,cancelled_at) VALUES (163,14,182,40,'2024-12-29 08:52:55','CANCELLED','2024-12-29 08:52:55');
INSERT INTO contest_votes (vote_id,program_id,program_apply_id,user_id,voted_at,status,cancelled_at) VALUES (164,14,178,59,'2024-12-29 09:11:38','CANCELLED','2024-12-29 09:11:38');
INSERT INTO contest_votes (vote_id,program_id,program_apply_id,user_id,voted_at,status,cancelled_at) VALUES (165,14,175,79,'2024-12-29 10:06:53','ACTIVE',NULL);
INSERT INTO contest_votes (vote_id,program_id,program_apply_id,user_id,voted_at,status,cancelled_at) VALUES (166,14,179,19,'2024-12-29 09:21:32','CANCELLED','2024-12-29 09:21:32');
INSERT INTO contest_votes (vote_id,program_id,program_apply_id,user_id,voted_at,status,cancelled_at) VALUES (167,14,176,35,'2024-12-29 08:27:54','ACTIVE',NULL);
INSERT INTO contest_votes (vote_id,program_id,program_apply_id,user_id,voted_at,status,cancelled_at) VALUES (168,14,182,81,'2024-12-29 09:45:06','ACTIVE',NULL);
INSERT INTO contest_votes (vote_id,program_id,program_apply_id,user_id,voted_at,status,cancelled_at) VALUES (169,14,175,95,'2024-12-29 08:39:49','ACTIVE',NULL);
INSERT INTO contest_votes (vote_id,program_id,program_apply_id,user_id,voted_at,status,cancelled_at) VALUES (170,14,180,54,'2024-12-29 10:03:08','ACTIVE',NULL);
INSERT INTO contest_votes (vote_id,program_id,program_apply_id,user_id,voted_at,status,cancelled_at) VALUES (171,14,177,75,'2024-12-29 08:53:13','ACTIVE',NULL);
INSERT INTO contest_votes (vote_id,program_id,program_apply_id,user_id,voted_at,status,cancelled_at) VALUES (172,14,177,27,'2024-12-29 08:59:59','CANCELLED','2024-12-29 08:59:59');
INSERT INTO contest_votes (vote_id,program_id,program_apply_id,user_id,voted_at,status,cancelled_at) VALUES (173,14,176,18,'2024-12-29 09:14:06','ACTIVE',NULL);
INSERT INTO contest_votes (vote_id,program_id,program_apply_id,user_id,voted_at,status,cancelled_at) VALUES (174,14,180,39,'2024-12-29 10:05:14','CANCELLED','2024-12-29 10:05:14');
INSERT INTO contest_votes (vote_id,program_id,program_apply_id,user_id,voted_at,status,cancelled_at) VALUES (175,14,180,46,'2024-12-29 10:14:07','ACTIVE',NULL);
INSERT INTO contest_votes (vote_id,program_id,program_apply_id,user_id,voted_at,status,cancelled_at) VALUES (176,14,176,21,'2024-12-29 09:16:28','ACTIVE',NULL);
INSERT INTO contest_votes (vote_id,program_id,program_apply_id,user_id,voted_at,status,cancelled_at) VALUES (177,14,178,71,'2024-12-29 10:18:24','ACTIVE',NULL);
INSERT INTO contest_votes (vote_id,program_id,program_apply_id,user_id,voted_at,status,cancelled_at) VALUES (178,14,180,98,'2024-12-29 09:59:54','CANCELLED','2024-12-29 09:59:54');
INSERT INTO contest_votes (vote_id,program_id,program_apply_id,user_id,voted_at,status,cancelled_at) VALUES (179,14,173,32,'2024-12-29 10:21:28','ACTIVE',NULL);
INSERT INTO contest_votes (vote_id,program_id,program_apply_id,user_id,voted_at,status,cancelled_at) VALUES (180,14,174,11,'2024-12-29 09:06:17','CANCELLED','2024-12-29 09:06:17');
INSERT INTO contest_votes (vote_id,program_id,program_apply_id,user_id,voted_at,status,cancelled_at) VALUES (181,19,216,40,'2025-08-15 21:06:32','CANCELLED','2025-08-15 21:06:32');
INSERT INTO contest_votes (vote_id,program_id,program_apply_id,user_id,voted_at,status,cancelled_at) VALUES (182,19,225,49,'2025-08-15 23:47:47','CANCELLED','2025-08-15 23:47:47');
INSERT INTO contest_votes (vote_id,program_id,program_apply_id,user_id,voted_at,status,cancelled_at) VALUES (183,19,222,62,'2025-08-15 22:59:40','CANCELLED','2025-08-15 22:59:40');
INSERT INTO contest_votes (vote_id,program_id,program_apply_id,user_id,voted_at,status,cancelled_at) VALUES (184,19,224,25,'2025-08-15 22:45:05','ACTIVE',NULL);
INSERT INTO contest_votes (vote_id,program_id,program_apply_id,user_id,voted_at,status,cancelled_at) VALUES (185,19,226,36,'2025-08-15 23:10:37','ACTIVE',NULL);
INSERT INTO contest_votes (vote_id,program_id,program_apply_id,user_id,voted_at,status,cancelled_at) VALUES (186,19,223,74,'2025-08-15 23:06:02','ACTIVE',NULL);
INSERT INTO contest_votes (vote_id,program_id,program_apply_id,user_id,voted_at,status,cancelled_at) VALUES (187,19,216,38,'2025-08-15 20:59:15','ACTIVE',NULL);
INSERT INTO contest_votes (vote_id,program_id,program_apply_id,user_id,voted_at,status,cancelled_at) VALUES (188,19,220,10,'2025-08-15 23:47:21','ACTIVE',NULL);
INSERT INTO contest_votes (vote_id,program_id,program_apply_id,user_id,voted_at,status,cancelled_at) VALUES (189,19,225,22,'2025-08-15 21:33:39','ACTIVE',NULL);
INSERT INTO contest_votes (vote_id,program_id,program_apply_id,user_id,voted_at,status,cancelled_at) VALUES (190,19,221,52,'2025-08-15 21:18:50','CANCELLED','2025-08-15 21:18:50');
INSERT INTO contest_votes (vote_id,program_id,program_apply_id,user_id,voted_at,status,cancelled_at) VALUES (191,19,219,46,'2025-08-15 22:18:52','CANCELLED','2025-08-15 22:18:52');
INSERT INTO contest_votes (vote_id,program_id,program_apply_id,user_id,voted_at,status,cancelled_at) VALUES (192,19,218,58,'2025-08-15 21:52:02','CANCELLED','2025-08-15 21:52:02');
INSERT INTO contest_votes (vote_id,program_id,program_apply_id,user_id,voted_at,status,cancelled_at) VALUES (193,19,221,90,'2025-08-15 23:09:50','CANCELLED','2025-08-15 23:09:50');
INSERT INTO contest_votes (vote_id,program_id,program_apply_id,user_id,voted_at,status,cancelled_at) VALUES (194,19,218,30,'2025-08-15 23:34:38','ACTIVE',NULL);
INSERT INTO contest_votes (vote_id,program_id,program_apply_id,user_id,voted_at,status,cancelled_at) VALUES (195,19,220,17,'2025-08-15 23:19:08','CANCELLED','2025-08-15 23:19:08');
INSERT INTO contest_votes (vote_id,program_id,program_apply_id,user_id,voted_at,status,cancelled_at) VALUES (196,19,216,29,'2025-08-15 23:12:31','CANCELLED','2025-08-15 23:12:31');
INSERT INTO contest_votes (vote_id,program_id,program_apply_id,user_id,voted_at,status,cancelled_at) VALUES (197,19,221,16,'2025-08-15 21:54:38','CANCELLED','2025-08-15 21:54:38');
INSERT INTO contest_votes (vote_id,program_id,program_apply_id,user_id,voted_at,status,cancelled_at) VALUES (198,19,218,92,'2025-08-15 21:48:19','ACTIVE',NULL);
INSERT INTO contest_votes (vote_id,program_id,program_apply_id,user_id,voted_at,status,cancelled_at) VALUES (199,19,218,23,'2025-08-15 22:33:11','CANCELLED','2025-08-15 22:33:11');
INSERT INTO contest_votes (vote_id,program_id,program_apply_id,user_id,voted_at,status,cancelled_at) VALUES (200,19,225,80,'2025-08-15 21:47:22','CANCELLED','2025-08-15 21:47:22');
INSERT INTO contest_votes (vote_id,program_id,program_apply_id,user_id,voted_at,status,cancelled_at) VALUES (201,19,219,84,'2025-08-15 22:13:13','CANCELLED','2025-08-15 22:13:13');
INSERT INTO contest_votes (vote_id,program_id,program_apply_id,user_id,voted_at,status,cancelled_at) VALUES (202,19,225,20,'2025-08-15 21:34:29','CANCELLED','2025-08-15 21:34:29');
INSERT INTO contest_votes (vote_id,program_id,program_apply_id,user_id,voted_at,status,cancelled_at) VALUES (203,19,226,19,'2025-08-15 23:48:46','CANCELLED','2025-08-15 23:48:46');
INSERT INTO contest_votes (vote_id,program_id,program_apply_id,user_id,voted_at,status,cancelled_at) VALUES (204,19,221,89,'2025-08-15 22:56:00','ACTIVE',NULL);
INSERT INTO contest_votes (vote_id,program_id,program_apply_id,user_id,voted_at,status,cancelled_at) VALUES (205,19,220,67,'2025-08-15 22:50:23','CANCELLED','2025-08-15 22:50:23');
INSERT INTO contest_votes (vote_id,program_id,program_apply_id,user_id,voted_at,status,cancelled_at) VALUES (206,19,224,71,'2025-08-15 23:42:01','ACTIVE',NULL);
INSERT INTO contest_votes (vote_id,program_id,program_apply_id,user_id,voted_at,status,cancelled_at) VALUES (207,19,218,68,'2025-08-15 21:14:29','CANCELLED','2025-08-15 21:14:29');
INSERT INTO contest_votes (vote_id,program_id,program_apply_id,user_id,voted_at,status,cancelled_at) VALUES (208,19,221,97,'2025-08-15 21:06:36','ACTIVE',NULL);
INSERT INTO contest_votes (vote_id,program_id,program_apply_id,user_id,voted_at,status,cancelled_at) VALUES (209,19,218,11,'2025-08-15 23:32:16','ACTIVE',NULL);
INSERT INTO contest_votes (vote_id,program_id,program_apply_id,user_id,voted_at,status,cancelled_at) VALUES (210,19,223,2,'2025-08-15 22:41:49','ACTIVE',NULL);
INSERT INTO contest_votes (vote_id,program_id,program_apply_id,user_id,voted_at,status,cancelled_at) VALUES (211,26,297,55,'2023-06-21 18:08:08','CANCELLED','2023-06-21 18:08:08');
INSERT INTO contest_votes (vote_id,program_id,program_apply_id,user_id,voted_at,status,cancelled_at) VALUES (212,26,301,58,'2023-06-21 18:23:00','ACTIVE',NULL);
INSERT INTO contest_votes (vote_id,program_id,program_apply_id,user_id,voted_at,status,cancelled_at) VALUES (213,26,299,92,'2023-06-21 18:43:47','ACTIVE',NULL);
INSERT INTO contest_votes (vote_id,program_id,program_apply_id,user_id,voted_at,status,cancelled_at) VALUES (214,26,302,32,'2023-06-21 18:20:23','ACTIVE',NULL);
INSERT INTO contest_votes (vote_id,program_id,program_apply_id,user_id,voted_at,status,cancelled_at) VALUES (215,26,299,26,'2023-06-21 18:43:09','ACTIVE',NULL);
INSERT INTO contest_votes (vote_id,program_id,program_apply_id,user_id,voted_at,status,cancelled_at) VALUES (216,26,301,18,'2023-06-21 18:37:05','CANCELLED','2023-06-21 18:37:05');
INSERT INTO contest_votes (vote_id,program_id,program_apply_id,user_id,voted_at,status,cancelled_at) VALUES (217,26,301,40,'2023-06-21 18:16:39','CANCELLED','2023-06-21 18:16:39');
INSERT INTO contest_votes (vote_id,program_id,program_apply_id,user_id,voted_at,status,cancelled_at) VALUES (218,26,298,14,'2023-06-21 18:37:34','ACTIVE',NULL);
INSERT INTO contest_votes (vote_id,program_id,program_apply_id,user_id,voted_at,status,cancelled_at) VALUES (219,26,294,65,'2023-06-21 18:07:07','ACTIVE',NULL);
INSERT INTO contest_votes (vote_id,program_id,program_apply_id,user_id,voted_at,status,cancelled_at) VALUES (220,26,297,27,'2023-06-21 18:16:00','CANCELLED','2023-06-21 18:16:00');
INSERT INTO contest_votes (vote_id,program_id,program_apply_id,user_id,voted_at,status,cancelled_at) VALUES (221,26,297,31,'2023-06-21 18:41:30','CANCELLED','2023-06-21 18:41:30');
INSERT INTO contest_votes (vote_id,program_id,program_apply_id,user_id,voted_at,status,cancelled_at) VALUES (222,26,302,2,'2023-06-21 18:55:03','CANCELLED','2023-06-21 18:55:03');
INSERT INTO contest_votes (vote_id,program_id,program_apply_id,user_id,voted_at,status,cancelled_at) VALUES (223,26,299,51,'2023-06-21 18:57:17','ACTIVE',NULL);
INSERT INTO contest_votes (vote_id,program_id,program_apply_id,user_id,voted_at,status,cancelled_at) VALUES (224,26,299,50,'2023-06-21 18:27:21','CANCELLED','2023-06-21 18:27:21');
INSERT INTO contest_votes (vote_id,program_id,program_apply_id,user_id,voted_at,status,cancelled_at) VALUES (225,26,300,88,'2023-06-21 18:15:01','ACTIVE',NULL);
INSERT INTO contest_votes (vote_id,program_id,program_apply_id,user_id,voted_at,status,cancelled_at) VALUES (226,26,302,91,'2023-06-21 18:15:15','ACTIVE',NULL);
INSERT INTO contest_votes (vote_id,program_id,program_apply_id,user_id,voted_at,status,cancelled_at) VALUES (227,26,296,78,'2023-06-21 18:27:29','CANCELLED','2023-06-21 18:27:29');
INSERT INTO contest_votes (vote_id,program_id,program_apply_id,user_id,voted_at,status,cancelled_at) VALUES (228,26,303,19,'2023-06-21 18:50:47','ACTIVE',NULL);
INSERT INTO contest_votes (vote_id,program_id,program_apply_id,user_id,voted_at,status,cancelled_at) VALUES (229,26,303,59,'2023-06-21 18:29:22','CANCELLED','2023-06-21 18:29:22');
INSERT INTO contest_votes (vote_id,program_id,program_apply_id,user_id,voted_at,status,cancelled_at) VALUES (230,26,299,83,'2023-06-21 18:53:41','CANCELLED','2023-06-21 18:53:41');
INSERT INTO contest_votes (vote_id,program_id,program_apply_id,user_id,voted_at,status,cancelled_at) VALUES (231,26,294,81,'2023-06-21 18:45:32','ACTIVE',NULL);
INSERT INTO contest_votes (vote_id,program_id,program_apply_id,user_id,voted_at,status,cancelled_at) VALUES (232,26,303,80,'2023-06-21 18:38:01','ACTIVE',NULL);
INSERT INTO contest_votes (vote_id,program_id,program_apply_id,user_id,voted_at,status,cancelled_at) VALUES (233,26,302,49,'2023-06-21 18:15:04','ACTIVE',NULL);
INSERT INTO contest_votes (vote_id,program_id,program_apply_id,user_id,voted_at,status,cancelled_at) VALUES (234,26,298,96,'2023-06-21 18:49:54','ACTIVE',NULL);
INSERT INTO contest_votes (vote_id,program_id,program_apply_id,user_id,voted_at,status,cancelled_at) VALUES (235,26,297,10,'2023-06-21 18:43:37','ACTIVE',NULL);
INSERT INTO contest_votes (vote_id,program_id,program_apply_id,user_id,voted_at,status,cancelled_at) VALUES (236,26,297,99,'2023-06-21 18:45:46','CANCELLED','2023-06-21 18:45:46');
INSERT INTO contest_votes (vote_id,program_id,program_apply_id,user_id,voted_at,status,cancelled_at) VALUES (237,26,303,45,'2023-06-21 18:11:07','ACTIVE',NULL);
INSERT INTO contest_votes (vote_id,program_id,program_apply_id,user_id,voted_at,status,cancelled_at) VALUES (238,26,302,86,'2023-06-21 18:25:56','ACTIVE',NULL);
INSERT INTO contest_votes (vote_id,program_id,program_apply_id,user_id,voted_at,status,cancelled_at) VALUES (239,26,303,61,'2023-06-21 18:26:04','CANCELLED','2023-06-21 18:26:04');
INSERT INTO contest_votes (vote_id,program_id,program_apply_id,user_id,voted_at,status,cancelled_at) VALUES (240,26,298,64,'2023-06-21 18:47:53','ACTIVE',NULL);
INSERT INTO contest_votes (vote_id,program_id,program_apply_id,user_id,voted_at,status,cancelled_at) VALUES (241,28,321,13,'2025-10-16 18:03:04','CANCELLED','2025-10-16 18:03:04');
INSERT INTO contest_votes (vote_id,program_id,program_apply_id,user_id,voted_at,status,cancelled_at) VALUES (242,28,320,17,'2025-10-16 18:05:32','CANCELLED','2025-10-16 18:05:32');
INSERT INTO contest_votes (vote_id,program_id,program_apply_id,user_id,voted_at,status,cancelled_at) VALUES (243,28,328,58,'2025-10-16 17:09:08','CANCELLED','2025-10-16 17:09:08');
INSERT INTO contest_votes (vote_id,program_id,program_apply_id,user_id,voted_at,status,cancelled_at) VALUES (244,28,326,81,'2025-10-16 17:45:14','CANCELLED','2025-10-16 17:45:14');
INSERT INTO contest_votes (vote_id,program_id,program_apply_id,user_id,voted_at,status,cancelled_at) VALUES (245,28,321,18,'2025-10-16 18:16:43','ACTIVE',NULL);
INSERT INTO contest_votes (vote_id,program_id,program_apply_id,user_id,voted_at,status,cancelled_at) VALUES (246,28,328,20,'2025-10-16 16:22:52','CANCELLED','2025-10-16 16:22:52');
INSERT INTO contest_votes (vote_id,program_id,program_apply_id,user_id,voted_at,status,cancelled_at) VALUES (247,28,318,43,'2025-10-16 17:05:54','CANCELLED','2025-10-16 17:05:54');
INSERT INTO contest_votes (vote_id,program_id,program_apply_id,user_id,voted_at,status,cancelled_at) VALUES (248,28,334,50,'2025-10-16 17:36:59','CANCELLED','2025-10-16 17:36:59');
INSERT INTO contest_votes (vote_id,program_id,program_apply_id,user_id,voted_at,status,cancelled_at) VALUES (249,28,323,97,'2025-10-16 17:24:56','CANCELLED','2025-10-16 17:24:56');
INSERT INTO contest_votes (vote_id,program_id,program_apply_id,user_id,voted_at,status,cancelled_at) VALUES (250,28,334,31,'2025-10-16 17:41:11','ACTIVE',NULL);
INSERT INTO contest_votes (vote_id,program_id,program_apply_id,user_id,voted_at,status,cancelled_at) VALUES (251,28,333,29,'2025-10-16 17:02:24','CANCELLED','2025-10-16 17:02:24');
INSERT INTO contest_votes (vote_id,program_id,program_apply_id,user_id,voted_at,status,cancelled_at) VALUES (252,28,329,22,'2025-10-16 18:19:49','CANCELLED','2025-10-16 18:19:49');
INSERT INTO contest_votes (vote_id,program_id,program_apply_id,user_id,voted_at,status,cancelled_at) VALUES (253,28,326,80,'2025-10-16 17:04:01','ACTIVE',NULL);
INSERT INTO contest_votes (vote_id,program_id,program_apply_id,user_id,voted_at,status,cancelled_at) VALUES (254,28,319,77,'2025-10-16 17:41:07','ACTIVE',NULL);
INSERT INTO contest_votes (vote_id,program_id,program_apply_id,user_id,voted_at,status,cancelled_at) VALUES (255,28,317,62,'2025-10-16 17:15:04','CANCELLED','2025-10-16 17:15:04');
INSERT INTO contest_votes (vote_id,program_id,program_apply_id,user_id,voted_at,status,cancelled_at) VALUES (256,28,322,11,'2025-10-16 17:06:08','CANCELLED','2025-10-16 17:06:08');
INSERT INTO contest_votes (vote_id,program_id,program_apply_id,user_id,voted_at,status,cancelled_at) VALUES (257,28,321,36,'2025-10-16 17:10:07','ACTIVE',NULL);
INSERT INTO contest_votes (vote_id,program_id,program_apply_id,user_id,voted_at,status,cancelled_at) VALUES (258,28,321,46,'2025-10-16 17:26:51','CANCELLED','2025-10-16 17:26:51');
INSERT INTO contest_votes (vote_id,program_id,program_apply_id,user_id,voted_at,status,cancelled_at) VALUES (259,28,329,79,'2025-10-16 18:15:00','CANCELLED','2025-10-16 18:15:00');
INSERT INTO contest_votes (vote_id,program_id,program_apply_id,user_id,voted_at,status,cancelled_at) VALUES (260,28,323,95,'2025-10-16 18:57:01','CANCELLED','2025-10-16 18:57:01');
INSERT INTO contest_votes (vote_id,program_id,program_apply_id,user_id,voted_at,status,cancelled_at) VALUES (261,28,324,75,'2025-10-16 17:07:15','ACTIVE',NULL);
INSERT INTO contest_votes (vote_id,program_id,program_apply_id,user_id,voted_at,status,cancelled_at) VALUES (262,28,333,66,'2025-10-16 19:01:43','ACTIVE',NULL);
INSERT INTO contest_votes (vote_id,program_id,program_apply_id,user_id,voted_at,status,cancelled_at) VALUES (263,28,323,59,'2025-10-16 16:34:42','CANCELLED','2025-10-16 16:34:42');
INSERT INTO contest_votes (vote_id,program_id,program_apply_id,user_id,voted_at,status,cancelled_at) VALUES (264,28,318,96,'2025-10-16 18:54:23','ACTIVE',NULL);
INSERT INTO contest_votes (vote_id,program_id,program_apply_id,user_id,voted_at,status,cancelled_at) VALUES (265,28,329,37,'2025-10-16 17:21:12','CANCELLED','2025-10-16 17:21:12');
INSERT INTO contest_votes (vote_id,program_id,program_apply_id,user_id,voted_at,status,cancelled_at) VALUES (266,28,318,55,'2025-10-16 18:49:40','ACTIVE',NULL);
INSERT INTO contest_votes (vote_id,program_id,program_apply_id,user_id,voted_at,status,cancelled_at) VALUES (267,28,331,53,'2025-10-16 19:05:20','CANCELLED','2025-10-16 19:05:20');
INSERT INTO contest_votes (vote_id,program_id,program_apply_id,user_id,voted_at,status,cancelled_at) VALUES (268,28,318,74,'2025-10-16 17:57:25','CANCELLED','2025-10-16 17:57:25');
INSERT INTO contest_votes (vote_id,program_id,program_apply_id,user_id,voted_at,status,cancelled_at) VALUES (269,28,324,7,'2025-10-16 18:53:27','ACTIVE',NULL);
INSERT INTO contest_votes (vote_id,program_id,program_apply_id,user_id,voted_at,status,cancelled_at) VALUES (270,28,330,54,'2025-10-16 17:17:38','CANCELLED','2025-10-16 17:17:38');
INSERT INTO contest_votes (vote_id,program_id,program_apply_id,user_id,voted_at,status,cancelled_at) VALUES (271,29,336,7,'2023-06-07 12:33:45','CANCELLED','2023-06-07 12:33:45');
INSERT INTO contest_votes (vote_id,program_id,program_apply_id,user_id,voted_at,status,cancelled_at) VALUES (272,29,338,80,'2023-06-07 11:53:04','ACTIVE',NULL);
INSERT INTO contest_votes (vote_id,program_id,program_apply_id,user_id,voted_at,status,cancelled_at) VALUES (273,29,341,72,'2023-06-07 13:40:56','CANCELLED','2023-06-07 13:40:56');
INSERT INTO contest_votes (vote_id,program_id,program_apply_id,user_id,voted_at,status,cancelled_at) VALUES (274,29,342,8,'2023-06-07 12:26:00','ACTIVE',NULL);
INSERT INTO contest_votes (vote_id,program_id,program_apply_id,user_id,voted_at,status,cancelled_at) VALUES (275,29,337,51,'2023-06-07 12:52:58','ACTIVE',NULL);
INSERT INTO contest_votes (vote_id,program_id,program_apply_id,user_id,voted_at,status,cancelled_at) VALUES (276,29,339,96,'2023-06-07 13:47:50','CANCELLED','2023-06-07 13:47:50');
INSERT INTO contest_votes (vote_id,program_id,program_apply_id,user_id,voted_at,status,cancelled_at) VALUES (277,29,338,53,'2023-06-07 14:20:47','CANCELLED','2023-06-07 14:20:47');
INSERT INTO contest_votes (vote_id,program_id,program_apply_id,user_id,voted_at,status,cancelled_at) VALUES (278,29,341,2,'2023-06-07 13:22:37','ACTIVE',NULL);
INSERT INTO contest_votes (vote_id,program_id,program_apply_id,user_id,voted_at,status,cancelled_at) VALUES (279,29,342,88,'2023-06-07 12:43:48','ACTIVE',NULL);
INSERT INTO contest_votes (vote_id,program_id,program_apply_id,user_id,voted_at,status,cancelled_at) VALUES (280,29,340,99,'2023-06-07 12:07:39','CANCELLED','2023-06-07 12:07:39');
INSERT INTO contest_votes (vote_id,program_id,program_apply_id,user_id,voted_at,status,cancelled_at) VALUES (281,29,344,28,'2023-06-07 11:11:16','ACTIVE',NULL);
INSERT INTO contest_votes (vote_id,program_id,program_apply_id,user_id,voted_at,status,cancelled_at) VALUES (282,29,343,38,'2023-06-07 11:28:31','CANCELLED','2023-06-07 11:28:31');
INSERT INTO contest_votes (vote_id,program_id,program_apply_id,user_id,voted_at,status,cancelled_at) VALUES (283,29,344,89,'2023-06-07 11:04:40','CANCELLED','2023-06-07 11:04:40');
INSERT INTO contest_votes (vote_id,program_id,program_apply_id,user_id,voted_at,status,cancelled_at) VALUES (284,29,336,4,'2023-06-07 10:51:02','ACTIVE',NULL);
INSERT INTO contest_votes (vote_id,program_id,program_apply_id,user_id,voted_at,status,cancelled_at) VALUES (285,29,343,29,'2023-06-07 14:41:13','ACTIVE',NULL);
INSERT INTO contest_votes (vote_id,program_id,program_apply_id,user_id,voted_at,status,cancelled_at) VALUES (286,29,343,65,'2023-06-07 14:13:30','CANCELLED','2023-06-07 14:13:30');
INSERT INTO contest_votes (vote_id,program_id,program_apply_id,user_id,voted_at,status,cancelled_at) VALUES (287,29,344,57,'2023-06-07 11:52:03','ACTIVE',NULL);
INSERT INTO contest_votes (vote_id,program_id,program_apply_id,user_id,voted_at,status,cancelled_at) VALUES (288,29,340,91,'2023-06-07 10:46:28','ACTIVE',NULL);
INSERT INTO contest_votes (vote_id,program_id,program_apply_id,user_id,voted_at,status,cancelled_at) VALUES (289,29,338,68,'2023-06-07 12:35:57','ACTIVE',NULL);
INSERT INTO contest_votes (vote_id,program_id,program_apply_id,user_id,voted_at,status,cancelled_at) VALUES (290,29,340,71,'2023-06-07 14:41:30','CANCELLED','2023-06-07 14:41:30');
INSERT INTO contest_votes (vote_id,program_id,program_apply_id,user_id,voted_at,status,cancelled_at) VALUES (291,29,341,77,'2023-06-07 13:17:54','CANCELLED','2023-06-07 13:17:54');
INSERT INTO contest_votes (vote_id,program_id,program_apply_id,user_id,voted_at,status,cancelled_at) VALUES (292,29,342,16,'2023-06-07 13:39:22','ACTIVE',NULL);
INSERT INTO contest_votes (vote_id,program_id,program_apply_id,user_id,voted_at,status,cancelled_at) VALUES (293,29,337,24,'2023-06-07 12:08:50','CANCELLED','2023-06-07 12:08:50');
INSERT INTO contest_votes (vote_id,program_id,program_apply_id,user_id,voted_at,status,cancelled_at) VALUES (294,29,342,34,'2023-06-07 12:27:25','CANCELLED','2023-06-07 12:27:25');
INSERT INTO contest_votes (vote_id,program_id,program_apply_id,user_id,voted_at,status,cancelled_at) VALUES (295,29,341,70,'2023-06-07 13:59:33','CANCELLED','2023-06-07 13:59:33');
INSERT INTO contest_votes (vote_id,program_id,program_apply_id,user_id,voted_at,status,cancelled_at) VALUES (296,29,340,86,'2023-06-07 14:22:59','CANCELLED','2023-06-07 14:22:59');
INSERT INTO contest_votes (vote_id,program_id,program_apply_id,user_id,voted_at,status,cancelled_at) VALUES (297,29,344,90,'2023-06-07 11:52:49','ACTIVE',NULL);
INSERT INTO contest_votes (vote_id,program_id,program_apply_id,user_id,voted_at,status,cancelled_at) VALUES (298,29,338,45,'2023-06-07 12:50:33','ACTIVE',NULL);
INSERT INTO contest_votes (vote_id,program_id,program_apply_id,user_id,voted_at,status,cancelled_at) VALUES (299,29,343,21,'2023-06-07 13:59:03','CANCELLED','2023-06-07 13:59:03');
INSERT INTO contest_votes (vote_id,program_id,program_apply_id,user_id,voted_at,status,cancelled_at) VALUES (300,29,338,49,'2023-06-07 11:31:57','CANCELLED','2023-06-07 11:31:57');
INSERT INTO contest_votes (vote_id,program_id,program_apply_id,user_id,voted_at,status,cancelled_at) VALUES (301,30,346,11,'2023-06-07 08:58:11','ACTIVE',NULL);
INSERT INTO contest_votes (vote_id,program_id,program_apply_id,user_id,voted_at,status,cancelled_at) VALUES (302,30,349,17,'2023-06-07 08:59:05','CANCELLED','2023-06-07 08:59:05');
INSERT INTO contest_votes (vote_id,program_id,program_apply_id,user_id,voted_at,status,cancelled_at) VALUES (303,30,345,86,'2023-06-07 08:11:03','ACTIVE',NULL);
INSERT INTO contest_votes (vote_id,program_id,program_apply_id,user_id,voted_at,status,cancelled_at) VALUES (304,30,346,84,'2023-06-07 08:03:27','ACTIVE',NULL);
INSERT INTO contest_votes (vote_id,program_id,program_apply_id,user_id,voted_at,status,cancelled_at) VALUES (305,30,346,48,'2023-06-07 08:16:04','ACTIVE',NULL);
INSERT INTO contest_votes (vote_id,program_id,program_apply_id,user_id,voted_at,status,cancelled_at) VALUES (306,30,345,87,'2023-06-07 09:09:02','ACTIVE',NULL);
INSERT INTO contest_votes (vote_id,program_id,program_apply_id,user_id,voted_at,status,cancelled_at) VALUES (307,30,353,66,'2023-06-07 09:16:08','ACTIVE',NULL);
INSERT INTO contest_votes (vote_id,program_id,program_apply_id,user_id,voted_at,status,cancelled_at) VALUES (308,30,345,46,'2023-06-07 09:33:51','CANCELLED','2023-06-07 09:33:51');
INSERT INTO contest_votes (vote_id,program_id,program_apply_id,user_id,voted_at,status,cancelled_at) VALUES (309,30,352,98,'2023-06-07 07:54:28','CANCELLED','2023-06-07 07:54:28');
INSERT INTO contest_votes (vote_id,program_id,program_apply_id,user_id,voted_at,status,cancelled_at) VALUES (310,30,345,79,'2023-06-07 09:41:23','CANCELLED','2023-06-07 09:41:23');
INSERT INTO contest_votes (vote_id,program_id,program_apply_id,user_id,voted_at,status,cancelled_at) VALUES (311,30,350,45,'2023-06-07 09:41:04','ACTIVE',NULL);
INSERT INTO contest_votes (vote_id,program_id,program_apply_id,user_id,voted_at,status,cancelled_at) VALUES (312,30,350,51,'2023-06-07 07:55:29','ACTIVE',NULL);
INSERT INTO contest_votes (vote_id,program_id,program_apply_id,user_id,voted_at,status,cancelled_at) VALUES (313,30,345,18,'2023-06-07 08:58:46','CANCELLED','2023-06-07 08:58:46');
INSERT INTO contest_votes (vote_id,program_id,program_apply_id,user_id,voted_at,status,cancelled_at) VALUES (314,30,348,43,'2023-06-07 09:33:32','ACTIVE',NULL);
INSERT INTO contest_votes (vote_id,program_id,program_apply_id,user_id,voted_at,status,cancelled_at) VALUES (315,30,350,62,'2023-06-07 08:49:52','ACTIVE',NULL);
INSERT INTO contest_votes (vote_id,program_id,program_apply_id,user_id,voted_at,status,cancelled_at) VALUES (316,30,348,100,'2023-06-07 09:20:23','ACTIVE',NULL);
INSERT INTO contest_votes (vote_id,program_id,program_apply_id,user_id,voted_at,status,cancelled_at) VALUES (317,30,354,23,'2023-06-07 08:36:05','CANCELLED','2023-06-07 08:36:05');
INSERT INTO contest_votes (vote_id,program_id,program_apply_id,user_id,voted_at,status,cancelled_at) VALUES (318,30,349,31,'2023-06-07 09:42:46','ACTIVE',NULL);
INSERT INTO contest_votes (vote_id,program_id,program_apply_id,user_id,voted_at,status,cancelled_at) VALUES (319,30,345,96,'2023-06-07 08:32:36','ACTIVE',NULL);
INSERT INTO contest_votes (vote_id,program_id,program_apply_id,user_id,voted_at,status,cancelled_at) VALUES (320,30,348,85,'2023-06-07 09:03:00','CANCELLED','2023-06-07 09:03:00');
INSERT INTO contest_votes (vote_id,program_id,program_apply_id,user_id,voted_at,status,cancelled_at) VALUES (321,30,348,63,'2023-06-07 08:51:25','CANCELLED','2023-06-07 08:51:25');
INSERT INTO contest_votes (vote_id,program_id,program_apply_id,user_id,voted_at,status,cancelled_at) VALUES (322,30,356,67,'2023-06-07 09:01:43','CANCELLED','2023-06-07 09:01:43');
INSERT INTO contest_votes (vote_id,program_id,program_apply_id,user_id,voted_at,status,cancelled_at) VALUES (323,30,352,99,'2023-06-07 09:25:22','ACTIVE',NULL);
INSERT INTO contest_votes (vote_id,program_id,program_apply_id,user_id,voted_at,status,cancelled_at) VALUES (324,30,353,41,'2023-06-07 09:11:19','ACTIVE',NULL);
INSERT INTO contest_votes (vote_id,program_id,program_apply_id,user_id,voted_at,status,cancelled_at) VALUES (325,30,352,10,'2023-06-07 09:16:15','CANCELLED','2023-06-07 09:16:15');
INSERT INTO contest_votes (vote_id,program_id,program_apply_id,user_id,voted_at,status,cancelled_at) VALUES (326,30,356,80,'2023-06-07 08:51:32','ACTIVE',NULL);
INSERT INTO contest_votes (vote_id,program_id,program_apply_id,user_id,voted_at,status,cancelled_at) VALUES (327,30,350,75,'2023-06-07 09:27:58','CANCELLED','2023-06-07 09:27:58');
INSERT INTO contest_votes (vote_id,program_id,program_apply_id,user_id,voted_at,status,cancelled_at) VALUES (328,30,347,94,'2023-06-07 08:01:12','ACTIVE',NULL);
INSERT INTO contest_votes (vote_id,program_id,program_apply_id,user_id,voted_at,status,cancelled_at) VALUES (329,30,352,53,'2023-06-07 07:53:03','ACTIVE',NULL);
INSERT INTO contest_votes (vote_id,program_id,program_apply_id,user_id,voted_at,status,cancelled_at) VALUES (330,30,346,34,'2023-06-07 08:03:41','CANCELLED','2023-06-07 08:03:41');
INSERT INTO contest_votes (vote_id,program_id,program_apply_id,user_id,voted_at,status,cancelled_at) VALUES (331,31,364,56,'2026-02-24 13:52:56','CANCELLED','2026-02-24 13:52:56');
INSERT INTO contest_votes (vote_id,program_id,program_apply_id,user_id,voted_at,status,cancelled_at) VALUES (332,31,362,20,'2026-02-24 12:23:46','ACTIVE',NULL);
INSERT INTO contest_votes (vote_id,program_id,program_apply_id,user_id,voted_at,status,cancelled_at) VALUES (333,31,362,6,'2026-02-24 13:40:18','CANCELLED','2026-02-24 13:40:18');
INSERT INTO contest_votes (vote_id,program_id,program_apply_id,user_id,voted_at,status,cancelled_at) VALUES (334,31,365,64,'2026-02-24 12:12:32','CANCELLED','2026-02-24 12:12:32');
INSERT INTO contest_votes (vote_id,program_id,program_apply_id,user_id,voted_at,status,cancelled_at) VALUES (335,31,367,61,'2026-02-24 12:59:02','ACTIVE',NULL);
INSERT INTO contest_votes (vote_id,program_id,program_apply_id,user_id,voted_at,status,cancelled_at) VALUES (336,31,361,19,'2026-02-24 13:30:16','ACTIVE',NULL);
INSERT INTO contest_votes (vote_id,program_id,program_apply_id,user_id,voted_at,status,cancelled_at) VALUES (337,31,358,12,'2026-02-24 13:47:38','ACTIVE',NULL);
INSERT INTO contest_votes (vote_id,program_id,program_apply_id,user_id,voted_at,status,cancelled_at) VALUES (338,31,363,59,'2026-02-24 13:22:32','ACTIVE',NULL);
INSERT INTO contest_votes (vote_id,program_id,program_apply_id,user_id,voted_at,status,cancelled_at) VALUES (339,31,359,24,'2026-02-24 12:05:22','ACTIVE',NULL);
INSERT INTO contest_votes (vote_id,program_id,program_apply_id,user_id,voted_at,status,cancelled_at) VALUES (340,31,359,18,'2026-02-24 13:03:57','ACTIVE',NULL);
INSERT INTO contest_votes (vote_id,program_id,program_apply_id,user_id,voted_at,status,cancelled_at) VALUES (341,31,365,68,'2026-02-24 12:42:19','ACTIVE',NULL);
INSERT INTO contest_votes (vote_id,program_id,program_apply_id,user_id,voted_at,status,cancelled_at) VALUES (342,31,363,25,'2026-02-24 12:28:26','CANCELLED','2026-02-24 12:28:26');
INSERT INTO contest_votes (vote_id,program_id,program_apply_id,user_id,voted_at,status,cancelled_at) VALUES (343,31,359,9,'2026-02-24 12:24:37','ACTIVE',NULL);
INSERT INTO contest_votes (vote_id,program_id,program_apply_id,user_id,voted_at,status,cancelled_at) VALUES (344,31,367,41,'2026-02-24 12:09:39','ACTIVE',NULL);
INSERT INTO contest_votes (vote_id,program_id,program_apply_id,user_id,voted_at,status,cancelled_at) VALUES (345,31,365,21,'2026-02-24 12:49:57','CANCELLED','2026-02-24 12:49:57');
INSERT INTO contest_votes (vote_id,program_id,program_apply_id,user_id,voted_at,status,cancelled_at) VALUES (346,31,365,63,'2026-02-24 13:44:41','CANCELLED','2026-02-24 13:44:41');
INSERT INTO contest_votes (vote_id,program_id,program_apply_id,user_id,voted_at,status,cancelled_at) VALUES (347,31,364,7,'2026-02-24 12:07:28','CANCELLED','2026-02-24 12:07:28');
INSERT INTO contest_votes (vote_id,program_id,program_apply_id,user_id,voted_at,status,cancelled_at) VALUES (348,31,364,89,'2026-02-24 12:06:12','CANCELLED','2026-02-24 12:06:12');
INSERT INTO contest_votes (vote_id,program_id,program_apply_id,user_id,voted_at,status,cancelled_at) VALUES (349,31,359,77,'2026-02-24 13:11:49','CANCELLED','2026-02-24 13:11:49');
INSERT INTO contest_votes (vote_id,program_id,program_apply_id,user_id,voted_at,status,cancelled_at) VALUES (350,31,364,53,'2026-02-24 12:27:29','ACTIVE',NULL);
INSERT INTO contest_votes (vote_id,program_id,program_apply_id,user_id,voted_at,status,cancelled_at) VALUES (351,31,367,95,'2026-02-24 13:40:22','ACTIVE',NULL);
INSERT INTO contest_votes (vote_id,program_id,program_apply_id,user_id,voted_at,status,cancelled_at) VALUES (352,31,363,40,'2026-02-24 13:28:45','ACTIVE',NULL);
INSERT INTO contest_votes (vote_id,program_id,program_apply_id,user_id,voted_at,status,cancelled_at) VALUES (353,31,364,10,'2026-02-24 12:09:02','CANCELLED','2026-02-24 12:09:02');
INSERT INTO contest_votes (vote_id,program_id,program_apply_id,user_id,voted_at,status,cancelled_at) VALUES (354,31,358,3,'2026-02-24 13:10:14','ACTIVE',NULL);
INSERT INTO contest_votes (vote_id,program_id,program_apply_id,user_id,voted_at,status,cancelled_at) VALUES (355,31,365,1,'2026-02-24 12:34:50','CANCELLED','2026-02-24 12:34:50');
INSERT INTO contest_votes (vote_id,program_id,program_apply_id,user_id,voted_at,status,cancelled_at) VALUES (356,31,364,5,'2026-02-24 12:06:00','CANCELLED','2026-02-24 12:06:00');
INSERT INTO contest_votes (vote_id,program_id,program_apply_id,user_id,voted_at,status,cancelled_at) VALUES (357,31,361,87,'2026-02-24 12:42:31','CANCELLED','2026-02-24 12:42:31');
INSERT INTO contest_votes (vote_id,program_id,program_apply_id,user_id,voted_at,status,cancelled_at) VALUES (358,31,367,32,'2026-02-24 13:56:24','CANCELLED','2026-02-24 13:56:24');
INSERT INTO contest_votes (vote_id,program_id,program_apply_id,user_id,voted_at,status,cancelled_at) VALUES (359,31,359,55,'2026-02-24 12:52:33','ACTIVE',NULL);
INSERT INTO contest_votes (vote_id,program_id,program_apply_id,user_id,voted_at,status,cancelled_at) VALUES (360,31,365,50,'2026-02-24 13:36:25','CANCELLED','2026-02-24 13:36:25');
INSERT INTO contest_votes (vote_id,program_id,program_apply_id,user_id,voted_at,status,cancelled_at) VALUES (361,36,420,8,'2026-02-25 04:47:58','ACTIVE',NULL);
INSERT INTO contest_votes (vote_id,program_id,program_apply_id,user_id,voted_at,status,cancelled_at) VALUES (362,36,417,50,'2026-02-25 02:39:43','CANCELLED','2026-02-25 02:39:43');
INSERT INTO contest_votes (vote_id,program_id,program_apply_id,user_id,voted_at,status,cancelled_at) VALUES (363,36,417,1,'2026-02-25 04:24:31','CANCELLED','2026-02-25 04:24:31');
INSERT INTO contest_votes (vote_id,program_id,program_apply_id,user_id,voted_at,status,cancelled_at) VALUES (364,36,418,87,'2026-02-25 02:41:00','ACTIVE',NULL);
INSERT INTO contest_votes (vote_id,program_id,program_apply_id,user_id,voted_at,status,cancelled_at) VALUES (365,36,418,36,'2026-02-25 02:27:35','CANCELLED','2026-02-25 02:27:35');
INSERT INTO contest_votes (vote_id,program_id,program_apply_id,user_id,voted_at,status,cancelled_at) VALUES (366,36,418,85,'2026-02-25 03:12:55','ACTIVE',NULL);
INSERT INTO contest_votes (vote_id,program_id,program_apply_id,user_id,voted_at,status,cancelled_at) VALUES (367,36,419,19,'2026-02-25 02:08:02','ACTIVE',NULL);
INSERT INTO contest_votes (vote_id,program_id,program_apply_id,user_id,voted_at,status,cancelled_at) VALUES (368,36,418,65,'2026-02-25 04:22:29','CANCELLED','2026-02-25 04:22:29');
INSERT INTO contest_votes (vote_id,program_id,program_apply_id,user_id,voted_at,status,cancelled_at) VALUES (369,36,416,37,'2026-02-25 04:37:35','ACTIVE',NULL);
INSERT INTO contest_votes (vote_id,program_id,program_apply_id,user_id,voted_at,status,cancelled_at) VALUES (370,36,421,80,'2026-02-25 02:51:58','ACTIVE',NULL);
INSERT INTO contest_votes (vote_id,program_id,program_apply_id,user_id,voted_at,status,cancelled_at) VALUES (371,36,418,47,'2026-02-25 03:33:37','CANCELLED','2026-02-25 03:33:37');
INSERT INTO contest_votes (vote_id,program_id,program_apply_id,user_id,voted_at,status,cancelled_at) VALUES (372,36,416,54,'2026-02-25 02:19:20','CANCELLED','2026-02-25 02:19:20');
INSERT INTO contest_votes (vote_id,program_id,program_apply_id,user_id,voted_at,status,cancelled_at) VALUES (373,36,417,72,'2026-02-25 03:02:42','ACTIVE',NULL);
INSERT INTO contest_votes (vote_id,program_id,program_apply_id,user_id,voted_at,status,cancelled_at) VALUES (374,36,421,73,'2026-02-25 03:54:51','CANCELLED','2026-02-25 03:54:51');
INSERT INTO contest_votes (vote_id,program_id,program_apply_id,user_id,voted_at,status,cancelled_at) VALUES (375,36,416,23,'2026-02-25 02:58:18','ACTIVE',NULL);
INSERT INTO contest_votes (vote_id,program_id,program_apply_id,user_id,voted_at,status,cancelled_at) VALUES (376,36,416,67,'2026-02-25 02:53:27','CANCELLED','2026-02-25 02:53:27');
INSERT INTO contest_votes (vote_id,program_id,program_apply_id,user_id,voted_at,status,cancelled_at) VALUES (377,36,419,63,'2026-02-25 02:06:25','CANCELLED','2026-02-25 02:06:25');
INSERT INTO contest_votes (vote_id,program_id,program_apply_id,user_id,voted_at,status,cancelled_at) VALUES (378,36,421,64,'2026-02-25 02:52:38','CANCELLED','2026-02-25 02:52:38');
INSERT INTO contest_votes (vote_id,program_id,program_apply_id,user_id,voted_at,status,cancelled_at) VALUES (379,36,419,90,'2026-02-25 04:40:00','ACTIVE',NULL);
INSERT INTO contest_votes (vote_id,program_id,program_apply_id,user_id,voted_at,status,cancelled_at) VALUES (380,36,420,79,'2026-02-25 02:10:11','ACTIVE',NULL);
INSERT INTO contest_votes (vote_id,program_id,program_apply_id,user_id,voted_at,status,cancelled_at) VALUES (381,36,417,39,'2026-02-25 03:50:53','CANCELLED','2026-02-25 03:50:53');
INSERT INTO contest_votes (vote_id,program_id,program_apply_id,user_id,voted_at,status,cancelled_at) VALUES (382,36,416,71,'2026-02-25 02:23:09','CANCELLED','2026-02-25 02:23:09');
INSERT INTO contest_votes (vote_id,program_id,program_apply_id,user_id,voted_at,status,cancelled_at) VALUES (383,36,419,21,'2026-02-25 03:44:37','CANCELLED','2026-02-25 03:44:37');
INSERT INTO contest_votes (vote_id,program_id,program_apply_id,user_id,voted_at,status,cancelled_at) VALUES (384,36,417,16,'2026-02-25 03:40:27','ACTIVE',NULL);
INSERT INTO contest_votes (vote_id,program_id,program_apply_id,user_id,voted_at,status,cancelled_at) VALUES (385,36,420,48,'2026-02-25 03:42:08','ACTIVE',NULL);
INSERT INTO contest_votes (vote_id,program_id,program_apply_id,user_id,voted_at,status,cancelled_at) VALUES (386,36,416,46,'2026-02-25 04:05:11','CANCELLED','2026-02-25 04:05:11');
INSERT INTO contest_votes (vote_id,program_id,program_apply_id,user_id,voted_at,status,cancelled_at) VALUES (387,36,421,42,'2026-02-25 03:20:36','CANCELLED','2026-02-25 03:20:36');
INSERT INTO contest_votes (vote_id,program_id,program_apply_id,user_id,voted_at,status,cancelled_at) VALUES (388,36,420,27,'2026-02-25 03:42:39','CANCELLED','2026-02-25 03:42:39');
INSERT INTO contest_votes (vote_id,program_id,program_apply_id,user_id,voted_at,status,cancelled_at) VALUES (389,36,419,56,'2026-02-25 02:28:11','CANCELLED','2026-02-25 02:28:11');
INSERT INTO contest_votes (vote_id,program_id,program_apply_id,user_id,voted_at,status,cancelled_at) VALUES (390,36,416,58,'2026-02-25 04:35:00','ACTIVE',NULL);
INSERT INTO contest_votes (vote_id,program_id,program_apply_id,user_id,voted_at,status,cancelled_at) VALUES (391,40,488,72,'2025-12-19 22:39:23','CANCELLED','2025-12-19 22:39:23');
INSERT INTO contest_votes (vote_id,program_id,program_apply_id,user_id,voted_at,status,cancelled_at) VALUES (392,40,476,84,'2025-12-19 22:50:23','ACTIVE',NULL);
INSERT INTO contest_votes (vote_id,program_id,program_apply_id,user_id,voted_at,status,cancelled_at) VALUES (393,40,476,44,'2025-12-19 22:56:58','ACTIVE',NULL);
INSERT INTO contest_votes (vote_id,program_id,program_apply_id,user_id,voted_at,status,cancelled_at) VALUES (394,40,478,69,'2025-12-19 23:16:23','CANCELLED','2025-12-19 23:16:23');
INSERT INTO contest_votes (vote_id,program_id,program_apply_id,user_id,voted_at,status,cancelled_at) VALUES (395,40,477,38,'2025-12-19 22:44:07','ACTIVE',NULL);
INSERT INTO contest_votes (vote_id,program_id,program_apply_id,user_id,voted_at,status,cancelled_at) VALUES (396,40,484,63,'2025-12-19 23:20:46','ACTIVE',NULL);
INSERT INTO contest_votes (vote_id,program_id,program_apply_id,user_id,voted_at,status,cancelled_at) VALUES (397,40,482,43,'2025-12-19 22:28:17','CANCELLED','2025-12-19 22:28:17');
INSERT INTO contest_votes (vote_id,program_id,program_apply_id,user_id,voted_at,status,cancelled_at) VALUES (398,40,482,81,'2025-12-19 23:20:35','CANCELLED','2025-12-19 23:20:35');
INSERT INTO contest_votes (vote_id,program_id,program_apply_id,user_id,voted_at,status,cancelled_at) VALUES (399,40,480,59,'2025-12-19 23:02:38','CANCELLED','2025-12-19 23:02:38');
INSERT INTO contest_votes (vote_id,program_id,program_apply_id,user_id,voted_at,status,cancelled_at) VALUES (400,40,477,93,'2025-12-19 22:54:55','ACTIVE',NULL);
INSERT INTO contest_votes (vote_id,program_id,program_apply_id,user_id,voted_at,status,cancelled_at) VALUES (401,40,478,32,'2025-12-19 22:32:39','CANCELLED','2025-12-19 22:32:39');
INSERT INTO contest_votes (vote_id,program_id,program_apply_id,user_id,voted_at,status,cancelled_at) VALUES (402,40,488,35,'2025-12-19 23:00:58','ACTIVE',NULL);
INSERT INTO contest_votes (vote_id,program_id,program_apply_id,user_id,voted_at,status,cancelled_at) VALUES (403,40,483,100,'2025-12-19 23:21:32','CANCELLED','2025-12-19 23:21:32');
INSERT INTO contest_votes (vote_id,program_id,program_apply_id,user_id,voted_at,status,cancelled_at) VALUES (404,40,477,50,'2025-12-19 22:33:16','ACTIVE',NULL);
INSERT INTO contest_votes (vote_id,program_id,program_apply_id,user_id,voted_at,status,cancelled_at) VALUES (405,40,489,40,'2025-12-19 23:26:57','CANCELLED','2025-12-19 23:26:57');
INSERT INTO contest_votes (vote_id,program_id,program_apply_id,user_id,voted_at,status,cancelled_at) VALUES (406,40,476,92,'2025-12-19 22:35:01','CANCELLED','2025-12-19 22:35:01');
INSERT INTO contest_votes (vote_id,program_id,program_apply_id,user_id,voted_at,status,cancelled_at) VALUES (407,40,489,1,'2025-12-19 22:42:00','CANCELLED','2025-12-19 22:42:00');
INSERT INTO contest_votes (vote_id,program_id,program_apply_id,user_id,voted_at,status,cancelled_at) VALUES (408,40,475,14,'2025-12-19 22:34:55','CANCELLED','2025-12-19 22:34:55');
INSERT INTO contest_votes (vote_id,program_id,program_apply_id,user_id,voted_at,status,cancelled_at) VALUES (409,40,478,75,'2025-12-19 22:39:42','ACTIVE',NULL);
INSERT INTO contest_votes (vote_id,program_id,program_apply_id,user_id,voted_at,status,cancelled_at) VALUES (410,40,489,46,'2025-12-19 22:54:11','CANCELLED','2025-12-19 22:54:11');
INSERT INTO contest_votes (vote_id,program_id,program_apply_id,user_id,voted_at,status,cancelled_at) VALUES (411,40,489,86,'2025-12-19 23:26:25','CANCELLED','2025-12-19 23:26:25');
INSERT INTO contest_votes (vote_id,program_id,program_apply_id,user_id,voted_at,status,cancelled_at) VALUES (412,40,477,12,'2025-12-19 23:03:20','CANCELLED','2025-12-19 23:03:20');
INSERT INTO contest_votes (vote_id,program_id,program_apply_id,user_id,voted_at,status,cancelled_at) VALUES (413,40,487,94,'2025-12-19 22:42:57','ACTIVE',NULL);
INSERT INTO contest_votes (vote_id,program_id,program_apply_id,user_id,voted_at,status,cancelled_at) VALUES (414,40,488,53,'2025-12-19 23:05:30','ACTIVE',NULL);
INSERT INTO contest_votes (vote_id,program_id,program_apply_id,user_id,voted_at,status,cancelled_at) VALUES (415,40,478,91,'2025-12-19 23:26:17','ACTIVE',NULL);
INSERT INTO contest_votes (vote_id,program_id,program_apply_id,user_id,voted_at,status,cancelled_at) VALUES (416,40,483,21,'2025-12-19 22:28:47','CANCELLED','2025-12-19 22:28:47');
INSERT INTO contest_votes (vote_id,program_id,program_apply_id,user_id,voted_at,status,cancelled_at) VALUES (417,40,480,2,'2025-12-19 22:30:18','ACTIVE',NULL);
INSERT INTO contest_votes (vote_id,program_id,program_apply_id,user_id,voted_at,status,cancelled_at) VALUES (418,40,476,55,'2025-12-19 22:46:14','CANCELLED','2025-12-19 22:46:14');
INSERT INTO contest_votes (vote_id,program_id,program_apply_id,user_id,voted_at,status,cancelled_at) VALUES (419,40,483,9,'2025-12-19 22:45:06','CANCELLED','2025-12-19 22:45:06');
INSERT INTO contest_votes (vote_id,program_id,program_apply_id,user_id,voted_at,status,cancelled_at) VALUES (420,40,478,48,'2025-12-19 23:23:20','CANCELLED','2025-12-19 23:23:20');
INSERT INTO contest_votes (vote_id,program_id,program_apply_id,user_id,voted_at,status,cancelled_at) VALUES (421,43,504,88,'2024-09-02 21:40:10','ACTIVE',NULL);
INSERT INTO contest_votes (vote_id,program_id,program_apply_id,user_id,voted_at,status,cancelled_at) VALUES (422,43,508,60,'2024-09-02 22:20:10','ACTIVE',NULL);
INSERT INTO contest_votes (vote_id,program_id,program_apply_id,user_id,voted_at,status,cancelled_at) VALUES (423,43,508,78,'2024-09-02 22:46:43','ACTIVE',NULL);
INSERT INTO contest_votes (vote_id,program_id,program_apply_id,user_id,voted_at,status,cancelled_at) VALUES (424,43,516,33,'2024-09-02 22:19:15','CANCELLED','2024-09-02 22:19:15');
INSERT INTO contest_votes (vote_id,program_id,program_apply_id,user_id,voted_at,status,cancelled_at) VALUES (425,43,518,6,'2024-09-02 21:46:01','CANCELLED','2024-09-02 21:46:01');
INSERT INTO contest_votes (vote_id,program_id,program_apply_id,user_id,voted_at,status,cancelled_at) VALUES (426,43,519,12,'2024-09-02 23:09:50','CANCELLED','2024-09-02 23:09:50');
INSERT INTO contest_votes (vote_id,program_id,program_apply_id,user_id,voted_at,status,cancelled_at) VALUES (427,43,506,22,'2024-09-03 00:08:02','CANCELLED','2024-09-03 00:08:02');
INSERT INTO contest_votes (vote_id,program_id,program_apply_id,user_id,voted_at,status,cancelled_at) VALUES (428,43,511,38,'2024-09-02 23:27:14','ACTIVE',NULL);
INSERT INTO contest_votes (vote_id,program_id,program_apply_id,user_id,voted_at,status,cancelled_at) VALUES (429,43,512,94,'2024-09-02 23:27:21','ACTIVE',NULL);
INSERT INTO contest_votes (vote_id,program_id,program_apply_id,user_id,voted_at,status,cancelled_at) VALUES (430,43,510,64,'2024-09-02 22:49:50','ACTIVE',NULL);
INSERT INTO contest_votes (vote_id,program_id,program_apply_id,user_id,voted_at,status,cancelled_at) VALUES (431,43,513,28,'2024-09-02 23:39:46','ACTIVE',NULL);
INSERT INTO contest_votes (vote_id,program_id,program_apply_id,user_id,voted_at,status,cancelled_at) VALUES (432,43,506,77,'2024-09-02 23:13:51','ACTIVE',NULL);
INSERT INTO contest_votes (vote_id,program_id,program_apply_id,user_id,voted_at,status,cancelled_at) VALUES (433,43,517,35,'2024-09-02 22:42:42','ACTIVE',NULL);
INSERT INTO contest_votes (vote_id,program_id,program_apply_id,user_id,voted_at,status,cancelled_at) VALUES (434,43,519,74,'2024-09-03 00:00:17','ACTIVE',NULL);
INSERT INTO contest_votes (vote_id,program_id,program_apply_id,user_id,voted_at,status,cancelled_at) VALUES (435,43,517,41,'2024-09-02 23:57:10','CANCELLED','2024-09-02 23:57:10');
INSERT INTO contest_votes (vote_id,program_id,program_apply_id,user_id,voted_at,status,cancelled_at) VALUES (436,43,513,18,'2024-09-02 23:03:20','CANCELLED','2024-09-02 23:03:20');
INSERT INTO contest_votes (vote_id,program_id,program_apply_id,user_id,voted_at,status,cancelled_at) VALUES (437,43,504,66,'2024-09-02 22:24:20','ACTIVE',NULL);
INSERT INTO contest_votes (vote_id,program_id,program_apply_id,user_id,voted_at,status,cancelled_at) VALUES (438,43,508,44,'2024-09-02 22:45:23','ACTIVE',NULL);
INSERT INTO contest_votes (vote_id,program_id,program_apply_id,user_id,voted_at,status,cancelled_at) VALUES (439,43,510,30,'2024-09-02 22:37:21','ACTIVE',NULL);
INSERT INTO contest_votes (vote_id,program_id,program_apply_id,user_id,voted_at,status,cancelled_at) VALUES (440,43,516,69,'2024-09-02 21:45:29','CANCELLED','2024-09-02 21:45:29');
INSERT INTO contest_votes (vote_id,program_id,program_apply_id,user_id,voted_at,status,cancelled_at) VALUES (441,43,515,37,'2024-09-02 22:59:56','ACTIVE',NULL);
INSERT INTO contest_votes (vote_id,program_id,program_apply_id,user_id,voted_at,status,cancelled_at) VALUES (442,43,516,62,'2024-09-03 00:05:57','CANCELLED','2024-09-03 00:05:57');
INSERT INTO contest_votes (vote_id,program_id,program_apply_id,user_id,voted_at,status,cancelled_at) VALUES (443,43,517,92,'2024-09-02 21:42:19','CANCELLED','2024-09-02 21:42:19');
INSERT INTO contest_votes (vote_id,program_id,program_apply_id,user_id,voted_at,status,cancelled_at) VALUES (444,43,515,87,'2024-09-02 21:29:33','ACTIVE',NULL);
INSERT INTO contest_votes (vote_id,program_id,program_apply_id,user_id,voted_at,status,cancelled_at) VALUES (445,43,508,25,'2024-09-02 23:09:58','CANCELLED','2024-09-02 23:09:58');
INSERT INTO contest_votes (vote_id,program_id,program_apply_id,user_id,voted_at,status,cancelled_at) VALUES (446,43,505,9,'2024-09-02 23:34:08','CANCELLED','2024-09-02 23:34:08');
INSERT INTO contest_votes (vote_id,program_id,program_apply_id,user_id,voted_at,status,cancelled_at) VALUES (447,43,512,17,'2024-09-02 22:45:38','CANCELLED','2024-09-02 22:45:38');
INSERT INTO contest_votes (vote_id,program_id,program_apply_id,user_id,voted_at,status,cancelled_at) VALUES (448,43,516,15,'2024-09-02 23:42:04','ACTIVE',NULL);
INSERT INTO contest_votes (vote_id,program_id,program_apply_id,user_id,voted_at,status,cancelled_at) VALUES (449,43,511,50,'2024-09-02 23:20:12','ACTIVE',NULL);
INSERT INTO contest_votes (vote_id,program_id,program_apply_id,user_id,voted_at,status,cancelled_at) VALUES (450,43,510,72,'2024-09-02 21:35:09','ACTIVE',NULL);
INSERT INTO contest_votes (vote_id,program_id,program_apply_id,user_id,voted_at,status,cancelled_at) VALUES (451,45,546,42,'2023-10-09 23:58:39','ACTIVE',NULL);
INSERT INTO contest_votes (vote_id,program_id,program_apply_id,user_id,voted_at,status,cancelled_at) VALUES (452,45,551,80,'2023-10-09 23:28:56','ACTIVE',NULL);
INSERT INTO contest_votes (vote_id,program_id,program_apply_id,user_id,voted_at,status,cancelled_at) VALUES (453,45,552,79,'2023-10-09 21:51:00','CANCELLED','2023-10-09 21:51:00');
INSERT INTO contest_votes (vote_id,program_id,program_apply_id,user_id,voted_at,status,cancelled_at) VALUES (454,45,543,14,'2023-10-09 21:50:53','CANCELLED','2023-10-09 21:50:53');
INSERT INTO contest_votes (vote_id,program_id,program_apply_id,user_id,voted_at,status,cancelled_at) VALUES (455,45,538,95,'2023-10-09 22:50:51','ACTIVE',NULL);
INSERT INTO contest_votes (vote_id,program_id,program_apply_id,user_id,voted_at,status,cancelled_at) VALUES (456,45,540,88,'2023-10-09 23:36:31','CANCELLED','2023-10-09 23:36:31');
INSERT INTO contest_votes (vote_id,program_id,program_apply_id,user_id,voted_at,status,cancelled_at) VALUES (457,45,546,11,'2023-10-09 23:27:37','ACTIVE',NULL);
INSERT INTO contest_votes (vote_id,program_id,program_apply_id,user_id,voted_at,status,cancelled_at) VALUES (458,45,544,97,'2023-10-09 21:51:18','ACTIVE',NULL);
INSERT INTO contest_votes (vote_id,program_id,program_apply_id,user_id,voted_at,status,cancelled_at) VALUES (459,45,546,78,'2023-10-09 21:25:24','CANCELLED','2023-10-09 21:25:24');
INSERT INTO contest_votes (vote_id,program_id,program_apply_id,user_id,voted_at,status,cancelled_at) VALUES (460,45,540,35,'2023-10-09 21:59:19','CANCELLED','2023-10-09 21:59:19');
INSERT INTO contest_votes (vote_id,program_id,program_apply_id,user_id,voted_at,status,cancelled_at) VALUES (461,45,540,90,'2023-10-10 00:12:19','ACTIVE',NULL);
INSERT INTO contest_votes (vote_id,program_id,program_apply_id,user_id,voted_at,status,cancelled_at) VALUES (462,45,539,68,'2023-10-09 22:49:58','CANCELLED','2023-10-09 22:49:58');
INSERT INTO contest_votes (vote_id,program_id,program_apply_id,user_id,voted_at,status,cancelled_at) VALUES (463,45,539,40,'2023-10-09 21:11:30','ACTIVE',NULL);
INSERT INTO contest_votes (vote_id,program_id,program_apply_id,user_id,voted_at,status,cancelled_at) VALUES (464,45,545,67,'2023-10-09 22:55:02','CANCELLED','2023-10-09 22:55:02');
INSERT INTO contest_votes (vote_id,program_id,program_apply_id,user_id,voted_at,status,cancelled_at) VALUES (465,45,546,53,'2023-10-09 23:33:08','ACTIVE',NULL);
INSERT INTO contest_votes (vote_id,program_id,program_apply_id,user_id,voted_at,status,cancelled_at) VALUES (466,45,539,87,'2023-10-09 22:13:11','ACTIVE',NULL);
INSERT INTO contest_votes (vote_id,program_id,program_apply_id,user_id,voted_at,status,cancelled_at) VALUES (467,45,552,86,'2023-10-09 21:18:33','CANCELLED','2023-10-09 21:18:33');
INSERT INTO contest_votes (vote_id,program_id,program_apply_id,user_id,voted_at,status,cancelled_at) VALUES (468,45,544,98,'2023-10-09 22:37:03','ACTIVE',NULL);
INSERT INTO contest_votes (vote_id,program_id,program_apply_id,user_id,voted_at,status,cancelled_at) VALUES (469,45,546,51,'2023-10-09 23:18:17','ACTIVE',NULL);
INSERT INTO contest_votes (vote_id,program_id,program_apply_id,user_id,voted_at,status,cancelled_at) VALUES (470,45,538,13,'2023-10-09 20:32:11','ACTIVE',NULL);
INSERT INTO contest_votes (vote_id,program_id,program_apply_id,user_id,voted_at,status,cancelled_at) VALUES (471,45,552,62,'2023-10-09 23:05:34','CANCELLED','2023-10-09 23:05:34');
INSERT INTO contest_votes (vote_id,program_id,program_apply_id,user_id,voted_at,status,cancelled_at) VALUES (472,45,547,12,'2023-10-09 23:54:14','CANCELLED','2023-10-09 23:54:14');
INSERT INTO contest_votes (vote_id,program_id,program_apply_id,user_id,voted_at,status,cancelled_at) VALUES (473,45,536,37,'2023-10-09 21:32:32','ACTIVE',NULL);
INSERT INTO contest_votes (vote_id,program_id,program_apply_id,user_id,voted_at,status,cancelled_at) VALUES (474,45,541,24,'2023-10-09 23:03:03','ACTIVE',NULL);
INSERT INTO contest_votes (vote_id,program_id,program_apply_id,user_id,voted_at,status,cancelled_at) VALUES (475,45,538,52,'2023-10-10 00:01:07','ACTIVE',NULL);
INSERT INTO contest_votes (vote_id,program_id,program_apply_id,user_id,voted_at,status,cancelled_at) VALUES (476,45,537,5,'2023-10-09 22:38:13','ACTIVE',NULL);
INSERT INTO contest_votes (vote_id,program_id,program_apply_id,user_id,voted_at,status,cancelled_at) VALUES (477,45,549,72,'2023-10-09 23:42:25','ACTIVE',NULL);
INSERT INTO contest_votes (vote_id,program_id,program_apply_id,user_id,voted_at,status,cancelled_at) VALUES (478,45,547,44,'2023-10-09 21:43:06','ACTIVE',NULL);
INSERT INTO contest_votes (vote_id,program_id,program_apply_id,user_id,voted_at,status,cancelled_at) VALUES (479,45,547,43,'2023-10-09 23:31:27','CANCELLED','2023-10-09 23:31:27');
INSERT INTO contest_votes (vote_id,program_id,program_apply_id,user_id,voted_at,status,cancelled_at) VALUES (480,45,549,8,'2023-10-09 22:20:25','ACTIVE',NULL);
INSERT INTO contest_votes (vote_id,program_id,program_apply_id,user_id,voted_at,status,cancelled_at) VALUES (481,46,565,17,'2023-10-10 12:04:18','CANCELLED','2023-10-10 12:04:18');
INSERT INTO contest_votes (vote_id,program_id,program_apply_id,user_id,voted_at,status,cancelled_at) VALUES (482,46,556,37,'2023-10-10 11:51:12','ACTIVE',NULL);
INSERT INTO contest_votes (vote_id,program_id,program_apply_id,user_id,voted_at,status,cancelled_at) VALUES (483,46,554,95,'2023-10-10 11:34:58','ACTIVE',NULL);
INSERT INTO contest_votes (vote_id,program_id,program_apply_id,user_id,voted_at,status,cancelled_at) VALUES (484,46,557,52,'2023-10-10 11:44:16','CANCELLED','2023-10-10 11:44:16');
INSERT INTO contest_votes (vote_id,program_id,program_apply_id,user_id,voted_at,status,cancelled_at) VALUES (485,46,562,56,'2023-10-10 12:02:24','ACTIVE',NULL);
INSERT INTO contest_votes (vote_id,program_id,program_apply_id,user_id,voted_at,status,cancelled_at) VALUES (486,46,561,68,'2023-10-10 11:49:51','ACTIVE',NULL);
INSERT INTO contest_votes (vote_id,program_id,program_apply_id,user_id,voted_at,status,cancelled_at) VALUES (487,46,567,22,'2023-10-10 12:23:44','ACTIVE',NULL);
INSERT INTO contest_votes (vote_id,program_id,program_apply_id,user_id,voted_at,status,cancelled_at) VALUES (488,46,556,14,'2023-10-10 11:59:05','ACTIVE',NULL);
INSERT INTO contest_votes (vote_id,program_id,program_apply_id,user_id,voted_at,status,cancelled_at) VALUES (489,46,567,67,'2023-10-10 11:26:44','CANCELLED','2023-10-10 11:26:44');
INSERT INTO contest_votes (vote_id,program_id,program_apply_id,user_id,voted_at,status,cancelled_at) VALUES (490,46,567,41,'2023-10-10 11:47:23','ACTIVE',NULL);
INSERT INTO contest_votes (vote_id,program_id,program_apply_id,user_id,voted_at,status,cancelled_at) VALUES (491,46,553,12,'2023-10-10 12:16:07','CANCELLED','2023-10-10 12:16:07');
INSERT INTO contest_votes (vote_id,program_id,program_apply_id,user_id,voted_at,status,cancelled_at) VALUES (492,46,564,29,'2023-10-10 12:12:23','ACTIVE',NULL);
INSERT INTO contest_votes (vote_id,program_id,program_apply_id,user_id,voted_at,status,cancelled_at) VALUES (493,46,556,31,'2023-10-10 11:54:33','ACTIVE',NULL);
INSERT INTO contest_votes (vote_id,program_id,program_apply_id,user_id,voted_at,status,cancelled_at) VALUES (494,46,562,81,'2023-10-10 11:52:40','CANCELLED','2023-10-10 11:52:40');
INSERT INTO contest_votes (vote_id,program_id,program_apply_id,user_id,voted_at,status,cancelled_at) VALUES (495,46,565,99,'2023-10-10 12:10:52','CANCELLED','2023-10-10 12:10:52');
INSERT INTO contest_votes (vote_id,program_id,program_apply_id,user_id,voted_at,status,cancelled_at) VALUES (496,46,558,70,'2023-10-10 12:15:46','CANCELLED','2023-10-10 12:15:46');
INSERT INTO contest_votes (vote_id,program_id,program_apply_id,user_id,voted_at,status,cancelled_at) VALUES (497,46,556,2,'2023-10-10 12:10:38','CANCELLED','2023-10-10 12:10:38');
INSERT INTO contest_votes (vote_id,program_id,program_apply_id,user_id,voted_at,status,cancelled_at) VALUES (498,46,558,60,'2023-10-10 12:21:19','CANCELLED','2023-10-10 12:21:19');
INSERT INTO contest_votes (vote_id,program_id,program_apply_id,user_id,voted_at,status,cancelled_at) VALUES (499,46,559,86,'2023-10-10 12:25:14','ACTIVE',NULL);
INSERT INTO contest_votes (vote_id,program_id,program_apply_id,user_id,voted_at,status,cancelled_at) VALUES (500,46,562,55,'2023-10-10 11:57:22','CANCELLED','2023-10-10 11:57:22');
INSERT INTO contest_votes (vote_id,program_id,program_apply_id,user_id,voted_at,status,cancelled_at) VALUES (501,46,554,6,'2023-10-10 12:17:22','ACTIVE',NULL);
INSERT INTO contest_votes (vote_id,program_id,program_apply_id,user_id,voted_at,status,cancelled_at) VALUES (502,46,557,83,'2023-10-10 11:56:33','CANCELLED','2023-10-10 11:56:33');
INSERT INTO contest_votes (vote_id,program_id,program_apply_id,user_id,voted_at,status,cancelled_at) VALUES (503,46,565,13,'2023-10-10 11:37:48','ACTIVE',NULL);
INSERT INTO contest_votes (vote_id,program_id,program_apply_id,user_id,voted_at,status,cancelled_at) VALUES (504,46,563,62,'2023-10-10 11:52:33','ACTIVE',NULL);
INSERT INTO contest_votes (vote_id,program_id,program_apply_id,user_id,voted_at,status,cancelled_at) VALUES (505,46,562,21,'2023-10-10 12:03:30','ACTIVE',NULL);
INSERT INTO contest_votes (vote_id,program_id,program_apply_id,user_id,voted_at,status,cancelled_at) VALUES (506,46,562,54,'2023-10-10 12:17:19','ACTIVE',NULL);
INSERT INTO contest_votes (vote_id,program_id,program_apply_id,user_id,voted_at,status,cancelled_at) VALUES (507,46,554,77,'2023-10-10 12:13:24','ACTIVE',NULL);
INSERT INTO contest_votes (vote_id,program_id,program_apply_id,user_id,voted_at,status,cancelled_at) VALUES (508,46,567,34,'2023-10-10 11:41:02','CANCELLED','2023-10-10 11:41:02');
INSERT INTO contest_votes (vote_id,program_id,program_apply_id,user_id,voted_at,status,cancelled_at) VALUES (509,46,564,76,'2023-10-10 11:35:38','CANCELLED','2023-10-10 11:35:38');
INSERT INTO contest_votes (vote_id,program_id,program_apply_id,user_id,voted_at,status,cancelled_at) VALUES (510,46,556,91,'2023-10-10 11:30:46','ACTIVE',NULL);
INSERT INTO contest_votes (vote_id,program_id,program_apply_id,user_id,voted_at,status,cancelled_at) VALUES (511,48,594,79,'2024-04-19 16:25:52','ACTIVE',NULL);
INSERT INTO contest_votes (vote_id,program_id,program_apply_id,user_id,voted_at,status,cancelled_at) VALUES (512,48,594,44,'2024-04-19 16:36:44','ACTIVE',NULL);
INSERT INTO contest_votes (vote_id,program_id,program_apply_id,user_id,voted_at,status,cancelled_at) VALUES (513,48,589,94,'2024-04-19 17:59:16','ACTIVE',NULL);
INSERT INTO contest_votes (vote_id,program_id,program_apply_id,user_id,voted_at,status,cancelled_at) VALUES (514,48,588,47,'2024-04-19 17:30:58','ACTIVE',NULL);
INSERT INTO contest_votes (vote_id,program_id,program_apply_id,user_id,voted_at,status,cancelled_at) VALUES (515,48,598,24,'2024-04-19 18:00:35','CANCELLED','2024-04-19 18:00:35');
INSERT INTO contest_votes (vote_id,program_id,program_apply_id,user_id,voted_at,status,cancelled_at) VALUES (516,48,594,82,'2024-04-19 16:32:14','CANCELLED','2024-04-19 16:32:14');
INSERT INTO contest_votes (vote_id,program_id,program_apply_id,user_id,voted_at,status,cancelled_at) VALUES (517,48,590,84,'2024-04-19 17:44:14','ACTIVE',NULL);
INSERT INTO contest_votes (vote_id,program_id,program_apply_id,user_id,voted_at,status,cancelled_at) VALUES (518,48,600,33,'2024-04-19 17:44:21','ACTIVE',NULL);
INSERT INTO contest_votes (vote_id,program_id,program_apply_id,user_id,voted_at,status,cancelled_at) VALUES (519,48,594,4,'2024-04-19 17:16:26','ACTIVE',NULL);
INSERT INTO contest_votes (vote_id,program_id,program_apply_id,user_id,voted_at,status,cancelled_at) VALUES (520,48,602,78,'2024-04-19 16:37:30','ACTIVE',NULL);
INSERT INTO contest_votes (vote_id,program_id,program_apply_id,user_id,voted_at,status,cancelled_at) VALUES (521,48,596,59,'2024-04-19 16:26:31','ACTIVE',NULL);
INSERT INTO contest_votes (vote_id,program_id,program_apply_id,user_id,voted_at,status,cancelled_at) VALUES (522,48,603,39,'2024-04-19 18:10:30','CANCELLED','2024-04-19 18:10:30');
INSERT INTO contest_votes (vote_id,program_id,program_apply_id,user_id,voted_at,status,cancelled_at) VALUES (523,48,601,37,'2024-04-19 17:24:30','ACTIVE',NULL);
INSERT INTO contest_votes (vote_id,program_id,program_apply_id,user_id,voted_at,status,cancelled_at) VALUES (524,48,596,22,'2024-04-19 17:21:04','ACTIVE',NULL);
INSERT INTO contest_votes (vote_id,program_id,program_apply_id,user_id,voted_at,status,cancelled_at) VALUES (525,48,602,9,'2024-04-19 17:00:42','CANCELLED','2024-04-19 17:00:42');
INSERT INTO contest_votes (vote_id,program_id,program_apply_id,user_id,voted_at,status,cancelled_at) VALUES (526,48,590,68,'2024-04-19 17:10:15','ACTIVE',NULL);
INSERT INTO contest_votes (vote_id,program_id,program_apply_id,user_id,voted_at,status,cancelled_at) VALUES (527,48,590,54,'2024-04-19 16:38:50','ACTIVE',NULL);
INSERT INTO contest_votes (vote_id,program_id,program_apply_id,user_id,voted_at,status,cancelled_at) VALUES (528,48,589,50,'2024-04-19 16:41:18','ACTIVE',NULL);
INSERT INTO contest_votes (vote_id,program_id,program_apply_id,user_id,voted_at,status,cancelled_at) VALUES (529,48,597,85,'2024-04-19 16:32:15','CANCELLED','2024-04-19 16:32:15');
INSERT INTO contest_votes (vote_id,program_id,program_apply_id,user_id,voted_at,status,cancelled_at) VALUES (530,48,600,14,'2024-04-19 17:51:12','ACTIVE',NULL);
INSERT INTO contest_votes (vote_id,program_id,program_apply_id,user_id,voted_at,status,cancelled_at) VALUES (531,48,594,62,'2024-04-19 17:21:49','ACTIVE',NULL);
INSERT INTO contest_votes (vote_id,program_id,program_apply_id,user_id,voted_at,status,cancelled_at) VALUES (532,48,590,2,'2024-04-19 17:20:47','ACTIVE',NULL);
INSERT INTO contest_votes (vote_id,program_id,program_apply_id,user_id,voted_at,status,cancelled_at) VALUES (533,48,593,77,'2024-04-19 16:24:12','ACTIVE',NULL);
INSERT INTO contest_votes (vote_id,program_id,program_apply_id,user_id,voted_at,status,cancelled_at) VALUES (534,48,592,51,'2024-04-19 16:13:16','CANCELLED','2024-04-19 16:13:16');
INSERT INTO contest_votes (vote_id,program_id,program_apply_id,user_id,voted_at,status,cancelled_at) VALUES (535,48,593,95,'2024-04-19 16:13:00','ACTIVE',NULL);
INSERT INTO contest_votes (vote_id,program_id,program_apply_id,user_id,voted_at,status,cancelled_at) VALUES (536,48,597,63,'2024-04-19 16:34:22','ACTIVE',NULL);
INSERT INTO contest_votes (vote_id,program_id,program_apply_id,user_id,voted_at,status,cancelled_at) VALUES (537,48,590,43,'2024-04-19 16:36:44','CANCELLED','2024-04-19 16:36:44');
INSERT INTO contest_votes (vote_id,program_id,program_apply_id,user_id,voted_at,status,cancelled_at) VALUES (538,48,596,67,'2024-04-19 17:51:02','CANCELLED','2024-04-19 17:51:02');
INSERT INTO contest_votes (vote_id,program_id,program_apply_id,user_id,voted_at,status,cancelled_at) VALUES (539,48,594,16,'2024-04-19 16:54:16','ACTIVE',NULL);
INSERT INTO contest_votes (vote_id,program_id,program_apply_id,user_id,voted_at,status,cancelled_at) VALUES (540,48,590,86,'2024-04-19 17:09:42','CANCELLED','2024-04-19 17:09:42');
-- Insert into speakers
INSERT INTO speakers (speaker_id,speaker_name,speaker_bio,speaker_email,speaker_phone,created_at) VALUES (1,'양영자','Enim deleniti laudantium quis.','hajiu@example.com','01079816515','2023-08-31 08:24:12');
INSERT INTO speakers (speaker_id,speaker_name,speaker_bio,speaker_email,speaker_phone,created_at) VALUES (2,'박영식','Quasi repudiandae blanditiis impedit architecto excepturi enim. Dolores minus earum minima.','boramgim@example.org','01028997529','2024-11-26 20:57:27');
INSERT INTO speakers (speaker_id,speaker_name,speaker_bio,speaker_email,speaker_phone,created_at) VALUES (3,'박수빈','Rem in eius dolorum laboriosam. Quaerat atque corrupti ipsam doloremque. Earum dicta reiciendis.','qhan@example.net','01018111394','2024-03-25 10:36:53');
INSERT INTO speakers (speaker_id,speaker_name,speaker_bio,speaker_email,speaker_phone,created_at) VALUES (4,'장숙자','Sequi possimus laudantium amet quae. Tenetur id nisi rem provident nulla vero.','eungyeong67@example.org','01068885654','2023-07-29 16:29:21');
INSERT INTO speakers (speaker_id,speaker_name,speaker_bio,speaker_email,speaker_phone,created_at) VALUES (5,'김주원','Rem nulla autem possimus aliquam perferendis.','jaehyeon51@example.org','01010150428','2024-03-26 01:23:30');
INSERT INTO speakers (speaker_id,speaker_name,speaker_bio,speaker_email,speaker_phone,created_at) VALUES (6,'구정식','Occaecati repellat sequi reprehenderit. Id voluptatum sit id ea nisi ut.','sunog57@example.com','01062024332','2023-09-24 22:30:08');
INSERT INTO speakers (speaker_id,speaker_name,speaker_bio,speaker_email,speaker_phone,created_at) VALUES (7,'안도현','Veritatis dolorem itaque suscipit fugiat. Ipsam eius minima.','jeongjacoe@example.net','01054361842','2023-06-13 08:32:05');
INSERT INTO speakers (speaker_id,speaker_name,speaker_bio,speaker_email,speaker_phone,created_at) VALUES (8,'최지원','Minus hic veniam eos. Nesciunt temporibus similique magnam vel distinctio eveniet.','jeongseongjin@example.com','01016667663','2024-10-18 23:39:17');
INSERT INTO speakers (speaker_id,speaker_name,speaker_bio,speaker_email,speaker_phone,created_at) VALUES (9,'박순자','Ipsa expedita eaque occaecati. Odit natus amet. Unde accusamus modi beatae.','eunseocoe@example.com','01018962957','2023-10-29 22:48:54');
INSERT INTO speakers (speaker_id,speaker_name,speaker_bio,speaker_email,speaker_phone,created_at) VALUES (10,'최옥순','Voluptatem sed expedita neque aliquam. Voluptatibus minima incidunt quisquam provident.','nasunog@example.org','01044953899','2023-12-04 16:56:44');
INSERT INTO speakers (speaker_id,speaker_name,speaker_bio,speaker_email,speaker_phone,created_at) VALUES (11,'윤하은','Rem quidem alias fuga. Sed expedita nisi rerum voluptate.','donghyeongim@example.com','01093384511','2023-05-04 09:20:34');
INSERT INTO speakers (speaker_id,speaker_name,speaker_bio,speaker_email,speaker_phone,created_at) VALUES (12,'권도윤','Odit rerum et iste delectus ipsum ipsa. Quam saepe itaque quas qui. Consectetur explicabo corrupti.','ogim@example.org','01011858406','2024-10-31 20:58:24');
INSERT INTO speakers (speaker_id,speaker_name,speaker_bio,speaker_email,speaker_phone,created_at) VALUES (13,'김현주','Ipsum fugiat adipisci eaque. Voluptatibus in quam ullam.','bagjeongung@example.com','01057036177','2024-12-25 03:51:59');
INSERT INTO speakers (speaker_id,speaker_name,speaker_bio,speaker_email,speaker_phone,created_at) VALUES (14,'김승현','Enim accusantium aliquid tempore.','xcoe@example.net','01030216080','2025-07-31 04:16:37');
INSERT INTO speakers (speaker_id,speaker_name,speaker_bio,speaker_email,speaker_phone,created_at) VALUES (15,'김채원','Similique voluptatum aliquam quae impedit ullam sequi neque.','yanggyeonghyi@example.net','01081598423','2024-06-23 13:43:18');
INSERT INTO speakers (speaker_id,speaker_name,speaker_bio,speaker_email,speaker_phone,created_at) VALUES (16,'이서영','Quisquam ea ullam enim maxime repellendus voluptatum est. Minima nisi eligendi alias. Eum est non.','eunjigim@example.org','01047036692','2026-02-02 16:57:45');
INSERT INTO speakers (speaker_id,speaker_name,speaker_bio,speaker_email,speaker_phone,created_at) VALUES (17,'박시우','Saepe aliquid nam reiciendis. Eveniet vero laborum quam labore recusandae architecto.','sgweon@example.com','01082426519','2024-12-12 17:10:18');
INSERT INTO speakers (speaker_id,speaker_name,speaker_bio,speaker_email,speaker_phone,created_at) VALUES (18,'이예진','Ea magnam laudantium voluptatum totam. Enim accusamus dolore repudiandae ipsa corrupti.','siubag@example.org','01072480090','2023-03-11 03:13:11');
INSERT INTO speakers (speaker_id,speaker_name,speaker_bio,speaker_email,speaker_phone,created_at) VALUES (19,'김서영','Mollitia repellendus ab occaecati. Nesciunt itaque suscipit pariatur.','haeuncoe@example.com','01071922424','2024-02-18 05:39:52');
INSERT INTO speakers (speaker_id,speaker_name,speaker_bio,speaker_email,speaker_phone,created_at) VALUES (20,'최민수','Dignissimos esse fuga. At adipisci aut neque nostrum excepturi.','ao@example.com','01089868395','2023-05-13 06:50:42');
-- Insert into program_speakers
INSERT INTO program_speakers (program_id,speaker_id) VALUES (1,1);
INSERT INTO program_speakers (program_id,speaker_id) VALUES (2,2);
INSERT INTO program_speakers (program_id,speaker_id) VALUES (10,3);
INSERT INTO program_speakers (program_id,speaker_id) VALUES (10,4);
INSERT INTO program_speakers (program_id,speaker_id) VALUES (12,5);
INSERT INTO program_speakers (program_id,speaker_id) VALUES (12,6);
INSERT INTO program_speakers (program_id,speaker_id) VALUES (15,7);
INSERT INTO program_speakers (program_id,speaker_id) VALUES (17,8);
INSERT INTO program_speakers (program_id,speaker_id) VALUES (21,9);
INSERT INTO program_speakers (program_id,speaker_id) VALUES (21,10);
INSERT INTO program_speakers (program_id,speaker_id) VALUES (24,11);
INSERT INTO program_speakers (program_id,speaker_id) VALUES (24,12);
INSERT INTO program_speakers (program_id,speaker_id) VALUES (25,13);
INSERT INTO program_speakers (program_id,speaker_id) VALUES (25,14);
INSERT INTO program_speakers (program_id,speaker_id) VALUES (33,15);
INSERT INTO program_speakers (program_id,speaker_id) VALUES (39,16);
INSERT INTO program_speakers (program_id,speaker_id) VALUES (41,17);
INSERT INTO program_speakers (program_id,speaker_id) VALUES (42,18);
INSERT INTO program_speakers (program_id,speaker_id) VALUES (42,19);
INSERT INTO program_speakers (program_id,speaker_id) VALUES (47,20);
-- Insert into booth_waits
INSERT INTO booth_waits (wait_id,booth_id,wait_count,wait_min,updated_at) VALUES (1,1,1,NULL,'2025-01-14 23:05:38');
INSERT INTO booth_waits (wait_id,booth_id,wait_count,wait_min,updated_at) VALUES (2,2,11,NULL,'2025-01-06 09:58:57');
INSERT INTO booth_waits (wait_id,booth_id,wait_count,wait_min,updated_at) VALUES (5,3,10,NULL,'2025-01-05 21:37:47');
INSERT INTO booth_waits (wait_id,booth_id,wait_count,wait_min,updated_at) VALUES (6,4,18,NULL,'2025-10-17 16:51:17');
INSERT INTO booth_waits (wait_id,booth_id,wait_count,wait_min,updated_at) VALUES (7,5,13,NULL,'2025-10-08 03:10:53');
INSERT INTO booth_waits (wait_id,booth_id,wait_count,wait_min,updated_at) VALUES (9,6,10,NULL,'2025-10-08 19:27:05');
INSERT INTO booth_waits (wait_id,booth_id,wait_count,wait_min,updated_at) VALUES (10,7,7,NULL,'2025-07-13 09:20:50');
INSERT INTO booth_waits (wait_id,booth_id,wait_count,wait_min,updated_at) VALUES (11,8,4,NULL,'2025-06-29 14:31:51');
INSERT INTO booth_waits (wait_id,booth_id,wait_count,wait_min,updated_at) VALUES (14,9,11,NULL,'2025-06-30 17:00:47');
INSERT INTO booth_waits (wait_id,booth_id,wait_count,wait_min,updated_at) VALUES (16,10,6,NULL,'2023-04-09 01:23:11');
INSERT INTO booth_waits (wait_id,booth_id,wait_count,wait_min,updated_at) VALUES (17,11,5,NULL,'2023-04-13 15:28:44');
INSERT INTO booth_waits (wait_id,booth_id,wait_count,wait_min,updated_at) VALUES (18,12,7,NULL,'2023-04-30 22:49:51');
INSERT INTO booth_waits (wait_id,booth_id,wait_count,wait_min,updated_at) VALUES (19,13,13,NULL,'2023-03-30 00:48:20');
INSERT INTO booth_waits (wait_id,booth_id,wait_count,wait_min,updated_at) VALUES (21,14,30,NULL,'2023-03-23 03:38:12');
INSERT INTO booth_waits (wait_id,booth_id,wait_count,wait_min,updated_at) VALUES (23,15,23,NULL,'2023-03-19 04:36:37');
INSERT INTO booth_waits (wait_id,booth_id,wait_count,wait_min,updated_at) VALUES (24,16,13,NULL,'2025-08-20 05:23:37');
INSERT INTO booth_waits (wait_id,booth_id,wait_count,wait_min,updated_at) VALUES (27,17,16,NULL,'2025-09-01 13:23:45');
INSERT INTO booth_waits (wait_id,booth_id,wait_count,wait_min,updated_at) VALUES (28,18,17,NULL,'2025-08-22 10:24:13');
INSERT INTO booth_waits (wait_id,booth_id,wait_count,wait_min,updated_at) VALUES (30,19,28,NULL,'2024-12-11 00:20:24');
INSERT INTO booth_waits (wait_id,booth_id,wait_count,wait_min,updated_at) VALUES (32,20,16,NULL,'2024-12-14 10:43:27');
INSERT INTO booth_waits (wait_id,booth_id,wait_count,wait_min,updated_at) VALUES (34,21,20,NULL,'2024-12-24 15:14:08');
INSERT INTO booth_waits (wait_id,booth_id,wait_count,wait_min,updated_at) VALUES (35,22,3,NULL,'2024-09-02 10:56:52');
INSERT INTO booth_waits (wait_id,booth_id,wait_count,wait_min,updated_at) VALUES (37,23,24,NULL,'2024-08-31 09:28:13');
INSERT INTO booth_waits (wait_id,booth_id,wait_count,wait_min,updated_at) VALUES (39,24,9,NULL,'2024-09-23 01:48:19');
INSERT INTO booth_waits (wait_id,booth_id,wait_count,wait_min,updated_at) VALUES (40,25,20,NULL,'2024-12-14 22:37:06');
INSERT INTO booth_waits (wait_id,booth_id,wait_count,wait_min,updated_at) VALUES (42,26,2,NULL,'2024-12-04 20:31:59');
INSERT INTO booth_waits (wait_id,booth_id,wait_count,wait_min,updated_at) VALUES (43,27,16,NULL,'2024-12-07 02:53:00');
INSERT INTO booth_waits (wait_id,booth_id,wait_count,wait_min,updated_at) VALUES (45,28,16,NULL,'2025-08-11 18:55:48');
INSERT INTO booth_waits (wait_id,booth_id,wait_count,wait_min,updated_at) VALUES (46,29,3,NULL,'2025-08-11 07:54:15');
INSERT INTO booth_waits (wait_id,booth_id,wait_count,wait_min,updated_at) VALUES (48,30,4,NULL,'2025-08-09 06:03:35');
INSERT INTO booth_waits (wait_id,booth_id,wait_count,wait_min,updated_at) VALUES (49,31,20,NULL,'2025-04-12 14:44:47');
INSERT INTO booth_waits (wait_id,booth_id,wait_count,wait_min,updated_at) VALUES (50,32,24,NULL,'2025-04-05 08:06:37');
INSERT INTO booth_waits (wait_id,booth_id,wait_count,wait_min,updated_at) VALUES (52,33,6,NULL,'2025-03-30 10:01:07');
INSERT INTO booth_waits (wait_id,booth_id,wait_count,wait_min,updated_at) VALUES (54,34,18,NULL,'2026-01-21 06:37:16');
INSERT INTO booth_waits (wait_id,booth_id,wait_count,wait_min,updated_at) VALUES (57,35,26,NULL,'2026-01-28 18:56:22');
INSERT INTO booth_waits (wait_id,booth_id,wait_count,wait_min,updated_at) VALUES (58,36,2,NULL,'2026-02-02 11:31:36');
INSERT INTO booth_waits (wait_id,booth_id,wait_count,wait_min,updated_at) VALUES (60,37,15,NULL,'2023-05-29 02:37:58');
INSERT INTO booth_waits (wait_id,booth_id,wait_count,wait_min,updated_at) VALUES (61,38,20,NULL,'2023-06-04 20:22:04');
INSERT INTO booth_waits (wait_id,booth_id,wait_count,wait_min,updated_at) VALUES (62,39,5,NULL,'2023-05-22 21:02:01');
INSERT INTO booth_waits (wait_id,booth_id,wait_count,wait_min,updated_at) VALUES (63,40,6,NULL,'2025-10-08 01:24:06');
INSERT INTO booth_waits (wait_id,booth_id,wait_count,wait_min,updated_at) VALUES (64,41,28,NULL,'2025-09-23 16:26:02');
INSERT INTO booth_waits (wait_id,booth_id,wait_count,wait_min,updated_at) VALUES (65,42,9,NULL,'2025-09-28 04:47:35');
INSERT INTO booth_waits (wait_id,booth_id,wait_count,wait_min,updated_at) VALUES (67,43,7,NULL,'2023-05-13 17:45:38');
INSERT INTO booth_waits (wait_id,booth_id,wait_count,wait_min,updated_at) VALUES (69,44,2,NULL,'2023-05-15 13:01:41');
INSERT INTO booth_waits (wait_id,booth_id,wait_count,wait_min,updated_at) VALUES (70,45,14,NULL,'2023-05-24 06:06:19');
INSERT INTO booth_waits (wait_id,booth_id,wait_count,wait_min,updated_at) VALUES (72,46,5,NULL,'2026-01-27 08:23:47');
INSERT INTO booth_waits (wait_id,booth_id,wait_count,wait_min,updated_at) VALUES (74,47,18,NULL,'2026-01-30 04:34:29');
INSERT INTO booth_waits (wait_id,booth_id,wait_count,wait_min,updated_at) VALUES (76,48,16,NULL,'2026-02-07 20:16:12');
INSERT INTO booth_waits (wait_id,booth_id,wait_count,wait_min,updated_at) VALUES (78,49,30,NULL,'2024-12-09 18:48:14');
INSERT INTO booth_waits (wait_id,booth_id,wait_count,wait_min,updated_at) VALUES (80,50,28,NULL,'2024-12-10 11:31:53');
INSERT INTO booth_waits (wait_id,booth_id,wait_count,wait_min,updated_at) VALUES (81,51,30,NULL,'2024-12-11 15:00:23');
INSERT INTO booth_waits (wait_id,booth_id,wait_count,wait_min,updated_at) VALUES (82,52,14,NULL,'2026-02-05 20:41:29');
INSERT INTO booth_waits (wait_id,booth_id,wait_count,wait_min,updated_at) VALUES (83,53,8,NULL,'2026-02-07 19:13:02');
INSERT INTO booth_waits (wait_id,booth_id,wait_count,wait_min,updated_at) VALUES (84,54,23,NULL,'2026-02-08 00:22:35');
INSERT INTO booth_waits (wait_id,booth_id,wait_count,wait_min,updated_at) VALUES (85,55,29,NULL,'2023-10-31 02:34:19');
INSERT INTO booth_waits (wait_id,booth_id,wait_count,wait_min,updated_at) VALUES (87,56,3,NULL,'2023-10-23 19:30:04');
INSERT INTO booth_waits (wait_id,booth_id,wait_count,wait_min,updated_at) VALUES (88,57,1,NULL,'2023-11-14 18:59:04');
INSERT INTO booth_waits (wait_id,booth_id,wait_count,wait_min,updated_at) VALUES (91,58,30,NULL,'2025-12-05 20:28:57');
INSERT INTO booth_waits (wait_id,booth_id,wait_count,wait_min,updated_at) VALUES (92,59,29,NULL,'2025-12-14 23:09:47');
INSERT INTO booth_waits (wait_id,booth_id,wait_count,wait_min,updated_at) VALUES (94,60,1,NULL,'2025-12-08 20:31:13');
INSERT INTO booth_waits (wait_id,booth_id,wait_count,wait_min,updated_at) VALUES (95,61,1,NULL,'2023-05-10 11:14:34');
INSERT INTO booth_waits (wait_id,booth_id,wait_count,wait_min,updated_at) VALUES (96,62,29,NULL,'2023-05-31 01:28:18');
INSERT INTO booth_waits (wait_id,booth_id,wait_count,wait_min,updated_at) VALUES (98,63,0,NULL,'2023-06-08 05:11:15');
INSERT INTO booth_waits (wait_id,booth_id,wait_count,wait_min,updated_at) VALUES (100,64,30,NULL,'2024-08-20 19:34:27');
INSERT INTO booth_waits (wait_id,booth_id,wait_count,wait_min,updated_at) VALUES (101,65,21,NULL,'2024-08-24 09:50:37');
INSERT INTO booth_waits (wait_id,booth_id,wait_count,wait_min,updated_at) VALUES (103,66,25,NULL,'2024-08-07 04:31:22');
INSERT INTO booth_waits (wait_id,booth_id,wait_count,wait_min,updated_at) VALUES (104,67,30,NULL,'2023-10-06 03:26:41');
INSERT INTO booth_waits (wait_id,booth_id,wait_count,wait_min,updated_at) VALUES (105,68,6,NULL,'2023-09-13 04:44:18');
INSERT INTO booth_waits (wait_id,booth_id,wait_count,wait_min,updated_at) VALUES (108,69,26,NULL,'2023-09-12 20:59:10');
INSERT INTO booth_waits (wait_id,booth_id,wait_count,wait_min,updated_at) VALUES (109,70,12,NULL,'2024-04-14 14:06:20');
INSERT INTO booth_waits (wait_id,booth_id,wait_count,wait_min,updated_at) VALUES (110,71,30,NULL,'2024-03-23 01:08:29');
INSERT INTO booth_waits (wait_id,booth_id,wait_count,wait_min,updated_at) VALUES (112,72,2,NULL,'2024-04-14 01:42:48');
-- Insert into experience_waits
INSERT INTO experience_waits (wait_id,program_id,wait_count,wait_min,updated_at) VALUES (2,6,12,NULL,'2025-07-10 16:04:46');
INSERT INTO experience_waits (wait_id,program_id,wait_count,wait_min,updated_at) VALUES (3,7,11,NULL,'2023-05-05 02:39:55');
INSERT INTO experience_waits (wait_id,program_id,wait_count,wait_min,updated_at) VALUES (4,8,17,NULL,'2023-04-23 01:13:51');
INSERT INTO experience_waits (wait_id,program_id,wait_count,wait_min,updated_at) VALUES (5,9,16,NULL,'2023-03-22 16:15:08');
INSERT INTO experience_waits (wait_id,program_id,wait_count,wait_min,updated_at) VALUES (6,16,13,NULL,'2024-09-27 14:25:07');
INSERT INTO experience_waits (wait_id,program_id,wait_count,wait_min,updated_at) VALUES (8,18,3,NULL,'2024-12-05 02:09:14');
INSERT INTO experience_waits (wait_id,program_id,wait_count,wait_min,updated_at) VALUES (9,20,10,NULL,'2025-08-02 20:39:08');
INSERT INTO experience_waits (wait_id,program_id,wait_count,wait_min,updated_at) VALUES (11,22,19,NULL,'2025-03-30 16:12:08');
INSERT INTO experience_waits (wait_id,program_id,wait_count,wait_min,updated_at) VALUES (13,23,9,NULL,'2026-01-30 07:16:03');
INSERT INTO experience_waits (wait_id,program_id,wait_count,wait_min,updated_at) VALUES (15,27,15,NULL,'2025-09-21 01:39:49');
INSERT INTO experience_waits (wait_id,program_id,wait_count,wait_min,updated_at) VALUES (16,32,9,NULL,'2026-01-25 07:19:22');
INSERT INTO experience_waits (wait_id,program_id,wait_count,wait_min,updated_at) VALUES (17,34,4,NULL,'2024-12-22 20:18:26');
INSERT INTO experience_waits (wait_id,program_id,wait_count,wait_min,updated_at) VALUES (18,35,2,NULL,'2026-02-21 07:28:34');
INSERT INTO experience_waits (wait_id,program_id,wait_count,wait_min,updated_at) VALUES (19,37,4,NULL,'2023-10-29 16:59:24');
INSERT INTO experience_waits (wait_id,program_id,wait_count,wait_min,updated_at) VALUES (20,38,11,NULL,'2023-11-06 19:21:36');
INSERT INTO experience_waits (wait_id,program_id,wait_count,wait_min,updated_at) VALUES (21,44,3,NULL,'2024-08-30 08:09:51');
-- Insert into congestions
INSERT INTO congestions (congestion_id,program_id,zone,place_name,congestion_level,measured_at) VALUES (1,1,'ZONE_A','부스 1',4,'2025-01-25 14:44:06');
INSERT INTO congestions (congestion_id,program_id,zone,place_name,congestion_level,measured_at) VALUES (2,3,'ZONE_C','부스 1',4,'2025-10-23 05:38:51');
INSERT INTO congestions (congestion_id,program_id,zone,place_name,congestion_level,measured_at) VALUES (3,4,'ZONE_B','부스 2',2,'2025-10-21 13:50:19');
INSERT INTO congestions (congestion_id,program_id,zone,place_name,congestion_level,measured_at) VALUES (4,5,'ZONE_B','부스 1',3,'2025-07-17 02:19:51');
INSERT INTO congestions (congestion_id,program_id,zone,place_name,congestion_level,measured_at) VALUES (5,6,'ZONE_B','부스 1',4,'2025-07-17 16:36:43');
INSERT INTO congestions (congestion_id,program_id,zone,place_name,congestion_level,measured_at) VALUES (6,7,'ZONE_C','부스 2',4,'2023-05-08 19:12:48');
INSERT INTO congestions (congestion_id,program_id,zone,place_name,congestion_level,measured_at) VALUES (7,9,'ZONE_C','부스 3',3,'2023-04-06 16:58:33');
INSERT INTO congestions (congestion_id,program_id,zone,place_name,congestion_level,measured_at) VALUES (8,10,'OTHER','부스 2',2,'2023-04-05 00:09:55');
INSERT INTO congestions (congestion_id,program_id,zone,place_name,congestion_level,measured_at) VALUES (9,11,'OTHER','부스 1',2,'2025-09-06 13:07:09');
INSERT INTO congestions (congestion_id,program_id,zone,place_name,congestion_level,measured_at) VALUES (10,12,'OTHER','부스 1',3,'2025-09-07 07:02:42');
INSERT INTO congestions (congestion_id,program_id,zone,place_name,congestion_level,measured_at) VALUES (11,13,'OTHER','부스 2',3,'2024-12-29 22:16:14');
INSERT INTO congestions (congestion_id,program_id,zone,place_name,congestion_level,measured_at) VALUES (12,15,'ZONE_C','부스 3',3,'2024-09-28 05:15:43');
INSERT INTO congestions (congestion_id,program_id,zone,place_name,congestion_level,measured_at) VALUES (13,17,'ZONE_A','부스 2',4,'2024-12-17 12:17:28');
INSERT INTO congestions (congestion_id,program_id,zone,place_name,congestion_level,measured_at) VALUES (14,19,'ZONE_B','부스 1',2,'2025-08-17 08:49:09');
INSERT INTO congestions (congestion_id,program_id,zone,place_name,congestion_level,measured_at) VALUES (15,20,'ZONE_B','부스 1',2,'2025-08-16 02:33:24');
INSERT INTO congestions (congestion_id,program_id,zone,place_name,congestion_level,measured_at) VALUES (16,21,'ZONE_B','부스 1',2,'2025-04-28 08:28:52');
INSERT INTO congestions (congestion_id,program_id,zone,place_name,congestion_level,measured_at) VALUES (17,22,'ZONE_B','부스 1',4,'2025-04-28 11:49:09');
INSERT INTO congestions (congestion_id,program_id,zone,place_name,congestion_level,measured_at) VALUES (18,23,'ZONE_C','부스 2',3,'2026-02-09 07:50:46');
INSERT INTO congestions (congestion_id,program_id,zone,place_name,congestion_level,measured_at) VALUES (19,25,'ZONE_C','부스 1',2,'2023-06-21 09:52:01');
INSERT INTO congestions (congestion_id,program_id,zone,place_name,congestion_level,measured_at) VALUES (20,26,'OTHER','부스 2',3,'2023-06-22 04:59:03');
INSERT INTO congestions (congestion_id,program_id,zone,place_name,congestion_level,measured_at) VALUES (21,27,'ZONE_C','부스 2',4,'2025-10-16 21:51:48');
INSERT INTO congestions (congestion_id,program_id,zone,place_name,congestion_level,measured_at) VALUES (22,28,'ZONE_A','부스 3',2,'2025-10-16 18:47:09');
INSERT INTO congestions (congestion_id,program_id,zone,place_name,congestion_level,measured_at) VALUES (23,29,'ZONE_C','부스 3',4,'2023-06-07 15:26:52');
INSERT INTO congestions (congestion_id,program_id,zone,place_name,congestion_level,measured_at) VALUES (24,30,'ZONE_A','부스 1',3,'2023-06-07 22:21:58');
INSERT INTO congestions (congestion_id,program_id,zone,place_name,congestion_level,measured_at) VALUES (25,31,'OTHER','부스 3',3,'2026-02-24 03:30:57');
INSERT INTO congestions (congestion_id,program_id,zone,place_name,congestion_level,measured_at) VALUES (26,32,'ZONE_B','부스 1',3,'2026-02-23 23:04:55');
INSERT INTO congestions (congestion_id,program_id,zone,place_name,congestion_level,measured_at) VALUES (27,33,'ZONE_B','부스 3',4,'2024-12-24 15:49:05');
INSERT INTO congestions (congestion_id,program_id,zone,place_name,congestion_level,measured_at) VALUES (28,34,'ZONE_B','부스 2',4,'2024-12-25 09:27:09');
INSERT INTO congestions (congestion_id,program_id,zone,place_name,congestion_level,measured_at) VALUES (29,35,'ZONE_A','부스 3',3,'2026-02-23 13:59:26');
INSERT INTO congestions (congestion_id,program_id,zone,place_name,congestion_level,measured_at) VALUES (30,37,'ZONE_C','부스 3',3,'2023-11-22 10:19:53');
INSERT INTO congestions (congestion_id,program_id,zone,place_name,congestion_level,measured_at) VALUES (31,38,'ZONE_A','부스 2',2,'2023-11-22 15:25:01');
INSERT INTO congestions (congestion_id,program_id,zone,place_name,congestion_level,measured_at) VALUES (32,39,'ZONE_C','부스 3',2,'2025-12-17 06:20:35');
INSERT INTO congestions (congestion_id,program_id,zone,place_name,congestion_level,measured_at) VALUES (33,41,'ZONE_A','부스 3',3,'2023-06-09 17:18:50');
INSERT INTO congestions (congestion_id,program_id,zone,place_name,congestion_level,measured_at) VALUES (34,43,'ZONE_B','부스 1',4,'2024-09-02 20:52:14');
INSERT INTO congestions (congestion_id,program_id,zone,place_name,congestion_level,measured_at) VALUES (35,44,'ZONE_B','부스 2',3,'2024-09-02 20:03:19');
INSERT INTO congestions (congestion_id,program_id,zone,place_name,congestion_level,measured_at) VALUES (36,45,'ZONE_A','부스 1',2,'2023-10-09 01:54:14');
INSERT INTO congestions (congestion_id,program_id,zone,place_name,congestion_level,measured_at) VALUES (37,47,'OTHER','부스 3',3,'2024-04-19 19:20:41');
INSERT INTO congestions (congestion_id,program_id,zone,place_name,congestion_level,measured_at) VALUES (38,48,'OTHER','부스 3',4,'2024-04-19 11:02:35');
-- Insert into galleries
INSERT INTO galleries (gallery_id,event_id,user_id,gallery_title,gallery_description,view_count,thumbnail_image_id,gallery_status,created_at,updated_at) VALUES (1,13,74,'Atque saepe debitis blanditiis eius vel.','Inventore perferendis temporibus exercitationem accusantium quas illo. Quis corporis exercitationem similique assumenda aliquid libero. Tempore tenetur maiores similique.',84,NULL,'PUBLIC','2023-06-21 09:12:10','2023-06-21 20:32:18');
INSERT INTO galleries (gallery_id,event_id,user_id,gallery_title,gallery_description,view_count,thumbnail_image_id,gallery_status,created_at,updated_at) VALUES (2,23,69,'Rerum ratione quo amet.','Debitis ad natus quia animi repudiandae. Officiis earum ea deserunt. Iusto quas quia optio ab.',92,NULL,'PRIVATE','2023-10-11 23:52:25','2023-10-12 02:04:58');
INSERT INTO galleries (gallery_id,event_id,user_id,gallery_title,gallery_description,view_count,thumbnail_image_id,gallery_status,created_at,updated_at) VALUES (3,2,25,'Corporis placeat harum.','Possimus voluptates in perspiciatis quisquam dolorum. Dolore rerum quis cupiditate omnis vitae dolor nam. Quasi dolore consectetur veritatis repudiandae vitae dolorem.',308,NULL,'PUBLIC','2025-10-21 22:59:07','2025-10-23 03:56:39');
INSERT INTO galleries (gallery_id,event_id,user_id,gallery_title,gallery_description,view_count,thumbnail_image_id,gallery_status,created_at,updated_at) VALUES (4,18,61,'Animi ut quas incidunt.','Voluptate architecto iste vitae. Facilis aperiam suscipit aliquam.',210,NULL,'PRIVATE','2026-02-25 08:30:27','2026-02-25 10:11:44');
INSERT INTO galleries (gallery_id,event_id,user_id,gallery_title,gallery_description,view_count,thumbnail_image_id,gallery_status,created_at,updated_at) VALUES (5,5,35,'Tempore facere repellendus.','Nemo quasi cum. Doloremque rem earum iste maiores.
Velit dolorum incidunt autem saepe aliquam. Sit aliquid neque nostrum accusamus fuga nihil. Dolor vitae dolore eum illum.',486,NULL,'PRIVATE','2023-04-05 10:41:25','2023-04-05 18:09:29');
INSERT INTO galleries (gallery_id,event_id,user_id,gallery_title,gallery_description,view_count,thumbnail_image_id,gallery_status,created_at,updated_at) VALUES (6,10,20,'Labore labore culpa magnam maxime.','Quas officia nisi impedit. Dicta nisi doloribus magnam odit. Earum in quasi architecto.
Tempora praesentium distinctio ipsa. Quos voluptas quos aut. Eveniet sint vitae quod quam repellat quaerat.',296,NULL,'PRIVATE','2025-08-15 12:12:40','2025-08-17 09:26:07');
INSERT INTO galleries (gallery_id,event_id,user_id,gallery_title,gallery_description,view_count,thumbnail_image_id,gallery_status,created_at,updated_at) VALUES (7,1,14,'A ab natus aut nisi quos.','Iste corporis dolor eaque. Atque porro repellendus harum mollitia fugiat iusto vero. Quaerat deserunt aspernatur blanditiis beatae.',433,NULL,'PRIVATE','2025-01-24 23:33:13','2025-01-25 07:07:12');
INSERT INTO galleries (gallery_id,event_id,user_id,gallery_title,gallery_description,view_count,thumbnail_image_id,gallery_status,created_at,updated_at) VALUES (8,20,68,'Quibusdam incidunt atque cumque fugit.','Dignissimos recusandae eligendi fuga at odio hic sapiente. Doloribus cum perferendis laborum. Distinctio rem perspiciatis quia ad earum praesentium.',154,NULL,'PRIVATE','2025-12-20 07:38:28','2025-12-20 10:07:18');
INSERT INTO galleries (gallery_id,event_id,user_id,gallery_title,gallery_description,view_count,thumbnail_image_id,gallery_status,created_at,updated_at) VALUES (9,3,63,'Aliquam fuga libero quasi expedita.','Nulla aspernatur facere corporis repellat. Reprehenderit perferendis iste ab.',324,NULL,'PUBLIC','2025-07-16 16:03:27','2025-07-17 13:42:21');
INSERT INTO galleries (gallery_id,event_id,user_id,gallery_title,gallery_description,view_count,thumbnail_image_id,gallery_status,created_at,updated_at) VALUES (10,5,97,'Ea doloremque nam quasi.','Corporis veritatis amet eius reiciendis. Vel id reiciendis asperiores. Atque odio ab neque.',417,NULL,'PUBLIC','2023-04-07 01:46:47','2023-04-07 03:21:58');
INSERT INTO galleries (gallery_id,event_id,user_id,gallery_title,gallery_description,view_count,thumbnail_image_id,gallery_status,created_at,updated_at) VALUES (11,5,70,'Saepe nisi consequatur quod quis.','Est sit molestias qui iure. Magnam nesciunt nisi quae vel est.
Pariatur perspiciatis cum rerum. Eum at tempore veritatis.',146,NULL,'PUBLIC','2023-04-06 08:41:54','2023-04-06 23:02:44');
INSERT INTO galleries (gallery_id,event_id,user_id,gallery_title,gallery_description,view_count,thumbnail_image_id,gallery_status,created_at,updated_at) VALUES (12,7,2,'Praesentium error iusto dolorum.','Qui dolor eveniet quas ut ullam corporis. Sit est hic amet beatae nesciunt. Provident temporibus veniam possimus adipisci.',478,NULL,'PRIVATE','2024-12-29 19:05:49','2024-12-30 01:15:36');
INSERT INTO galleries (gallery_id,event_id,user_id,gallery_title,gallery_description,view_count,thumbnail_image_id,gallery_status,created_at,updated_at) VALUES (13,12,47,'Eaque molestiae voluptates.','Aperiam accusamus dicta dolorem praesentium. Magni sit deleniti nemo asperiores atque ipsum doloribus.',233,NULL,'PRIVATE','2026-02-08 18:30:39','2026-02-09 03:48:27');
INSERT INTO galleries (gallery_id,event_id,user_id,gallery_title,gallery_description,view_count,thumbnail_image_id,gallery_status,created_at,updated_at) VALUES (14,11,75,'Animi praesentium deserunt similique sint consequatur.','Ullam expedita nihil sequi. Dolor cupiditate harum vero at necessitatibus.
Sit quam neque in molestiae. Aperiam temporibus delectus quidem voluptatum magnam.',392,NULL,'PRIVATE','2025-04-29 17:02:59','2025-04-30 10:01:20');
INSERT INTO galleries (gallery_id,event_id,user_id,gallery_title,gallery_description,view_count,thumbnail_image_id,gallery_status,created_at,updated_at) VALUES (15,20,33,'Cupiditate consequatur odio eius saepe.','Tempora nam non officiis modi. Id reprehenderit voluptate saepe consectetur.
Deleniti magni iure perferendis.',37,NULL,'PRIVATE','2025-12-17 18:52:56','2025-12-19 20:58:19');
INSERT INTO galleries (gallery_id,event_id,user_id,gallery_title,gallery_description,view_count,thumbnail_image_id,gallery_status,created_at,updated_at) VALUES (16,9,45,'Magni quo officiis illo itaque.','Magnam tempora magnam assumenda nisi illum. Aliquid illum aliquam aliquam ut accusantium occaecati consequuntur.
Dolores voluptas illum. Amet at illo ad maxime.',55,NULL,'PRIVATE','2024-12-17 07:48:52','2024-12-17 11:49:29');
INSERT INTO galleries (gallery_id,event_id,user_id,gallery_title,gallery_description,view_count,thumbnail_image_id,gallery_status,created_at,updated_at) VALUES (17,14,69,'Eaque quaerat laborum facilis dolore.','Debitis perferendis consectetur dignissimos ad. Quos totam enim voluptatum odit quisquam quod. Officia ut perferendis.
Molestias ea sint. In voluptatibus deserunt nemo.',4,NULL,'PUBLIC','2025-10-17 20:50:40','2025-10-18 16:52:18');
INSERT INTO galleries (gallery_id,event_id,user_id,gallery_title,gallery_description,view_count,thumbnail_image_id,gallery_status,created_at,updated_at) VALUES (18,10,15,'Corporis sunt iusto necessitatibus.','Pariatur reiciendis consequuntur dignissimos porro aperiam. Ut illo ipsam quasi cupiditate.
Sint aliquam veritatis saepe. Quae autem eos nisi. Adipisci esse iure suscipit expedita quaerat qui.',118,NULL,'PUBLIC','2025-08-17 06:03:44','2025-08-17 09:02:48');
INSERT INTO galleries (gallery_id,event_id,user_id,gallery_title,gallery_description,view_count,thumbnail_image_id,gallery_status,created_at,updated_at) VALUES (19,11,20,'Fugit mollitia illum.','Minima fugit officia eos ullam animi. Vero quas ratione earum deleniti id.
Enim aut veritatis recusandae. Earum quisquam repudiandae natus labore neque unde quisquam.',57,NULL,'PUBLIC','2025-04-28 23:01:45','2025-04-30 06:29:56');
INSERT INTO galleries (gallery_id,event_id,user_id,gallery_title,gallery_description,view_count,thumbnail_image_id,gallery_status,created_at,updated_at) VALUES (20,22,56,'At dolorem vero architecto.','Commodi vitae sunt ducimus nobis quod nesciunt. Quod unde nulla fugiat impedit quis.
Dignissimos dignissimos nobis nesciunt rem. Occaecati voluptate atque.',371,NULL,'PUBLIC','2024-09-02 20:51:42','2024-09-02 20:59:24');
-- Insert into gallery_images
INSERT INTO gallery_images (image_id,gallery_id,original_url,thumb_url,image_order,mime_type,file_size,created_at) VALUES (1,1,'/uploads/gallery/f19d9a9d-d5f0-4738-8ed3-53446ecc0cd8.png','/uploads/gallery/f19d9a9d-d5f0-4738-8ed3-53446ecc0cd8.png',1,'png',995494,'2023-06-21 18:29:29');
INSERT INTO gallery_images (image_id,gallery_id,original_url,thumb_url,image_order,mime_type,file_size,created_at) VALUES (2,1,'/uploads/gallery/bf511a5a-6fdb-4c98-a429-9bf7186a0b27.png','/uploads/gallery/bf511a5a-6fdb-4c98-a429-9bf7186a0b27.png',2,'png',1761424,'2023-06-21 17:02:56');
INSERT INTO gallery_images (image_id,gallery_id,original_url,thumb_url,image_order,mime_type,file_size,created_at) VALUES (3,2,'/uploads/gallery/c6620bc7-a503-40e1-91e4-ae29f2e6915d.png','/uploads/gallery/c6620bc7-a503-40e1-91e4-ae29f2e6915d.png',1,'png',1195446,'2023-10-12 00:21:04');
INSERT INTO gallery_images (image_id,gallery_id,original_url,thumb_url,image_order,mime_type,file_size,created_at) VALUES (4,2,'/uploads/gallery/bf879bd2-37c8-448a-aad6-dabdb3d30d81.png','/uploads/gallery/bf879bd2-37c8-448a-aad6-dabdb3d30d81.png',2,'png',2018978,'2023-10-12 00:08:10');
INSERT INTO gallery_images (image_id,gallery_id,original_url,thumb_url,image_order,mime_type,file_size,created_at) VALUES (5,2,'/uploads/gallery/6ecaa6ad-9d5c-40b8-972f-bd6db6a69d14.png','/uploads/gallery/6ecaa6ad-9d5c-40b8-972f-bd6db6a69d14.png',3,'png',1521475,'2023-10-12 01:34:58');
INSERT INTO gallery_images (image_id,gallery_id,original_url,thumb_url,image_order,mime_type,file_size,created_at) VALUES (6,3,'/uploads/gallery/deffcc8b-2e23-496a-a3d3-45e4f9afb45f.png','/uploads/gallery/deffcc8b-2e23-496a-a3d3-45e4f9afb45f.png',1,'png',914757,'2025-10-22 02:11:46');
INSERT INTO gallery_images (image_id,gallery_id,original_url,thumb_url,image_order,mime_type,file_size,created_at) VALUES (7,3,'/uploads/gallery/d3457361-9cf3-4f22-a16a-b75c7153056a.png','/uploads/gallery/d3457361-9cf3-4f22-a16a-b75c7153056a.png',2,'png',1114961,'2025-10-22 09:23:31');
INSERT INTO gallery_images (image_id,gallery_id,original_url,thumb_url,image_order,mime_type,file_size,created_at) VALUES (8,3,'/uploads/gallery/bf879bd2-37c8-448a-aad6-dabdb3d30d81.png','/uploads/gallery/bf879bd2-37c8-448a-aad6-dabdb3d30d81.png',3,'png',2902974,'2025-10-23 00:26:32');
INSERT INTO gallery_images (image_id,gallery_id,original_url,thumb_url,image_order,mime_type,file_size,created_at) VALUES (9,3,'/uploads/gallery/bf511a5a-6fdb-4c98-a429-9bf7186a0b27.png','/uploads/gallery/bf511a5a-6fdb-4c98-a429-9bf7186a0b27.png',4,'png',2045581,'2025-10-22 15:43:01');
INSERT INTO gallery_images (image_id,gallery_id,original_url,thumb_url,image_order,mime_type,file_size,created_at) VALUES (10,4,'/uploads/gallery/f19d9a9d-d5f0-4738-8ed3-53446ecc0cd8.png','/uploads/gallery/f19d9a9d-d5f0-4738-8ed3-53446ecc0cd8.png',1,'png',787681,'2026-02-25 09:00:30');
INSERT INTO gallery_images (image_id,gallery_id,original_url,thumb_url,image_order,mime_type,file_size,created_at) VALUES (11,4,'/uploads/gallery/6ecaa6ad-9d5c-40b8-972f-bd6db6a69d14.png','/uploads/gallery/6ecaa6ad-9d5c-40b8-972f-bd6db6a69d14.png',2,'png',1601486,'2026-02-25 09:43:05');
INSERT INTO gallery_images (image_id,gallery_id,original_url,thumb_url,image_order,mime_type,file_size,created_at) VALUES (12,4,'/uploads/gallery/d3457361-9cf3-4f22-a16a-b75c7153056a.png','/uploads/gallery/d3457361-9cf3-4f22-a16a-b75c7153056a.png',3,'png',2080724,'2026-02-25 09:34:41');
INSERT INTO gallery_images (image_id,gallery_id,original_url,thumb_url,image_order,mime_type,file_size,created_at) VALUES (13,4,'/uploads/gallery/b462e29c-c136-4d30-83ff-882ddd5f34a9.png','/uploads/gallery/b462e29c-c136-4d30-83ff-882ddd5f34a9.png',4,'png',2238096,'2026-02-25 08:34:11');
INSERT INTO gallery_images (image_id,gallery_id,original_url,thumb_url,image_order,mime_type,file_size,created_at) VALUES (14,5,'/uploads/gallery/f19d9a9d-d5f0-4738-8ed3-53446ecc0cd8.png','/uploads/gallery/f19d9a9d-d5f0-4738-8ed3-53446ecc0cd8.png',1,'png',804577,'2023-04-05 11:59:51');
INSERT INTO gallery_images (image_id,gallery_id,original_url,thumb_url,image_order,mime_type,file_size,created_at) VALUES (15,5,'/uploads/gallery/bf879bd2-37c8-448a-aad6-dabdb3d30d81.png','/uploads/gallery/bf879bd2-37c8-448a-aad6-dabdb3d30d81.png',2,'png',2511768,'2023-04-05 10:58:18');
INSERT INTO gallery_images (image_id,gallery_id,original_url,thumb_url,image_order,mime_type,file_size,created_at) VALUES (16,5,'/uploads/gallery/a6de23d5-27b4-4150-8a68-44fa052d4e28.png','/uploads/gallery/a6de23d5-27b4-4150-8a68-44fa052d4e28.png',3,'png',699701,'2023-04-05 11:51:51');
INSERT INTO gallery_images (image_id,gallery_id,original_url,thumb_url,image_order,mime_type,file_size,created_at) VALUES (17,5,'/uploads/gallery/dded599b-c1d9-4238-9dcc-246960a4162c.png','/uploads/gallery/dded599b-c1d9-4238-9dcc-246960a4162c.png',4,'png',1365125,'2023-04-05 13:53:07');
INSERT INTO gallery_images (image_id,gallery_id,original_url,thumb_url,image_order,mime_type,file_size,created_at) VALUES (18,6,'/uploads/gallery/c6620bc7-a503-40e1-91e4-ae29f2e6915d.png','/uploads/gallery/c6620bc7-a503-40e1-91e4-ae29f2e6915d.png',1,'png',812060,'2025-08-17 09:20:57');
INSERT INTO gallery_images (image_id,gallery_id,original_url,thumb_url,image_order,mime_type,file_size,created_at) VALUES (19,6,'/uploads/gallery/bf879bd2-37c8-448a-aad6-dabdb3d30d81.png','/uploads/gallery/bf879bd2-37c8-448a-aad6-dabdb3d30d81.png',2,'png',1758886,'2025-08-16 06:28:35');
INSERT INTO gallery_images (image_id,gallery_id,original_url,thumb_url,image_order,mime_type,file_size,created_at) VALUES (20,6,'/uploads/gallery/a6de23d5-27b4-4150-8a68-44fa052d4e28.png','/uploads/gallery/a6de23d5-27b4-4150-8a68-44fa052d4e28.png',3,'png',2888892,'2025-08-15 16:03:50');
INSERT INTO gallery_images (image_id,gallery_id,original_url,thumb_url,image_order,mime_type,file_size,created_at) VALUES (21,6,'/uploads/gallery/f280c085-0123-4a39-a33f-d3826f3aa0ed.png','/uploads/gallery/f280c085-0123-4a39-a33f-d3826f3aa0ed.png',4,'png',1373813,'2025-08-15 18:17:07');
INSERT INTO gallery_images (image_id,gallery_id,original_url,thumb_url,image_order,mime_type,file_size,created_at) VALUES (22,7,'/uploads/gallery/f19d9a9d-d5f0-4738-8ed3-53446ecc0cd8.png','/uploads/gallery/f19d9a9d-d5f0-4738-8ed3-53446ecc0cd8.png',1,'png',1760798,'2025-01-25 04:24:52');
INSERT INTO gallery_images (image_id,gallery_id,original_url,thumb_url,image_order,mime_type,file_size,created_at) VALUES (23,7,'/uploads/gallery/bf879bd2-37c8-448a-aad6-dabdb3d30d81.png','/uploads/gallery/bf879bd2-37c8-448a-aad6-dabdb3d30d81.png',2,'png',2956013,'2025-01-25 04:33:14');
INSERT INTO gallery_images (image_id,gallery_id,original_url,thumb_url,image_order,mime_type,file_size,created_at) VALUES (24,7,'/uploads/gallery/b462e29c-c136-4d30-83ff-882ddd5f34a9.png','/uploads/gallery/b462e29c-c136-4d30-83ff-882ddd5f34a9.png',3,'png',1494564,'2025-01-25 06:46:34');
INSERT INTO gallery_images (image_id,gallery_id,original_url,thumb_url,image_order,mime_type,file_size,created_at) VALUES (25,7,'/uploads/gallery/6ecaa6ad-9d5c-40b8-972f-bd6db6a69d14.png','/uploads/gallery/6ecaa6ad-9d5c-40b8-972f-bd6db6a69d14.png',4,'png',927698,'2025-01-25 03:49:11');
INSERT INTO gallery_images (image_id,gallery_id,original_url,thumb_url,image_order,mime_type,file_size,created_at) VALUES (26,8,'/uploads/gallery/c6620bc7-a503-40e1-91e4-ae29f2e6915d.png','/uploads/gallery/c6620bc7-a503-40e1-91e4-ae29f2e6915d.png',1,'png',2564324,'2025-12-20 08:10:43');
INSERT INTO gallery_images (image_id,gallery_id,original_url,thumb_url,image_order,mime_type,file_size,created_at) VALUES (27,8,'/uploads/gallery/b462e29c-c136-4d30-83ff-882ddd5f34a9.png','/uploads/gallery/b462e29c-c136-4d30-83ff-882ddd5f34a9.png',2,'png',2389574,'2025-12-20 07:42:42');
INSERT INTO gallery_images (image_id,gallery_id,original_url,thumb_url,image_order,mime_type,file_size,created_at) VALUES (28,9,'/uploads/gallery/b462e29c-c136-4d30-83ff-882ddd5f34a9.png','/uploads/gallery/b462e29c-c136-4d30-83ff-882ddd5f34a9.png',1,'png',1483067,'2025-07-16 18:18:44');
INSERT INTO gallery_images (image_id,gallery_id,original_url,thumb_url,image_order,mime_type,file_size,created_at) VALUES (29,9,'/uploads/gallery/bf511a5a-6fdb-4c98-a429-9bf7186a0b27.png','/uploads/gallery/bf511a5a-6fdb-4c98-a429-9bf7186a0b27.png',2,'png',2415384,'2025-07-16 17:08:53');
INSERT INTO gallery_images (image_id,gallery_id,original_url,thumb_url,image_order,mime_type,file_size,created_at) VALUES (30,10,'/uploads/gallery/bf879bd2-37c8-448a-aad6-dabdb3d30d81.png','/uploads/gallery/bf879bd2-37c8-448a-aad6-dabdb3d30d81.png',1,'png',2807979,'2023-04-07 02:39:02');
INSERT INTO gallery_images (image_id,gallery_id,original_url,thumb_url,image_order,mime_type,file_size,created_at) VALUES (31,10,'/uploads/gallery/d3457361-9cf3-4f22-a16a-b75c7153056a.png','/uploads/gallery/d3457361-9cf3-4f22-a16a-b75c7153056a.png',2,'png',1141383,'2023-04-07 02:07:57');
INSERT INTO gallery_images (image_id,gallery_id,original_url,thumb_url,image_order,mime_type,file_size,created_at) VALUES (32,10,'/uploads/gallery/bf511a5a-6fdb-4c98-a429-9bf7186a0b27.png','/uploads/gallery/bf511a5a-6fdb-4c98-a429-9bf7186a0b27.png',3,'png',2394203,'2023-04-07 01:48:41');
INSERT INTO gallery_images (image_id,gallery_id,original_url,thumb_url,image_order,mime_type,file_size,created_at) VALUES (33,11,'/uploads/gallery/b462e29c-c136-4d30-83ff-882ddd5f34a9.png','/uploads/gallery/b462e29c-c136-4d30-83ff-882ddd5f34a9.png',1,'png',632040,'2023-04-06 18:42:27');
INSERT INTO gallery_images (image_id,gallery_id,original_url,thumb_url,image_order,mime_type,file_size,created_at) VALUES (34,11,'/uploads/gallery/bf879bd2-37c8-448a-aad6-dabdb3d30d81.png','/uploads/gallery/bf879bd2-37c8-448a-aad6-dabdb3d30d81.png',2,'png',2333768,'2023-04-06 18:41:48');
INSERT INTO gallery_images (image_id,gallery_id,original_url,thumb_url,image_order,mime_type,file_size,created_at) VALUES (35,11,'/uploads/gallery/dded599b-c1d9-4238-9dcc-246960a4162c.png','/uploads/gallery/dded599b-c1d9-4238-9dcc-246960a4162c.png',3,'png',1012401,'2023-04-06 15:49:24');
INSERT INTO gallery_images (image_id,gallery_id,original_url,thumb_url,image_order,mime_type,file_size,created_at) VALUES (36,11,'/uploads/gallery/f280c085-0123-4a39-a33f-d3826f3aa0ed.png','/uploads/gallery/f280c085-0123-4a39-a33f-d3826f3aa0ed.png',4,'png',2817158,'2023-04-06 15:05:39');
INSERT INTO gallery_images (image_id,gallery_id,original_url,thumb_url,image_order,mime_type,file_size,created_at) VALUES (37,12,'/uploads/gallery/d3457361-9cf3-4f22-a16a-b75c7153056a.png','/uploads/gallery/d3457361-9cf3-4f22-a16a-b75c7153056a.png',1,'png',2179413,'2024-12-30 00:34:12');
INSERT INTO gallery_images (image_id,gallery_id,original_url,thumb_url,image_order,mime_type,file_size,created_at) VALUES (38,12,'/uploads/gallery/bf511a5a-6fdb-4c98-a429-9bf7186a0b27.png','/uploads/gallery/bf511a5a-6fdb-4c98-a429-9bf7186a0b27.png',2,'png',1951560,'2024-12-29 23:26:27');
INSERT INTO gallery_images (image_id,gallery_id,original_url,thumb_url,image_order,mime_type,file_size,created_at) VALUES (39,13,'/uploads/gallery/d3457361-9cf3-4f22-a16a-b75c7153056a.png','/uploads/gallery/d3457361-9cf3-4f22-a16a-b75c7153056a.png',1,'png',1527942,'2026-02-09 01:59:01');
INSERT INTO gallery_images (image_id,gallery_id,original_url,thumb_url,image_order,mime_type,file_size,created_at) VALUES (40,13,'/uploads/gallery/f19d9a9d-d5f0-4738-8ed3-53446ecc0cd8.png','/uploads/gallery/f19d9a9d-d5f0-4738-8ed3-53446ecc0cd8.png',2,'png',2883010,'2026-02-08 20:19:20');
INSERT INTO gallery_images (image_id,gallery_id,original_url,thumb_url,image_order,mime_type,file_size,created_at) VALUES (41,14,'/uploads/gallery/dded599b-c1d9-4238-9dcc-246960a4162c.png','/uploads/gallery/dded599b-c1d9-4238-9dcc-246960a4162c.png',1,'png',2609265,'2025-04-29 18:15:28');
INSERT INTO gallery_images (image_id,gallery_id,original_url,thumb_url,image_order,mime_type,file_size,created_at) VALUES (42,14,'/uploads/gallery/d3457361-9cf3-4f22-a16a-b75c7153056a.png','/uploads/gallery/d3457361-9cf3-4f22-a16a-b75c7153056a.png',2,'png',1110927,'2025-04-29 23:39:08');
INSERT INTO gallery_images (image_id,gallery_id,original_url,thumb_url,image_order,mime_type,file_size,created_at) VALUES (43,14,'/uploads/gallery/a6de23d5-27b4-4150-8a68-44fa052d4e28.png','/uploads/gallery/a6de23d5-27b4-4150-8a68-44fa052d4e28.png',3,'png',1317474,'2025-04-30 05:51:25');
INSERT INTO gallery_images (image_id,gallery_id,original_url,thumb_url,image_order,mime_type,file_size,created_at) VALUES (44,15,'/uploads/gallery/6ecaa6ad-9d5c-40b8-972f-bd6db6a69d14.png','/uploads/gallery/6ecaa6ad-9d5c-40b8-972f-bd6db6a69d14.png',1,'png',1056563,'2025-12-19 01:12:46');
INSERT INTO gallery_images (image_id,gallery_id,original_url,thumb_url,image_order,mime_type,file_size,created_at) VALUES (45,15,'/uploads/gallery/c6620bc7-a503-40e1-91e4-ae29f2e6915d.png','/uploads/gallery/c6620bc7-a503-40e1-91e4-ae29f2e6915d.png',2,'png',564013,'2025-12-19 14:22:09');
INSERT INTO gallery_images (image_id,gallery_id,original_url,thumb_url,image_order,mime_type,file_size,created_at) VALUES (46,15,'/uploads/gallery/f19d9a9d-d5f0-4738-8ed3-53446ecc0cd8.png','/uploads/gallery/f19d9a9d-d5f0-4738-8ed3-53446ecc0cd8.png',3,'png',555416,'2025-12-19 15:31:07');
INSERT INTO gallery_images (image_id,gallery_id,original_url,thumb_url,image_order,mime_type,file_size,created_at) VALUES (47,16,'/uploads/gallery/a6de23d5-27b4-4150-8a68-44fa052d4e28.png','/uploads/gallery/a6de23d5-27b4-4150-8a68-44fa052d4e28.png',1,'png',2700061,'2024-12-17 11:00:44');
INSERT INTO gallery_images (image_id,gallery_id,original_url,thumb_url,image_order,mime_type,file_size,created_at) VALUES (48,16,'/uploads/gallery/f280c085-0123-4a39-a33f-d3826f3aa0ed.png','/uploads/gallery/f280c085-0123-4a39-a33f-d3826f3aa0ed.png',2,'png',2739338,'2024-12-17 08:12:31');
INSERT INTO gallery_images (image_id,gallery_id,original_url,thumb_url,image_order,mime_type,file_size,created_at) VALUES (49,16,'/uploads/gallery/deffcc8b-2e23-496a-a3d3-45e4f9afb45f.png','/uploads/gallery/deffcc8b-2e23-496a-a3d3-45e4f9afb45f.png',3,'png',606336,'2024-12-17 10:39:42');
INSERT INTO gallery_images (image_id,gallery_id,original_url,thumb_url,image_order,mime_type,file_size,created_at) VALUES (50,16,'/uploads/gallery/6ecaa6ad-9d5c-40b8-972f-bd6db6a69d14.png','/uploads/gallery/6ecaa6ad-9d5c-40b8-972f-bd6db6a69d14.png',4,'png',1031631,'2024-12-17 10:03:11');
INSERT INTO gallery_images (image_id,gallery_id,original_url,thumb_url,image_order,mime_type,file_size,created_at) VALUES (51,17,'/uploads/gallery/dded599b-c1d9-4238-9dcc-246960a4162c.png','/uploads/gallery/dded599b-c1d9-4238-9dcc-246960a4162c.png',1,'png',969039,'2025-10-18 16:33:39');
INSERT INTO gallery_images (image_id,gallery_id,original_url,thumb_url,image_order,mime_type,file_size,created_at) VALUES (52,17,'/uploads/gallery/a6de23d5-27b4-4150-8a68-44fa052d4e28.png','/uploads/gallery/a6de23d5-27b4-4150-8a68-44fa052d4e28.png',2,'png',2260776,'2025-10-18 04:29:19');
INSERT INTO gallery_images (image_id,gallery_id,original_url,thumb_url,image_order,mime_type,file_size,created_at) VALUES (53,17,'/uploads/gallery/bf879bd2-37c8-448a-aad6-dabdb3d30d81.png','/uploads/gallery/bf879bd2-37c8-448a-aad6-dabdb3d30d81.png',3,'png',1852212,'2025-10-18 14:30:46');
INSERT INTO gallery_images (image_id,gallery_id,original_url,thumb_url,image_order,mime_type,file_size,created_at) VALUES (54,17,'/uploads/gallery/c6620bc7-a503-40e1-91e4-ae29f2e6915d.png','/uploads/gallery/c6620bc7-a503-40e1-91e4-ae29f2e6915d.png',4,'png',1670372,'2025-10-18 11:53:08');
INSERT INTO gallery_images (image_id,gallery_id,original_url,thumb_url,image_order,mime_type,file_size,created_at) VALUES (55,18,'/uploads/gallery/deffcc8b-2e23-496a-a3d3-45e4f9afb45f.png','/uploads/gallery/deffcc8b-2e23-496a-a3d3-45e4f9afb45f.png',1,'png',2839556,'2025-08-17 08:17:48');
INSERT INTO gallery_images (image_id,gallery_id,original_url,thumb_url,image_order,mime_type,file_size,created_at) VALUES (56,18,'/uploads/gallery/f280c085-0123-4a39-a33f-d3826f3aa0ed.png','/uploads/gallery/f280c085-0123-4a39-a33f-d3826f3aa0ed.png',2,'png',2126944,'2025-08-17 07:03:40');
INSERT INTO gallery_images (image_id,gallery_id,original_url,thumb_url,image_order,mime_type,file_size,created_at) VALUES (57,18,'/uploads/gallery/c6620bc7-a503-40e1-91e4-ae29f2e6915d.png','/uploads/gallery/c6620bc7-a503-40e1-91e4-ae29f2e6915d.png',3,'png',2875373,'2025-08-17 06:43:44');
INSERT INTO gallery_images (image_id,gallery_id,original_url,thumb_url,image_order,mime_type,file_size,created_at) VALUES (58,19,'/uploads/gallery/f19d9a9d-d5f0-4738-8ed3-53446ecc0cd8.png','/uploads/gallery/f19d9a9d-d5f0-4738-8ed3-53446ecc0cd8.png',1,'png',1156896,'2025-04-29 13:18:23');
INSERT INTO gallery_images (image_id,gallery_id,original_url,thumb_url,image_order,mime_type,file_size,created_at) VALUES (59,19,'/uploads/gallery/deffcc8b-2e23-496a-a3d3-45e4f9afb45f.png','/uploads/gallery/deffcc8b-2e23-496a-a3d3-45e4f9afb45f.png',2,'png',1300500,'2025-04-29 22:40:03');
INSERT INTO gallery_images (image_id,gallery_id,original_url,thumb_url,image_order,mime_type,file_size,created_at) VALUES (60,19,'/uploads/gallery/bf879bd2-37c8-448a-aad6-dabdb3d30d81.png','/uploads/gallery/bf879bd2-37c8-448a-aad6-dabdb3d30d81.png',3,'png',2195433,'2025-04-30 06:27:56');
INSERT INTO gallery_images (image_id,gallery_id,original_url,thumb_url,image_order,mime_type,file_size,created_at) VALUES (61,20,'/uploads/gallery/dded599b-c1d9-4238-9dcc-246960a4162c.png','/uploads/gallery/dded599b-c1d9-4238-9dcc-246960a4162c.png',1,'png',653050,'2024-09-02 20:56:50');
INSERT INTO gallery_images (image_id,gallery_id,original_url,thumb_url,image_order,mime_type,file_size,created_at) VALUES (62,20,'/uploads/gallery/6ecaa6ad-9d5c-40b8-972f-bd6db6a69d14.png','/uploads/gallery/6ecaa6ad-9d5c-40b8-972f-bd6db6a69d14.png',2,'png',1273654,'2024-09-02 20:52:08');
-- Insert into gallery_likes
INSERT INTO gallery_likes (like_id,gallery_id,user_id,created_at) VALUES (1,1,38,'2023-06-21 17:14:45');
INSERT INTO gallery_likes (like_id,gallery_id,user_id,created_at) VALUES (2,1,68,'2023-06-21 20:25:46');
INSERT INTO gallery_likes (like_id,gallery_id,user_id,created_at) VALUES (3,1,99,'2023-06-21 19:30:25');
INSERT INTO gallery_likes (like_id,gallery_id,user_id,created_at) VALUES (4,1,73,'2023-06-21 11:05:39');
INSERT INTO gallery_likes (like_id,gallery_id,user_id,created_at) VALUES (5,1,63,'2023-06-21 19:06:52');
INSERT INTO gallery_likes (like_id,gallery_id,user_id,created_at) VALUES (6,1,28,'2023-06-21 13:02:42');
INSERT INTO gallery_likes (like_id,gallery_id,user_id,created_at) VALUES (7,1,46,'2023-06-21 18:02:56');
INSERT INTO gallery_likes (like_id,gallery_id,user_id,created_at) VALUES (8,1,86,'2023-06-21 12:07:46');
INSERT INTO gallery_likes (like_id,gallery_id,user_id,created_at) VALUES (9,2,39,'2023-10-12 01:53:29');
INSERT INTO gallery_likes (like_id,gallery_id,user_id,created_at) VALUES (10,3,97,'2025-10-22 11:52:25');
INSERT INTO gallery_likes (like_id,gallery_id,user_id,created_at) VALUES (11,3,18,'2025-10-22 22:21:16');
INSERT INTO gallery_likes (like_id,gallery_id,user_id,created_at) VALUES (12,3,7,'2025-10-22 08:50:51');
INSERT INTO gallery_likes (like_id,gallery_id,user_id,created_at) VALUES (13,3,23,'2025-10-23 02:34:27');
INSERT INTO gallery_likes (like_id,gallery_id,user_id,created_at) VALUES (14,3,15,'2025-10-22 19:53:07');
INSERT INTO gallery_likes (like_id,gallery_id,user_id,created_at) VALUES (15,4,99,'2026-02-25 09:09:16');
INSERT INTO gallery_likes (like_id,gallery_id,user_id,created_at) VALUES (16,4,50,'2026-02-25 09:48:30');
INSERT INTO gallery_likes (like_id,gallery_id,user_id,created_at) VALUES (17,4,47,'2026-02-25 08:38:30');
INSERT INTO gallery_likes (like_id,gallery_id,user_id,created_at) VALUES (18,5,24,'2023-04-05 14:02:31');
INSERT INTO gallery_likes (like_id,gallery_id,user_id,created_at) VALUES (19,6,81,'2025-08-16 16:26:12');
INSERT INTO gallery_likes (like_id,gallery_id,user_id,created_at) VALUES (20,6,47,'2025-08-15 15:18:05');
INSERT INTO gallery_likes (like_id,gallery_id,user_id,created_at) VALUES (21,6,48,'2025-08-15 20:07:03');
INSERT INTO gallery_likes (like_id,gallery_id,user_id,created_at) VALUES (22,6,69,'2025-08-15 15:16:36');
INSERT INTO gallery_likes (like_id,gallery_id,user_id,created_at) VALUES (23,6,99,'2025-08-15 17:42:44');
INSERT INTO gallery_likes (like_id,gallery_id,user_id,created_at) VALUES (24,6,15,'2025-08-15 21:10:30');
INSERT INTO gallery_likes (like_id,gallery_id,user_id,created_at) VALUES (25,6,16,'2025-08-16 09:58:45');
INSERT INTO gallery_likes (like_id,gallery_id,user_id,created_at) VALUES (26,7,29,'2025-01-24 23:53:45');
INSERT INTO gallery_likes (like_id,gallery_id,user_id,created_at) VALUES (27,8,78,'2025-12-20 08:15:18');
INSERT INTO gallery_likes (like_id,gallery_id,user_id,created_at) VALUES (28,9,64,'2025-07-16 23:58:17');
INSERT INTO gallery_likes (like_id,gallery_id,user_id,created_at) VALUES (29,9,36,'2025-07-16 17:39:33');
INSERT INTO gallery_likes (like_id,gallery_id,user_id,created_at) VALUES (30,10,34,'2023-04-07 03:05:21');
INSERT INTO gallery_likes (like_id,gallery_id,user_id,created_at) VALUES (31,10,29,'2023-04-07 02:44:48');
INSERT INTO gallery_likes (like_id,gallery_id,user_id,created_at) VALUES (32,10,99,'2023-04-07 02:27:12');
INSERT INTO gallery_likes (like_id,gallery_id,user_id,created_at) VALUES (33,10,64,'2023-04-07 02:28:06');
INSERT INTO gallery_likes (like_id,gallery_id,user_id,created_at) VALUES (34,10,8,'2023-04-07 02:31:17');
INSERT INTO gallery_likes (like_id,gallery_id,user_id,created_at) VALUES (35,10,27,'2023-04-07 01:52:38');
INSERT INTO gallery_likes (like_id,gallery_id,user_id,created_at) VALUES (36,10,50,'2023-04-07 03:08:53');
INSERT INTO gallery_likes (like_id,gallery_id,user_id,created_at) VALUES (37,10,71,'2023-04-07 02:12:17');
INSERT INTO gallery_likes (like_id,gallery_id,user_id,created_at) VALUES (38,11,26,'2023-04-06 14:58:06');
INSERT INTO gallery_likes (like_id,gallery_id,user_id,created_at) VALUES (39,11,18,'2023-04-06 22:45:59');
INSERT INTO gallery_likes (like_id,gallery_id,user_id,created_at) VALUES (40,11,44,'2023-04-06 12:58:40');
INSERT INTO gallery_likes (like_id,gallery_id,user_id,created_at) VALUES (41,11,42,'2023-04-06 14:31:07');
INSERT INTO gallery_likes (like_id,gallery_id,user_id,created_at) VALUES (42,11,14,'2023-04-06 19:42:56');
INSERT INTO gallery_likes (like_id,gallery_id,user_id,created_at) VALUES (43,12,14,'2024-12-29 20:05:54');
INSERT INTO gallery_likes (like_id,gallery_id,user_id,created_at) VALUES (44,12,59,'2024-12-29 20:52:33');
INSERT INTO gallery_likes (like_id,gallery_id,user_id,created_at) VALUES (45,12,78,'2024-12-29 22:07:21');
INSERT INTO gallery_likes (like_id,gallery_id,user_id,created_at) VALUES (46,12,54,'2024-12-29 19:43:15');
INSERT INTO gallery_likes (like_id,gallery_id,user_id,created_at) VALUES (47,12,9,'2024-12-29 21:00:11');
INSERT INTO gallery_likes (like_id,gallery_id,user_id,created_at) VALUES (48,12,29,'2024-12-29 19:20:58');
INSERT INTO gallery_likes (like_id,gallery_id,user_id,created_at) VALUES (49,13,25,'2026-02-09 02:40:59');
INSERT INTO gallery_likes (like_id,gallery_id,user_id,created_at) VALUES (50,13,36,'2026-02-08 22:24:27');
INSERT INTO gallery_likes (like_id,gallery_id,user_id,created_at) VALUES (51,13,15,'2026-02-09 01:29:06');
INSERT INTO gallery_likes (like_id,gallery_id,user_id,created_at) VALUES (52,14,38,'2025-04-30 05:18:59');
INSERT INTO gallery_likes (like_id,gallery_id,user_id,created_at) VALUES (53,14,63,'2025-04-30 06:00:35');
INSERT INTO gallery_likes (like_id,gallery_id,user_id,created_at) VALUES (54,15,17,'2025-12-19 07:31:11');
INSERT INTO gallery_likes (like_id,gallery_id,user_id,created_at) VALUES (55,15,97,'2025-12-19 16:41:19');
INSERT INTO gallery_likes (like_id,gallery_id,user_id,created_at) VALUES (56,15,95,'2025-12-19 04:27:46');
INSERT INTO gallery_likes (like_id,gallery_id,user_id,created_at) VALUES (57,15,14,'2025-12-18 04:08:20');
INSERT INTO gallery_likes (like_id,gallery_id,user_id,created_at) VALUES (58,15,12,'2025-12-19 18:22:52');
INSERT INTO gallery_likes (like_id,gallery_id,user_id,created_at) VALUES (59,15,78,'2025-12-19 19:23:20');
INSERT INTO gallery_likes (like_id,gallery_id,user_id,created_at) VALUES (60,15,48,'2025-12-17 23:36:32');
INSERT INTO gallery_likes (like_id,gallery_id,user_id,created_at) VALUES (61,15,40,'2025-12-19 18:47:42');
INSERT INTO gallery_likes (like_id,gallery_id,user_id,created_at) VALUES (62,15,46,'2025-12-18 17:47:53');
INSERT INTO gallery_likes (like_id,gallery_id,user_id,created_at) VALUES (63,15,16,'2025-12-18 12:52:18');
INSERT INTO gallery_likes (like_id,gallery_id,user_id,created_at) VALUES (64,17,36,'2025-10-18 07:05:34');
INSERT INTO gallery_likes (like_id,gallery_id,user_id,created_at) VALUES (65,17,9,'2025-10-18 05:33:07');
INSERT INTO gallery_likes (like_id,gallery_id,user_id,created_at) VALUES (66,17,69,'2025-10-18 08:40:16');
INSERT INTO gallery_likes (like_id,gallery_id,user_id,created_at) VALUES (67,18,18,'2025-08-17 08:28:57');
INSERT INTO gallery_likes (like_id,gallery_id,user_id,created_at) VALUES (68,18,55,'2025-08-17 07:42:17');
INSERT INTO gallery_likes (like_id,gallery_id,user_id,created_at) VALUES (69,18,19,'2025-08-17 06:32:01');
INSERT INTO gallery_likes (like_id,gallery_id,user_id,created_at) VALUES (70,18,7,'2025-08-17 08:23:35');
INSERT INTO gallery_likes (like_id,gallery_id,user_id,created_at) VALUES (71,18,8,'2025-08-17 07:51:38');
INSERT INTO gallery_likes (like_id,gallery_id,user_id,created_at) VALUES (72,18,53,'2025-08-17 06:54:07');
INSERT INTO gallery_likes (like_id,gallery_id,user_id,created_at) VALUES (73,18,74,'2025-08-17 07:36:22');
INSERT INTO gallery_likes (like_id,gallery_id,user_id,created_at) VALUES (74,18,60,'2025-08-17 07:54:16');
INSERT INTO gallery_likes (like_id,gallery_id,user_id,created_at) VALUES (75,18,49,'2025-08-17 06:08:57');
INSERT INTO gallery_likes (like_id,gallery_id,user_id,created_at) VALUES (76,19,16,'2025-04-30 02:48:53');
INSERT INTO gallery_likes (like_id,gallery_id,user_id,created_at) VALUES (77,19,79,'2025-04-29 18:35:34');
INSERT INTO gallery_likes (like_id,gallery_id,user_id,created_at) VALUES (78,19,41,'2025-04-29 10:41:52');
INSERT INTO gallery_likes (like_id,gallery_id,user_id,created_at) VALUES (79,19,66,'2025-04-29 19:58:35');
INSERT INTO gallery_likes (like_id,gallery_id,user_id,created_at) VALUES (80,19,52,'2025-04-28 23:23:30');
INSERT INTO gallery_likes (like_id,gallery_id,user_id,created_at) VALUES (81,19,49,'2025-04-29 00:33:12');
INSERT INTO gallery_likes (like_id,gallery_id,user_id,created_at) VALUES (82,19,65,'2025-04-30 04:35:35');
INSERT INTO gallery_likes (like_id,gallery_id,user_id,created_at) VALUES (83,19,20,'2025-04-30 00:42:14');
INSERT INTO gallery_likes (like_id,gallery_id,user_id,created_at) VALUES (84,19,70,'2025-04-29 05:40:23');
INSERT INTO gallery_likes (like_id,gallery_id,user_id,created_at) VALUES (85,19,80,'2025-04-29 23:41:03');
INSERT INTO gallery_likes (like_id,gallery_id,user_id,created_at) VALUES (86,20,34,'2024-09-02 20:51:43');
INSERT INTO gallery_likes (like_id,gallery_id,user_id,created_at) VALUES (87,20,71,'2024-09-02 20:57:48');
-- Insert into notices
INSERT INTO notices (notice_id,scope,event_id,notice_title,content,file_attached,is_pinned,status,created_by_admin_id,created_at,updated_at) VALUES (1,'BOOTH',20,'Velit commodi velit eveniet reprehenderit.','Asperiores dolore consectetur sint quam quasi perferendis. Non consectetur modi assumenda accusamus voluptatibus. Ad culpa cupiditate voluptatem libero.
Expedita quisquam porro quibusdam nesciunt dolorum provident molestias. Consequatur consequuntur nemo occaecati inventore labore.
Molestiae labore cupiditate. Cumque perferendis enim nam quo. Voluptas consequuntur velit esse distinctio ex.
Possimus aliquid cupiditate. Possimus tempora eos voluptatum doloremque.','N',0,'HIDDEN',1,'2024-04-27 03:43:47','2024-06-10 16:39:13');
INSERT INTO notices (notice_id,scope,event_id,notice_title,content,file_attached,is_pinned,status,created_by_admin_id,created_at,updated_at) VALUES (2,'ALL',NULL,'Quas excepturi unde.','Explicabo cupiditate eos placeat. Consequuntur ut iste ut pariatur.
Porro possimus quas minima. Quibusdam mollitia aspernatur error dicta delectus quasi.
Perspiciatis quisquam ducimus dicta blanditiis reiciendis. Occaecati qui minus excepturi aperiam.
Odio quibusdam excepturi beatae et dolorem voluptatibus. Delectus earum numquam accusantium rem sunt deleniti. Omnis laboriosam temporibus perspiciatis optio hic natus ipsam.','N',1,'HIDDEN',1,'2024-03-13 06:36:54','2024-05-30 22:58:01');
INSERT INTO notices (notice_id,scope,event_id,notice_title,content,file_attached,is_pinned,status,created_by_admin_id,created_at,updated_at) VALUES (3,'EVENT',NULL,'Similique porro temporibus.','Quisquam rem id enim. Doloribus odit labore delectus maxime ipsam vero. Nesciunt dolorum animi impedit quisquam vel consectetur reprehenderit.
Dignissimos tempora fugiat cum nemo nobis sed.
Iste quod nostrum molestiae alias soluta labore. Ducimus necessitatibus maiores voluptates minima expedita. Sit unde dolorem dolorum ipsum.
Harum assumenda quo eveniet. Amet et magni natus adipisci unde. A quod occaecati eos cum possimus libero.','N',0,'DRAFT',1,'2024-08-14 18:14:53','2025-02-03 03:48:55');
INSERT INTO notices (notice_id,scope,event_id,notice_title,content,file_attached,is_pinned,status,created_by_admin_id,created_at,updated_at) VALUES (4,'EVENT',20,'Magnam voluptate velit cum voluptatum.','Voluptatibus consequuntur est dolorum. Porro ratione asperiores.
Commodi odio ab voluptates dolorem eveniet repellat. Laudantium a nesciunt aut.
Voluptatem recusandae error tempora. Expedita rerum suscipit earum unde. Vero perferendis occaecati.
Sequi facilis dicta. Reiciendis inventore reiciendis necessitatibus neque expedita. Expedita et ab alias quisquam beatae.
Aperiam esse eveniet harum ipsam. Aut aliquam corporis odit tempore quod eveniet.','N',0,'DRAFT',1,'2023-08-21 03:54:46','2025-02-26 09:42:10');
INSERT INTO notices (notice_id,scope,event_id,notice_title,content,file_attached,is_pinned,status,created_by_admin_id,created_at,updated_at) VALUES (5,'ALL',20,'Et quibusdam exercitationem sed incidunt.','Totam deserunt harum omnis porro officiis dolores quam. Eius numquam eaque perferendis dicta voluptatibus.
Mollitia voluptas exercitationem eum. A cum dolorem nesciunt. Repellat architecto quam odio voluptates. Rem aperiam excepturi odio.
Alias vitae reprehenderit iusto expedita. Veniam corporis autem velit reprehenderit necessitatibus ratione nam. Laudantium beatae dolor doloribus. Adipisci assumenda ducimus reiciendis id.
Exercitationem debitis quaerat amet velit.','N',0,'DRAFT',1,'2025-12-14 21:33:25','2026-01-09 13:07:04');
INSERT INTO notices (notice_id,scope,event_id,notice_title,content,file_attached,is_pinned,status,created_by_admin_id,created_at,updated_at) VALUES (6,'EVENT',NULL,'Cumque optio quia ut hic facere.','Esse ea eligendi rerum omnis eaque provident. Ut excepturi numquam voluptatem.
Nobis inventore eius reiciendis quidem. Deleniti perferendis libero totam suscipit voluptas.
Dolorum voluptatem quaerat fuga unde. Vel architecto cumque eos mollitia asperiores quod. Laboriosam alias alias possimus asperiores.
Et incidunt repudiandae quod mollitia.
Quibusdam neque ipsam. Commodi id dolor. Laboriosam error nobis nisi unde.','N',1,'PUBLISHED',1,'2024-07-18 01:56:09','2025-01-17 23:17:54');
INSERT INTO notices (notice_id,scope,event_id,notice_title,content,file_attached,is_pinned,status,created_by_admin_id,created_at,updated_at) VALUES (7,'BOOTH',12,'Atque qui eligendi molestiae.','Deleniti delectus nostrum. Quaerat placeat enim maiores. Cumque culpa ex ullam asperiores laudantium excepturi.
Delectus aliquid praesentium voluptatibus id vel nostrum. Reprehenderit eaque enim quia quaerat vel animi. Id et totam voluptatum consectetur.
Nam atque asperiores earum. Consequuntur eos aliquid ipsum dicta officia facilis ex. Ab aut inventore quis. Nobis corporis voluptate.','N',0,'DRAFT',1,'2025-02-03 17:07:10','2026-01-31 02:22:25');
INSERT INTO notices (notice_id,scope,event_id,notice_title,content,file_attached,is_pinned,status,created_by_admin_id,created_at,updated_at) VALUES (8,'PROGRAM',NULL,'Sed dolorum rerum architecto quos porro.','Distinctio distinctio distinctio perferendis ab tempore. Quis architecto excepturi excepturi.
Qui quae doloremque ut tempora. Architecto soluta vitae ducimus dolor.
Quia mollitia soluta delectus. Vel recusandae dolore rem. Blanditiis perspiciatis sequi sapiente ut optio.
Quaerat voluptas consequatur. Officiis reprehenderit ipsa impedit blanditiis. Mollitia laboriosam consectetur veniam distinctio dignissimos distinctio at.','N',0,'PUBLISHED',1,'2023-06-07 01:13:35','2024-03-15 11:11:22');
INSERT INTO notices (notice_id,scope,event_id,notice_title,content,file_attached,is_pinned,status,created_by_admin_id,created_at,updated_at) VALUES (9,'EVENT',14,'Debitis quae atque.','Aperiam repudiandae soluta magni sapiente. Magni ipsum placeat consequuntur quam totam consequuntur. Nisi eos magnam magni at commodi.
Quo nulla atque perspiciatis illum voluptatum. Laboriosam molestiae in quasi aut aspernatur.
A veniam quos ullam deleniti. Vitae ut fugit. Laudantium mollitia itaque.
Repudiandae delectus enim nemo cum. Dolore sunt ipsam harum voluptatibus.','N',0,'DRAFT',1,'2024-01-29 13:17:13','2024-11-26 22:35:54');
INSERT INTO notices (notice_id,scope,event_id,notice_title,content,file_attached,is_pinned,status,created_by_admin_id,created_at,updated_at) VALUES (10,'ALL',2,'Iure rem tempore.','Tempore deleniti consequatur quidem repudiandae. Architecto ut modi doloremque. Quibusdam nobis ab numquam.
Natus provident quia deserunt eaque. Laudantium deserunt aliquam totam harum aspernatur.
Temporibus libero officia. Debitis minima earum facere at. Suscipit dicta facilis eos veritatis molestiae nesciunt. Nulla placeat temporibus optio ea voluptatibus.','N',0,'PUBLISHED',1,'2024-04-16 04:32:32','2025-10-30 07:02:11');
-- Insert into boards
INSERT INTO boards (board_id,board_name,board_type,is_active,created_at) VALUES (1,'자유게시판','FREE',1,'2025-07-31 06:35:07');
INSERT INTO boards (board_id,board_name,board_type,is_active,created_at) VALUES (2,'정보게시판','INFO',1,'2023-12-08 12:09:02');
INSERT INTO boards (board_id,board_name,board_type,is_active,created_at) VALUES (3,'후기게시판','REVIEW',1,'2024-06-12 12:01:31');
INSERT INTO boards (board_id,board_name,board_type,is_active,created_at) VALUES (4,'질문답변','QNA',1,'2024-12-06 12:34:37');
INSERT INTO boards (board_id,board_name,board_type,is_active,created_at) VALUES (5,'FAQ','FAQ',1,'2023-11-07 14:52:53');
-- Insert into posts
INSERT INTO posts (post_id,board_id,user_id,post_title,content,answer_content,answered_at,file_attached,status,view_count,created_at,updated_at,is_deleted,is_comment_enabled) VALUES (1,1,46,'Iusto repudiandae voluptatibus quam necessitatibus.','Incidunt dolor corporis doloribus omnis porro voluptatem nostrum. Possimus quisquam doloremque.
Porro corrupti autem. Dignissimos eos qui temporibus. Omnis nostrum ad porro mollitia sint eligendi quis.
Eos dolorem soluta odit delectus atque animi. Ipsam architecto ad totam. Corporis aliquid quae cumque dolor repudiandae quae.
Nobis officia dolorem pariatur sapiente. Reiciendis doloribus sapiente repudiandae sit.
Porro saepe voluptates magnam omnis. Similique quod commodi mollitia quisquam iste.
Nam rerum veniam. Laborum fuga quae.
Odio aliquid architecto molestias delectus culpa harum sequi. Ipsam saepe dolore dolor a expedita.
Temporibus nisi est. Nostrum consequuntur veniam animi quasi impedit.',NULL,NULL,'N','DRAFT',159,'2024-01-17 14:01:40','2024-03-14 18:17:22',0,1);
INSERT INTO posts (post_id,board_id,user_id,post_title,content,answer_content,answered_at,file_attached,status,view_count,created_at,updated_at,is_deleted,is_comment_enabled) VALUES (2,1,72,'Eum assumenda iste corporis error.','Delectus doloribus quis repellendus voluptatem fugit. Sapiente itaque vitae vero eligendi natus unde. Suscipit nihil quod culpa aliquam ducimus sit alias.
Vitae dolorum enim nobis culpa blanditiis veniam. Quibusdam reiciendis laboriosam corporis culpa.
Fugiat ipsum sapiente vel id. Eligendi soluta quas doloribus. Odio modi ad.
Voluptatem maxime saepe ipsam. Suscipit harum dolores fugit. Qui eligendi vitae natus quod. Autem officia eaque dolore esse.
Officia ad unde harum dolore vero.
Modi enim consequatur quis nihil eligendi aspernatur labore. Excepturi id nemo earum magni. Impedit quaerat quas iusto nesciunt laboriosam officiis dolore. Facere est molestias sit tempore reprehenderit.
Soluta facilis quo beatae tempore facilis. Vitae quo nisi corporis soluta alias.',NULL,NULL,'N','DRAFT',337,'2024-01-28 13:58:57','2025-09-27 11:08:27',0,1);
INSERT INTO posts (post_id,board_id,user_id,post_title,content,answer_content,answered_at,file_attached,status,view_count,created_at,updated_at,is_deleted,is_comment_enabled) VALUES (3,1,89,'Quia eligendi minima nemo ducimus dolor.','Blanditiis maxime ab maxime assumenda reprehenderit.
Eaque maiores cumque eius ratione praesentium.
Beatae molestias numquam voluptatibus culpa sit. Praesentium dignissimos cupiditate dolorem soluta sit. Quos voluptate ducimus praesentium nemo dolore.
Sit delectus sint pariatur mollitia quaerat. Asperiores animi modi iste ex harum id aliquid. Voluptates inventore velit aliquam molestias.
Consequatur magni qui unde labore sit. Sit ducimus consequatur doloremque numquam beatae odio et. Sint sapiente tempore minus.
Dolore quisquam laborum. Eligendi accusantium vel enim fugiat. Earum voluptate quod reprehenderit.
Nulla ad nemo enim.
Sunt iste placeat. Necessitatibus excepturi sapiente. Iure perferendis impedit esse iste tempore.',NULL,NULL,'N','HIDDEN',364,'2024-05-06 19:25:10','2024-09-06 19:12:37',0,1);
INSERT INTO posts (post_id,board_id,user_id,post_title,content,answer_content,answered_at,file_attached,status,view_count,created_at,updated_at,is_deleted,is_comment_enabled) VALUES (4,1,90,'Nisi recusandae voluptatem debitis.','Aperiam quia delectus id expedita fuga deserunt. Reprehenderit culpa saepe sequi quae.
Voluptates ut laborum nostrum nisi dolorem nihil tempore. Qui fuga suscipit quo unde mollitia. Officiis odit temporibus officiis aliquid amet.
Doloremque consequatur voluptates sunt quia labore quaerat amet. Nihil neque eius suscipit suscipit. Nam perferendis quidem inventore ipsam. Veniam id reprehenderit cupiditate fugiat quaerat molestiae.
Eveniet omnis assumenda itaque.
Labore eius eos asperiores illo quam. Dolorem velit dolore blanditiis cumque nulla.
Officiis perspiciatis sapiente minus. Ut perspiciatis ab adipisci odit.
Iure incidunt perferendis illum vitae magnam. Laborum suscipit sapiente odit. Repellendus adipisci aliquam. Commodi neque atque et repellendus.',NULL,NULL,'N','HIDDEN',69,'2024-09-02 21:50:36','2025-07-10 04:57:14',0,1);
INSERT INTO posts (post_id,board_id,user_id,post_title,content,answer_content,answered_at,file_attached,status,view_count,created_at,updated_at,is_deleted,is_comment_enabled) VALUES (5,1,92,'Dicta nihil facere ratione temporibus excepturi.','Officia perferendis iste officiis nihil inventore. Nulla molestias tempora aspernatur itaque excepturi possimus. Consequatur odio consequuntur laborum autem ipsum quo doloribus.
Autem dignissimos quos accusamus quas. Tempore placeat dignissimos saepe quod ut.
Corporis fugiat asperiores exercitationem. Laudantium dolorem earum iusto neque dolorem expedita.
Asperiores excepturi laboriosam id laudantium vitae laborum. Magnam aliquam veritatis deleniti dolor.
Placeat qui hic fuga excepturi. Culpa consequatur minus unde consequatur. Perspiciatis dicta necessitatibus tenetur soluta numquam.
Ab doloribus nemo culpa distinctio quidem dolorum dolor. Voluptatem magni ea natus deleniti maxime et quaerat. Odio est aut iste consequatur voluptas.',NULL,NULL,'N','PUBLISHED',84,'2023-11-16 19:58:41','2025-01-18 09:14:13',0,1);
INSERT INTO posts (post_id,board_id,user_id,post_title,content,answer_content,answered_at,file_attached,status,view_count,created_at,updated_at,is_deleted,is_comment_enabled) VALUES (6,1,22,'Quibusdam laborum ipsa nam accusantium totam.','Porro amet eius eos. Optio ratione pariatur dolorum deserunt porro esse. Cum cumque labore ipsum neque cupiditate eligendi.
Amet ab ullam quaerat. Deserunt corporis ducimus consequuntur velit inventore.
Iusto dicta voluptas ducimus dolore nobis. Aut nostrum possimus ipsam voluptate nemo soluta. Doloremque fugiat quidem. Quas magnam ad itaque suscipit ut alias.
Delectus incidunt amet nam hic. Illum sunt placeat distinctio eos ad. Ipsa minima molestias commodi voluptatem officiis quos.
Quod nihil culpa fugiat accusantium facere. Sunt officiis ex ipsa.
Vitae veritatis dolorem quod. Recusandae laborum numquam pariatur dolor recusandae. Nisi esse ratione aut repudiandae suscipit.
Ex maiores ad nam debitis neque iste. Quisquam quibusdam sunt earum.',NULL,NULL,'N','PUBLISHED',68,'2023-05-13 06:44:12','2025-12-25 20:06:08',0,1);
INSERT INTO posts (post_id,board_id,user_id,post_title,content,answer_content,answered_at,file_attached,status,view_count,created_at,updated_at,is_deleted,is_comment_enabled) VALUES (7,1,76,'Tempore ullam repellat ipsum nesciunt soluta.','Architecto totam ipsa ipsum. Cum aspernatur perferendis veritatis perspiciatis explicabo nulla temporibus. Consequatur ex quidem aspernatur debitis dolores.
Repellat totam rem et laudantium odit voluptatibus. Eaque blanditiis mollitia illum voluptas a officia similique.
Odit vitae dolores asperiores. Dolores mollitia rem.
Laboriosam facere ab similique. Tenetur facere voluptates corporis. Expedita doloribus temporibus.
Provident veniam perspiciatis autem. Inventore error repellat accusamus a dolore deserunt. Libero sapiente similique necessitatibus nemo iusto.
Ut maxime quod perspiciatis. Rerum libero sequi debitis expedita consectetur dolore. Velit qui corporis error ipsa aliquid sunt.
Itaque tempore consequatur minus. Voluptate ullam laborum aliquid.',NULL,NULL,'N','HIDDEN',287,'2023-03-22 11:05:25','2025-06-02 18:44:19',0,1);
INSERT INTO posts (post_id,board_id,user_id,post_title,content,answer_content,answered_at,file_attached,status,view_count,created_at,updated_at,is_deleted,is_comment_enabled) VALUES (8,1,5,'Veritatis quo provident illum quae.','Numquam odio sequi dolores modi deleniti. Dolorem saepe facilis.
Aspernatur ipsam vel. Laudantium tenetur eveniet corrupti blanditiis.
Natus nesciunt sed. Excepturi in quo rerum adipisci.
Ipsa libero atque. Cupiditate possimus provident accusantium facilis perspiciatis. Incidunt ut hic.
Dolorem esse illo eligendi.
Eveniet architecto consequatur iste animi a vitae eius. Magnam numquam voluptas reprehenderit. Nam debitis maxime voluptatem sunt libero.
Occaecati sequi vel nostrum nostrum repellendus facilis eum. Ipsum nulla culpa numquam in dicta. Voluptatum cum nesciunt recusandae cupiditate beatae illum.
Aliquam recusandae accusantium. Facere nihil magni ad omnis voluptatibus aspernatur. Earum ut suscipit nam laboriosam aspernatur.',NULL,NULL,'N','PUBLISHED',419,'2024-11-06 06:49:26','2025-08-26 05:25:51',0,1);
INSERT INTO posts (post_id,board_id,user_id,post_title,content,answer_content,answered_at,file_attached,status,view_count,created_at,updated_at,is_deleted,is_comment_enabled) VALUES (9,1,56,'Nisi cum vero debitis corrupti atque.','Itaque fugiat nobis perspiciatis harum culpa. Possimus magnam esse. Incidunt necessitatibus quo fugiat eius ad sapiente.
Vero eos ex itaque dolorum natus. Iste quidem a autem repellendus. Repudiandae quaerat at illum cum.
Fuga sed excepturi rerum. Vel inventore voluptatum corrupti sunt dolores doloribus accusantium. Voluptatibus accusamus explicabo ipsam vel maxime fugit debitis.
Cumque dolores repellat inventore saepe recusandae ratione. Assumenda sapiente sit ipsam architecto. Tenetur beatae id doloremque hic. Sint libero corrupti molestiae numquam dolorem.
Deleniti reprehenderit sint repellendus accusantium omnis aliquam. Eius fuga magnam quia reprehenderit. Suscipit iure ducimus aliquid repellendus cumque. Libero recusandae nobis eaque.',NULL,NULL,'N','HIDDEN',367,'2025-07-05 17:52:36','2025-10-05 09:56:42',0,1);
INSERT INTO posts (post_id,board_id,user_id,post_title,content,answer_content,answered_at,file_attached,status,view_count,created_at,updated_at,is_deleted,is_comment_enabled) VALUES (10,1,62,'Animi voluptas corrupti deleniti.','Aperiam iste fuga iusto illum. Nam asperiores repellendus quas magnam cupiditate veritatis dolores. Dignissimos totam velit laboriosam maiores.
Aliquam nostrum voluptatum consequuntur tempora alias iusto molestias. Eaque expedita reprehenderit dolorum ad possimus.
Corrupti animi ullam distinctio quidem hic excepturi. Veritatis id amet sit.
Fuga non dicta. Officiis unde ipsa molestiae. Sit quisquam ea laudantium harum praesentium.
Officiis dolorem ad quaerat veritatis. Nulla aut qui placeat aspernatur non. Praesentium minus maxime maxime illum.
Quos laboriosam at eligendi. Alias natus suscipit exercitationem eveniet quod. Eveniet perferendis placeat omnis est illum quia.',NULL,NULL,'N','DRAFT',407,'2023-11-20 01:06:09','2024-04-29 06:37:18',0,1);
INSERT INTO posts (post_id,board_id,user_id,post_title,content,answer_content,answered_at,file_attached,status,view_count,created_at,updated_at,is_deleted,is_comment_enabled) VALUES (11,1,39,'Placeat placeat hic optio deserunt nulla.','Ea aliquam exercitationem velit non architecto assumenda. Nesciunt placeat reiciendis recusandae quis. Doloribus accusamus amet occaecati quia unde.
Suscipit repellat totam unde sed perspiciatis aspernatur animi. Molestiae amet voluptates exercitationem sit sit perspiciatis voluptatem.
Debitis rem enim id vel recusandae. Maxime at ullam voluptatum. Enim accusamus officiis iusto eligendi quos iusto occaecati.
Laboriosam velit eum quos fugiat reiciendis. Consequatur veritatis debitis error explicabo.
Explicabo quibusdam deleniti voluptates. Laudantium placeat accusamus quidem. Unde atque adipisci laudantium provident in. Hic sit ullam quia optio.
Id et ullam placeat velit ullam impedit. Error facere perspiciatis nam sit. Iure provident quidem minus.',NULL,NULL,'N','PUBLISHED',57,'2024-07-02 15:53:03','2025-03-12 08:54:58',0,1);
INSERT INTO posts (post_id,board_id,user_id,post_title,content,answer_content,answered_at,file_attached,status,view_count,created_at,updated_at,is_deleted,is_comment_enabled) VALUES (12,1,47,'Quasi quo sunt odio dolorum nobis.','Cumque minus harum minus vero. Nisi minima laudantium.
Maiores commodi officiis officia aut deleniti. Accusamus voluptates temporibus soluta ratione vitae dicta modi. Sunt mollitia recusandae. Ipsam corrupti quaerat nemo perspiciatis sed mollitia cumque.
Vitae dolor deleniti molestias molestiae. Molestiae asperiores porro nulla. Quas quia minus neque consequatur eius corporis.
Reprehenderit incidunt nemo adipisci aspernatur dolorum animi. Esse rem quas fugiat. Maiores praesentium magnam modi.
At debitis ab eos delectus. Cumque repudiandae repellendus sed cupiditate.
Quas eius error repudiandae magnam incidunt nobis. Voluptate dignissimos blanditiis consequuntur.
Animi quos atque a dolorum. Ullam magnam ullam blanditiis. Consectetur quisquam quo amet.',NULL,NULL,'N','HIDDEN',403,'2023-06-13 22:06:34','2025-12-02 23:45:36',0,1);
INSERT INTO posts (post_id,board_id,user_id,post_title,content,answer_content,answered_at,file_attached,status,view_count,created_at,updated_at,is_deleted,is_comment_enabled) VALUES (13,1,41,'Temporibus iure itaque dolorem veniam aliquid.','Repellat illo pariatur. Nostrum nihil minima expedita recusandae.
Accusamus alias in dolorem. Et doloremque eaque ipsam ullam. Totam voluptatum error nisi.
Maiores deserunt tempore cupiditate debitis eius. Aliquid ex perferendis veritatis assumenda deleniti. Placeat impedit beatae fuga beatae nulla.
Quisquam mollitia ut. Repudiandae facilis fugit magnam atque dolorem odit. Eveniet reiciendis occaecati quae fugiat adipisci a. Sed quidem corrupti libero.
Nulla dicta culpa asperiores sed. Culpa adipisci suscipit eaque provident earum. Quibusdam asperiores consectetur sint.
Vel quisquam dolor ipsa dolor. Sequi voluptatem ut. Neque maiores id impedit repudiandae et corporis tempore. Laboriosam cum accusantium delectus.',NULL,NULL,'N','DRAFT',478,'2025-03-06 10:12:19','2025-06-10 13:54:23',0,1);
INSERT INTO posts (post_id,board_id,user_id,post_title,content,answer_content,answered_at,file_attached,status,view_count,created_at,updated_at,is_deleted,is_comment_enabled) VALUES (14,1,73,'Placeat praesentium natus facilis aperiam minus error.','Suscipit vel modi quos molestiae culpa earum.
Ipsam dolore ea voluptate dolorem. In delectus doloremque eligendi recusandae occaecati hic. Aliquam et itaque mollitia maxime.
Eos reiciendis facilis sequi voluptate iusto totam. Corporis animi facilis vel. Velit asperiores voluptatibus praesentium accusamus.
Minus quam ad veniam hic facere animi. Quos beatae inventore dolor in. Commodi minus perferendis officia voluptatum itaque dolorum. Corrupti error nulla totam.
Fuga quia dolore perspiciatis aspernatur minus. Impedit itaque inventore.
Ipsa ex minus voluptatibus quod sunt incidunt. Aliquam reprehenderit facilis sapiente quibusdam laboriosam blanditiis.
Architecto corrupti minus sed consectetur. Unde veniam qui.',NULL,NULL,'N','PUBLISHED',444,'2024-04-05 16:43:14','2025-03-22 22:48:17',0,1);
INSERT INTO posts (post_id,board_id,user_id,post_title,content,answer_content,answered_at,file_attached,status,view_count,created_at,updated_at,is_deleted,is_comment_enabled) VALUES (15,1,70,'Ullam adipisci facere reprehenderit dignissimos.','Esse minus assumenda autem quidem placeat maxime. Eveniet praesentium eligendi nostrum. Enim repudiandae blanditiis nihil maiores provident facilis.
Reprehenderit laboriosam facilis aperiam. Temporibus quidem dicta blanditiis ea ipsum qui. Odit repudiandae odio.
Eveniet atque architecto quam aliquid expedita harum. Cum fugiat quos corporis voluptas et. Commodi sit nisi sint.
Quod nulla inventore eos. Laborum facere ipsam necessitatibus veritatis molestias quidem. Cum vel maxime eaque laborum veniam incidunt.
Quibusdam perferendis veritatis dolor. Facere doloribus commodi suscipit deserunt.
Ut nobis rerum quasi. Itaque at corporis nemo.
Voluptate quibusdam consequatur debitis explicabo earum quidem. Labore quos ullam illum nesciunt nobis eveniet. Dolore minus fugiat impedit.',NULL,NULL,'N','DRAFT',16,'2025-03-19 09:16:05','2026-01-09 20:47:36',0,1);
INSERT INTO posts (post_id,board_id,user_id,post_title,content,answer_content,answered_at,file_attached,status,view_count,created_at,updated_at,is_deleted,is_comment_enabled) VALUES (16,1,6,'Veniam harum corporis adipisci consectetur expedita at.','Enim officia dignissimos numquam neque dolores. Atque rerum nulla ut error totam amet.
Odio fuga minus blanditiis harum autem asperiores. Accusamus aut velit maxime neque.
Sed nostrum consequatur error tenetur. Molestias recusandae iusto reprehenderit alias rem temporibus nihil.
Esse doloribus laudantium ipsum veniam. Consequatur laudantium consequatur voluptatibus debitis cum veritatis perferendis. Aperiam adipisci delectus eius quisquam.
Corporis recusandae quibusdam. Velit repellendus ipsam aliquam eveniet ipsa fugit. Vitae accusamus ea quisquam. Dignissimos harum nemo veritatis.
Sit aliquam delectus veniam temporibus. Quas hic molestiae consectetur adipisci asperiores adipisci.',NULL,NULL,'N','PUBLISHED',164,'2025-03-09 04:48:46','2025-08-18 10:38:51',0,1);
INSERT INTO posts (post_id,board_id,user_id,post_title,content,answer_content,answered_at,file_attached,status,view_count,created_at,updated_at,is_deleted,is_comment_enabled) VALUES (17,1,88,'Itaque ut aperiam beatae.','Ratione adipisci facere doloremque. Iste sed tenetur voluptatibus. Repudiandae necessitatibus sint dolor eius.
Fugit eum eos iure ipsam. Molestiae magnam corporis perferendis vel corrupti. Perferendis veritatis numquam dolorum iure porro fuga.
Consequatur accusamus accusamus occaecati quibusdam. At fuga esse blanditiis.
Itaque voluptatibus pariatur aperiam et ea sint itaque. Ipsam officia assumenda eaque minima non voluptates ad. Laudantium illum modi delectus.
Ab vitae voluptate rem ab sint dignissimos. In distinctio officiis laborum nihil dolorem architecto. Eligendi quia nam eveniet beatae sapiente animi. Dolorem eos voluptates quisquam laudantium velit.
Quisquam ratione natus in aliquid animi nemo. Tenetur minus facere maiores hic delectus.',NULL,NULL,'N','PUBLISHED',86,'2025-06-07 08:11:41','2025-11-20 03:51:05',0,1);
INSERT INTO posts (post_id,board_id,user_id,post_title,content,answer_content,answered_at,file_attached,status,view_count,created_at,updated_at,is_deleted,is_comment_enabled) VALUES (18,1,54,'Magnam reprehenderit magnam quis eum ab.','Magni at a accusamus fugiat nobis. Quaerat eaque a.
Necessitatibus animi earum asperiores quia occaecati aut. Nulla molestias asperiores voluptatum veritatis. Cum enim nesciunt blanditiis autem.
Blanditiis ut necessitatibus distinctio. Omnis voluptates tempora occaecati accusamus.
Eligendi sunt debitis iste similique. Mollitia omnis veniam ab tempore dolores delectus. Ad sunt dolorum distinctio.
Deleniti provident architecto quam.
Error impedit modi architecto. Asperiores aliquam distinctio voluptas minus. Culpa veritatis rem vitae consequatur.
Quae cum officia eius est aliquid. Tempora ratione magni accusamus adipisci reprehenderit voluptatem hic. Maxime quibusdam sed doloremque repellendus recusandae.
Eligendi est eveniet pariatur aperiam. Ad iusto necessitatibus id ducimus molestiae.',NULL,NULL,'N','HIDDEN',138,'2024-01-01 18:06:27','2024-06-21 19:44:34',0,1);
INSERT INTO posts (post_id,board_id,user_id,post_title,content,answer_content,answered_at,file_attached,status,view_count,created_at,updated_at,is_deleted,is_comment_enabled) VALUES (19,1,78,'Ratione in exercitationem voluptas minus sequi.','Sint repellendus nobis odio earum. Voluptate doloribus esse alias. Doloremque earum architecto reprehenderit amet.
Sint perspiciatis temporibus sint nam numquam. Necessitatibus necessitatibus cupiditate amet sapiente. Necessitatibus vel enim architecto beatae quos nulla.
Assumenda mollitia officia rerum accusantium enim nisi. Placeat nesciunt enim sint molestiae et doloribus.
Quibusdam laboriosam incidunt tempore aperiam. Error pariatur quibusdam facilis.
Deleniti rerum quo quibusdam incidunt eaque laboriosam. Quo quos assumenda molestiae voluptas necessitatibus. Porro blanditiis cupiditate veniam maiores dignissimos reiciendis.
Neque aliquid neque veniam neque quaerat. Occaecati ea ducimus dignissimos.',NULL,NULL,'N','PUBLISHED',326,'2023-11-08 03:55:40','2024-12-30 10:21:59',0,1);
INSERT INTO posts (post_id,board_id,user_id,post_title,content,answer_content,answered_at,file_attached,status,view_count,created_at,updated_at,is_deleted,is_comment_enabled) VALUES (20,1,64,'Nemo debitis nemo.','Quidem consequuntur officia non placeat dolores. Labore excepturi facilis praesentium nostrum illo necessitatibus.
Quis excepturi iusto. Pariatur sapiente corporis.
Cumque hic quaerat quis fugit beatae est.
Maiores quidem fugiat. Quasi deserunt explicabo facere molestias corrupti. Blanditiis corrupti deleniti vitae voluptas.
Recusandae occaecati voluptate dolorum neque perferendis dolorum. Repellendus totam voluptas iure cum.
Quasi corporis ullam quam. Incidunt quo fugit corrupti nisi repellat perferendis repellat.
Tempora quis ea sunt culpa natus. Blanditiis a voluptates atque tempore quam repellendus eos.
Qui placeat libero. Ullam aperiam commodi mollitia.
Blanditiis ratione placeat suscipit unde provident alias. Explicabo excepturi temporibus doloribus quis consequuntur laboriosam.',NULL,NULL,'N','DRAFT',499,'2024-03-18 09:58:02','2025-07-16 23:15:58',0,1);
INSERT INTO posts (post_id,board_id,user_id,post_title,content,answer_content,answered_at,file_attached,status,view_count,created_at,updated_at,is_deleted,is_comment_enabled) VALUES (21,1,40,'Vitae voluptates dignissimos quibusdam eius laborum deleniti.','Vitae quas assumenda facere eius commodi nesciunt. Impedit dolore illo ipsum quos. Laudantium molestias beatae quae ullam officiis in.
Aut numquam nam minus.
Corrupti quasi aut quas veniam sit.
Eveniet omnis occaecati earum veritatis sapiente a sapiente. Aperiam modi eius vero in vero.
Tenetur itaque harum sapiente aspernatur. Aperiam facilis accusantium debitis quibusdam.
Odio tempora voluptatibus autem corrupti. Voluptate tempora perferendis numquam illo provident. Impedit doloribus odit beatae dolor asperiores.
Vitae pariatur nihil fuga culpa. Minima tenetur repellat laboriosam eum necessitatibus.
Facilis consequuntur ullam asperiores tenetur necessitatibus necessitatibus. Tenetur laboriosam consectetur eveniet facere dicta culpa aliquid.',NULL,NULL,'N','PUBLISHED',17,'2024-06-27 11:01:48','2024-12-25 14:28:25',0,1);
INSERT INTO posts (post_id,board_id,user_id,post_title,content,answer_content,answered_at,file_attached,status,view_count,created_at,updated_at,is_deleted,is_comment_enabled) VALUES (22,1,30,'Occaecati est praesentium optio pariatur libero fuga.','Enim assumenda porro. Temporibus nulla laborum fuga.
Eaque dicta delectus dolores perspiciatis. Non autem aspernatur ipsum itaque.
Sed asperiores eius similique sint laudantium magnam. Voluptatum consequuntur nemo eligendi illo. Officia quis explicabo quia qui.
Accusamus iste nesciunt libero explicabo earum. Incidunt ipsam quis nam quas. Repellendus unde ut unde voluptate magni.
Accusantium vero nostrum repellendus amet aliquam excepturi. Fugit quidem soluta earum consequuntur pariatur odit. Exercitationem quis culpa atque.
Nam eligendi deserunt praesentium facere. Occaecati repellendus quae beatae dolor repellendus quasi minus.
Hic quo alias inventore laborum. Suscipit eligendi ab repellendus pariatur.',NULL,NULL,'N','PUBLISHED',139,'2024-11-18 06:20:47','2025-01-12 09:07:39',0,1);
INSERT INTO posts (post_id,board_id,user_id,post_title,content,answer_content,answered_at,file_attached,status,view_count,created_at,updated_at,is_deleted,is_comment_enabled) VALUES (23,1,8,'Error perspiciatis illum quae libero in recusandae.','Reprehenderit in culpa. Facere incidunt beatae eveniet nihil.
Mollitia iste adipisci dignissimos fuga sed aperiam libero. Placeat occaecati odit aspernatur. Sed fugiat voluptas recusandae tenetur culpa libero.
Nesciunt voluptatem aliquid vel. Tempore ipsum sed in totam tenetur facere.
Voluptatem quia quibusdam veniam accusantium molestias officiis.
Exercitationem qui dolor vel placeat magni nam. Distinctio mollitia occaecati debitis vitae doloremque culpa. Sequi quidem ducimus sunt.
Molestias quidem dicta reiciendis. Nemo consectetur iusto quod molestiae minima alias. Sapiente modi unde occaecati omnis nesciunt.
Nostrum iusto similique sed qui. Harum iusto ab voluptas mollitia quam.
Veniam et eos. Reiciendis velit delectus voluptates eos sunt sunt.',NULL,NULL,'N','DRAFT',27,'2025-11-06 23:06:05','2026-01-16 05:29:18',0,1);
INSERT INTO posts (post_id,board_id,user_id,post_title,content,answer_content,answered_at,file_attached,status,view_count,created_at,updated_at,is_deleted,is_comment_enabled) VALUES (24,1,46,'Blanditiis nulla doloremque placeat.','Autem natus praesentium facere tempore illum iusto. Accusantium mollitia eaque omnis. Et pariatur inventore sequi saepe ipsam voluptate. Fuga sed optio fuga voluptatum doloremque molestiae magnam.
Optio ex quo maxime a rerum. Deleniti autem repellendus nemo ipsa unde. Ea perspiciatis est hic sequi.
In facilis voluptatum esse. Dolores vero at occaecati earum. Ullam perferendis voluptatum aliquam distinctio ex vel.
Libero quos quod. Tempore deleniti ad veritatis soluta esse voluptas rerum. Eaque perferendis velit ducimus sint unde.
Voluptas accusamus incidunt nihil amet possimus. Et fuga molestias rem dolore eaque.
Minima consequuntur tempora ex totam laborum. Exercitationem asperiores doloribus aperiam.',NULL,NULL,'N','HIDDEN',93,'2025-11-23 23:49:17','2026-02-17 03:36:37',0,1);
INSERT INTO posts (post_id,board_id,user_id,post_title,content,answer_content,answered_at,file_attached,status,view_count,created_at,updated_at,is_deleted,is_comment_enabled) VALUES (25,1,80,'Perspiciatis molestiae possimus iste cumque totam neque.','Rerum atque assumenda assumenda quis quod nostrum voluptate. Optio quae quia.
Cumque iure neque minima ad. Magnam eaque sed cupiditate fugit eligendi. Ex commodi nemo.
Accusantium at commodi optio veritatis iure quidem. Culpa fuga ab blanditiis asperiores et.
Officia maiores autem consequatur fugiat fuga. Voluptatem sapiente officiis quas voluptate fugit nobis. Laboriosam voluptates a molestiae enim aspernatur quaerat illum.
Aperiam unde dicta quam illo commodi culpa. Omnis nam repellendus minus. Itaque maxime harum.
Possimus dolores dolor molestiae. Pariatur harum ullam in doloremque. Dolorem placeat fugit sequi nulla.
Dicta enim nihil laudantium quidem facilis amet.
Quae sequi minus suscipit quasi. Voluptatem laboriosam sint perferendis itaque.',NULL,NULL,'N','HIDDEN',133,'2025-08-05 05:01:43','2025-09-20 14:59:37',0,1);
INSERT INTO posts (post_id,board_id,user_id,post_title,content,answer_content,answered_at,file_attached,status,view_count,created_at,updated_at,is_deleted,is_comment_enabled) VALUES (26,1,74,'Rem officiis itaque sunt explicabo cumque autem.','Modi at vero excepturi. Consequatur in expedita ipsam corrupti. Eos saepe facere sint necessitatibus.
Temporibus voluptatem eius iste. Saepe atque illum voluptate totam. Ut ut dolorum quidem sunt.
Dicta veniam sit accusamus nobis recusandae voluptas. Fugiat vel distinctio corrupti incidunt. Nihil pariatur eveniet assumenda voluptatum praesentium.
Inventore necessitatibus assumenda ipsa deserunt repellendus. Modi cupiditate pariatur recusandae dignissimos aperiam.
Veniam delectus soluta qui. Aliquid fugiat exercitationem a ad similique vero. Mollitia officia commodi ratione consectetur iusto recusandae. Sequi necessitatibus accusantium nihil odit repudiandae aliquid.
Culpa dolor dolorum aperiam libero saepe tempore dolores. Ipsum laudantium totam tempora. Deserunt laboriosam a eos.',NULL,NULL,'N','DRAFT',87,'2024-09-25 21:44:36','2024-11-07 09:17:22',0,1);
INSERT INTO posts (post_id,board_id,user_id,post_title,content,answer_content,answered_at,file_attached,status,view_count,created_at,updated_at,is_deleted,is_comment_enabled) VALUES (27,1,65,'Harum soluta doloribus.','Incidunt quo dignissimos ex cumque reprehenderit. Ipsa placeat perferendis quas ipsa ullam. Blanditiis quidem hic.
Dolor laudantium aspernatur. Nihil sunt odit provident. Minus assumenda harum.
Sapiente voluptates perspiciatis cum natus fugiat. Debitis tempore iure ea dignissimos quaerat repudiandae. Recusandae dicta corrupti natus unde voluptate. Facilis earum quisquam voluptates doloribus minima odio.
Officia ipsum ex suscipit. Facilis nam sint voluptatem. Aliquid rerum nulla.
Rem alias aliquid sunt. Alias odio nisi temporibus quidem unde excepturi.
Temporibus itaque illum delectus perspiciatis odit. Cumque ab natus nostrum et.
Eos aspernatur et minima. Debitis voluptate facilis nulla.',NULL,NULL,'N','HIDDEN',391,'2024-05-21 16:16:41','2024-11-11 04:24:18',0,1);
INSERT INTO posts (post_id,board_id,user_id,post_title,content,answer_content,answered_at,file_attached,status,view_count,created_at,updated_at,is_deleted,is_comment_enabled) VALUES (28,1,9,'Tempore officiis asperiores quo fugiat totam.','Accusamus molestias optio recusandae eius optio tempora quas. Velit voluptatibus voluptate ullam numquam consequuntur.
At eius tenetur libero pariatur enim. Nam quod id nemo. Quis eos aperiam sequi.
Voluptatem beatae libero odit animi praesentium enim dicta. Aliquid placeat eligendi iure ab.
Eum itaque qui consequuntur. Voluptate totam officia. Fugit necessitatibus dicta sit maiores officiis esse. Eligendi hic molestias nesciunt voluptate tempore praesentium dolor.
Cum occaecati rerum explicabo sequi fugiat. Maiores id neque asperiores nisi voluptatibus ullam deleniti. Laudantium quasi veniam labore temporibus inventore perspiciatis in.
Cumque perspiciatis nam. Veritatis sapiente autem totam necessitatibus eveniet. Odio debitis eos ad cum.',NULL,NULL,'N','DRAFT',292,'2023-10-01 10:52:56','2024-09-23 05:07:07',0,1);
INSERT INTO posts (post_id,board_id,user_id,post_title,content,answer_content,answered_at,file_attached,status,view_count,created_at,updated_at,is_deleted,is_comment_enabled) VALUES (29,1,70,'Illo suscipit et consequuntur reiciendis.','Libero labore quaerat. Cupiditate expedita numquam amet eaque assumenda. Assumenda velit quae velit.
Magni voluptatibus et beatae. Iusto harum dolor illum.
Itaque quo voluptate temporibus. Tenetur quod quis.
Voluptatibus incidunt illum in autem rerum fugiat. Eius architecto laborum.
Incidunt veritatis fuga distinctio eligendi. Autem sit eveniet similique alias. Numquam eveniet sed asperiores.
Dolores alias consequatur numquam. Maxime odit nihil non illo at. At repellendus quidem laudantium et amet expedita.
Architecto ullam repudiandae nostrum accusamus. Facilis quo minima accusantium inventore amet veniam asperiores.
Rem iure nihil suscipit doloremque numquam debitis. Libero sed cumque tenetur voluptate totam. Et magnam nesciunt.',NULL,NULL,'N','DRAFT',400,'2025-07-09 01:10:17','2025-08-26 05:18:30',0,1);
INSERT INTO posts (post_id,board_id,user_id,post_title,content,answer_content,answered_at,file_attached,status,view_count,created_at,updated_at,is_deleted,is_comment_enabled) VALUES (30,1,83,'Quo nihil vero itaque.','Tempora ipsum rem accusantium nisi aliquam mollitia inventore. Itaque reprehenderit reiciendis quam.
Modi tenetur saepe voluptates. Modi unde reiciendis dolore. Iusto facere tenetur temporibus.
Ab accusamus nemo quia quis. Quaerat cupiditate eos nulla veritatis dolores. Ex ea repudiandae natus quidem.
Quis quod quibusdam commodi aspernatur impedit. Exercitationem dicta autem omnis cum. Accusantium cumque accusamus molestiae dolorem.
Cupiditate et saepe corrupti. Accusamus commodi unde saepe beatae. Et quis repellat quos minima est corrupti. Accusantium harum assumenda delectus necessitatibus.
Beatae tempora quisquam suscipit eos. Magnam sit velit veniam nulla cupiditate repellendus quod. Occaecati blanditiis quam eius in officia ipsam.',NULL,NULL,'N','HIDDEN',427,'2023-03-04 07:00:07','2023-03-31 00:24:03',0,1);
INSERT INTO posts (post_id,board_id,user_id,post_title,content,answer_content,answered_at,file_attached,status,view_count,created_at,updated_at,is_deleted,is_comment_enabled) VALUES (31,1,55,'Excepturi itaque quibusdam.','Sed aperiam eaque quis. Iure unde magni eveniet. Eius sequi ea expedita veniam doloribus. Nostrum neque eum ad incidunt illum numquam.
Odio eveniet vitae unde. Optio illo nam ullam. Aliquid officia alias laudantium.
Totam earum quia sit. Debitis veniam facilis beatae expedita animi incidunt.
Incidunt distinctio minus dolor repudiandae ab fugit. Aliquam dolores dicta ut iure.
Nemo vitae maxime assumenda hic voluptates. Animi illo perspiciatis fugiat ad vero.
Eos harum amet sunt earum dolores. Nobis molestiae totam ad error minima at. Quidem libero officiis nulla velit id necessitatibus.
Ducimus maiores eligendi mollitia voluptatem dicta commodi. Sapiente unde provident. Dolores aliquam commodi.',NULL,NULL,'N','PUBLISHED',101,'2025-09-13 10:07:48','2025-12-11 12:09:57',0,1);
INSERT INTO posts (post_id,board_id,user_id,post_title,content,answer_content,answered_at,file_attached,status,view_count,created_at,updated_at,is_deleted,is_comment_enabled) VALUES (32,1,64,'Id ratione occaecati.','Iusto eius numquam expedita saepe. Officia consequatur commodi deleniti vitae.
Similique aliquid eius ipsum. Aspernatur unde incidunt dolorem ducimus.
Magni blanditiis veniam nam. Quasi libero placeat nisi vel assumenda iusto. Voluptate veniam cumque culpa doloremque nesciunt.
Repudiandae autem nulla soluta ipsa. Nostrum dignissimos possimus hic doloribus consequatur.
Cum explicabo sint possimus tenetur. Fugiat labore eos accusantium quasi fuga nihil. Cum itaque occaecati illo excepturi velit explicabo. Sint blanditiis quisquam beatae eaque.
Est exercitationem aliquam. Incidunt dignissimos in sint. Quo totam quaerat aut.
Laudantium velit dolores explicabo accusantium earum. Pariatur quidem ipsam rerum similique. Animi perspiciatis explicabo cum quam aut veniam.',NULL,NULL,'N','HIDDEN',474,'2025-08-25 06:48:10','2026-01-26 19:54:27',0,1);
INSERT INTO posts (post_id,board_id,user_id,post_title,content,answer_content,answered_at,file_attached,status,view_count,created_at,updated_at,is_deleted,is_comment_enabled) VALUES (33,1,38,'Culpa temporibus rerum dolor commodi incidunt.','Cumque quaerat distinctio fugit maxime. Vitae libero quam dolor ratione suscipit officiis.
Commodi corrupti ipsum porro consectetur iure voluptate.
Optio corrupti explicabo deleniti quod velit maxime harum. Corporis deserunt rem autem pariatur.
Velit voluptate consequuntur a quidem enim aliquam. Dolor vero quae aliquam non.
Voluptas sunt similique atque. Voluptate beatae sint dolor ipsum ipsam unde.
Dolores quos iure autem quo minima. Nihil fuga quo esse labore eveniet. Ut aperiam quis dolore perferendis.
Deserunt recusandae iste sunt. Possimus dolor inventore dolores.
Sapiente commodi ut libero vero nostrum. Atque sint laboriosam similique. Unde numquam totam veniam dolore vel beatae.',NULL,NULL,'N','HIDDEN',443,'2026-02-02 10:17:23','2026-02-28 14:45:24',0,1);
INSERT INTO posts (post_id,board_id,user_id,post_title,content,answer_content,answered_at,file_attached,status,view_count,created_at,updated_at,is_deleted,is_comment_enabled) VALUES (34,1,41,'Ut voluptatem reiciendis recusandae.','Maxime asperiores quaerat exercitationem. Quaerat quo incidunt magni veniam.
Voluptas praesentium dolores aut nobis libero facilis. Sint ipsum deleniti maiores.
Molestiae voluptate sed error hic modi consectetur. Quidem sequi fugiat consectetur quibusdam quo velit.
Assumenda labore deleniti corrupti doloremque porro id. Nihil assumenda voluptas aut excepturi. Dolorem excepturi cumque unde.
Et nam mollitia earum ducimus. Commodi nemo voluptatibus ipsa.
Consequuntur minima fugiat voluptas consectetur. Soluta esse laudantium dignissimos ad itaque amet.
Minima nisi repellendus velit omnis. Quae incidunt quos modi. Nemo necessitatibus mollitia iusto quaerat. Placeat quae fugiat aliquid voluptatem adipisci.
Quibusdam excepturi ipsam nobis. Cumque ipsam nostrum error voluptas.',NULL,NULL,'N','PUBLISHED',126,'2025-06-26 23:24:21','2025-08-08 22:04:57',0,1);
INSERT INTO posts (post_id,board_id,user_id,post_title,content,answer_content,answered_at,file_attached,status,view_count,created_at,updated_at,is_deleted,is_comment_enabled) VALUES (35,1,28,'Beatae nobis quas consequuntur.','Illum nemo aut laboriosam recusandae. Non qui nihil sit officia. Inventore omnis eius sit.
Eveniet culpa porro. Ratione molestiae non recusandae voluptatum architecto.
Veniam esse deleniti expedita.
Incidunt quasi magni iste labore ratione dolor.
Fugiat ratione magnam temporibus. Quasi tempora atque. Quo asperiores odit qui excepturi sint. Rem facere pariatur sapiente ipsum.
Repellendus officiis repellat dolor itaque possimus. Et cum eveniet vitae. Qui laborum fugiat tempore.
Consequuntur voluptas commodi. Optio eaque vitae animi nulla nobis ea.
Sunt delectus molestiae magni. Suscipit nihil iure fugit facere.
Sit commodi saepe enim maiores. Iste omnis quasi optio. Doloribus sapiente alias commodi in voluptatum at et.
Provident soluta cumque reiciendis maxime.',NULL,NULL,'N','DRAFT',245,'2024-07-06 00:34:33','2025-05-31 04:44:28',0,1);
INSERT INTO posts (post_id,board_id,user_id,post_title,content,answer_content,answered_at,file_attached,status,view_count,created_at,updated_at,is_deleted,is_comment_enabled) VALUES (36,1,100,'Quibusdam ad itaque id accusamus molestiae.','Facere porro maiores ipsa fuga occaecati. Placeat harum quibusdam assumenda sit.
Unde sequi ut architecto. Asperiores saepe voluptatem sit voluptates quam fugiat modi. Laboriosam illo dolorem iusto qui.
Nobis quisquam veniam dicta sequi dolorem cum. Ab alias quibusdam officia placeat tenetur. Ad repudiandae asperiores.
Totam illo quas culpa facere. Blanditiis corrupti possimus eos atque. Error non illo aspernatur.
Autem repellat dolor impedit mollitia. Incidunt voluptate commodi commodi autem. Tempore culpa maiores quibusdam aliquam aspernatur ipsam illum.
Et odio a iure est distinctio maxime. Beatae quam vero aspernatur.
Quod modi a temporibus dolorem ratione aliquam. Nulla voluptatibus error inventore facilis sint. Accusamus commodi omnis.',NULL,NULL,'N','PUBLISHED',32,'2023-10-02 00:46:53','2024-03-29 19:51:33',0,1);
INSERT INTO posts (post_id,board_id,user_id,post_title,content,answer_content,answered_at,file_attached,status,view_count,created_at,updated_at,is_deleted,is_comment_enabled) VALUES (37,1,39,'Rem voluptas quos repellat dignissimos qui.','Iure facere dignissimos tempora aperiam libero similique. Dolores tenetur molestias voluptatem perferendis ratione rem. Sit earum necessitatibus laudantium.
Vitae ab qui eveniet. Reiciendis repellendus voluptates. Distinctio pariatur ea error.
Deserunt unde dolorum facilis sapiente laudantium. Aliquam accusamus repudiandae vitae ipsa error quibusdam.
Asperiores nostrum mollitia ratione. Minus repellat voluptate itaque. Asperiores consequuntur ducimus illo aspernatur. Occaecati non debitis quaerat amet placeat.
Molestiae velit omnis natus accusamus consectetur. Nesciunt unde neque molestias optio hic. Numquam quis est labore sequi.
Libero ex qui aliquam repudiandae ex. Quam cum aperiam necessitatibus mollitia nostrum commodi. Sunt accusamus tenetur atque eaque quis.',NULL,NULL,'N','HIDDEN',269,'2026-02-12 04:46:17','2026-02-21 03:03:26',0,1);
INSERT INTO posts (post_id,board_id,user_id,post_title,content,answer_content,answered_at,file_attached,status,view_count,created_at,updated_at,is_deleted,is_comment_enabled) VALUES (38,2,47,'Dignissimos perspiciatis voluptatem tenetur nobis ducimus eligendi.','Reiciendis ipsum fugiat quaerat dolore ullam esse. Hic corporis eligendi quaerat quos cupiditate magnam. Voluptatem voluptatem in esse facilis error commodi laboriosam.
Sed quia iusto sequi accusamus rem sint veritatis. Voluptatibus dolorem deleniti assumenda aspernatur. Culpa sit ratione dolor placeat facilis nulla similique.
Officia facilis odio ut ad aperiam vitae accusantium. Quo ipsa unde quis est.
Ut corporis repellat amet est aliquid veritatis.
Exercitationem magnam perferendis odio. Sit odit blanditiis magnam alias.
Incidunt ipsum quaerat ea unde. Deleniti ad necessitatibus incidunt eos ea odio. Maiores itaque totam molestias reprehenderit. Atque nobis itaque natus provident neque.
Ad voluptatibus impedit voluptate. Sunt ipsa sequi voluptas fugit quam autem quisquam.',NULL,NULL,'N','HIDDEN',278,'2023-12-25 19:15:41','2025-04-05 06:44:12',0,1);
INSERT INTO posts (post_id,board_id,user_id,post_title,content,answer_content,answered_at,file_attached,status,view_count,created_at,updated_at,is_deleted,is_comment_enabled) VALUES (39,2,55,'Eligendi quisquam aut similique.','Inventore nobis illum a dolore tempora. Dolor iste saepe voluptate inventore pariatur. Est ea enim blanditiis sunt assumenda maiores.
Non nesciunt asperiores neque quisquam cumque voluptas. Culpa natus esse a aspernatur nobis. Cum quos non non aut harum.
Sint quidem atque fugit. Nostrum veniam sit. Corporis molestias numquam inventore.
Possimus molestiae non totam totam. Ullam quasi enim incidunt rerum optio cum corrupti. Voluptas possimus esse fuga recusandae.
Id occaecati expedita iusto.
Necessitatibus earum cupiditate nisi. Nisi nam maiores optio.
Sapiente cum quaerat neque expedita laborum. Nostrum quo rerum molestiae officiis sed. Cum error omnis perferendis dolorem aperiam laborum.
Itaque temporibus necessitatibus rerum sed quisquam.',NULL,NULL,'N','HIDDEN',135,'2024-03-16 21:49:17','2025-03-24 13:16:04',0,1);
INSERT INTO posts (post_id,board_id,user_id,post_title,content,answer_content,answered_at,file_attached,status,view_count,created_at,updated_at,is_deleted,is_comment_enabled) VALUES (40,2,95,'Cum consectetur non explicabo eveniet aspernatur.','Similique omnis officia laudantium. Officia quia quibusdam fugit.
Iure recusandae nihil molestias accusamus officia. Culpa error esse numquam reiciendis unde. Aperiam ad voluptates asperiores mollitia odio.
Fugiat quasi possimus error. Deserunt doloremque impedit sunt nam impedit.
Numquam placeat voluptatibus molestiae natus voluptatibus. Consectetur culpa numquam earum accusantium perspiciatis ab.
Hic quam doloremque velit. Culpa excepturi ab earum numquam assumenda animi. Deserunt iste quo repudiandae inventore qui.
Vero esse cum error eos ullam. Dolor quasi delectus natus neque molestiae quam. Consectetur molestias eius ea aspernatur. Maxime magni nostrum.',NULL,NULL,'N','PUBLISHED',395,'2024-01-02 14:13:51','2024-05-15 02:11:16',0,1);
INSERT INTO posts (post_id,board_id,user_id,post_title,content,answer_content,answered_at,file_attached,status,view_count,created_at,updated_at,is_deleted,is_comment_enabled) VALUES (41,2,32,'Minus at esse nisi.','Fuga incidunt distinctio nesciunt a corrupti. In adipisci facere architecto rerum fugiat consequatur.
Officiis numquam molestiae maxime ad laboriosam. Quae sapiente quidem commodi tenetur consequuntur. Aliquid velit culpa a.
Fuga quidem corporis officia numquam reiciendis vel. Quis dolorem debitis nam. Minima odit omnis perspiciatis dolor inventore tempore fuga.
Cupiditate laboriosam explicabo fugit. Ullam nisi consectetur veniam. Officia pariatur a quas in ipsa fuga.
Sed iusto eaque iusto fugiat voluptate iusto.
Omnis itaque possimus occaecati officiis delectus facere. Repellat nulla aspernatur est laborum consectetur excepturi. Error consequatur occaecati omnis quaerat.
Quia deleniti eum qui accusantium. Animi labore voluptate recusandae fuga. Velit animi earum nam.',NULL,NULL,'N','HIDDEN',327,'2025-12-21 16:26:11','2026-02-14 18:10:12',0,1);
INSERT INTO posts (post_id,board_id,user_id,post_title,content,answer_content,answered_at,file_attached,status,view_count,created_at,updated_at,is_deleted,is_comment_enabled) VALUES (42,2,100,'Ab quos eaque esse porro harum culpa.','Sint earum sed eos nemo corporis sit. Animi unde laboriosam ut quia. Reprehenderit totam omnis labore.
Aspernatur quisquam nostrum saepe. Aperiam earum molestiae repellat dolorum. Nobis nihil esse dignissimos placeat veniam maiores.
Iusto odit unde similique iure odio expedita. Molestias maiores debitis tempora.
Voluptatem sed laboriosam officiis corporis. Quaerat consequatur quibusdam eius dolore architecto eum.
Sed occaecati odio cum. Id inventore quibusdam ipsa vitae eligendi. Quas accusamus soluta non corporis quis praesentium. Voluptates possimus sit vel explicabo.
Consequatur doloremque nulla.
Asperiores eveniet molestiae iusto illo cum reiciendis.
Aliquam commodi corporis excepturi. Tenetur accusamus quidem enim a nihil. Laborum sapiente eum nisi distinctio sequi veritatis.',NULL,NULL,'N','PUBLISHED',351,'2023-09-07 16:02:32','2025-01-11 22:05:01',0,1);
INSERT INTO posts (post_id,board_id,user_id,post_title,content,answer_content,answered_at,file_attached,status,view_count,created_at,updated_at,is_deleted,is_comment_enabled) VALUES (43,2,23,'Laboriosam temporibus vitae tempore.','Quas perferendis exercitationem cum et deserunt. Dicta minus magnam doloremque aliquam occaecati.
Pariatur nulla totam incidunt facilis optio quibusdam. Blanditiis excepturi ipsum expedita eum. Et libero fugiat eos rem similique magni commodi. Iusto accusantium dolore.
Recusandae cupiditate temporibus alias quis ipsam explicabo. Occaecati quibusdam velit tenetur quidem mollitia repudiandae.
Veritatis quas veniam ducimus deleniti dicta nulla. Tenetur laborum culpa consequuntur corporis voluptate autem. Quibusdam est omnis non asperiores. Aspernatur voluptatibus quaerat.
Hic et nemo eaque eos consequatur autem.
Labore fuga mollitia itaque nostrum. Omnis corrupti laboriosam neque quidem cupiditate quaerat. Quae necessitatibus totam unde voluptas quae veniam.',NULL,NULL,'N','PUBLISHED',484,'2023-03-20 13:48:39','2025-05-28 04:59:00',0,1);
INSERT INTO posts (post_id,board_id,user_id,post_title,content,answer_content,answered_at,file_attached,status,view_count,created_at,updated_at,is_deleted,is_comment_enabled) VALUES (44,2,67,'Cumque corrupti esse dolores.','Quibusdam nemo suscipit nam. Inventore incidunt a itaque corrupti accusantium. Voluptas quas quidem ea.
Ut iure aliquid delectus est. Quae corporis placeat minima repellendus necessitatibus tenetur. Facilis eveniet corporis dolorum corrupti velit excepturi. Quos rerum aliquid similique.
Ipsa assumenda quibusdam est. Deserunt tempora animi. Repudiandae esse deserunt voluptatem.
Non optio amet quos. Modi cupiditate in blanditiis aut consectetur repudiandae. Voluptatibus architecto distinctio fuga praesentium praesentium eligendi hic. Illum adipisci unde facere eius architecto.
Eaque pariatur consectetur magni. Exercitationem harum odio aut molestiae ad.',NULL,NULL,'N','DRAFT',123,'2023-12-01 11:22:24','2025-04-02 14:03:18',0,1);
INSERT INTO posts (post_id,board_id,user_id,post_title,content,answer_content,answered_at,file_attached,status,view_count,created_at,updated_at,is_deleted,is_comment_enabled) VALUES (45,2,75,'Culpa dolores magni voluptate.','Magni repellat ea fugit facere. Dicta sunt veniam magni suscipit magnam quibusdam. Error maxime deserunt voluptate porro.
Ratione ratione ea quos voluptatem et. Voluptatibus tempora unde. Ut voluptates explicabo autem possimus.
Totam ducimus voluptates placeat fugiat nesciunt. Velit qui aliquam.
Veniam explicabo repudiandae quas distinctio suscipit architecto. Ratione voluptates optio fugit fuga laboriosam.
Totam molestiae repellendus at voluptas quas nisi. Iure officia qui animi. Veritatis fuga ratione alias consequatur saepe.
Repellat facere unde dolorum explicabo totam. Ratione esse animi dolorem esse.
Voluptatibus libero autem repellat. Accusamus deleniti labore saepe natus rem earum. Fuga molestiae mollitia occaecati.
Maxime a quos nostrum alias. Quae occaecati id amet temporibus.',NULL,NULL,'N','DRAFT',22,'2025-10-25 04:24:11','2026-02-14 13:03:22',0,1);
INSERT INTO posts (post_id,board_id,user_id,post_title,content,answer_content,answered_at,file_attached,status,view_count,created_at,updated_at,is_deleted,is_comment_enabled) VALUES (46,2,75,'Dolor rerum nulla mollitia similique ea corrupti beatae.','Veniam sequi tempore. Id accusantium deleniti exercitationem. Magni alias in quasi laudantium voluptatibus libero. Numquam dolore inventore totam sapiente.
Fugit nisi maiores consectetur. Sit laborum sed expedita dignissimos.
Impedit quia illum similique minima dolore. Earum nobis explicabo maxime voluptatum sapiente illum iusto. Inventore totam architecto nobis ipsa culpa.
Corrupti porro doloremque perspiciatis deserunt est aperiam.
Placeat quisquam quo recusandae molestias necessitatibus veniam. Cupiditate optio sed velit necessitatibus. Culpa iure praesentium deserunt veniam ipsam.
Iste reprehenderit a quidem commodi pariatur. Laborum neque aut delectus. Minus aspernatur odit et.
Esse ut maiores sed cupiditate dignissimos ipsum fugiat. A provident atque.',NULL,NULL,'N','HIDDEN',125,'2023-06-05 13:18:26','2026-02-09 16:34:15',0,1);
INSERT INTO posts (post_id,board_id,user_id,post_title,content,answer_content,answered_at,file_attached,status,view_count,created_at,updated_at,is_deleted,is_comment_enabled) VALUES (47,2,25,'Assumenda ex perferendis.','Quis earum et quasi. Voluptas corrupti earum commodi quis. Similique consequuntur tempore optio saepe.
Deserunt odio consectetur unde velit adipisci. Qui eos illo exercitationem laborum. Alias quas possimus eveniet voluptates officiis nobis. Minima tempore autem aliquam nesciunt sed non.
Iste voluptas voluptate vel et quidem. Voluptatum nobis voluptates exercitationem velit.
In debitis consectetur ut. Iure recusandae atque quam voluptatibus consectetur laudantium. Esse ad maxime quis dolorem laborum.
Voluptatibus natus nam iure. Maxime doloribus soluta aspernatur aperiam assumenda. Libero vel hic ut repellat magni.
Magnam sed voluptatibus ipsa numquam dolores.
Eos sed est. Illo incidunt amet sequi.
Ea tempore veritatis pariatur repellendus. Sed ab quaerat id.',NULL,NULL,'N','PUBLISHED',389,'2024-03-31 12:10:33','2025-10-11 10:56:58',0,1);
INSERT INTO posts (post_id,board_id,user_id,post_title,content,answer_content,answered_at,file_attached,status,view_count,created_at,updated_at,is_deleted,is_comment_enabled) VALUES (48,2,27,'Modi nulla illum.','Atque vero numquam at recusandae. Sed facilis vero consequuntur. Tenetur quos facere unde.
Consectetur corrupti quas iusto alias. Consequuntur tempora voluptatem sit odio. Eligendi quidem quaerat repellat laborum cupiditate veritatis atque.
Unde rerum vero possimus. Sequi nulla molestiae dolorem magnam sequi. Quae necessitatibus vitae quis tenetur.
Dolores id reprehenderit veritatis laudantium rerum repudiandae. Mollitia iste non non debitis. Ullam dolor doloribus ipsam.
Mollitia saepe laborum amet. Cum aliquid praesentium qui similique iusto.
Eaque odit assumenda quaerat quasi earum. Eos ducimus reprehenderit blanditiis aliquid similique labore. Dignissimos magnam nisi consectetur.',NULL,NULL,'N','PUBLISHED',315,'2023-05-06 01:53:54','2024-08-10 03:15:17',0,1);
INSERT INTO posts (post_id,board_id,user_id,post_title,content,answer_content,answered_at,file_attached,status,view_count,created_at,updated_at,is_deleted,is_comment_enabled) VALUES (49,2,66,'Itaque consectetur culpa.','Praesentium consequuntur exercitationem pariatur. Nemo iusto id doloremque sunt totam.
Iure quos assumenda libero. Natus sint iste repellat tempora.
Velit deserunt expedita eaque enim quam placeat. Voluptatum praesentium temporibus ut modi explicabo laboriosam.
Ab vel corporis nisi cupiditate velit. Cupiditate magni eius voluptatibus odio natus.
Aspernatur voluptas sequi totam commodi. Facilis voluptates culpa.
Ut sapiente enim quod sequi animi accusantium. Culpa aliquam excepturi in ratione.
Delectus eum provident quaerat quibusdam. Totam suscipit vitae ut atque voluptate officiis nulla.
Modi exercitationem dolores eum impedit. Et nihil fugiat temporibus voluptas consequuntur. Repellat accusamus tenetur.',NULL,NULL,'N','DRAFT',291,'2025-01-12 17:22:06','2025-07-04 22:41:48',0,1);
INSERT INTO posts (post_id,board_id,user_id,post_title,content,answer_content,answered_at,file_attached,status,view_count,created_at,updated_at,is_deleted,is_comment_enabled) VALUES (50,2,70,'Rem sed reprehenderit animi culpa.','Maxime eaque possimus rem quis illum. Eveniet pariatur cum quasi dicta id saepe. Aspernatur doloremque ea.
In voluptatum omnis error sint.
Quae ducimus reprehenderit quod accusamus. Inventore voluptate repellendus ad excepturi cupiditate dolor harum.
Maiores natus expedita magnam consectetur fuga labore enim. Labore quas et at.
Suscipit sunt sit eveniet impedit. Amet quos dolor iure ex repellat atque. Dolores pariatur molestiae nulla nostrum architecto.
Rem error at nostrum cupiditate occaecati.
Earum ratione inventore. Deleniti commodi tempora neque numquam quos. Dignissimos iusto blanditiis quod quibusdam.
Nemo tenetur earum distinctio odio ratione velit. Facere dignissimos doloribus ipsa sint.',NULL,NULL,'N','DRAFT',73,'2024-04-26 23:29:23','2025-10-10 10:57:36',0,1);
INSERT INTO posts (post_id,board_id,user_id,post_title,content,answer_content,answered_at,file_attached,status,view_count,created_at,updated_at,is_deleted,is_comment_enabled) VALUES (51,2,74,'Possimus totam maxime aliquid soluta.','Rerum eaque autem reprehenderit repudiandae aspernatur. Minus alias consequuntur voluptatum. Fugiat consequuntur distinctio.
Quisquam doloremque minima. Repellat tenetur sed officiis perspiciatis dolore.
Cumque velit eveniet.
Corrupti excepturi deserunt pariatur. Iusto blanditiis unde repudiandae ipsa excepturi quaerat.
Doloremque repudiandae eligendi eum ipsa dolore temporibus. Quae hic dolores molestias laborum aut dolorem quaerat.
Laudantium ipsum ut. Nihil error impedit aliquam commodi aliquid sequi ratione. Ipsa neque velit occaecati.
Ex deleniti impedit illo asperiores velit architecto. Magnam quo doloremque optio qui.
Id quae amet commodi dolor dolorem. Exercitationem inventore maxime deleniti pariatur.',NULL,NULL,'N','PUBLISHED',312,'2024-01-07 13:14:05','2024-12-28 06:21:19',0,1);
INSERT INTO posts (post_id,board_id,user_id,post_title,content,answer_content,answered_at,file_attached,status,view_count,created_at,updated_at,is_deleted,is_comment_enabled) VALUES (52,2,52,'Nobis suscipit voluptates est in debitis et.','Beatae inventore unde. Et vitae reprehenderit odit. Aut quam assumenda cum.
Veniam sunt numquam animi recusandae. Velit ea commodi suscipit pariatur quaerat explicabo. Saepe tempore temporibus ipsum doloremque ratione maxime labore.
Quas cupiditate aspernatur voluptatibus iste. Pariatur aut rerum.
Eos veniam laborum ad qui praesentium. Eos rem dolorem atque.
Nemo itaque magni nostrum sequi consequuntur. Consequatur ut eaque consequuntur ut.
Ad corrupti ullam accusamus. Porro corrupti animi alias voluptas. Occaecati exercitationem eum in unde quaerat.
Ullam corrupti laborum voluptas ipsam. Ullam placeat dolores iste commodi amet nihil.
Animi velit quia deserunt nobis iure. Eos accusantium sunt quos. Repellat alias eaque numquam nihil esse.',NULL,NULL,'N','HIDDEN',21,'2024-05-28 14:07:14','2024-12-03 06:15:51',0,1);
INSERT INTO posts (post_id,board_id,user_id,post_title,content,answer_content,answered_at,file_attached,status,view_count,created_at,updated_at,is_deleted,is_comment_enabled) VALUES (53,2,97,'Sint ipsum voluptates itaque.','Nobis odio tenetur quae maxime fugit. Aut laudantium nesciunt dicta numquam ratione. Cumque natus hic soluta.
Natus odit qui dolores quos harum odio. Quod repellat facilis ex voluptates.
Amet vel est voluptate saepe. Et quo a. Itaque dolorum assumenda quidem incidunt sequi reprehenderit.
Necessitatibus delectus molestiae dolores ipsam temporibus asperiores. Unde sed quod blanditiis non sequi impedit. Velit sapiente ipsa at impedit. Explicabo quia delectus aperiam ea aut.
Excepturi voluptatibus magnam nesciunt. Ipsum totam pariatur sit consectetur rem neque ipsa.
Qui quae ex adipisci error. Officiis debitis dolorum explicabo beatae fugiat sapiente. Ullam quod doloribus perferendis.
Porro ducimus molestiae repudiandae nulla et. Magnam qui cum consectetur.',NULL,NULL,'N','DRAFT',67,'2024-01-31 13:28:21','2025-03-22 01:47:23',0,1);
INSERT INTO posts (post_id,board_id,user_id,post_title,content,answer_content,answered_at,file_attached,status,view_count,created_at,updated_at,is_deleted,is_comment_enabled) VALUES (54,2,80,'Inventore sit aut reiciendis reiciendis recusandae repellendus.','Reiciendis nulla molestiae error. Dolorum quaerat praesentium eaque nulla.
Aperiam aut facilis hic officiis praesentium. Necessitatibus vitae quibusdam nesciunt. Fugiat maiores unde voluptatem excepturi vel.
Provident ratione quos labore. Accusantium odio aut hic doloribus.
Eos corrupti perspiciatis. Eligendi nam temporibus aperiam hic fugit. Autem placeat eos distinctio molestiae atque.
Aspernatur voluptatibus impedit laborum. Sit adipisci fugiat labore error accusantium. Nostrum quasi delectus rerum harum impedit.
Molestiae repellat aliquid. Neque cum repellendus dolor.
Ad ea accusantium praesentium. Velit nihil corporis soluta corporis amet. Culpa nemo nesciunt sapiente deserunt praesentium.
Excepturi similique maiores quas. Excepturi adipisci alias. Animi placeat delectus velit est.',NULL,NULL,'N','HIDDEN',445,'2023-04-07 06:42:05','2025-06-18 18:15:20',0,1);
INSERT INTO posts (post_id,board_id,user_id,post_title,content,answer_content,answered_at,file_attached,status,view_count,created_at,updated_at,is_deleted,is_comment_enabled) VALUES (55,2,29,'Magnam debitis doloremque quis velit.','Repellendus facere quasi similique sapiente aut. Voluptatum consequatur accusantium.
Quos voluptate repudiandae voluptas culpa vero saepe nisi. Dolor amet sapiente distinctio quibusdam odio debitis.
Natus earum voluptate illum exercitationem modi sit beatae. Hic aperiam voluptate labore impedit. Nesciunt voluptatibus enim nemo quod.
Nesciunt incidunt neque animi ratione voluptatum.
Blanditiis aspernatur nemo in asperiores.
Illo nostrum porro eaque ipsum vitae.
Vero molestiae ad qui dolores. Expedita voluptatibus perferendis cupiditate. Odit ullam dignissimos inventore doloremque id ipsum.
Tempore explicabo itaque asperiores exercitationem earum dolor. Distinctio quia corrupti quia. Quidem quaerat consectetur autem.',NULL,NULL,'N','DRAFT',127,'2024-01-19 00:30:33','2025-10-23 19:04:06',0,1);
INSERT INTO posts (post_id,board_id,user_id,post_title,content,answer_content,answered_at,file_attached,status,view_count,created_at,updated_at,is_deleted,is_comment_enabled) VALUES (56,2,99,'Maxime molestiae dicta quos doloremque.','Laboriosam repellat perspiciatis rerum esse ab hic est. Nemo consectetur velit pariatur natus aspernatur excepturi.
Consequuntur unde rerum ullam. Illum sit asperiores molestiae itaque velit. Eos eum ut repellendus.
Temporibus hic voluptate ducimus. Amet enim ut maxime debitis.
Quae aliquid ex repellat. Quo dolorum asperiores modi illum totam modi.
Minus voluptatem voluptate provident sequi quos inventore. Laborum porro expedita aperiam excepturi consequatur. Nihil aspernatur rerum odit suscipit recusandae.
Quasi facilis quaerat ipsum dolor minima enim.
Suscipit voluptatibus modi omnis atque eius. Perferendis voluptate reprehenderit neque ipsa at mollitia laborum. Reprehenderit reprehenderit doloribus adipisci aliquam soluta molestiae tempora.',NULL,NULL,'N','DRAFT',293,'2025-07-02 16:50:29','2025-09-09 06:55:03',0,1);
INSERT INTO posts (post_id,board_id,user_id,post_title,content,answer_content,answered_at,file_attached,status,view_count,created_at,updated_at,is_deleted,is_comment_enabled) VALUES (57,2,13,'Incidunt dolorum harum facilis unde nisi.','Asperiores iusto quo itaque. Maxime maxime adipisci perspiciatis voluptatum sed. Possimus earum reiciendis nulla possimus minima quia sit.
Quaerat numquam iusto qui dolore delectus odit at. Quo fuga officia quisquam praesentium officia officiis. Optio occaecati doloremque officia.
Rerum alias nisi quisquam temporibus. Molestiae quis tenetur optio laudantium sapiente. Facere quam totam optio minus sequi autem.
Deserunt minima delectus eveniet. Eum nulla voluptates nam voluptate ipsa sunt.
Minus laboriosam esse aut tenetur quibusdam id exercitationem. Velit vel labore rerum.
Voluptas quia sequi libero perferendis odio amet. At ex sit deserunt. Consequatur sunt libero temporibus itaque maxime. Ipsa ea molestiae.
Nam veniam alias modi. Praesentium fugit illo doloremque cumque assumenda nam.',NULL,NULL,'N','HIDDEN',305,'2023-10-11 16:05:04','2025-03-24 21:38:43',0,1);
INSERT INTO posts (post_id,board_id,user_id,post_title,content,answer_content,answered_at,file_attached,status,view_count,created_at,updated_at,is_deleted,is_comment_enabled) VALUES (58,2,97,'Impedit sunt voluptate nostrum eos tempora facilis.','Id officiis aliquam nihil.
Fugiat iusto at ducimus odio eligendi. Omnis iusto aliquam vero amet repudiandae.
Ducimus corrupti asperiores culpa officiis quaerat. Libero incidunt iusto ullam optio expedita.
Dolores eos tenetur minus atque autem. Quidem ducimus maxime at nisi autem optio. Harum magni exercitationem tempore laboriosam incidunt necessitatibus. Rem et magnam sit consequatur.
Assumenda dolore rem ipsa. Odio nulla possimus enim cum placeat recusandae tenetur. Molestias doloribus nobis blanditiis culpa.
Non velit voluptatibus architecto. Vero possimus neque dolores voluptate vitae. Corrupti molestias sequi mollitia quaerat.
Placeat repudiandae fuga voluptatum rerum quaerat. Aliquam quam amet. Sint doloremque consequatur consequuntur unde.',NULL,NULL,'N','DRAFT',70,'2024-11-03 08:46:24','2025-06-14 19:44:33',0,1);
INSERT INTO posts (post_id,board_id,user_id,post_title,content,answer_content,answered_at,file_attached,status,view_count,created_at,updated_at,is_deleted,is_comment_enabled) VALUES (59,2,78,'Facere at quidem sed.','Dicta magnam porro quos repellat provident fugiat. Qui expedita quidem incidunt.
Consequatur vitae adipisci fugit minima quidem. Asperiores fugit culpa sint et recusandae. Laudantium nesciunt iure nobis vel nesciunt ipsa.
Sunt eius perferendis excepturi nostrum. Adipisci ex sequi.
Quidem aliquid mollitia assumenda ipsum. Dolores incidunt incidunt dolore. Hic occaecati impedit deserunt delectus enim.
Quibusdam tenetur suscipit labore corrupti. Illo sequi provident et vero iure. Nostrum nostrum numquam ipsa temporibus.
Error ab sequi mollitia libero sequi sequi omnis.
Hic sed laboriosam occaecati. Saepe quaerat laudantium voluptate. Dignissimos similique odio officia nam in.
Deleniti tempore harum. Nihil natus neque porro. Aliquid consectetur adipisci assumenda dolore.',NULL,NULL,'N','DRAFT',349,'2024-03-05 13:29:31','2025-07-30 19:10:48',0,1);
INSERT INTO posts (post_id,board_id,user_id,post_title,content,answer_content,answered_at,file_attached,status,view_count,created_at,updated_at,is_deleted,is_comment_enabled) VALUES (60,2,59,'Molestias sint atque consequatur a aliquam rem.','Eius velit inventore corrupti exercitationem repellendus.
Consequuntur fuga delectus animi quibusdam. Ad neque rem ut harum laboriosam. Ducimus voluptatem quaerat inventore quod quaerat asperiores. Nam corrupti blanditiis id error.
Accusamus odit at veritatis nobis incidunt incidunt. Et exercitationem quisquam quis magnam.
Optio nesciunt sed molestias. Consequatur veniam sint excepturi voluptas aliquam. Molestiae nostrum minus ipsa eveniet nemo molestiae. Tenetur fugit commodi officia.
Odit distinctio molestiae voluptates. Quisquam eveniet nobis cum eveniet odio. Aperiam a ad.
Tempore voluptatem dicta labore laboriosam doloremque. Consequatur dolores rerum ut. Debitis rem mollitia eligendi accusamus sunt deleniti.',NULL,NULL,'N','PUBLISHED',412,'2024-08-08 03:20:50','2025-08-30 05:27:56',0,1);
INSERT INTO posts (post_id,board_id,user_id,post_title,content,answer_content,answered_at,file_attached,status,view_count,created_at,updated_at,is_deleted,is_comment_enabled) VALUES (61,2,47,'Tempore accusantium iste cupiditate.','Facere reprehenderit voluptas eveniet. Dicta itaque asperiores sunt neque.
Nihil fugiat voluptatum corrupti rerum ducimus quo. Pariatur possimus quod exercitationem fugit voluptatem.
Ipsum fugiat porro itaque officiis. Voluptatem mollitia nemo culpa facere eligendi delectus magni. Odit fugit animi aperiam.
Dolor aliquid veritatis expedita. Consectetur aliquam praesentium eaque. Tenetur voluptatibus mollitia quas.
Ab atque dolores eveniet. Dolore dolorem error iste fuga quisquam.
Accusamus delectus eos enim.
Ut quo exercitationem. Commodi ex quaerat recusandae assumenda maxime exercitationem sit. Earum harum illum itaque illo.
Perferendis dolores quo nam quisquam reiciendis. Cupiditate eveniet eveniet voluptatibus consectetur quod. Ad illum a.',NULL,NULL,'N','DRAFT',359,'2025-10-12 15:56:06','2025-12-29 19:26:11',0,1);
INSERT INTO posts (post_id,board_id,user_id,post_title,content,answer_content,answered_at,file_attached,status,view_count,created_at,updated_at,is_deleted,is_comment_enabled) VALUES (62,2,40,'Molestiae dolorem similique facere vitae rerum repudiandae.','Enim iure distinctio ea tenetur totam necessitatibus velit. Ipsa pariatur excepturi assumenda totam culpa iusto.
Autem veritatis esse adipisci amet laboriosam fuga. Enim earum assumenda nemo ullam consectetur.
Eligendi eos saepe maiores labore. Qui alias porro nostrum. Commodi quasi ab.
Cupiditate ducimus mollitia a earum porro iure. Debitis porro adipisci rerum neque placeat ad.
Reprehenderit velit optio dolores. Porro nostrum ducimus nesciunt nulla necessitatibus.
Impedit nobis laboriosam tempore ut et nesciunt ut. Sit itaque adipisci praesentium. Numquam tempora cum fuga vitae. Consequuntur vitae quia debitis.
Voluptate soluta eos quae est atque. Dolorum sunt quasi dolorum debitis. Consequatur quos labore error labore perspiciatis.',NULL,NULL,'N','HIDDEN',11,'2023-07-31 02:30:24','2023-10-03 05:15:35',0,1);
INSERT INTO posts (post_id,board_id,user_id,post_title,content,answer_content,answered_at,file_attached,status,view_count,created_at,updated_at,is_deleted,is_comment_enabled) VALUES (63,2,98,'Id itaque rerum rem.','Culpa nisi vel repellat qui perferendis quae. Hic officia reprehenderit quod recusandae rerum tenetur vel.
Impedit sunt omnis laboriosam suscipit sunt. Animi soluta aliquam eveniet. Ipsam hic voluptatem quaerat facilis culpa corrupti quod. Distinctio recusandae modi itaque laudantium dolor alias natus.
Iusto temporibus reiciendis cum eligendi dolorum corrupti. Iusto earum consequatur. Dignissimos culpa quidem nulla.
Est dignissimos odit a molestiae culpa adipisci. Optio vitae expedita earum aperiam eveniet ipsam.
Sequi dolor aut debitis. Error voluptatibus iure expedita labore voluptate distinctio fugiat.
Magni illum magni repellendus. Temporibus consequatur dolores impedit dolores. Aperiam nihil delectus soluta nihil incidunt quia.',NULL,NULL,'N','PUBLISHED',329,'2025-03-01 11:07:25','2026-01-24 12:00:28',0,1);
INSERT INTO posts (post_id,board_id,user_id,post_title,content,answer_content,answered_at,file_attached,status,view_count,created_at,updated_at,is_deleted,is_comment_enabled) VALUES (64,2,7,'Occaecati omnis veritatis voluptatibus qui rerum voluptates.','Corporis repellat consequuntur ipsum officiis ullam. Et blanditiis nemo ea. Architecto omnis at expedita consequatur sint dolore.
Quibusdam quos quibusdam consequuntur quae repellat quos. Explicabo eligendi cumque fuga repudiandae.
Qui porro optio esse corporis nihil. Amet rem laborum. Deleniti debitis beatae distinctio odio ullam ipsa.
Voluptates debitis maxime sunt. Pariatur sequi cum architecto debitis laborum. Nesciunt a aut iste eligendi eum repudiandae.
Iusto sapiente tenetur ad officia repudiandae. Mollitia repellendus enim laudantium.
Nemo illo sed doloremque molestias aspernatur atque. Ratione hic est ipsam aliquid numquam atque.
Ad iusto doloremque nesciunt.
Non perspiciatis ea accusamus. Exercitationem nobis explicabo debitis. Minima eaque placeat blanditiis itaque.',NULL,NULL,'N','HIDDEN',220,'2023-10-20 13:23:01','2023-12-14 00:10:54',0,1);
INSERT INTO posts (post_id,board_id,user_id,post_title,content,answer_content,answered_at,file_attached,status,view_count,created_at,updated_at,is_deleted,is_comment_enabled) VALUES (65,2,69,'Cupiditate harum voluptatum minima culpa maiores sint pariatur.','Incidunt neque rem amet ducimus assumenda beatae. Sapiente totam laboriosam corporis error dignissimos. Magnam molestiae at ullam minus nihil.
Aliquam asperiores suscipit dolorum ratione commodi libero. Vel voluptates eaque saepe.
Expedita fugiat cupiditate quos vel. Numquam inventore labore dolores dolore reiciendis. Eligendi sequi quo accusantium odit mollitia.
Repellendus omnis consequatur maxime laborum. Modi quod est atque. Beatae porro vitae. In ab error incidunt veniam architecto expedita.
Illo minima consequuntur neque perferendis occaecati. Vero ea reiciendis architecto facere sequi. Temporibus aliquid est.
Rem dolor temporibus esse non asperiores odio debitis.
Assumenda suscipit nesciunt culpa ducimus inventore. Fugit eum unde fugiat. Sint iusto praesentium non quae quis fugit.',NULL,NULL,'N','DRAFT',108,'2024-11-01 09:30:27','2025-08-25 19:17:42',0,1);
INSERT INTO posts (post_id,board_id,user_id,post_title,content,answer_content,answered_at,file_attached,status,view_count,created_at,updated_at,is_deleted,is_comment_enabled) VALUES (66,2,36,'Facere omnis architecto itaque cum.','Nihil explicabo soluta illo eveniet reprehenderit quas. Eligendi necessitatibus cum architecto quia.
Veritatis nam perspiciatis delectus vero labore. Accusamus non hic laudantium et odit quas. Temporibus recusandae atque laboriosam odio asperiores.
Aut nesciunt dolores placeat aliquam. Dignissimos vero repellendus nisi. Molestias totam excepturi omnis voluptas temporibus voluptatum. Inventore voluptate saepe autem vel id.
Perspiciatis aut a ipsum. Perferendis mollitia quisquam nulla quis nisi officia animi.
Vitae voluptatum magnam quaerat consectetur cumque. Molestiae at facilis neque error. Explicabo quibusdam hic praesentium voluptates.
Perferendis nesciunt eos. Veniam vel quis voluptatem minima alias.
Quibusdam minima nisi. Tempore id nemo ab optio facere.',NULL,NULL,'N','DRAFT',353,'2024-06-24 07:45:33','2026-01-03 06:11:36',0,1);
INSERT INTO posts (post_id,board_id,user_id,post_title,content,answer_content,answered_at,file_attached,status,view_count,created_at,updated_at,is_deleted,is_comment_enabled) VALUES (67,3,6,'Expedita commodi iure ab omnis.','Blanditiis ipsa praesentium totam. Vitae aspernatur eaque tenetur omnis assumenda temporibus.
Unde at assumenda unde quis illo enim. Suscipit et similique eum.
Eveniet eveniet iure magni doloremque harum. Quisquam atque optio expedita quaerat eveniet.
Labore quis fugiat quisquam corrupti cum ad. Recusandae nemo excepturi ipsam maiores. Quisquam numquam nulla occaecati occaecati.
Beatae excepturi dicta corrupti voluptate. Est ad provident delectus rerum. Nulla labore illum magnam minima harum voluptate numquam.
Praesentium ex qui earum. Natus delectus quisquam impedit aliquid facere eligendi quasi. Nesciunt sunt repellat dolore possimus.
Pariatur eveniet necessitatibus illum quisquam quibusdam mollitia. Nobis quaerat ipsum dolorum dolores.',NULL,NULL,'N','HIDDEN',171,'2024-10-09 03:08:17','2025-09-05 05:08:14',0,1);
INSERT INTO posts (post_id,board_id,user_id,post_title,content,answer_content,answered_at,file_attached,status,view_count,created_at,updated_at,is_deleted,is_comment_enabled) VALUES (68,3,95,'Quasi tempore illum maiores repudiandae id.','Itaque mollitia inventore sequi quo enim pariatur. Sed minus nesciunt iste ut et recusandae. Soluta laboriosam sint at consequuntur.
Perferendis praesentium molestiae rem sit sit. Mollitia ratione quisquam ipsa. Tempora laboriosam nam nam.
Odit earum voluptates facere. Rem illum temporibus et maxime veritatis eius enim. Facere repellendus perspiciatis iste sapiente voluptatum modi.
Laboriosam voluptas aperiam quas dolore modi alias corporis. Assumenda perspiciatis in eveniet natus sapiente cumque. Illo natus dolorum iure.
Illum ipsa blanditiis pariatur libero ratione. Maxime aspernatur ea ducimus.
Quod omnis temporibus officia voluptatem quia. Id modi impedit aliquam quia fugit. Accusamus itaque distinctio et. Veritatis velit accusantium voluptatum voluptas repellat ea.',NULL,NULL,'N','DRAFT',100,'2024-09-07 12:59:30','2025-06-14 04:06:25',0,1);
INSERT INTO posts (post_id,board_id,user_id,post_title,content,answer_content,answered_at,file_attached,status,view_count,created_at,updated_at,is_deleted,is_comment_enabled) VALUES (69,3,15,'Occaecati aperiam veniam possimus eius animi.','Aspernatur eaque quisquam perferendis adipisci.
Aperiam eius officia perspiciatis nulla voluptate pariatur. Totam ea ducimus quisquam impedit ipsum.
Voluptas culpa commodi vitae dolor. Sed ab sit. Possimus aperiam consequuntur molestiae ipsa architecto. Tenetur eius quae similique.
Vitae architecto nemo sed cupiditate neque nihil adipisci. Corporis tenetur repudiandae illo dolorum iste. Eum at dignissimos quae eos.
Perferendis doloremque doloribus tempora maiores. Quod eligendi doloribus veritatis voluptatibus.
Adipisci quidem consequuntur ullam nemo. Praesentium quidem cupiditate.
Vero minima quasi laudantium aliquid animi.
Voluptatem nam perspiciatis dolorem odit molestias. Possimus voluptatem assumenda reprehenderit sed. Laboriosam nihil ullam cum.',NULL,NULL,'N','HIDDEN',7,'2023-10-22 10:24:51','2025-03-05 13:36:35',0,1);
INSERT INTO posts (post_id,board_id,user_id,post_title,content,answer_content,answered_at,file_attached,status,view_count,created_at,updated_at,is_deleted,is_comment_enabled) VALUES (70,3,26,'Ut aperiam aut doloremque totam.','Aspernatur quos placeat voluptates. Repellendus esse veritatis nemo. Aut pariatur sequi nobis sunt.
Corrupti incidunt in error numquam libero perspiciatis possimus. Nihil voluptatum praesentium eligendi eveniet. Exercitationem earum expedita voluptatibus praesentium.
Dolorum facilis consectetur consequuntur. Expedita fugit consectetur nesciunt vero quae ipsum. In repellendus vitae mollitia omnis sequi.
Iure harum porro unde labore aliquid. Facilis similique illo numquam velit quidem modi. Dolore quibusdam repellat eveniet in et.
Perferendis consectetur quo ullam aperiam est sint tempora. Dolor possimus sequi neque laudantium.
Laboriosam assumenda necessitatibus aliquam a. Inventore rerum doloremque aliquid ducimus.
Totam illum placeat sit molestiae velit modi.',NULL,NULL,'N','DRAFT',206,'2023-10-24 09:25:57','2024-08-14 11:09:41',0,1);
INSERT INTO posts (post_id,board_id,user_id,post_title,content,answer_content,answered_at,file_attached,status,view_count,created_at,updated_at,is_deleted,is_comment_enabled) VALUES (71,3,92,'Quisquam in repudiandae in quibusdam aliquam.','Cupiditate facere minus at delectus. Quia dolor voluptas numquam voluptate dolore. Deleniti repudiandae impedit illo qui similique illum.
Exercitationem repellat fuga.
Temporibus libero eaque accusantium nulla cumque inventore. Labore qui ipsam iste occaecati ipsam.
Nostrum omnis ipsum fugit ab sint aut. Amet aliquam ut minima molestiae delectus.
Corporis asperiores explicabo soluta. Necessitatibus perferendis neque ducimus neque aut quibusdam sit. Totam assumenda blanditiis qui dignissimos amet alias.
Quaerat consectetur enim quod. Tempore illo vitae occaecati voluptatum cumque. Enim sit debitis minima nisi alias.
Pariatur porro asperiores beatae nesciunt rem quos. Dignissimos id porro delectus. Debitis quibusdam qui.',NULL,NULL,'N','PUBLISHED',495,'2025-08-16 20:42:20','2025-10-22 04:24:47',0,1);
INSERT INTO posts (post_id,board_id,user_id,post_title,content,answer_content,answered_at,file_attached,status,view_count,created_at,updated_at,is_deleted,is_comment_enabled) VALUES (72,3,83,'Ab natus aperiam incidunt aperiam sequi tempora est.','Autem nesciunt fugit possimus recusandae.
Iusto labore placeat laboriosam culpa atque. Iusto cupiditate quae animi. Magnam iusto autem corrupti. Mollitia quibusdam sapiente id.
Dolores fugiat nulla vero. Impedit qui laborum temporibus. Impedit animi tempora velit perferendis.
Dolores hic sed aperiam impedit occaecati omnis. Totam itaque consequatur totam.
Officia minus animi sequi molestiae necessitatibus nihil. Repudiandae fuga reiciendis eveniet itaque.
Tempore quo error sunt. Similique tempora libero veritatis repudiandae cumque.
Maxime quos error est modi at. Culpa asperiores error dignissimos.
Tenetur qui molestiae aliquid qui ex accusamus. Optio saepe quaerat sapiente nam sint nobis.',NULL,NULL,'N','HIDDEN',405,'2025-09-16 01:11:33','2026-01-16 12:00:42',0,1);
INSERT INTO posts (post_id,board_id,user_id,post_title,content,answer_content,answered_at,file_attached,status,view_count,created_at,updated_at,is_deleted,is_comment_enabled) VALUES (73,3,99,'Tempore minus repellendus ab officia earum.','Esse eaque tempora magnam expedita sunt. Perspiciatis facilis sint praesentium veniam pariatur vero ut. Corporis voluptatibus aspernatur deserunt repudiandae.
Iste officia quis. Numquam excepturi beatae consequatur incidunt. Itaque nihil nulla voluptatum incidunt quisquam ipsa.
Odio dicta modi accusamus asperiores sequi.
Nulla temporibus eaque nihil. Libero voluptatem esse et mollitia.
Ullam inventore dolorem veniam cum.
Recusandae tempora ea unde perspiciatis ea necessitatibus. Porro voluptatum praesentium doloremque perspiciatis recusandae velit incidunt. Voluptate aut magni porro veniam nobis.
Voluptate eligendi culpa reiciendis ipsam accusamus. At eligendi in reprehenderit magnam odio eius aperiam. Aliquid mollitia nam eveniet.',NULL,NULL,'N','HIDDEN',127,'2024-11-21 00:01:16','2026-02-14 06:20:30',0,1);
INSERT INTO posts (post_id,board_id,user_id,post_title,content,answer_content,answered_at,file_attached,status,view_count,created_at,updated_at,is_deleted,is_comment_enabled) VALUES (74,3,87,'Voluptatem aut ad.','Repellat omnis aut voluptatem. Sapiente corporis atque minima fugit nulla. Occaecati laborum voluptate aut ipsa excepturi praesentium dolor.
Porro omnis accusamus architecto temporibus culpa officiis. Amet consectetur rerum illum explicabo nemo iure. Odit ipsam optio repellat.
Eveniet alias tempore perspiciatis. Facere unde animi ratione odio dolorum nesciunt. Placeat culpa fugiat nulla voluptatibus corrupti unde.
Quaerat cupiditate id impedit repellendus aspernatur. Odio dolorem esse odio aliquam cum doloremque voluptatem.
Laudantium tempora saepe amet id. Itaque et sequi nisi totam ipsam repellat. Perferendis delectus reiciendis optio dolorem consequuntur a.
Odit sequi assumenda fuga facilis recusandae aliquid aliquam. Corrupti non maxime cupiditate placeat.',NULL,NULL,'N','PUBLISHED',212,'2024-01-22 15:00:14','2025-10-18 11:45:52',0,1);
INSERT INTO posts (post_id,board_id,user_id,post_title,content,answer_content,answered_at,file_attached,status,view_count,created_at,updated_at,is_deleted,is_comment_enabled) VALUES (75,3,54,'Inventore repellat temporibus.','Odit earum aut ab. Sapiente cupiditate molestias nemo dicta laborum.
Sint ut magnam beatae.
Consequuntur inventore quos assumenda rerum numquam quis. Maxime totam fugiat eaque tempore praesentium vero nihil.
Odio voluptate consectetur aut hic nobis amet ratione. Illo eius adipisci laboriosam non corrupti porro.
At temporibus fugiat veritatis nesciunt ducimus. Velit blanditiis ut eum enim sint necessitatibus.
Veniam iste quasi suscipit dignissimos assumenda. Numquam error quasi numquam ipsam sed.
Quis consequuntur animi occaecati eius nam atque voluptatum. Eligendi corrupti neque voluptatem.
Rerum porro inventore optio porro magnam placeat. Quo accusamus quo aliquid commodi modi aliquid velit. Voluptates magni aliquid reprehenderit quos et.',NULL,NULL,'N','DRAFT',238,'2024-02-19 15:18:30','2024-06-25 04:43:01',0,1);
INSERT INTO posts (post_id,board_id,user_id,post_title,content,answer_content,answered_at,file_attached,status,view_count,created_at,updated_at,is_deleted,is_comment_enabled) VALUES (76,3,2,'Saepe earum voluptates laboriosam voluptatem quos quas.','Impedit ipsum ab iusto eum tempora. Libero corrupti odio deleniti quaerat. Voluptatem illum quo culpa.
Illo itaque illum. Magnam maxime iusto fugit ut. Neque minima a voluptas voluptatibus et aliquid. Doloribus impedit eos facere.
Quia doloribus est nihil nesciunt.
Harum autem in debitis. Aspernatur harum rerum numquam quasi. Itaque corporis voluptates aliquam veritatis.
Quia at illum maiores ab magni deleniti. Velit fuga quibusdam fuga saepe distinctio. Sit explicabo quis nisi deserunt suscipit. Quibusdam placeat quasi voluptatum rerum sequi.
Delectus consequatur doloribus voluptas enim. Atque vero molestiae sit dolores provident. Repellat fugiat eligendi quos consectetur ipsa.',NULL,NULL,'N','DRAFT',398,'2023-06-05 06:36:29','2024-01-15 11:02:52',0,1);
INSERT INTO posts (post_id,board_id,user_id,post_title,content,answer_content,answered_at,file_attached,status,view_count,created_at,updated_at,is_deleted,is_comment_enabled) VALUES (77,3,46,'Reprehenderit ipsa quisquam.','Eaque facere fuga velit. Animi non aut necessitatibus.
Illum accusamus assumenda quasi quam veniam. Voluptates fugit temporibus consequuntur molestias perspiciatis.
Perferendis necessitatibus officiis et distinctio iste dicta. Libero dolor nisi eveniet culpa.
Dolores distinctio officia quidem iure. Recusandae voluptatibus culpa dignissimos a inventore eius. Perferendis officiis cum perspiciatis a repellendus reprehenderit exercitationem.
A nostrum minima dolores ab ex est veniam. Ratione delectus laborum nemo praesentium. Saepe modi nihil vitae tempora magnam quis.
Dolor voluptatum perspiciatis dolor quod dignissimos. Modi soluta asperiores quaerat.
Fuga odio temporibus harum adipisci. Temporibus numquam quam est fugit numquam quis. Quam veniam ut libero culpa.',NULL,NULL,'N','HIDDEN',274,'2025-10-20 01:19:31','2026-01-10 23:48:12',0,1);
INSERT INTO posts (post_id,board_id,user_id,post_title,content,answer_content,answered_at,file_attached,status,view_count,created_at,updated_at,is_deleted,is_comment_enabled) VALUES (78,3,34,'Accusamus neque mollitia voluptatum animi earum.','Error dolorum perspiciatis ipsa sed. Alias vitae excepturi laudantium.
Labore optio veritatis labore. Consequuntur rem magnam nobis error velit nesciunt.
Maiores expedita illum deleniti. A autem laudantium adipisci pariatur molestiae.
Deserunt omnis ex. Adipisci maxime sapiente illum dolorum. Iste omnis explicabo cupiditate magni. Consequuntur minus nihil dignissimos.
Sit aliquid itaque fuga nihil laborum. Explicabo tempore ullam veritatis eligendi consequuntur. Debitis consequuntur nisi labore voluptate.
Exercitationem tempore quis inventore explicabo. Adipisci itaque quam architecto quo consectetur magni. Sit quas incidunt corrupti odit.
Blanditiis eveniet beatae minima inventore numquam. Error reiciendis harum. Amet velit sunt eum quam sit.',NULL,NULL,'N','HIDDEN',194,'2025-04-25 01:22:59','2025-06-23 16:19:31',0,1);
INSERT INTO posts (post_id,board_id,user_id,post_title,content,answer_content,answered_at,file_attached,status,view_count,created_at,updated_at,is_deleted,is_comment_enabled) VALUES (79,3,96,'Excepturi officiis blanditiis unde.','Similique ratione ratione magni deleniti. Mollitia minus blanditiis quibusdam pariatur autem cupiditate.
Accusantium quis at quam. Ad eaque voluptas perferendis molestiae reiciendis aspernatur. Ipsum deleniti nostrum nam accusantium corporis optio minima.
Accusamus rerum eveniet. Repellat neque accusantium odio.
Nostrum repudiandae inventore tenetur eveniet voluptatem at. Quos ad pariatur. Laudantium temporibus aperiam nihil.
Ea odit quia quas inventore. Nulla recusandae explicabo reprehenderit.
Velit saepe in explicabo voluptatem. Non totam quod mollitia itaque. Temporibus quam molestiae ab impedit exercitationem unde.
Laborum fuga sequi repellendus. Rerum libero quas eos cumque qui consequuntur.',NULL,NULL,'N','HIDDEN',155,'2025-04-30 09:56:45','2026-01-16 17:59:58',0,1);
INSERT INTO posts (post_id,board_id,user_id,post_title,content,answer_content,answered_at,file_attached,status,view_count,created_at,updated_at,is_deleted,is_comment_enabled) VALUES (80,3,24,'Iusto officiis nulla pariatur deserunt ea quam.','Sunt sapiente excepturi distinctio ipsa. Quae ab cupiditate deleniti. Aut ut inventore perspiciatis dolorem.
Optio quisquam aliquam praesentium perspiciatis sequi maiores esse. Rerum magnam accusantium eos mollitia minus. Modi in molestiae nemo ipsa.
Minus eveniet quia quasi sed repellat tempore. Molestiae non eum praesentium sunt non modi facere. Deleniti in nemo.
Id doloribus minima debitis. Porro illum dolorum enim modi. Iusto ullam quidem distinctio.
Inventore totam rerum iure harum assumenda architecto. Corporis necessitatibus porro vero. Cum autem mollitia hic assumenda odio eius.
Voluptatibus officia aut impedit sint quia. Molestiae nesciunt autem illum necessitatibus fugiat error. Molestiae reiciendis provident iusto praesentium dignissimos excepturi.',NULL,NULL,'N','DRAFT',178,'2025-04-24 04:04:50','2026-02-14 14:41:53',0,1);
INSERT INTO posts (post_id,board_id,user_id,post_title,content,answer_content,answered_at,file_attached,status,view_count,created_at,updated_at,is_deleted,is_comment_enabled) VALUES (81,3,98,'Aliquid consequatur aspernatur expedita.','Ut quibusdam modi similique praesentium. Ea voluptatibus officia explicabo.
Consequuntur illum voluptatum accusamus iste dicta. Perferendis dignissimos iste recusandae modi mollitia.
Quam non enim quidem animi libero. Qui rem at fuga odit qui omnis maxime. Totam fugiat porro saepe vitae.
Quos culpa voluptatum incidunt iusto laborum alias. Deleniti blanditiis similique dolores rerum doloribus in.
Aut voluptates saepe eius voluptate quos ad. Laboriosam sunt debitis accusamus.
Aspernatur possimus est sit voluptate vitae. Fuga laborum corrupti minima dolorem laudantium tempore veniam. Temporibus hic dolor accusantium harum dolorum eaque.
Sed possimus animi maiores voluptatum vitae corporis facilis. Aspernatur repellat possimus velit. Suscipit tempore id provident cum iste fugit.',NULL,NULL,'N','PUBLISHED',431,'2023-11-05 15:40:01','2024-05-05 08:42:20',0,1);
INSERT INTO posts (post_id,board_id,user_id,post_title,content,answer_content,answered_at,file_attached,status,view_count,created_at,updated_at,is_deleted,is_comment_enabled) VALUES (82,3,42,'Iusto velit illo iure eligendi fuga.','Eos sapiente dolorum quisquam culpa. Sunt alias fugit qui eaque quas. Sint qui nihil ab aliquid corrupti voluptatem.
Ex eveniet sequi iure eveniet rerum. Debitis sapiente dignissimos aut. Repellat facere et perspiciatis.
Libero consequuntur repellendus minus eum perspiciatis reiciendis. Minima mollitia aliquid. Expedita est nostrum.
Nesciunt saepe aspernatur facere dolores. Sapiente laboriosam aliquid distinctio natus.
Debitis ullam et aperiam consequuntur recusandae. Velit recusandae incidunt unde odio similique cum.
Velit laudantium unde quam cupiditate vitae. Iusto totam quaerat voluptate.
Molestiae non hic saepe laboriosam.
Beatae officiis itaque veniam natus magni. In laborum laboriosam harum aut cum rem.',NULL,NULL,'N','DRAFT',157,'2023-08-15 22:21:06','2024-01-13 11:05:25',0,1);
INSERT INTO posts (post_id,board_id,user_id,post_title,content,answer_content,answered_at,file_attached,status,view_count,created_at,updated_at,is_deleted,is_comment_enabled) VALUES (83,3,35,'Ad libero porro harum aspernatur accusamus.','Libero culpa repellat. Necessitatibus nobis voluptates itaque perspiciatis ratione. Odit eveniet consequatur.
Nulla fuga repellendus labore quo.
Praesentium omnis nemo minus alias. Nulla culpa culpa consequatur voluptatem enim molestiae. Exercitationem dolor consectetur veritatis deserunt nulla voluptates natus.
Ex iusto eligendi. Eos delectus molestias nulla. Quos deleniti necessitatibus velit rem rerum.
Omnis similique tenetur. Dolor doloremque optio magnam exercitationem.
Maiores quibusdam quod in deserunt modi quis. Commodi accusamus accusamus quis vel.
Nihil ut debitis explicabo. Veniam blanditiis similique iusto dolore natus nulla magni.
Ut dolorem eum fugiat. Ipsam rem repellendus explicabo sit.',NULL,NULL,'N','HIDDEN',371,'2023-09-26 10:05:36','2024-12-24 11:43:13',0,1);
INSERT INTO posts (post_id,board_id,user_id,post_title,content,answer_content,answered_at,file_attached,status,view_count,created_at,updated_at,is_deleted,is_comment_enabled) VALUES (84,3,4,'Laborum est dolores fugit sit et sequi.','Accusamus laborum tempore optio. Hic dolor occaecati earum architecto. Error nam laboriosam molestiae hic.
Inventore quo voluptatibus adipisci. Exercitationem et est ab illum ducimus. Saepe ex possimus modi quisquam voluptate.
Asperiores ducimus maiores iste beatae adipisci repellat nihil. Quae beatae ratione doloremque.
Harum esse tempore beatae ullam ducimus. Suscipit ipsam impedit eveniet. Libero magni provident sed nisi.
Corporis provident veritatis saepe rerum soluta eius. Ipsa inventore esse enim magnam. Asperiores dicta perspiciatis expedita ullam voluptatem.
Ea delectus nobis officia adipisci. Blanditiis odit quasi laboriosam possimus.',NULL,NULL,'N','PUBLISHED',3,'2025-05-16 07:25:31','2026-02-06 09:31:06',0,1);
INSERT INTO posts (post_id,board_id,user_id,post_title,content,answer_content,answered_at,file_attached,status,view_count,created_at,updated_at,is_deleted,is_comment_enabled) VALUES (85,3,97,'Recusandae ex voluptas nesciunt.','Fugiat sit quisquam maxime distinctio optio. Accusamus labore maxime minus. Fugiat harum fuga blanditiis.
Porro magni ratione magnam commodi a. Aperiam aut ipsam eaque. Exercitationem unde tempora unde accusantium ratione.
Tempore porro nesciunt vitae fugiat odit suscipit. Nulla suscipit placeat aut a voluptates explicabo.
Placeat quo fuga veritatis dolores eaque eaque. Nulla unde atque laborum. Consequuntur qui doloribus quo quod.
Pariatur rerum impedit ducimus labore minima. Neque sed vitae non facere eos sed magni.
In nulla quis explicabo. At veniam nostrum quis.
Aliquam aperiam fugiat. Velit accusantium saepe reprehenderit molestiae enim eos nobis.',NULL,NULL,'N','PUBLISHED',313,'2023-06-07 00:07:00','2025-03-10 10:05:26',0,1);
INSERT INTO posts (post_id,board_id,user_id,post_title,content,answer_content,answered_at,file_attached,status,view_count,created_at,updated_at,is_deleted,is_comment_enabled) VALUES (86,3,8,'Odit aliquid eum beatae ipsum.','Possimus voluptatem sit quidem sint quia perspiciatis rerum. Perspiciatis nostrum mollitia ipsam consectetur iusto. Laudantium eos veniam debitis velit aliquam.
Eligendi velit porro occaecati impedit. Voluptates dicta exercitationem repellendus distinctio saepe voluptates.
Nisi animi maxime omnis quia temporibus. Ea quod eaque.
Porro iure non praesentium suscipit. Sequi at enim quasi dolorem alias. Harum maxime quasi quia magnam dignissimos.
Molestias soluta corporis saepe soluta. Labore recusandae dicta possimus inventore quis eligendi.
Assumenda est ex officia mollitia dolor. Minima nulla eos eaque quis nesciunt. Nemo earum cumque omnis iste inventore. Officia in harum soluta odit quis dolore.',NULL,NULL,'N','DRAFT',61,'2025-07-05 09:20:24','2025-10-08 14:24:23',0,1);
INSERT INTO posts (post_id,board_id,user_id,post_title,content,answer_content,answered_at,file_attached,status,view_count,created_at,updated_at,is_deleted,is_comment_enabled) VALUES (87,3,33,'Eaque optio perferendis itaque incidunt.','Voluptates ea culpa explicabo error alias. Vitae similique suscipit. Quaerat quibusdam exercitationem facilis.
Ipsam repellendus vel doloribus assumenda nisi. Numquam labore eligendi facere recusandae magni.
Soluta facilis minima temporibus inventore delectus suscipit. Debitis velit perspiciatis excepturi eum.
Natus laudantium temporibus quam ad. Explicabo ipsum unde necessitatibus.
Numquam occaecati labore corrupti cupiditate eum.
Perspiciatis consequuntur quia iure aliquam temporibus in est. Iste eaque pariatur laboriosam quia porro. Unde voluptatem aut atque explicabo.
Sunt maiores ducimus praesentium beatae. Deleniti quidem pariatur eos mollitia. Consequatur molestias officia eius quae vitae.
Consequatur recusandae quis corporis. Earum quae id magnam possimus explicabo.',NULL,NULL,'N','PUBLISHED',61,'2024-02-13 05:27:54','2025-07-28 22:27:44',0,1);
INSERT INTO posts (post_id,board_id,user_id,post_title,content,answer_content,answered_at,file_attached,status,view_count,created_at,updated_at,is_deleted,is_comment_enabled) VALUES (88,3,40,'Corporis unde quaerat unde assumenda corporis voluptatibus.','Blanditiis expedita temporibus aspernatur accusamus dignissimos dolor. Est sint provident excepturi quidem recusandae nemo. Eaque impedit explicabo nemo.
Nesciunt ipsam quo suscipit labore perspiciatis harum ex. Voluptas error vitae adipisci sint accusantium. Dicta sequi porro accusamus culpa reprehenderit fuga.
Necessitatibus eveniet ducimus. Magni laborum quisquam sit blanditiis iste.
Veniam officia odit esse possimus fugiat nemo error. Dicta alias possimus vero numquam aperiam. Repellat itaque harum voluptatum iure cupiditate alias eius.
Iusto nesciunt provident est necessitatibus quae aut soluta. Asperiores ipsum eius consequatur.
Eaque in veritatis similique veniam labore. Dolorem praesentium nam officiis doloribus a.',NULL,NULL,'N','HIDDEN',361,'2024-11-13 00:01:37','2024-12-08 23:51:29',0,1);
INSERT INTO posts (post_id,board_id,user_id,post_title,content,answer_content,answered_at,file_attached,status,view_count,created_at,updated_at,is_deleted,is_comment_enabled) VALUES (89,3,9,'Esse numquam unde tempora.','Nostrum atque voluptatibus eum excepturi qui minus. Iste at velit ipsam ea nisi. Facilis doloremque dolorem ipsa in.
Rerum nihil fuga perspiciatis illo laboriosam. Asperiores consectetur consequuntur aut occaecati aspernatur. Beatae error optio eos.
Quisquam voluptatum dicta nobis dolorem. Dicta excepturi ad sint. Cumque magnam vel illum. Optio ipsum placeat qui.
Non adipisci laboriosam odit magnam temporibus. Ab exercitationem vel itaque quo.
Quam accusantium laboriosam natus molestiae harum. Soluta facilis vero autem error autem natus natus. Mollitia eaque beatae hic eaque illo.
Consectetur soluta quibusdam id minima nulla reprehenderit. Ullam omnis eos.
Blanditiis dolorum quae ut doloremque ab repudiandae deserunt. Accusantium facilis numquam facere rem.',NULL,NULL,'N','PUBLISHED',180,'2025-09-30 17:42:22','2025-12-04 22:44:55',0,1);
INSERT INTO posts (post_id,board_id,user_id,post_title,content,answer_content,answered_at,file_attached,status,view_count,created_at,updated_at,is_deleted,is_comment_enabled) VALUES (90,3,73,'Labore reprehenderit inventore asperiores.','Laborum blanditiis similique quis. Amet quae facilis dicta voluptatem.
Dolorem aliquid corporis debitis distinctio labore expedita est. Ad nemo officiis reprehenderit. Dolorem dolore voluptatibus voluptas eum quod.
Illo accusamus unde sed aspernatur. Quo adipisci natus consectetur nisi eligendi. Perspiciatis explicabo id.
Repudiandae numquam quibusdam. Numquam inventore vitae voluptate optio eveniet porro.
Et officia laborum dolores atque. Explicabo cupiditate veritatis placeat sed officia. Magni necessitatibus placeat libero.
Quaerat exercitationem impedit excepturi eius. Voluptate officia accusamus ab. Mollitia sunt ea quo accusantium tenetur alias.
Deserunt distinctio architecto consequatur eaque eveniet perferendis. Laborum maxime magnam quas est odio doloribus fugit.',NULL,NULL,'N','DRAFT',124,'2024-04-25 10:19:08','2025-12-06 09:14:21',0,1);
INSERT INTO posts (post_id,board_id,user_id,post_title,content,answer_content,answered_at,file_attached,status,view_count,created_at,updated_at,is_deleted,is_comment_enabled) VALUES (91,3,21,'Libero aut assumenda necessitatibus asperiores debitis.','Omnis cum incidunt at. Laboriosam dolorem labore quia quisquam.
Delectus alias quae dignissimos dolore.
Tempora expedita officiis dicta molestiae adipisci. Repudiandae architecto praesentium quos assumenda perspiciatis iste.
Eos excepturi doloribus quia corporis quisquam. Voluptas dolorem debitis consectetur. Iste ratione quisquam vitae est officiis voluptatem.
Optio maxime dolorum non dolorum quisquam dicta odio. Vel molestiae minima dolorem. Inventore magnam reiciendis.
At veniam molestiae ad ad magni veritatis. Est iure sunt esse enim sunt.
Amet ab quisquam deleniti. Saepe laudantium quae voluptatem.
Dolorum qui aut repellat labore delectus. Provident dignissimos quas exercitationem animi. Enim soluta minima pariatur odit occaecati.',NULL,NULL,'N','DRAFT',494,'2025-03-15 22:27:16','2025-05-27 00:23:15',0,1);
INSERT INTO posts (post_id,board_id,user_id,post_title,content,answer_content,answered_at,file_attached,status,view_count,created_at,updated_at,is_deleted,is_comment_enabled) VALUES (92,3,80,'Officia accusantium occaecati eveniet ducimus maiores consectetur.','Commodi temporibus voluptas quas quaerat natus ratione. Fugiat deleniti laudantium. Autem beatae facere corrupti.
Soluta quisquam vitae quis corporis adipisci non illo. Maxime ratione neque dolore neque quasi tempora. Non blanditiis minus eius.
Tempora quia at eligendi. Consequuntur amet illo magnam voluptas ullam.
Hic molestiae qui nulla. Illum ea suscipit quas nobis eum quaerat.
Tempora illum repellat enim.
Animi vitae blanditiis dolorem ducimus. Perspiciatis qui ratione qui voluptatum eaque. Cumque tempore unde deserunt. Consequuntur magnam rerum libero quidem perferendis repudiandae explicabo.
Aut odit ex debitis sint soluta impedit consequatur.
Labore temporibus perspiciatis quibusdam nisi laudantium. Incidunt quam consequuntur suscipit vitae expedita dolorum.',NULL,NULL,'N','HIDDEN',191,'2025-10-15 17:24:52','2026-01-29 09:41:22',0,1);
INSERT INTO posts (post_id,board_id,user_id,post_title,content,answer_content,answered_at,file_attached,status,view_count,created_at,updated_at,is_deleted,is_comment_enabled) VALUES (93,3,19,'Ipsam quas placeat occaecati iure assumenda accusamus.','Error aperiam deserunt fugit reprehenderit praesentium. Alias incidunt ut numquam nobis numquam voluptate. Veniam aperiam cumque earum dicta fuga. Magnam sunt asperiores facilis quos.
Maxime reiciendis impedit non aperiam. Aliquam iste alias id sed aliquid perferendis. Tempora perferendis voluptate fuga.
Expedita quia aspernatur. Dignissimos libero iusto cum error. Magnam nulla atque amet iste sint.
Ipsam dolor recusandae doloremque. Commodi nostrum voluptates. In dolore aut error ducimus repudiandae nam.
Enim quia tempore perspiciatis corrupti. Inventore placeat facilis impedit delectus impedit praesentium. Quas dolore aut placeat nihil impedit consectetur.
Quos nisi sequi. Dolore iste sit iste.',NULL,NULL,'N','DRAFT',46,'2023-08-22 07:04:50','2023-12-29 07:41:29',0,1);
INSERT INTO posts (post_id,board_id,user_id,post_title,content,answer_content,answered_at,file_attached,status,view_count,created_at,updated_at,is_deleted,is_comment_enabled) VALUES (94,3,70,'Libero iste distinctio distinctio mollitia voluptates.','Aliquid ex commodi aliquid laudantium unde quasi. Eos voluptatum dolorum magni accusantium.
Necessitatibus quidem ea culpa vel maxime cum. Nam minima quo ab.
Minus voluptates cupiditate accusantium deserunt tempora corporis. Ratione iste quod quasi praesentium. Neque optio omnis blanditiis.
Voluptatibus non aspernatur hic ipsam aspernatur.
Expedita placeat veritatis consequatur sed placeat quod sequi. Nisi hic natus recusandae tempore. Explicabo iure adipisci dolores omnis blanditiis vel.
Magni suscipit provident minima eaque fugit nihil.
Nam libero placeat ut. Molestias tempore assumenda explicabo.
Voluptatem deleniti similique quibusdam sunt aliquam. Dolores illum voluptatem dolor tempore. In dicta nemo minima dignissimos natus. Nihil asperiores aut rerum molestias totam id magnam.',NULL,NULL,'N','DRAFT',401,'2024-12-29 08:28:18','2025-12-19 14:38:54',0,1);
INSERT INTO posts (post_id,board_id,user_id,post_title,content,answer_content,answered_at,file_attached,status,view_count,created_at,updated_at,is_deleted,is_comment_enabled) VALUES (95,3,37,'Doloremque veniam occaecati.','Sunt facere cupiditate. Voluptates accusantium tempore minus eveniet voluptates ab. Totam dolorem praesentium. Quas officiis cumque ratione ad.
Quos perspiciatis beatae iste vel eum. Exercitationem ex inventore. Commodi ea sunt.
Praesentium voluptatum molestias explicabo et. Et incidunt amet voluptate ut dignissimos.
Rem amet aliquam sit quo omnis. Laudantium alias possimus.
Possimus consequatur nostrum accusantium aspernatur. Exercitationem tempora eveniet consequuntur exercitationem quod voluptatum. Fuga ea amet.
Aspernatur maiores maxime recusandae. Quas eligendi id neque vel animi.
Numquam voluptatum similique nulla recusandae. Nemo delectus esse repellat soluta.
Reprehenderit dolor tempora. Aspernatur quod pariatur asperiores vitae sed.',NULL,NULL,'N','DRAFT',398,'2024-04-09 05:35:45','2024-09-04 08:10:31',0,1);
INSERT INTO posts (post_id,board_id,user_id,post_title,content,answer_content,answered_at,file_attached,status,view_count,created_at,updated_at,is_deleted,is_comment_enabled) VALUES (96,3,34,'Consectetur porro rem nemo beatae hic ipsum.','Ipsam sunt sint alias dolorem eligendi repellendus. Praesentium libero nam debitis. Rem provident dolorem vero voluptates tenetur error magni.
Quisquam aspernatur dolore culpa. Asperiores earum eveniet soluta natus corrupti saepe.
Tenetur repellendus doloremque dolore. Incidunt placeat sed optio molestiae possimus quasi. Veritatis corrupti iste.
Excepturi numquam itaque dolorem ab vel error commodi. Porro accusantium necessitatibus excepturi a unde. Quaerat expedita atque omnis ullam voluptates debitis.
Maxime quae optio fugit consequatur harum qui est. Animi maxime fugit dolores. Iusto doloribus amet quam ratione illo excepturi. Ipsa consequatur aspernatur saepe doloremque quaerat.
Dolor eveniet voluptate. Perferendis sapiente doloremque dignissimos quo.
Nemo quasi eius maxime.',NULL,NULL,'N','PUBLISHED',22,'2024-11-14 09:27:14','2025-06-28 21:11:05',0,1);
INSERT INTO posts (post_id,board_id,user_id,post_title,content,answer_content,answered_at,file_attached,status,view_count,created_at,updated_at,is_deleted,is_comment_enabled) VALUES (97,3,95,'Nostrum facilis recusandae voluptate omnis quasi nihil.','Voluptas nostrum nostrum error ducimus assumenda exercitationem quibusdam. Necessitatibus enim sequi soluta necessitatibus commodi. Iste inventore quas dolores.
Quam laboriosam cum est unde vel. Rem totam repudiandae quibusdam officia. Adipisci aliquam perspiciatis doloribus labore corporis. Voluptatibus iusto dolorum quod.
Odio nisi accusantium placeat est. Est mollitia nesciunt ab. Quo et iure nostrum.
Totam occaecati id. Corporis eaque dolorem ut laborum nobis quidem qui.
Odit natus libero harum cumque saepe praesentium. Iure ut iste eius ex consectetur. Impedit deleniti natus hic maxime quibusdam et at. Natus commodi aliquid fugiat dolorum.
Officia ut nulla iure. Accusamus atque necessitatibus placeat iusto. Ab totam cumque vero adipisci vel.',NULL,NULL,'N','PUBLISHED',268,'2024-08-18 19:56:10','2025-01-15 08:15:22',0,1);
INSERT INTO posts (post_id,board_id,user_id,post_title,content,answer_content,answered_at,file_attached,status,view_count,created_at,updated_at,is_deleted,is_comment_enabled) VALUES (98,3,3,'Mollitia accusantium sapiente incidunt.','Tempora pariatur nobis ab sequi voluptates. Cumque saepe libero et.
Assumenda dolor reprehenderit occaecati ex. Doloremque ducimus impedit dolore dolorum ipsum.
Ea illo voluptate cumque harum.
Sequi eligendi consequuntur nam maiores nemo facere. Ullam unde quas qui ratione harum. Consectetur vero aliquid exercitationem in molestiae fuga.
Optio veniam iste occaecati cumque autem. Expedita labore sapiente voluptas.
Repudiandae omnis deserunt ullam. Veniam porro est officiis.
Perspiciatis cupiditate adipisci optio quam iste atque. Odit dolor ipsum alias voluptatum omnis quod. Accusantium animi officiis porro recusandae illum.
Alias accusantium quasi asperiores sapiente minus. Beatae quod nihil nobis sint dolores at. Laudantium rem perferendis.',NULL,NULL,'N','PUBLISHED',178,'2024-06-13 02:38:13','2025-05-21 01:43:33',0,1);
INSERT INTO posts (post_id,board_id,user_id,post_title,content,answer_content,answered_at,file_attached,status,view_count,created_at,updated_at,is_deleted,is_comment_enabled) VALUES (99,3,10,'Necessitatibus fuga voluptatum quae.','Cupiditate mollitia magnam.
Ea unde quisquam ex quo. Necessitatibus esse esse doloribus reprehenderit.
Perspiciatis quae rem. Laborum totam ut. Repellendus quam qui blanditiis ut. Sequi eveniet laudantium facilis natus quas pariatur.
Vitae iste pariatur hic quaerat id. Quasi quod accusamus facilis voluptatum. Corporis modi natus unde.
Id cumque explicabo ipsum rerum optio officia. Sunt quia necessitatibus non. Ex voluptas itaque blanditiis dicta doloremque.
Facere culpa odio ducimus aspernatur blanditiis quod. Doloremque amet ipsum quas vitae.
Quaerat animi voluptatem ipsa perferendis voluptas. Sequi animi in similique rem provident. Sapiente praesentium aspernatur aliquam asperiores.',NULL,NULL,'N','DRAFT',28,'2023-09-20 01:50:17','2025-05-03 17:44:15',0,1);
INSERT INTO posts (post_id,board_id,user_id,post_title,content,answer_content,answered_at,file_attached,status,view_count,created_at,updated_at,is_deleted,is_comment_enabled) VALUES (100,3,73,'Inventore pariatur delectus repudiandae accusamus.','Voluptatem inventore ut dolorum error nostrum quo suscipit. Quaerat temporibus doloribus debitis.
Ut vero nulla quas optio nobis ducimus. Quas porro voluptates praesentium. Vero assumenda voluptatem incidunt occaecati.
Laboriosam molestias debitis vero. Facere nam debitis illum suscipit eius recusandae quas. Animi facere atque quam nulla ullam optio expedita.
Cupiditate sed maxime asperiores saepe cupiditate. Ipsum nulla facilis ipsam eveniet ea dolore cupiditate. Eveniet ut libero dicta similique id omnis. Dignissimos ipsum non nesciunt vel occaecati tempora.
Voluptate dicta eveniet harum totam quaerat. Facere et repudiandae accusamus. At quia rerum praesentium.
In eaque libero officia delectus dolorem. Sapiente minima voluptates exercitationem minima. Quam omnis ipsum occaecati.',NULL,NULL,'N','DRAFT',71,'2024-01-20 10:09:52','2024-07-13 20:43:20',0,1);
INSERT INTO posts (post_id,board_id,user_id,post_title,content,answer_content,answered_at,file_attached,status,view_count,created_at,updated_at,is_deleted,is_comment_enabled) VALUES (101,4,30,'Eveniet sint nihil beatae occaecati.','Libero dicta quia natus natus hic nisi corporis. Optio inventore rem eveniet.
Reprehenderit nulla alias assumenda esse quas minima. Nulla ad nisi ullam. Reprehenderit dicta eius at necessitatibus repellendus.
Voluptates cupiditate dicta quam totam dolores. Quis commodi odio veritatis laborum libero.
Dignissimos aspernatur delectus esse totam. Asperiores provident aliquid inventore et quidem. Earum autem nemo quis. Velit fugiat quod explicabo culpa ad neque.
Ad incidunt ut voluptatem non maxime. Ullam sit quibusdam voluptatem quaerat.
Porro numquam labore fuga vel cupiditate deleniti esse. Placeat ipsa iure error ipsa eos consequatur. Debitis pariatur blanditiis iure officiis eius laboriosam.','Sed corrupti sunt eaque.
Itaque nulla quia mollitia rerum temporibus modi. Accusantium labore harum. Ipsam ullam porro recusandae facere.','2023-12-23 23:22:00','N','PUBLISHED',260,'2025-05-28 06:42:59','2026-02-05 08:26:50',0,1);
INSERT INTO posts (post_id,board_id,user_id,post_title,content,answer_content,answered_at,file_attached,status,view_count,created_at,updated_at,is_deleted,is_comment_enabled) VALUES (102,4,11,'Numquam iure sed id delectus ad aliquam saepe.','Quidem sint harum. Perspiciatis maxime eum quas doloribus.
Corporis sed numquam harum consectetur laborum eius. In distinctio aliquid ipsum dolorem quaerat ipsum.
Reprehenderit asperiores cumque accusantium repudiandae. Voluptatibus ad vero.
Odit aliquid eveniet facilis ea voluptate. Corporis a perferendis nobis saepe neque.
Cum impedit deleniti. Quaerat mollitia numquam atque saepe. Non consequuntur aliquid ullam vel asperiores.
Pariatur repudiandae veniam. Dolorum officia quae pariatur sit molestiae.
Sunt aspernatur ducimus occaecati cum ad. Quas nobis cupiditate laborum libero.
Quos sint magni tempora alias non. Molestiae iste impedit labore.
Delectus voluptatem maxime earum. Repudiandae voluptate culpa hic incidunt mollitia nesciunt.','Tempore sapiente voluptatem a unde. Voluptates omnis placeat asperiores voluptatem aspernatur. Alias aspernatur ducimus reiciendis voluptates laborum.','2023-03-17 13:00:30','N','PUBLISHED',370,'2023-09-12 17:59:49','2025-10-24 15:07:20',0,1);
INSERT INTO posts (post_id,board_id,user_id,post_title,content,answer_content,answered_at,file_attached,status,view_count,created_at,updated_at,is_deleted,is_comment_enabled) VALUES (103,4,25,'Ullam perferendis repudiandae mollitia aliquid ipsam iure.','Sint inventore eos.
Id culpa minus illum consequuntur tenetur. Repudiandae modi blanditiis in eum.
Dolore suscipit molestias unde veritatis tenetur veritatis unde. Itaque magni consectetur reiciendis.
Laudantium dignissimos doloremque deserunt magni labore dicta. Cumque aspernatur maiores soluta sint ducimus illum. Occaecati ratione eum possimus qui nostrum. Similique illum eius et aliquam necessitatibus.
Iure natus pariatur dolore eveniet reiciendis. Illum maxime alias necessitatibus eius officiis.
Repellat tempora numquam sapiente maxime. Reprehenderit maiores voluptas. Reprehenderit quisquam error voluptate.
Ad aspernatur sed fugiat quasi earum delectus. Modi vero voluptatem pariatur cum voluptas.
Aspernatur laudantium numquam est. Nobis ea cum quisquam.','Autem aliquid quae quam non. Excepturi beatae neque facere. Similique molestiae facere quo neque tenetur.
Dolor qui adipisci cum iusto. Laudantium id delectus quod debitis non nam.','2024-02-15 19:41:41','N','PUBLISHED',283,'2025-01-23 15:07:27','2025-10-27 22:42:38',0,1);
INSERT INTO posts (post_id,board_id,user_id,post_title,content,answer_content,answered_at,file_attached,status,view_count,created_at,updated_at,is_deleted,is_comment_enabled) VALUES (104,4,56,'Quam nemo aliquid sit eum.','Itaque odit eligendi enim dolores. Nostrum voluptatem tempore hic aliquid. Consequatur quod quos enim repellendus.
In vero necessitatibus perferendis culpa. Repellat minima ex est laudantium.
Consectetur tenetur ea expedita dolorem eius. Dolorum distinctio illo quos libero ex.
Nobis accusamus perferendis sunt nihil. Ex molestiae excepturi provident asperiores praesentium nostrum dolor. Minus excepturi odio.
Adipisci harum illo quam. Nihil et autem aut atque excepturi doloribus. Perferendis in minus libero.
Impedit illum repellendus earum quidem repudiandae maxime. Magnam molestiae error alias voluptate. Architecto laudantium minus dicta odio dolor.
Sit sed nisi fugiat ea dolores aliquid ipsa. Blanditiis aspernatur unde amet labore totam velit unde.','Id odit odio natus. Temporibus temporibus totam.','2023-05-20 20:28:40','N','HIDDEN',69,'2023-08-29 18:04:12','2026-01-21 15:36:55',0,1);
INSERT INTO posts (post_id,board_id,user_id,post_title,content,answer_content,answered_at,file_attached,status,view_count,created_at,updated_at,is_deleted,is_comment_enabled) VALUES (105,4,92,'Totam at doloribus eum aperiam fugit dolor.','Ex nam excepturi eligendi laborum unde. Modi reiciendis adipisci dignissimos quas.
Tempora corporis quaerat nesciunt autem quos deleniti. Accusamus vel aliquam eius reprehenderit veniam explicabo.
Consequatur tempore earum quaerat repellendus eveniet ullam. Quas excepturi porro pariatur sapiente temporibus. Molestias eveniet ad praesentium illum.
Eveniet iste doloribus sequi odio. Eius cum velit. Tempore quos odio ratione.
Ratione doloremque architecto. Nostrum beatae illo sapiente temporibus consectetur.
Adipisci perspiciatis blanditiis facilis provident architecto non. Quae earum provident mollitia ratione possimus voluptatibus.
Debitis ipsam repellat asperiores. Ad reprehenderit natus magni eos corporis.',NULL,NULL,'N','HIDDEN',427,'2024-12-15 13:19:52','2025-08-13 22:33:34',0,1);
INSERT INTO posts (post_id,board_id,user_id,post_title,content,answer_content,answered_at,file_attached,status,view_count,created_at,updated_at,is_deleted,is_comment_enabled) VALUES (106,4,3,'Fuga maiores aliquid cumque consequuntur eius.','Officia tenetur architecto. Voluptate provident non ipsam.
Ut nesciunt magnam tempore. Ad assumenda iure quis necessitatibus a. Exercitationem vero dolorum tenetur harum numquam.
Voluptate eos quaerat culpa animi dolorem aliquid.
Accusantium ratione quibusdam occaecati eligendi.
Eligendi nobis sapiente earum beatae. Illum nesciunt laudantium eos dolor ea dolores.
Ipsa eligendi neque totam totam aperiam.
Eos eius at iusto voluptatibus. Ratione placeat odio magnam delectus a.
Dolores aut eaque inventore enim. Dicta sapiente provident quibusdam eaque voluptatum ipsam quo. Exercitationem in cupiditate voluptas occaecati dolore quo explicabo.
Dolor nostrum unde ratione enim. Quidem fuga repellendus iusto aspernatur fuga.','Facilis ipsa minus ea dolores. Dignissimos reiciendis commodi voluptates minus.
Corporis eius assumenda. Laboriosam dolor in sint impedit iste non.','2025-11-21 07:14:55','N','HIDDEN',499,'2025-07-15 13:39:17','2026-02-06 11:36:22',0,1);
INSERT INTO posts (post_id,board_id,user_id,post_title,content,answer_content,answered_at,file_attached,status,view_count,created_at,updated_at,is_deleted,is_comment_enabled) VALUES (107,4,25,'Voluptates nesciunt officiis doloribus neque animi quisquam.','Id laboriosam cum consequatur. Praesentium labore iusto aut porro provident praesentium commodi.
Doloremque cupiditate enim molestias voluptate nesciunt. Tenetur numquam esse quo ipsum.
Sit vitae aspernatur temporibus ullam. Animi nostrum sit. Harum blanditiis quod voluptatum nulla.
Facilis sit totam eaque. Animi iusto adipisci dicta ab magni.
Officiis voluptatibus a qui nam quo. Aut quas enim asperiores aliquam qui. Consectetur eos natus beatae. Saepe deserunt praesentium enim.
Pariatur accusamus ratione sit non ex facere. Dicta error hic corporis molestiae maiores explicabo maxime. Iusto sunt nihil nihil.
Hic tenetur nemo praesentium at. Sunt ea in consequuntur corrupti.',NULL,NULL,'N','DRAFT',218,'2023-10-24 11:14:27','2024-12-21 05:42:49',0,1);
INSERT INTO posts (post_id,board_id,user_id,post_title,content,answer_content,answered_at,file_attached,status,view_count,created_at,updated_at,is_deleted,is_comment_enabled) VALUES (108,4,95,'Nihil quod porro modi nisi consectetur.','Tenetur nobis nulla minus qui aperiam. Quasi perspiciatis aliquid maiores temporibus reiciendis accusantium. Repellendus odit facere doloribus.
Aliquid culpa repudiandae maxime vel sapiente. Natus sequi nisi qui esse.
Quae voluptates molestiae ratione. Et accusamus eligendi dolore aliquam. Magni laboriosam expedita a.
Aliquam recusandae similique expedita earum sit.
Non laborum quae. Reiciendis vel nemo eligendi ducimus.
Sit voluptates hic qui officiis possimus. Tempore incidunt voluptatem doloremque. Iusto dicta sint nemo esse eveniet nisi.
Libero sapiente odit hic accusantium expedita ratione. Commodi hic itaque pariatur. Nemo assumenda doloremque officiis.
Pariatur placeat soluta perspiciatis modi harum molestiae. Ut nostrum hic consectetur deserunt sed quisquam eveniet.',NULL,NULL,'N','PUBLISHED',371,'2025-09-30 16:48:34','2026-02-06 06:09:19',0,1);
INSERT INTO posts (post_id,board_id,user_id,post_title,content,answer_content,answered_at,file_attached,status,view_count,created_at,updated_at,is_deleted,is_comment_enabled) VALUES (109,4,60,'Consectetur minus ad atque laudantium.','Quibusdam sunt dicta tenetur quaerat. Tempora repellendus quas unde corrupti laudantium architecto quaerat. Rerum placeat delectus sit incidunt. Quis aspernatur repudiandae quidem.
At maiores sequi nam. Impedit vero maiores. Harum sapiente deleniti.
Neque iusto architecto neque eveniet maiores. Velit quod debitis maxime. Voluptates quis labore debitis.
Qui aspernatur officia doloremque vel libero quidem error. Magni alias velit repellat soluta laborum laudantium perspiciatis. Cumque laborum cupiditate veritatis illum. Dolore totam omnis.
Eveniet sit beatae ex veniam hic. Asperiores deleniti porro.
Voluptas illo iure explicabo. Odio magnam quod quisquam.
Sequi dolorum et dolorem dolore eos. Aperiam molestias provident occaecati pariatur saepe. Reiciendis tempore eligendi vel facere.','Sequi rerum recusandae aliquam.
Quos ex eum ab repudiandae consectetur quisquam. Iure maxime quibusdam voluptatum sit odit. Possimus quas dolorum molestias corrupti exercitationem.','2025-11-05 17:09:55','N','PUBLISHED',298,'2025-12-18 15:04:45','2026-02-04 11:03:59',0,1);
INSERT INTO posts (post_id,board_id,user_id,post_title,content,answer_content,answered_at,file_attached,status,view_count,created_at,updated_at,is_deleted,is_comment_enabled) VALUES (110,4,81,'Dignissimos quibusdam quod id harum.','Inventore necessitatibus expedita quam. Iusto assumenda minus est exercitationem debitis. Provident beatae occaecati vero.
Molestiae assumenda accusamus quis. Ipsum accusantium accusamus praesentium.
Inventore incidunt qui iste explicabo corrupti atque unde. Porro debitis sed perspiciatis autem provident quaerat.
Dolore sapiente quod voluptates. Ipsam placeat cum ipsam.
Dolor unde hic sapiente pariatur tenetur velit. Modi perferendis hic quaerat.
Reiciendis tempore cumque architecto occaecati quidem. Voluptas voluptate quibusdam consequatur sapiente saepe. Quisquam voluptatibus asperiores et unde ad.
Natus doloribus ipsum repellendus. Corporis inventore tempore blanditiis velit. Sequi aut a omnis non vel eius. Ut quos excepturi maxime blanditiis.',NULL,NULL,'N','PUBLISHED',487,'2025-09-21 17:20:51','2025-12-20 20:29:15',0,1);
INSERT INTO posts (post_id,board_id,user_id,post_title,content,answer_content,answered_at,file_attached,status,view_count,created_at,updated_at,is_deleted,is_comment_enabled) VALUES (111,4,1,'Aspernatur natus ullam placeat occaecati.','Atque consequuntur laudantium. Ducimus voluptatum tenetur soluta nobis nihil.
Quas molestias fugit laborum. Beatae voluptas dolores exercitationem est veritatis. Repudiandae numquam earum dolores laudantium amet. Veniam placeat molestiae in nam quo laborum.
Similique pariatur nesciunt reprehenderit quasi quas veritatis. At et voluptatem minima. Suscipit adipisci error nesciunt sunt maxime nemo nam.
Ipsa deleniti repellat animi eaque cupiditate at omnis.
Numquam tempora exercitationem libero. Molestiae repudiandae reiciendis doloribus dolorem neque aut tempore. Iste recusandae numquam impedit consequatur id.
Occaecati nulla non soluta saepe facere aut.
Unde pariatur ipsam dolor dolorum. Nihil quas ab unde.','Ipsam ex iusto inventore aliquam magni hic quis. Occaecati nemo nam incidunt non fugit.
Magnam voluptate repellat culpa quaerat porro. Impedit dignissimos animi enim explicabo ut.','2025-01-17 18:11:08','N','DRAFT',143,'2025-06-09 19:10:56','2025-09-25 23:13:57',0,1);
INSERT INTO posts (post_id,board_id,user_id,post_title,content,answer_content,answered_at,file_attached,status,view_count,created_at,updated_at,is_deleted,is_comment_enabled) VALUES (112,4,19,'Ad a optio perferendis.','Quasi mollitia et nemo dignissimos laboriosam aliquid. Cumque quo laborum porro quia adipisci iure. Alias minus harum minus.
Soluta perferendis doloremque ullam soluta. Nesciunt et at nam inventore eum placeat. Iure inventore laudantium.
Cumque assumenda illum iure dolorem nemo doloribus corporis. Ad vel corporis placeat culpa inventore eum.
Reprehenderit odit deserunt fugiat aut. Quasi a itaque praesentium. A maiores aliquam soluta modi necessitatibus commodi. Unde nihil voluptatibus architecto.
Placeat excepturi minima fuga fuga illum explicabo.
Optio quo laborum fugiat similique consectetur dolores.
Perspiciatis animi soluta.
Eum autem voluptate odio perspiciatis doloribus corporis. Voluptatum maxime eaque eveniet a debitis. Illum eligendi fugit.
Nam temporibus magnam at quia.',NULL,NULL,'N','PUBLISHED',333,'2023-09-09 22:02:34','2024-11-24 03:07:33',0,1);
INSERT INTO posts (post_id,board_id,user_id,post_title,content,answer_content,answered_at,file_attached,status,view_count,created_at,updated_at,is_deleted,is_comment_enabled) VALUES (113,4,29,'Tempora quasi eos ea expedita.','Quam quo expedita voluptatem veritatis error expedita. Aliquam nulla cumque a. Temporibus provident nisi ratione tenetur magnam ratione.
Debitis quod officia iste. Ipsa repellendus ad aliquam perspiciatis. Recusandae fuga consequatur quas.
Placeat nihil laborum alias vel. Adipisci saepe repudiandae reprehenderit optio quam error. Ipsam sapiente nisi quis illo aliquam.
Saepe corporis repellendus ducimus corrupti. Assumenda voluptates praesentium ipsum suscipit deleniti cupiditate. Similique repellendus a ipsam illo nisi magni.
Rem voluptates voluptate facere saepe nisi ad aut. Delectus pariatur eligendi ducimus voluptate.
Placeat odit nobis necessitatibus ab. Expedita quo debitis doloribus ut ipsum dolore.
Nemo optio illo corrupti. Quaerat ipsam fugiat. Natus cumque voluptatibus.',NULL,NULL,'N','PUBLISHED',128,'2024-10-30 04:01:38','2025-01-01 17:10:06',0,1);
INSERT INTO posts (post_id,board_id,user_id,post_title,content,answer_content,answered_at,file_attached,status,view_count,created_at,updated_at,is_deleted,is_comment_enabled) VALUES (114,4,31,'Deleniti rem a non deserunt excepturi.','Provident debitis minima blanditiis. Blanditiis dolor temporibus dignissimos excepturi.
Praesentium quam quas. Labore debitis temporibus.
Molestias explicabo repellendus. Ad eos excepturi harum eveniet occaecati. In sequi at ducimus nihil deleniti perspiciatis.
Eveniet labore id veniam vitae iure. Maxime totam ipsa.
Omnis ipsam reiciendis tenetur natus reprehenderit cupiditate. Ratione voluptas pariatur dicta tempore ab voluptatem. Accusamus dolorum dicta neque non.
Natus aliquam assumenda. Quibusdam repudiandae architecto unde libero eius ullam.
Explicabo voluptas deleniti minus laborum voluptatibus. Soluta culpa nobis natus dignissimos saepe. Dolor optio aliquid nesciunt eaque alias. Consequuntur fugiat et harum iusto.',NULL,NULL,'N','DRAFT',32,'2024-09-19 15:04:28','2024-10-04 06:48:42',0,1);
INSERT INTO posts (post_id,board_id,user_id,post_title,content,answer_content,answered_at,file_attached,status,view_count,created_at,updated_at,is_deleted,is_comment_enabled) VALUES (115,4,23,'Maiores dicta similique laboriosam perferendis.','Quia reiciendis neque dolor molestiae. Suscipit voluptates sequi nulla inventore labore eveniet. Molestias nulla veniam recusandae.
Soluta eos repellendus unde ex. Nesciunt nisi rerum perspiciatis tempore nesciunt.
Iste doloribus minima enim ullam maxime. Fuga doloremque deleniti ipsam temporibus. Repellat ratione dolorum corrupti ad at.
Odit quo incidunt illo adipisci nobis. Vero occaecati magnam excepturi eum magni doloribus. Tempore voluptatem sapiente provident mollitia.
Molestias impedit modi ea odio.
Distinctio earum beatae laudantium earum labore. Accusantium accusamus enim.
Cumque iste aspernatur ab exercitationem voluptas ratione. Suscipit dolore laborum nostrum cupiditate rem cumque. Odit delectus vel recusandae.',NULL,NULL,'N','HIDDEN',208,'2024-05-19 03:34:22','2025-09-23 22:38:56',0,1);
INSERT INTO posts (post_id,board_id,user_id,post_title,content,answer_content,answered_at,file_attached,status,view_count,created_at,updated_at,is_deleted,is_comment_enabled) VALUES (116,4,11,'Odit illo animi esse nam sed.','Illo similique quas eius doloremque. Corporis voluptatum quas aliquid ipsa magni eaque nemo.
Ipsum quasi in laborum totam vero. Recusandae hic itaque quaerat ratione eligendi nobis beatae.
Adipisci optio quis labore laborum debitis quis suscipit. Deserunt ad itaque libero eum recusandae voluptate.
Aliquid sint facilis delectus accusantium accusamus. Delectus animi commodi asperiores tenetur unde. Illo in voluptates iusto tempora illo.
Officiis quos labore sed. Fugiat sint tempora ullam neque ullam. Occaecati quibusdam quidem officiis iure. Accusamus facere corrupti saepe provident.
Eligendi voluptatem repudiandae dolorum occaecati sint. Ullam error commodi placeat temporibus itaque illum. Ut optio cumque culpa quisquam laudantium. Atque aperiam error vitae similique doloribus dolores.',NULL,NULL,'N','DRAFT',413,'2023-10-25 03:37:53','2025-02-11 05:25:54',0,1);
INSERT INTO posts (post_id,board_id,user_id,post_title,content,answer_content,answered_at,file_attached,status,view_count,created_at,updated_at,is_deleted,is_comment_enabled) VALUES (117,4,87,'Provident recusandae a quisquam labore earum neque.','Impedit placeat ipsum voluptates ipsum accusantium. Error dolorem nesciunt distinctio reprehenderit asperiores.
Iusto distinctio nulla quas. Esse distinctio a repudiandae eaque assumenda.
Perferendis error voluptate quia dicta totam. Corporis animi enim.
Maxime reiciendis repellendus optio consequatur earum. Ipsum doloribus aliquam ducimus necessitatibus assumenda qui voluptatem.
Neque libero odio.
Cupiditate error necessitatibus tenetur autem veniam aperiam cum. Eius non nobis numquam. Inventore esse similique facilis praesentium beatae.
Illum amet itaque cumque mollitia cumque a. Similique blanditiis tenetur commodi voluptatum dicta. Facere ad consectetur ducimus fugit est. Hic molestiae accusantium amet dolor quas optio odio.
Dolor earum necessitatibus nisi enim voluptate laborum.','At laudantium cum doloremque labore mollitia delectus maiores. Expedita ullam nulla optio maxime tempore.
Culpa iste adipisci perferendis saepe. Et dolor repellendus maxime quibusdam saepe iusto.','2023-07-02 02:20:27','N','HIDDEN',283,'2025-10-27 14:55:18','2025-12-14 22:03:54',0,1);
INSERT INTO posts (post_id,board_id,user_id,post_title,content,answer_content,answered_at,file_attached,status,view_count,created_at,updated_at,is_deleted,is_comment_enabled) VALUES (118,4,52,'Esse id delectus vero.','Libero necessitatibus dolorum deserunt sint ex. Quis temporibus eaque fuga ad voluptatem sapiente. Debitis autem in facere pariatur quibusdam.
Voluptatum aut quibusdam architecto et. Molestiae dolor veniam porro dolorum ex tempore. Harum ducimus odit quae.
Molestias itaque sapiente accusantium libero. Aliquid perspiciatis fugit sapiente. Laborum numquam laborum voluptatem tenetur alias enim officia.
Dolores cupiditate inventore quasi occaecati doloribus repudiandae eveniet. Amet laboriosam vero blanditiis quos odio. Inventore eos dolor fuga.
Omnis possimus deleniti ratione nisi enim totam. Ipsam odit atque enim labore qui. Placeat adipisci aspernatur id necessitatibus dolores doloribus. Aliquid hic doloribus.','Beatae nostrum doloremque vero quod earum. Voluptates nihil iste asperiores labore.
Quam possimus iusto hic. Minima impedit voluptates fugiat maxime placeat laborum.','2025-09-01 05:41:04','N','PUBLISHED',212,'2023-04-30 19:49:49','2024-05-14 20:14:57',0,1);
INSERT INTO posts (post_id,board_id,user_id,post_title,content,answer_content,answered_at,file_attached,status,view_count,created_at,updated_at,is_deleted,is_comment_enabled) VALUES (119,4,15,'Quae itaque reiciendis veniam eum.','Dolor voluptas dolorum at. Quos veritatis sit dolor exercitationem modi minus. Ipsam nisi distinctio illo corrupti molestiae perferendis.
Amet quibusdam deleniti iste. Eligendi dolorum repudiandae blanditiis enim quam occaecati. Iusto neque nihil esse.
Numquam error quam iure. Praesentium maiores aspernatur cumque explicabo ipsum. Nihil molestiae facilis ratione doloribus aliquid atque.
Quaerat asperiores amet. Labore culpa deleniti maiores.
Illum neque aliquam molestias eligendi. Earum velit libero veritatis aliquid fuga. Neque distinctio nostrum nobis iste voluptates.
Suscipit ut maxime expedita architecto delectus sunt id. Ipsam tenetur voluptatum quisquam et ullam. Non dolor exercitationem consequuntur corporis voluptate possimus.',NULL,NULL,'N','DRAFT',496,'2024-02-01 07:17:18','2025-01-07 09:24:49',0,1);
INSERT INTO posts (post_id,board_id,user_id,post_title,content,answer_content,answered_at,file_attached,status,view_count,created_at,updated_at,is_deleted,is_comment_enabled) VALUES (120,4,10,'Quia enim repellendus ab qui pariatur occaecati iusto.','Autem veritatis dolore asperiores soluta tenetur. Voluptate rerum iste voluptates consequatur quae.
Sequi provident quo a magni corrupti. A dolor est consectetur dolores incidunt.
Suscipit quasi facere amet reiciendis inventore at. Dignissimos eaque quia nobis.
Temporibus culpa soluta iure officiis. Consequatur molestias tempora dicta est enim.
Rerum excepturi placeat. Rem iure porro placeat debitis possimus corrupti.
Omnis reprehenderit rerum laudantium nihil.
Deserunt similique in similique. Repudiandae non ea laborum veritatis.
Architecto beatae quo laborum et officiis. Quidem et tempora blanditiis architecto.
Illum repudiandae rerum aliquid quas.
Assumenda delectus quis eum optio. Laboriosam officiis consequatur doloribus quod autem hic.','Quasi dignissimos perspiciatis enim similique nobis voluptate. Dignissimos explicabo odio repellendus molestiae.','2024-03-18 21:21:28','N','PUBLISHED',494,'2023-07-31 04:40:04','2025-10-20 06:18:56',0,1);
INSERT INTO posts (post_id,board_id,user_id,post_title,content,answer_content,answered_at,file_attached,status,view_count,created_at,updated_at,is_deleted,is_comment_enabled) VALUES (121,4,76,'Consectetur tenetur impedit suscipit eligendi nulla repellendus.','Dignissimos eius dolorum dolorum provident hic vitae quisquam. Distinctio amet distinctio enim odio.
Asperiores quas omnis aliquam. Iure quos dolore minima in dicta cumque. Ut neque consequatur.
Omnis minima iusto optio aperiam repellendus eos. Ut eum sunt porro voluptate provident. Tenetur asperiores reiciendis quisquam sint ex sunt.
Asperiores assumenda cupiditate molestiae nisi. Iusto cupiditate quisquam nihil.
Nemo cum sunt fuga pariatur. Sapiente doloremque quam veniam nemo error cupiditate. Dolor modi consequatur quod sapiente ex sed voluptatem.
Minima a provident sint eum ipsa. Laborum fuga tempora laudantium natus officiis.
In eaque quas delectus assumenda unde. Occaecati harum mollitia unde.',NULL,NULL,'N','PUBLISHED',81,'2023-04-23 22:55:38','2024-10-15 10:25:51',0,1);
INSERT INTO posts (post_id,board_id,user_id,post_title,content,answer_content,answered_at,file_attached,status,view_count,created_at,updated_at,is_deleted,is_comment_enabled) VALUES (122,4,68,'Eos minima nemo adipisci vero maxime velit.','Facere autem aspernatur facilis. Beatae itaque omnis necessitatibus quasi pariatur aliquid.
Quaerat sapiente fuga error praesentium temporibus pariatur. Quod doloribus aspernatur dolorem deserunt illo. Molestiae amet magni.
Sapiente repellat dicta nemo. Eveniet porro et distinctio repudiandae ipsum. Sint inventore velit.
Illo odio officia id cumque facilis. Accusantium ab corrupti saepe eveniet corrupti repellat. Labore atque dolores culpa.
Odio unde totam totam est error similique.
Voluptates officiis rerum. Est laborum vitae nisi commodi. Ad id suscipit illo.
Voluptate repudiandae voluptatum non pariatur autem. Quo occaecati illo consequuntur. Voluptatem deserunt quas.','A eius dolores nesciunt temporibus. Quasi odio nobis aut adipisci.
Officia quisquam fuga corporis. Totam ad aliquid ipsum voluptas magnam veritatis. Consequuntur quae explicabo nemo ipsum laboriosam.','2025-09-02 02:25:21','N','PUBLISHED',221,'2024-07-13 08:22:07','2025-01-22 06:25:07',0,1);
INSERT INTO posts (post_id,board_id,user_id,post_title,content,answer_content,answered_at,file_attached,status,view_count,created_at,updated_at,is_deleted,is_comment_enabled) VALUES (123,4,73,'Vitae voluptas et consequatur repellendus.','Enim nesciunt asperiores porro dolores officiis et harum.
Hic placeat eveniet quis debitis. Quisquam sunt placeat suscipit.
Cupiditate ipsa laudantium. Repellendus fugit deleniti magnam repellendus saepe.
Magnam sed dignissimos fuga nemo expedita sequi harum.
Ipsum quibusdam quos sint. Quod odio placeat deserunt aliquid debitis saepe.
Dicta officia aliquam voluptates sapiente quaerat. Tempora ex officiis culpa dolorem maxime inventore.
Facere a placeat labore. Excepturi voluptatibus dolores culpa soluta incidunt fuga. Eos veniam eius animi.
Iste id hic ut blanditiis modi. Aliquid hic deserunt dicta ducimus quas sunt.
Consequuntur sapiente laudantium ipsam explicabo quos.
Accusamus suscipit tempore. Voluptas molestiae nobis atque consectetur commodi provident omnis.',NULL,NULL,'N','HIDDEN',276,'2024-09-18 22:42:12','2025-04-02 12:04:43',0,1);
INSERT INTO posts (post_id,board_id,user_id,post_title,content,answer_content,answered_at,file_attached,status,view_count,created_at,updated_at,is_deleted,is_comment_enabled) VALUES (124,4,18,'Impedit perferendis porro asperiores quidem.','Repellat porro praesentium nobis dolore. Accusamus sunt saepe optio nisi. Recusandae aperiam aut. Ipsa molestias itaque consequuntur sapiente impedit nostrum.
Eum voluptatibus qui reiciendis expedita. Ea quibusdam alias laborum.
Explicabo ipsum nulla laboriosam. Fugit non exercitationem. Magnam veritatis deleniti nihil.
Quasi quisquam nisi commodi minus numquam praesentium. Consectetur corrupti fugit est ipsum commodi architecto. Ratione consectetur molestiae accusamus fugiat sed quis. Facere eaque quod magni facilis.
Incidunt sed omnis numquam culpa fuga. Rerum nisi voluptates mollitia itaque dolorem officiis iure.
Deleniti libero corporis vel perspiciatis illo. Laudantium laudantium officiis.
Ad eum quia animi deleniti. Nesciunt eveniet nisi id.',NULL,NULL,'N','PUBLISHED',37,'2023-06-01 00:21:18','2025-10-30 03:19:20',0,1);
INSERT INTO posts (post_id,board_id,user_id,post_title,content,answer_content,answered_at,file_attached,status,view_count,created_at,updated_at,is_deleted,is_comment_enabled) VALUES (125,4,73,'Error aliquid nostrum earum cum.','Alias autem esse voluptatum porro libero. Omnis cupiditate unde ad quaerat. Esse quia animi cumque.
Ut reiciendis reprehenderit minus fugit. Nesciunt unde dolores ipsum. Aliquam aliquam eveniet aliquid praesentium.
Modi ratione aspernatur reprehenderit earum dolorum harum. Dolorem explicabo inventore inventore cum alias numquam. Sapiente omnis enim ad eaque error magnam. Error deserunt impedit enim placeat quis beatae.
Molestiae iste iusto illum quod asperiores dicta. Nam necessitatibus aliquid molestiae ipsa adipisci sequi.
Vel placeat error laudantium iure. Illo molestiae velit ipsam voluptatibus suscipit voluptatem. Atque tempora reprehenderit similique ex expedita illum. Culpa neque provident natus rerum consectetur.','Sunt ut fuga occaecati ad illum. Commodi totam odit laborum. Dicta possimus consequuntur dolorum aliquid temporibus.','2025-09-05 15:20:39','N','PUBLISHED',245,'2025-08-15 11:10:00','2025-10-05 01:15:33',0,1);
INSERT INTO posts (post_id,board_id,user_id,post_title,content,answer_content,answered_at,file_attached,status,view_count,created_at,updated_at,is_deleted,is_comment_enabled) VALUES (126,4,42,'Sint at accusantium accusamus aspernatur corporis.','Ipsam voluptatum quisquam a molestiae.
Possimus dolores quos. Beatae optio blanditiis minus repellat.
Quas ipsam accusamus repellendus harum. Inventore mollitia temporibus quia unde eius laboriosam illum. Quos explicabo harum minima.
Quas iure odio. Illo cupiditate sunt repellendus. Commodi similique eum accusamus soluta.
Quod velit architecto alias consequuntur laudantium. Adipisci hic accusantium laboriosam nesciunt.
Asperiores asperiores et harum ipsam. Ducimus numquam unde. Voluptatum exercitationem pariatur exercitationem iste impedit architecto.
Voluptatibus iusto error eligendi facere. Fuga neque dolores autem error.
Similique minima recusandae aut enim similique doloremque. Perspiciatis asperiores deserunt beatae maxime nam ratione dicta. Quod perferendis vel tempore.',NULL,NULL,'N','PUBLISHED',101,'2024-08-28 21:57:56','2024-12-28 03:24:47',0,1);
INSERT INTO posts (post_id,board_id,user_id,post_title,content,answer_content,answered_at,file_attached,status,view_count,created_at,updated_at,is_deleted,is_comment_enabled) VALUES (127,4,19,'Error nihil aspernatur consequuntur eveniet modi eaque.','Eaque nesciunt quisquam. Amet repellat tenetur omnis consequuntur voluptatibus. Repellendus maiores odio alias. Rerum dolor optio porro nulla corrupti excepturi.
Id excepturi possimus aliquam mollitia perferendis. Aperiam molestiae dicta excepturi quas inventore. Eveniet accusamus error.
Eligendi consectetur ullam dolorem itaque aliquid facere. Voluptatem culpa dignissimos voluptas rem cupiditate.
Cumque impedit nostrum qui at hic unde. Cupiditate cumque quae dolorem dignissimos optio eaque adipisci. Nobis sequi ab est commodi molestiae.
Ratione cum similique consequuntur inventore. Neque velit doloribus. Aperiam repellendus quos ducimus amet aperiam.
Excepturi aut cupiditate aperiam architecto est. Veritatis iusto esse iure beatae.','Iste expedita tempora illum ex. Delectus qui amet laudantium. Sit repudiandae voluptates quia. Sit quia consequuntur possimus veritatis quas sapiente consequuntur.
Blanditiis error et aut.','2025-04-08 15:24:14','N','DRAFT',88,'2026-01-20 06:32:41','2026-02-01 19:47:51',0,1);
INSERT INTO posts (post_id,board_id,user_id,post_title,content,answer_content,answered_at,file_attached,status,view_count,created_at,updated_at,is_deleted,is_comment_enabled) VALUES (128,4,51,'Dolor quas iste ipsa.','Ut dolorem quia. Eius quis assumenda repellendus natus commodi sapiente sint.
Eligendi totam accusamus nobis voluptatum cupiditate. Id natus asperiores voluptate. Sequi doloribus quam laborum veniam explicabo magnam.
Quas voluptate ipsum. Nihil eaque iste laudantium laboriosam autem. Iure molestiae enim beatae itaque enim.
Soluta dolores quod expedita. Neque quidem ad quis. Ducimus odit dolorem.
Pariatur voluptatibus neque officia.
Commodi alias ut exercitationem impedit dolor occaecati. Quibusdam ratione perferendis et. Quia aspernatur nobis voluptate modi hic corporis. Nemo illum eveniet id expedita.
Dicta qui maiores quod occaecati ab animi quasi.
Itaque neque optio odit ullam. Occaecati enim praesentium velit delectus debitis dolor.','Dolores nihil expedita suscipit doloribus sequi tenetur. Quam explicabo et ab. Amet ab velit soluta maiores veritatis porro.','2023-10-14 14:31:03','N','PUBLISHED',326,'2023-11-12 15:10:24','2025-05-05 13:53:08',0,1);
INSERT INTO posts (post_id,board_id,user_id,post_title,content,answer_content,answered_at,file_attached,status,view_count,created_at,updated_at,is_deleted,is_comment_enabled) VALUES (129,5,24,'Officia porro nulla nemo hic neque optio.','Ad amet debitis neque. Voluptatem assumenda perferendis laudantium recusandae commodi. Commodi officiis officiis officiis vitae vero nesciunt.
Voluptatum minus laborum nam. Cumque totam quod itaque earum aut. Autem ducimus illum facilis et adipisci minus.
Maxime temporibus commodi ipsum exercitationem magni sit. Facilis aspernatur tenetur excepturi et.
Quibusdam rem esse officiis sint nemo illum. Sit nihil expedita aut amet enim nesciunt. Facere doloribus iste nobis. Ut mollitia facilis quis quo vitae.
Quibusdam pariatur tempora in vero quis. Doloremque distinctio corrupti tempore. Aspernatur recusandae illum quae.
Adipisci quaerat autem incidunt dolorem provident. Esse officiis rem pariatur quas recusandae quidem. Laboriosam quam earum temporibus nam molestiae.',NULL,NULL,'N','PUBLISHED',158,'2025-05-06 22:47:00','2025-09-02 15:22:20',0,1);
INSERT INTO posts (post_id,board_id,user_id,post_title,content,answer_content,answered_at,file_attached,status,view_count,created_at,updated_at,is_deleted,is_comment_enabled) VALUES (130,5,71,'Occaecati eligendi earum eveniet nobis doloribus.','Cupiditate magni eum vel sint. Iusto ullam harum laboriosam quia quae nulla error. Animi quas recusandae.
Explicabo architecto dolorum voluptatum minima labore. Tempore odit repellat dolorem repudiandae cum. Quaerat totam in incidunt iste ipsam molestiae consequatur.
Tempora iste ut consectetur fuga est odit. Neque magnam nulla. Inventore unde perferendis harum quo iste.
Deserunt magni dolore corrupti optio necessitatibus. Laboriosam harum corrupti possimus unde.
Velit voluptatem at sed quisquam temporibus. Maiores odit labore asperiores asperiores.
Eius atque nostrum eligendi. Voluptatem vero illo accusamus asperiores ex aperiam.
Accusamus quo rem nostrum odio alias sed. Dolor odio at. Quae veritatis voluptates officia vel laudantium.',NULL,NULL,'N','PUBLISHED',477,'2023-07-07 05:05:39','2024-05-21 15:42:05',0,1);
INSERT INTO posts (post_id,board_id,user_id,post_title,content,answer_content,answered_at,file_attached,status,view_count,created_at,updated_at,is_deleted,is_comment_enabled) VALUES (131,5,7,'Natus quae aliquam sit pariatur.','Sed quae reiciendis nesciunt vitae facilis labore. Porro accusantium nemo aut nostrum hic. Nulla asperiores laborum adipisci consequuntur. Quidem rem eum tempore.
Recusandae mollitia aliquam. Odio sapiente similique dolor iure ipsum.
Sed iusto reiciendis dolores similique. Sequi reiciendis nulla labore dignissimos quisquam quas. Ut saepe ea corrupti adipisci.
Nihil nesciunt nobis. Consequuntur aut labore.
Quidem neque perferendis quos vel. Deleniti omnis occaecati ab. Voluptatum quasi delectus ratione.
Enim est dolorem quam. Voluptatibus ipsam reprehenderit error. Consectetur ex iure magnam.
Qui dolorum iste id ut nostrum. Iusto nesciunt quaerat tempore. Ratione minus ipsum perferendis voluptates.',NULL,NULL,'N','DRAFT',284,'2025-05-08 17:37:04','2026-01-08 08:12:44',0,1);
INSERT INTO posts (post_id,board_id,user_id,post_title,content,answer_content,answered_at,file_attached,status,view_count,created_at,updated_at,is_deleted,is_comment_enabled) VALUES (132,5,41,'Harum illo alias numquam.','Adipisci quisquam dolor unde vel excepturi. Porro id pariatur amet. Commodi tenetur consequatur voluptate officia corrupti voluptatum.
Sint modi incidunt fugiat consequuntur reprehenderit doloribus temporibus. Necessitatibus doloremque voluptas modi dolore aliquam natus. Ipsa ducimus itaque beatae officiis.
Fuga officiis quae magnam. Et ut reiciendis totam.
Modi maiores consequuntur molestias dolorem illo laboriosam. Eveniet aliquam atque dignissimos optio.
Similique amet quo maiores labore.
Cupiditate distinctio similique facere deleniti.
In tempora culpa aliquam ullam delectus explicabo. Tempora sequi rerum non perspiciatis suscipit aut. Reiciendis dicta tempora nemo amet.
Numquam quaerat voluptatem culpa. Voluptatem vitae alias eos earum inventore voluptatibus provident.',NULL,NULL,'N','PUBLISHED',317,'2026-02-25 17:42:19','2026-02-26 15:08:44',0,1);
INSERT INTO posts (post_id,board_id,user_id,post_title,content,answer_content,answered_at,file_attached,status,view_count,created_at,updated_at,is_deleted,is_comment_enabled) VALUES (133,5,85,'Nisi et consequatur quaerat voluptatem.','Perferendis eveniet illum quam cum animi expedita. Enim quas eveniet ipsam. Nobis accusantium sed.
Explicabo animi aliquid unde dignissimos. Magni ipsum autem facere. Illo dicta atque consectetur porro.
Ducimus ullam deleniti laudantium asperiores cupiditate minus. Molestiae et cupiditate iure itaque excepturi. Similique quos laborum possimus magni quidem labore.
Earum aspernatur consectetur. Beatae quod vel odio.
Vitae porro similique vero perferendis ut.
Officia repellendus sit aut tempora eos. Enim provident esse perspiciatis autem tempora.
Quasi eveniet aperiam vero harum placeat maxime. Sunt exercitationem adipisci impedit earum nihil. Dolore illo earum provident voluptas recusandae sapiente.',NULL,NULL,'N','HIDDEN',150,'2025-04-17 17:01:59','2025-09-09 07:47:20',0,1);
INSERT INTO posts (post_id,board_id,user_id,post_title,content,answer_content,answered_at,file_attached,status,view_count,created_at,updated_at,is_deleted,is_comment_enabled) VALUES (134,5,54,'Magni culpa a iste quis dolores.','Consequatur nisi saepe iste consequatur. Consectetur quae ipsam nostrum.
Deleniti labore blanditiis. Fuga aspernatur quam deserunt hic veniam. Perspiciatis deleniti esse eos cupiditate nam nam exercitationem. Nemo modi itaque cumque soluta dignissimos hic ullam.
Aut magni explicabo voluptatibus officia explicabo explicabo. Ullam aperiam consectetur dicta.
Eum libero ullam autem inventore quibusdam.
Quam veritatis quia maxime facere.
Modi quis maiores consequatur in sed. Quaerat consequatur reiciendis ullam earum quaerat iste.
Corporis blanditiis sit dolor vero. Commodi numquam sequi debitis distinctio perferendis eligendi. Iste culpa fugiat eos.
Odio quisquam non sunt. Molestias voluptates commodi sunt.',NULL,NULL,'N','HIDDEN',479,'2024-04-01 10:54:22','2024-04-02 19:00:35',0,1);
INSERT INTO posts (post_id,board_id,user_id,post_title,content,answer_content,answered_at,file_attached,status,view_count,created_at,updated_at,is_deleted,is_comment_enabled) VALUES (135,5,37,'Fugiat deleniti ipsam.','Quasi quos ea unde. Doloremque voluptatem cupiditate vel rem.
Pariatur excepturi dolores enim occaecati eius aliquam praesentium. Soluta voluptatibus quos quae. Ipsum placeat delectus commodi.
Aliquid mollitia consequuntur rerum. Eum distinctio hic voluptates accusantium minima nemo tenetur. Possimus sed porro vel aliquid ut beatae dolore. Minus cupiditate molestiae et nulla aliquam nobis veniam.
Praesentium hic explicabo vero itaque eaque architecto. Quibusdam repellat delectus cumque libero neque aut porro. Delectus sint voluptas sed sunt officia ab.
Corrupti aperiam maiores libero eveniet nisi sit eum. Neque voluptatem praesentium quasi laboriosam error iure. Enim nulla blanditiis.',NULL,NULL,'N','DRAFT',42,'2024-08-26 20:35:09','2026-02-13 08:37:19',0,1);
INSERT INTO posts (post_id,board_id,user_id,post_title,content,answer_content,answered_at,file_attached,status,view_count,created_at,updated_at,is_deleted,is_comment_enabled) VALUES (136,5,47,'Quo dignissimos totam quisquam iusto neque id quod.','Inventore officia sed. Minima quo numquam sint doloremque. Eaque magni officiis pariatur vel. Officia enim officia numquam.
Minus repudiandae nostrum quia. Nesciunt fuga consectetur quae accusamus deleniti velit sed. Officia sunt expedita vitae deleniti maiores vero.
Facilis rerum quia tempora est. Accusantium veniam sunt eius molestias deleniti.
Libero soluta fuga sed rerum iure esse. Doloribus a voluptate nobis nemo id.
Voluptas repellendus doloribus illum error labore. Explicabo error quibusdam mollitia.
Hic optio pariatur ratione esse alias. Quia ut architecto sed suscipit. Ducimus perferendis pariatur molestiae laboriosam.
Numquam assumenda perspiciatis praesentium veritatis ratione blanditiis. Libero excepturi aut voluptates. Ratione nam at saepe.',NULL,NULL,'N','HIDDEN',90,'2024-06-20 11:28:43','2025-10-14 14:59:13',0,1);
INSERT INTO posts (post_id,board_id,user_id,post_title,content,answer_content,answered_at,file_attached,status,view_count,created_at,updated_at,is_deleted,is_comment_enabled) VALUES (137,5,63,'Odio dicta quidem.','Ea odit voluptatibus ducimus fugiat porro fugiat. Natus ipsam iusto alias quod aliquam. Id voluptatem recusandae itaque qui omnis non sint. Beatae saepe eius aliquam.
Officia aspernatur illum fugit delectus ipsam enim qui. Earum occaecati itaque ipsam.
Similique nobis minus.
Animi eius libero laborum nobis expedita. Voluptatibus cupiditate ipsam. Adipisci excepturi expedita tempora molestiae. Provident temporibus totam ipsa.
Optio ea modi quidem dignissimos. Rem ratione animi. Reprehenderit nostrum itaque minima autem quod molestias.
Eaque ad dolor adipisci fugit rem unde dignissimos. Dignissimos iure eveniet facere hic. Corrupti tenetur laudantium magni distinctio. Rerum porro nihil amet illum in.
Quaerat nesciunt porro.',NULL,NULL,'N','PUBLISHED',163,'2024-05-16 07:04:48','2024-11-19 18:55:27',0,1);
INSERT INTO posts (post_id,board_id,user_id,post_title,content,answer_content,answered_at,file_attached,status,view_count,created_at,updated_at,is_deleted,is_comment_enabled) VALUES (138,5,34,'Fugiat consectetur sunt ullam.','Corporis cumque impedit eos placeat inventore. Non numquam doloremque quos deleniti maiores accusantium.
Dolorem id illo unde sequi in aliquam. Atque reiciendis aperiam sint saepe.
Commodi veritatis provident repellendus blanditiis. Inventore aperiam saepe maxime dignissimos quae. Rerum sint rem quam eius. Laborum officiis ratione eveniet.
Facere ad ab itaque. Perferendis unde atque rerum suscipit. Dolor eligendi ducimus vel.
Asperiores ipsa assumenda sint. Placeat amet magni magni fugiat autem. Illum earum voluptatibus illum voluptates ipsa.
Eveniet voluptates veniam. Distinctio saepe nobis. Vitae velit facere adipisci culpa.
Provident iusto quaerat soluta. Quis ad beatae quasi facilis sunt eos. Mollitia possimus error dolores ab commodi.',NULL,NULL,'N','DRAFT',103,'2023-12-15 04:22:24','2024-12-18 12:12:00',0,1);
INSERT INTO posts (post_id,board_id,user_id,post_title,content,answer_content,answered_at,file_attached,status,view_count,created_at,updated_at,is_deleted,is_comment_enabled) VALUES (139,5,54,'A pariatur explicabo magnam quod.','Iste molestiae alias veniam necessitatibus velit eos. Maiores dolore porro deserunt aliquid doloremque aliquam nobis. In suscipit praesentium perferendis itaque ipsam.
Facilis nulla eaque quae laudantium occaecati dolorum facere. Sunt perferendis quo maxime quaerat.
Velit similique hic fugit saepe quis. Voluptatem at repellendus earum possimus vero maxime. Vel aperiam sed ab magni.
Laboriosam aut amet cumque rerum similique. Exercitationem in hic. Tenetur cum alias consequuntur sint deleniti doloribus.
Rerum necessitatibus ducimus facilis placeat. Quibusdam tenetur quasi reprehenderit maiores deleniti delectus beatae.
Debitis impedit dolor tempora rem eaque fugiat. A voluptatum nostrum nam placeat.',NULL,NULL,'N','HIDDEN',365,'2024-06-26 13:12:54','2025-10-11 15:14:23',0,1);
INSERT INTO posts (post_id,board_id,user_id,post_title,content,answer_content,answered_at,file_attached,status,view_count,created_at,updated_at,is_deleted,is_comment_enabled) VALUES (140,5,25,'Reiciendis fugit exercitationem repellendus.','Non cum dolorum labore accusantium ratione numquam vitae. Similique tempora laborum est assumenda ea. Temporibus deserunt itaque voluptatum aspernatur accusamus necessitatibus explicabo.
Adipisci illo vitae perferendis laudantium ut eveniet. Repellat iure facere illum incidunt.
Culpa unde officiis saepe dolores dignissimos a. Quisquam voluptas consequuntur sunt tenetur officiis.
Consequatur nesciunt illum illo sint quam mollitia mollitia. Rerum est consequuntur nobis sed veniam. Sequi officiis a eius eveniet.
Ad perferendis consequatur architecto. Qui reiciendis sapiente ad culpa doloribus expedita.
Dolorum quisquam placeat numquam accusantium laudantium in. Provident ducimus unde ipsa. Autem inventore veritatis.',NULL,NULL,'N','DRAFT',411,'2023-07-08 16:01:43','2025-06-05 17:23:53',0,1);
INSERT INTO posts (post_id,board_id,user_id,post_title,content,answer_content,answered_at,file_attached,status,view_count,created_at,updated_at,is_deleted,is_comment_enabled) VALUES (141,5,59,'Necessitatibus facilis eligendi numquam.','Sit distinctio culpa debitis ut beatae distinctio.
Est in porro fugiat. Assumenda quisquam illo maxime animi id vel eum.
Atque unde in dolorum sequi reiciendis. Ex unde nostrum asperiores amet iusto ad.
Illo ad iusto. Vitae quo impedit hic consequuntur iure.
Iure incidunt dignissimos repudiandae ut dolor. Repudiandae libero eum.
Voluptas quae officiis nemo qui iste soluta. Amet fugit dolore odio.
Aut officia repellat est dolor modi accusantium. Optio alias debitis quibusdam id distinctio aspernatur. Voluptate saepe voluptates reiciendis eveniet autem ad.
Magni quos deleniti quam accusamus voluptatum et. Velit doloremque quidem minima et commodi debitis. Non incidunt molestiae sint voluptas.
Aspernatur quae eligendi eum tempora. Explicabo aperiam dignissimos qui vero hic.',NULL,NULL,'N','PUBLISHED',235,'2025-01-26 06:02:05','2025-05-15 01:38:28',0,1);
INSERT INTO posts (post_id,board_id,user_id,post_title,content,answer_content,answered_at,file_attached,status,view_count,created_at,updated_at,is_deleted,is_comment_enabled) VALUES (142,5,10,'Voluptate id unde quia eius quas velit laborum.','Necessitatibus reprehenderit eum dolorem. Nesciunt accusantium at ipsum dolor repellendus qui. Voluptatum id cumque corrupti.
Praesentium aut repellendus tenetur mollitia eligendi soluta. Sit molestias consequuntur modi libero. Omnis expedita unde reprehenderit.
Officiis consequatur quibusdam doloremque blanditiis porro. Officia magnam tenetur omnis nam veritatis quis.
Omnis ipsum culpa quas. Repellendus illum a assumenda.
Modi blanditiis sit commodi illum quod non reprehenderit. Asperiores quibusdam distinctio aspernatur excepturi similique numquam nobis.
Iusto ut excepturi cumque. Consequatur deserunt occaecati nobis maxime pariatur quia.
Assumenda beatae quod quidem vero deleniti delectus. Facere distinctio molestiae.',NULL,NULL,'N','DRAFT',142,'2024-11-24 11:34:27','2025-06-28 19:49:13',0,1);
INSERT INTO posts (post_id,board_id,user_id,post_title,content,answer_content,answered_at,file_attached,status,view_count,created_at,updated_at,is_deleted,is_comment_enabled) VALUES (143,5,64,'Ipsa cumque voluptatibus omnis necessitatibus beatae doloremque.','Nemo non neque non iure error sint. Consectetur iusto est ea. Facere atque harum tempora iure sequi distinctio ab.
Earum aliquid temporibus in voluptates excepturi. Aspernatur hic vitae nostrum nostrum nihil exercitationem. Eius atque quisquam vero debitis blanditiis. Blanditiis totam culpa repellat ducimus.
Amet magni quibusdam inventore magnam. Explicabo doloremque dicta suscipit.
Distinctio provident quidem. Repudiandae voluptatum saepe possimus quam doloremque. Rerum facilis sit magnam consectetur.
Vitae voluptate iusto nam quis delectus. Ipsam quisquam veniam ea nobis consequatur. Iusto atque explicabo earum.
Sed repellendus consectetur dolorem porro ratione. Possimus doloremque occaecati quos tempore.',NULL,NULL,'N','HIDDEN',258,'2025-03-17 19:43:33','2025-07-16 04:30:28',0,1);
INSERT INTO posts (post_id,board_id,user_id,post_title,content,answer_content,answered_at,file_attached,status,view_count,created_at,updated_at,is_deleted,is_comment_enabled) VALUES (144,5,7,'Eum nostrum blanditiis neque libero.','Labore ratione laudantium laudantium. Cum deserunt blanditiis doloribus. Quaerat quo perferendis veritatis repellat officia.
Ipsum id consectetur sint voluptatibus commodi dolorum. Sit omnis nihil inventore. Quia quos quisquam laborum occaecati illo.
Dicta facere tempora rem perspiciatis et. Accusantium facilis similique ullam.
Magnam numquam sint molestias.
Asperiores ipsam occaecati porro modi. Dolorum in libero odio minima excepturi neque.
Modi sunt fugit ratione labore porro. Voluptatum quaerat necessitatibus.
Provident facere eum officia dolores fuga. Qui consequatur illo dolorem ex dolorem fuga. Et omnis laborum voluptas.
Dolorum aliquid laudantium recusandae.',NULL,NULL,'N','DRAFT',249,'2025-08-08 10:12:37','2025-12-29 03:25:56',0,1);
INSERT INTO posts (post_id,board_id,user_id,post_title,content,answer_content,answered_at,file_attached,status,view_count,created_at,updated_at,is_deleted,is_comment_enabled) VALUES (145,5,37,'Nulla atque dicta veniam deleniti.','Animi vitae optio tempora accusantium. Nostrum amet vero aspernatur rem quo.
Quod dolorem impedit rem facere. Molestiae dignissimos aspernatur adipisci.
Nesciunt laudantium voluptates sequi earum vitae dolore. Sunt omnis ad officiis quasi harum dolorum nulla. Veritatis assumenda vel molestias reprehenderit voluptatibus.
Nihil et nisi. Impedit accusantium sequi quos.
Ipsam accusamus excepturi. Dolores nisi eum commodi adipisci harum. Vitae ex molestiae earum repellat doloribus voluptatum numquam.
Accusantium ex enim magnam sapiente. Culpa amet ea id blanditiis. Nostrum iure minus.
Enim natus commodi unde porro. Fugiat impedit quos deserunt repudiandae ipsam ipsa.
Voluptatem voluptatem eum. Quibusdam corrupti occaecati sed voluptatibus blanditiis.',NULL,NULL,'N','PUBLISHED',154,'2025-12-30 02:59:46','2026-01-26 14:30:10',0,1);
INSERT INTO posts (post_id,board_id,user_id,post_title,content,answer_content,answered_at,file_attached,status,view_count,created_at,updated_at,is_deleted,is_comment_enabled) VALUES (146,5,83,'Vitae deserunt enim at nesciunt inventore.','Placeat dignissimos quas voluptatum ullam est suscipit. Est beatae iste hic molestiae atque sit. Nulla repudiandae sit quia at.
Qui ratione quibusdam culpa quae. Maxime consequuntur est placeat neque. Accusamus aliquid aspernatur quam distinctio provident.
Distinctio ipsa nulla qui. Ipsa nam laborum ullam quo.
Explicabo nihil tempora mollitia eveniet ipsam sunt cumque. Eum voluptas commodi veritatis. Exercitationem voluptatem doloremque architecto explicabo id.
Est aspernatur tempora iusto fuga numquam. Sed minima accusantium pariatur dicta nostrum ea.
Distinctio a reprehenderit totam enim totam itaque sint. Quo ea et doloremque. Error nam voluptas fugiat vel fugiat est natus.',NULL,NULL,'N','HIDDEN',180,'2026-02-20 04:32:46','2026-03-01 05:42:22',0,1);
INSERT INTO posts (post_id,board_id,user_id,post_title,content,answer_content,answered_at,file_attached,status,view_count,created_at,updated_at,is_deleted,is_comment_enabled) VALUES (147,5,31,'Accusamus quod laboriosam.','Nihil aperiam aut nulla maiores et. Repellendus ex beatae assumenda labore nobis nesciunt. Nisi molestiae ipsam maiores dicta.
Molestias a ratione in voluptatum qui voluptate. Ea quibusdam ea repellat distinctio accusantium consectetur. Aut incidunt accusantium sint ullam.
Quos deleniti aut et. Quo laudantium impedit doloribus nulla amet deleniti. Voluptates enim recusandae quas odio.
Labore quaerat eaque doloribus enim porro.
Accusantium dolore consectetur aliquam fugiat accusamus nihil cupiditate. Quisquam voluptas modi accusantium dolorum consequatur. Vitae numquam consectetur nam.
Velit deleniti dolorum vel nobis ea. Officia deserunt laboriosam similique. Sequi a culpa mollitia. Excepturi veritatis nostrum nesciunt repudiandae quasi.',NULL,NULL,'N','HIDDEN',399,'2024-08-23 05:31:01','2025-05-18 23:07:59',0,1);
INSERT INTO posts (post_id,board_id,user_id,post_title,content,answer_content,answered_at,file_attached,status,view_count,created_at,updated_at,is_deleted,is_comment_enabled) VALUES (148,5,2,'Corrupti expedita assumenda.','Cum aut odit.
Eveniet autem omnis quos nemo deleniti illo. Amet explicabo distinctio a esse. Dolorum ea a dolorum assumenda.
Explicabo quo cupiditate fuga voluptatum ab rem. Dignissimos exercitationem maiores dolor aperiam quod at. Sunt hic temporibus tempore aspernatur quos.
Veniam tempora laborum sapiente magni. Officiis accusamus asperiores saepe error omnis veritatis accusantium. Dolores qui illum harum.
Quidem aut quas rerum sint ea quos. Voluptatum sed accusantium soluta nam modi itaque adipisci.
Aliquam iste minus corporis. Libero ea libero minus consequuntur at qui.
Distinctio eligendi tempora commodi. Explicabo rem voluptatum. Iusto minus quam dignissimos numquam animi nam.
Occaecati occaecati incidunt delectus dolorem adipisci.',NULL,NULL,'N','HIDDEN',232,'2023-04-17 08:33:16','2025-10-13 05:08:58',0,1);
INSERT INTO posts (post_id,board_id,user_id,post_title,content,answer_content,answered_at,file_attached,status,view_count,created_at,updated_at,is_deleted,is_comment_enabled) VALUES (149,5,54,'Ipsa quibusdam provident ipsa repellendus.','Doloribus enim accusantium incidunt quam beatae. Dolore animi esse molestiae ut. Quos sapiente repellat reiciendis qui delectus commodi.
Consequatur ex a. Eos quas et saepe fugit culpa error. Debitis labore sit a excepturi culpa perferendis. Explicabo quo velit at sed molestias enim.
Sed architecto iure numquam esse. Esse libero pariatur quas veniam fugit quam. Eum doloribus tempora laboriosam ducimus.
Eius incidunt odio.
Excepturi odio aliquid magni vitae quis optio.
Esse minima aut provident unde ullam et. Dolorum numquam quam quos minima voluptatum.
Odio cum officiis fuga commodi accusamus. Magnam a ullam quam culpa at quibusdam dolorum.
Sit repudiandae ipsum. Labore id a aut.
Eligendi reiciendis voluptatibus assumenda nam quaerat incidunt enim.',NULL,NULL,'N','PUBLISHED',61,'2024-09-03 17:23:05','2025-10-13 19:11:38',0,1);
INSERT INTO posts (post_id,board_id,user_id,post_title,content,answer_content,answered_at,file_attached,status,view_count,created_at,updated_at,is_deleted,is_comment_enabled) VALUES (150,5,36,'Delectus modi nobis aut esse quod odio minima.','Vero maxime dolore maxime exercitationem laboriosam similique. Reprehenderit natus voluptas ratione ea. Animi repudiandae ipsa aliquid doloremque porro.
Officia quae quo laboriosam consectetur nemo sapiente nisi. Soluta vero voluptas ipsum sit. Dolores odit ex ducimus.
Porro repudiandae quam explicabo.
Dolorum corporis qui laudantium distinctio. Magnam ipsa omnis ducimus facilis esse enim maiores.
Velit magni impedit sint occaecati pariatur ducimus quasi.
Numquam molestiae blanditiis quo ipsam mollitia.
Quo officiis cum praesentium aut.
Nostrum provident omnis quis repudiandae. Dolore nemo quam maxime numquam earum dolor.
Eius voluptate rem expedita consequuntur voluptates. Eaque corporis expedita voluptas. Consequatur consequuntur quasi dolores.',NULL,NULL,'N','PUBLISHED',140,'2024-12-28 07:45:09','2025-12-06 15:01:48',0,1);
INSERT INTO posts (post_id,board_id,user_id,post_title,content,answer_content,answered_at,file_attached,status,view_count,created_at,updated_at,is_deleted,is_comment_enabled) VALUES (151,5,98,'Blanditiis laboriosam perspiciatis minus dolor illo.','Mollitia dolores saepe consequuntur quidem et voluptas. Corrupti sapiente repellat dolor impedit voluptatibus ex. Beatae veniam porro unde ab maiores soluta natus.
Distinctio laudantium labore eaque. Ex amet cum consequuntur aut. Maxime exercitationem a magnam.
Cumque velit officia officia doloremque rerum. Voluptatibus sint sed atque hic saepe placeat.
Delectus minima alias qui. Ratione nam fuga at.
Cumque nam repellendus velit labore. Accusamus ea expedita possimus error perspiciatis doloribus. Est laboriosam unde. Dolore perferendis rerum quae provident quasi.
Vitae quis iusto ex accusantium itaque voluptate. Officiis magnam fugiat. Deleniti nulla nam illo magnam voluptatem impedit.',NULL,NULL,'N','PUBLISHED',286,'2025-12-25 09:44:01','2026-02-09 19:28:52',0,1);
INSERT INTO posts (post_id,board_id,user_id,post_title,content,answer_content,answered_at,file_attached,status,view_count,created_at,updated_at,is_deleted,is_comment_enabled) VALUES (152,5,48,'Dolore at libero pariatur culpa atque.','Dolorem consequatur minima sit consequuntur. Vitae harum qui quod cupiditate nihil minima.
Quis soluta ea. Mollitia dolorum voluptatem delectus officia sunt asperiores sapiente. Delectus vero at ullam.
Nostrum minus incidunt facilis magni. Cupiditate ea corporis repellendus. Dolorem accusantium molestiae doloribus.
Similique ipsum harum facere cumque perferendis eum officia. Labore repellat asperiores. Magni est aliquam necessitatibus possimus sed.
Qui itaque saepe adipisci. Consequuntur excepturi sint cumque.
Explicabo repellendus libero pariatur. Molestias non recusandae. Placeat excepturi dolore maxime laboriosam corporis numquam. Totam dignissimos ex rem impedit.
Facilis eaque magnam corrupti. Nostrum sapiente dolores perferendis illo veritatis. Doloremque error nostrum inventore.',NULL,NULL,'N','HIDDEN',474,'2025-05-20 08:15:51','2025-07-22 19:49:02',0,1);
INSERT INTO posts (post_id,board_id,user_id,post_title,content,answer_content,answered_at,file_attached,status,view_count,created_at,updated_at,is_deleted,is_comment_enabled) VALUES (153,5,66,'Voluptatibus expedita rem molestias.','Nesciunt praesentium minus quod animi nesciunt. At reprehenderit iure dolore aliquid nihil.
Officia veniam omnis. Qui minus at mollitia aliquam porro suscipit. Fuga nobis nobis quisquam distinctio. Consectetur dolor eius totam consequuntur ipsa reprehenderit.
Minus repellat praesentium numquam omnis quos. Iure distinctio nisi assumenda.
Voluptatibus veniam est similique ut tenetur praesentium. Unde voluptatem vero nostrum omnis odit. Beatae error distinctio autem.
Hic odit nemo dignissimos. Dolore eveniet iste dolores repellat. Accusantium iusto sit modi sapiente.
Quia velit provident dolorum. Excepturi labore beatae quae esse. Eaque autem labore ex aspernatur.',NULL,NULL,'N','HIDDEN',260,'2025-02-17 07:05:08','2025-09-27 17:51:56',0,1);
INSERT INTO posts (post_id,board_id,user_id,post_title,content,answer_content,answered_at,file_attached,status,view_count,created_at,updated_at,is_deleted,is_comment_enabled) VALUES (154,5,95,'Maiores rem sequi aliquam officiis dolorem harum nisi.','Pariatur dicta hic aperiam minus corrupti quae. Non illum corporis ipsam eius.
Eum fuga voluptas veritatis molestias culpa dignissimos. Vero voluptas consequatur.
Odio expedita illo incidunt possimus tempora quas. Suscipit vero necessitatibus quasi mollitia deserunt cum.
Ea alias fugiat repellendus. Quas numquam dolore sit ab.
Dicta accusantium esse ducimus nostrum aspernatur quae. Exercitationem dignissimos optio esse similique illo itaque repudiandae.
Temporibus quasi quas facilis explicabo.
Sint nemo ad sapiente nisi repellat temporibus amet. Impedit mollitia natus quas saepe esse. Quam quibusdam est animi esse.
Consequatur libero eius possimus. Excepturi tenetur quo dicta cum molestias.
Dolores modi vero cum in quos consectetur. Mollitia optio tenetur sit nisi rem.',NULL,NULL,'N','HIDDEN',9,'2025-10-11 07:41:34','2025-12-28 12:55:22',0,1);
INSERT INTO posts (post_id,board_id,user_id,post_title,content,answer_content,answered_at,file_attached,status,view_count,created_at,updated_at,is_deleted,is_comment_enabled) VALUES (155,5,7,'Ipsa quas possimus quidem inventore ratione.','Magni cumque est. Velit vitae provident quidem culpa non eligendi.
Voluptatem ut quam amet necessitatibus sunt cum rerum. Ex numquam facilis tenetur. Culpa libero facere ipsam consequatur dolorem. Voluptas quo omnis quos quibusdam.
Ipsam debitis mollitia excepturi unde quos. Consequatur tempore debitis autem ipsum.
Omnis animi quisquam consequuntur tempore porro. Ad deserunt consequuntur repellat suscipit iusto.
Repudiandae eius tenetur voluptas. Facere hic consectetur modi mollitia inventore autem.
Accusantium laudantium excepturi. Dolor corrupti temporibus maiores voluptates cupiditate. Occaecati harum magni laudantium eos distinctio.
Tempore molestias ut perspiciatis aliquam. Saepe unde repellat accusantium quam aspernatur tenetur. Nemo expedita debitis nemo praesentium.',NULL,NULL,'N','DRAFT',162,'2024-08-12 04:14:45','2024-09-22 10:05:01',0,1);
INSERT INTO posts (post_id,board_id,user_id,post_title,content,answer_content,answered_at,file_attached,status,view_count,created_at,updated_at,is_deleted,is_comment_enabled) VALUES (156,5,88,'Quia quod voluptate.','Ex qui expedita dolor. Praesentium dolores maxime modi.
Impedit iste repellendus earum cupiditate dicta. Consequatur distinctio hic voluptatibus dicta debitis incidunt.
Commodi debitis quidem repellendus aut officiis. Optio similique amet vero id veniam quod facere. Dolor tempora molestiae officia laboriosam magni. Architecto vero assumenda sunt.
Culpa quisquam a non quaerat animi. Quia error perspiciatis facere culpa maiores. Corrupti eligendi expedita perferendis incidunt quisquam illum.
Eaque error dolore enim temporibus. Fuga aperiam ipsa accusantium officiis aspernatur. Tenetur maxime in recusandae deserunt. Dolorem mollitia quibusdam at.',NULL,NULL,'N','PUBLISHED',195,'2025-04-04 23:48:46','2025-09-26 08:40:02',0,1);
INSERT INTO posts (post_id,board_id,user_id,post_title,content,answer_content,answered_at,file_attached,status,view_count,created_at,updated_at,is_deleted,is_comment_enabled) VALUES (157,5,35,'Totam harum accusantium saepe.','Nobis esse culpa dolores soluta delectus voluptates.
In corporis eius accusamus nesciunt numquam. Voluptas soluta provident ad saepe voluptatem molestiae. Ducimus doloremque animi accusamus facere.
Repellat quae consequatur laborum ipsa. A at a fugit ut facilis porro. Error aspernatur alias eaque ab.
Natus molestias praesentium accusantium aut officia. Expedita assumenda doloremque.
Asperiores saepe tempora incidunt officia.
Ducimus ratione voluptatem eaque doloremque earum eveniet.
Nisi explicabo culpa saepe. Voluptatem nihil numquam. Deserunt at perspiciatis laborum eos.
Error dolorum reprehenderit voluptate alias minus tempora. Saepe unde nesciunt nisi sint repudiandae. Corrupti quaerat placeat incidunt quae illo ipsa. Rerum voluptatem mollitia.',NULL,NULL,'N','HIDDEN',70,'2026-01-02 19:21:20','2026-01-29 18:09:06',0,1);
INSERT INTO posts (post_id,board_id,user_id,post_title,content,answer_content,answered_at,file_attached,status,view_count,created_at,updated_at,is_deleted,is_comment_enabled) VALUES (158,5,82,'Magni doloremque enim veniam error earum nesciunt blanditiis.','Harum maiores unde reiciendis quisquam. Neque doloribus cum repellendus blanditiis repellendus voluptatem.
Ducimus minima omnis minus provident sint pariatur. Exercitationem error animi incidunt laboriosam perferendis. Dolor harum perferendis recusandae dicta officiis. Dolorum similique placeat quos et ea pariatur.
Corporis cupiditate ex deserunt culpa. Consequuntur nulla corrupti a recusandae quam. Nesciunt ex voluptates.
Quod officia voluptas nobis at. A iusto molestias pariatur. Reprehenderit fugiat eligendi veniam. Inventore nostrum eum eum temporibus corrupti deserunt voluptate.
Nesciunt consequatur nesciunt voluptatibus ipsa. Ipsa similique natus. Labore qui ratione accusamus.',NULL,NULL,'N','HIDDEN',37,'2024-08-14 22:32:14','2025-09-12 15:55:06',0,1);
INSERT INTO posts (post_id,board_id,user_id,post_title,content,answer_content,answered_at,file_attached,status,view_count,created_at,updated_at,is_deleted,is_comment_enabled) VALUES (159,5,20,'Aliquam perspiciatis vero expedita.','Ad molestiae dignissimos sequi sed molestiae sit. Distinctio magni aspernatur distinctio ea modi fugit commodi. Molestias minima necessitatibus sint est doloribus aperiam.
Repellat in provident deserunt soluta exercitationem. Odit sint ipsa similique excepturi. Sunt explicabo quaerat esse illo hic et.
Velit minima quod quasi eius. Sint aut soluta. Odit nulla esse labore esse vero vero quidem.
Hic eligendi dicta impedit. Sapiente iure praesentium atque. At placeat est cum pariatur.
Rem eius quos voluptatum fugit excepturi vitae. Omnis voluptate expedita architecto incidunt non.
Necessitatibus quae velit officiis sequi eligendi. Expedita officia repellat maiores. Rem earum cumque voluptatem harum consequuntur. Illum sequi at excepturi eligendi possimus.
Magni sapiente a quidem earum.',NULL,NULL,'N','DRAFT',48,'2024-03-09 07:00:00','2024-09-19 01:12:28',0,1);
INSERT INTO posts (post_id,board_id,user_id,post_title,content,answer_content,answered_at,file_attached,status,view_count,created_at,updated_at,is_deleted,is_comment_enabled) VALUES (160,5,84,'Blanditiis laboriosam occaecati quibusdam.','Labore praesentium ducimus ut quam. Quos deleniti illum doloremque voluptatibus iste. Possimus dolore minus dolorem atque maiores fugiat.
Sit quisquam a modi explicabo. Voluptatem debitis occaecati repellat. Laboriosam corporis fuga unde dignissimos a sint.
Expedita placeat aspernatur velit cumque molestias quasi quaerat. Voluptatem maiores nihil commodi maxime libero.
Odio est voluptate perferendis accusantium repellat aliquid. Dignissimos laudantium vitae.
Pariatur reiciendis nam doloremque harum. Facilis non placeat esse vero quidem facere. Ratione minus voluptates ad doloremque accusamus.
Quae reiciendis quam cupiditate fuga distinctio laudantium debitis. Quasi repudiandae tenetur. Aut nulla commodi corporis ipsam dolorum distinctio.',NULL,NULL,'N','PUBLISHED',285,'2024-05-15 02:29:42','2025-07-30 03:19:32',0,1);
-- Insert into files
INSERT INTO files (file_id,original_name,stored_name,user_id,post_id,notice_id,deleted_at,deleted_by,delete_reason,object_deleted_at) VALUES (1,'9f694381-4edb-4b52-9958-a372b37d4719.xlsx','post/9f694381-4edb-4b52-9958-a372b37d4719.xlsx',56,50,NULL,NULL,NULL,NULL,NULL);
INSERT INTO files (file_id,original_name,stored_name,user_id,post_id,notice_id,deleted_at,deleted_by,delete_reason,object_deleted_at) VALUES (2,'1dce6236-d2a0-40ce-a46a-f35341a6d94d.xlsx','post/1dce6236-d2a0-40ce-a46a-f35341a6d94d.xlsx',63,34,NULL,NULL,NULL,NULL,NULL);
INSERT INTO files (file_id,original_name,stored_name,user_id,post_id,notice_id,deleted_at,deleted_by,delete_reason,object_deleted_at) VALUES (3,'75262ac9-c771-4d8d-9500-971bcea92cab.xlsx','post/75262ac9-c771-4d8d-9500-971bcea92cab.xlsx',34,57,NULL,NULL,NULL,NULL,NULL);
INSERT INTO files (file_id,original_name,stored_name,user_id,post_id,notice_id,deleted_at,deleted_by,delete_reason,object_deleted_at) VALUES (4,'ad3c58a3-fb90-457d-9506-f726f8b71835.xlsx','post/ad3c58a3-fb90-457d-9506-f726f8b71835.xlsx',78,93,NULL,NULL,NULL,NULL,NULL);
INSERT INTO files (file_id,original_name,stored_name,user_id,post_id,notice_id,deleted_at,deleted_by,delete_reason,object_deleted_at) VALUES (5,'e22225cd-c8d3-4695-9b42-83fe4f5c5006.xlsx','post/e22225cd-c8d3-4695-9b42-83fe4f5c5006.xlsx',32,130,NULL,NULL,NULL,NULL,NULL);
INSERT INTO files (file_id,original_name,stored_name,user_id,post_id,notice_id,deleted_at,deleted_by,delete_reason,object_deleted_at) VALUES (6,'8e8324f9-0e99-4ff6-93f0-9cfa157defda.xlsx','post/8e8324f9-0e99-4ff6-93f0-9cfa157defda.xlsx',86,159,NULL,NULL,NULL,NULL,NULL);
INSERT INTO files (file_id,original_name,stored_name,user_id,post_id,notice_id,deleted_at,deleted_by,delete_reason,object_deleted_at) VALUES (7,'38cc7948-bdcf-4a93-a74c-08ff4b116e28.xlsx','post/38cc7948-bdcf-4a93-a74c-08ff4b116e28.xlsx',92,78,NULL,NULL,NULL,NULL,NULL);
INSERT INTO files (file_id,original_name,stored_name,user_id,post_id,notice_id,deleted_at,deleted_by,delete_reason,object_deleted_at) VALUES (8,'238dcd89-27ab-4fe0-842f-1c130797083d.xlsx','post/238dcd89-27ab-4fe0-842f-1c130797083d.xlsx',20,123,NULL,NULL,NULL,NULL,NULL);
INSERT INTO files (file_id,original_name,stored_name,user_id,post_id,notice_id,deleted_at,deleted_by,delete_reason,object_deleted_at) VALUES (9,'3a46d494-d4d0-4198-af74-d144f45270a1.xlsx','post/3a46d494-d4d0-4198-af74-d144f45270a1.xlsx',79,29,NULL,NULL,NULL,NULL,NULL);
INSERT INTO files (file_id,original_name,stored_name,user_id,post_id,notice_id,deleted_at,deleted_by,delete_reason,object_deleted_at) VALUES (10,'baec5ae6-1492-4148-a936-727734ed5cad.xlsx','post/baec5ae6-1492-4148-a936-727734ed5cad.xlsx',32,45,NULL,NULL,NULL,NULL,NULL);
INSERT INTO files (file_id,original_name,stored_name,user_id,post_id,notice_id,deleted_at,deleted_by,delete_reason,object_deleted_at) VALUES (11,'4ff24078-c32b-46fe-943f-30e57f42d31e.xlsx','post/4ff24078-c32b-46fe-943f-30e57f42d31e.xlsx',18,56,NULL,NULL,NULL,NULL,NULL);
INSERT INTO files (file_id,original_name,stored_name,user_id,post_id,notice_id,deleted_at,deleted_by,delete_reason,object_deleted_at) VALUES (12,'357001d1-60a3-4819-8f61-5ecfefa22ee8.xlsx','post/357001d1-60a3-4819-8f61-5ecfefa22ee8.xlsx',30,64,NULL,NULL,NULL,NULL,NULL);
INSERT INTO files (file_id,original_name,stored_name,user_id,post_id,notice_id,deleted_at,deleted_by,delete_reason,object_deleted_at) VALUES (13,'dddae85c-8ea6-4ea3-bfd2-97c8d578f469.xlsx','post/dddae85c-8ea6-4ea3-bfd2-97c8d578f469.xlsx',6,136,NULL,NULL,NULL,NULL,NULL);
INSERT INTO files (file_id,original_name,stored_name,user_id,post_id,notice_id,deleted_at,deleted_by,delete_reason,object_deleted_at) VALUES (14,'6768ad43-c001-46c9-a1c2-9589652466c2.xlsx','post/6768ad43-c001-46c9-a1c2-9589652466c2.xlsx',54,33,NULL,NULL,NULL,NULL,NULL);
INSERT INTO files (file_id,original_name,stored_name,user_id,post_id,notice_id,deleted_at,deleted_by,delete_reason,object_deleted_at) VALUES (15,'20cdb194-5ad6-4bbd-b6f8-9ffd43b9c00f.xlsx','post/20cdb194-5ad6-4bbd-b6f8-9ffd43b9c00f.xlsx',88,71,NULL,NULL,NULL,NULL,NULL);
INSERT INTO files (file_id,original_name,stored_name,user_id,post_id,notice_id,deleted_at,deleted_by,delete_reason,object_deleted_at) VALUES (16,'5b7c9daa-e296-4ea1-a70d-619d2016611a.xlsx','post/5b7c9daa-e296-4ea1-a70d-619d2016611a.xlsx',48,61,NULL,NULL,NULL,NULL,NULL);
INSERT INTO files (file_id,original_name,stored_name,user_id,post_id,notice_id,deleted_at,deleted_by,delete_reason,object_deleted_at) VALUES (17,'a7689958-62e5-4a9e-af63-8181a3a2022b.xlsx','post/a7689958-62e5-4a9e-af63-8181a3a2022b.xlsx',62,101,NULL,NULL,NULL,NULL,NULL);
INSERT INTO files (file_id,original_name,stored_name,user_id,post_id,notice_id,deleted_at,deleted_by,delete_reason,object_deleted_at) VALUES (18,'ecc9a2c6-b5a8-439a-845e-08f52d3daa82.xlsx','post/ecc9a2c6-b5a8-439a-845e-08f52d3daa82.xlsx',95,105,NULL,NULL,NULL,NULL,NULL);
INSERT INTO files (file_id,original_name,stored_name,user_id,post_id,notice_id,deleted_at,deleted_by,delete_reason,object_deleted_at) VALUES (19,'2c0f4d33-ac76-4b24-83e4-76306a88f3ca.xlsx','post/2c0f4d33-ac76-4b24-83e4-76306a88f3ca.xlsx',99,9,NULL,NULL,NULL,NULL,NULL);
INSERT INTO files (file_id,original_name,stored_name,user_id,post_id,notice_id,deleted_at,deleted_by,delete_reason,object_deleted_at) VALUES (20,'762b31cc-e5d2-46a8-a9df-eb9c75666a77.xlsx','post/762b31cc-e5d2-46a8-a9df-eb9c75666a77.xlsx',39,22,NULL,NULL,NULL,NULL,NULL);
INSERT INTO files (file_id,original_name,stored_name,user_id,post_id,notice_id,deleted_at,deleted_by,delete_reason,object_deleted_at) VALUES (21,'e2974307-701a-4f45-a7c3-85b5a1cd63f7.xlsx','notice/e2974307-701a-4f45-a7c3-85b5a1cd63f7.xlsx',55,NULL,7,NULL,NULL,NULL,NULL);
INSERT INTO files (file_id,original_name,stored_name,user_id,post_id,notice_id,deleted_at,deleted_by,delete_reason,object_deleted_at) VALUES (22,'9ee86e92-edc8-44c9-abdf-09afb4f49cf3.xlsx','notice/9ee86e92-edc8-44c9-abdf-09afb4f49cf3.xlsx',34,NULL,10,NULL,NULL,NULL,NULL);
INSERT INTO files (file_id,original_name,stored_name,user_id,post_id,notice_id,deleted_at,deleted_by,delete_reason,object_deleted_at) VALUES (23,'cc97899d-71d1-47e1-bfe8-ff55e6f1b839.xlsx','notice/cc97899d-71d1-47e1-bfe8-ff55e6f1b839.xlsx',30,NULL,3,NULL,NULL,NULL,NULL);
INSERT INTO files (file_id,original_name,stored_name,user_id,post_id,notice_id,deleted_at,deleted_by,delete_reason,object_deleted_at) VALUES (24,'53170680-1bd9-4956-bf77-2f44bf9dd3b7.xlsx','notice/53170680-1bd9-4956-bf77-2f44bf9dd3b7.xlsx',97,NULL,4,NULL,NULL,NULL,NULL);
INSERT INTO files (file_id,original_name,stored_name,user_id,post_id,notice_id,deleted_at,deleted_by,delete_reason,object_deleted_at) VALUES (25,'41a2c33d-8c1b-4a53-b5d1-2eb6a39c5f7d.xlsx','notice/41a2c33d-8c1b-4a53-b5d1-2eb6a39c5f7d.xlsx',8,NULL,6,NULL,NULL,NULL,NULL);
-- Insert into post_comments
INSERT INTO post_comments (comment_id,post_id,user_id,content,created_at,updated_at) VALUES (1,1,26,'Molestiae atque quis quidem consectetur illum fuga rem. Consequuntur ipsa soluta magni nemo. Inventore totam suscipit ab praesentium.','2024-10-21 02:09:10','2025-07-23 02:58:57');
INSERT INTO post_comments (comment_id,post_id,user_id,content,created_at,updated_at) VALUES (2,1,55,'Ipsam voluptas molestiae asperiores corrupti aut.
Odit eius doloribus labore. Pariatur amet ad.','2025-03-18 04:49:17','2025-05-01 12:16:30');
INSERT INTO post_comments (comment_id,post_id,user_id,content,created_at,updated_at) VALUES (3,3,16,'Asperiores veniam eos veritatis eaque mollitia. Architecto adipisci voluptas eveniet beatae ipsam maxime. Odio maiores quibusdam veritatis placeat.','2025-08-10 06:06:22','2025-11-22 18:14:13');
INSERT INTO post_comments (comment_id,post_id,user_id,content,created_at,updated_at) VALUES (4,3,67,'Vel maiores placeat nihil id voluptas. Fuga maiores consequuntur sed ipsam repellendus blanditiis qui. Nostrum dolorum similique.','2025-08-07 10:30:27','2025-11-12 19:59:36');
INSERT INTO post_comments (comment_id,post_id,user_id,content,created_at,updated_at) VALUES (5,4,96,'Voluptatem tempora itaque beatae rem blanditiis. Qui consequuntur officiis fuga quos adipisci. Explicabo expedita debitis quidem animi.','2024-09-26 12:44:14','2026-03-02 20:32:54');
INSERT INTO post_comments (comment_id,post_id,user_id,content,created_at,updated_at) VALUES (6,4,27,'Iure hic aliquam eos delectus. Pariatur odio recusandae. Facilis perferendis dolorem beatae.','2025-05-29 08:03:58','2025-10-19 14:52:05');
INSERT INTO post_comments (comment_id,post_id,user_id,content,created_at,updated_at) VALUES (7,4,99,'Nulla necessitatibus molestiae tenetur. Placeat asperiores enim eos. Deleniti natus excepturi aliquam minima pariatur. Excepturi eum ducimus odit explicabo dolorum perspiciatis.','2024-10-22 23:46:38','2025-11-28 15:24:58');
INSERT INTO post_comments (comment_id,post_id,user_id,content,created_at,updated_at) VALUES (8,5,57,'Dolore quia quod. Soluta odit ratione necessitatibus dolor voluptatibus reiciendis. Molestias corporis quam dignissimos id explicabo.','2024-02-11 09:45:20','2025-07-26 17:03:58');
INSERT INTO post_comments (comment_id,post_id,user_id,content,created_at,updated_at) VALUES (9,5,88,'Aperiam ad distinctio alias accusamus. Saepe sequi nesciunt natus.','2025-12-13 19:08:06','2025-12-21 17:17:45');
INSERT INTO post_comments (comment_id,post_id,user_id,content,created_at,updated_at) VALUES (10,5,81,'Eos hic ipsam ipsum. At odio quod quis harum ad et.
Dolorem facilis sapiente dolor rem. Corrupti aut quis doloribus rem.','2025-11-27 14:59:52','2026-02-18 07:17:09');
INSERT INTO post_comments (comment_id,post_id,user_id,content,created_at,updated_at) VALUES (11,7,89,'Ratione iste labore adipisci mollitia veniam error. Libero sit perspiciatis accusamus quo.','2025-04-11 06:46:43','2026-02-12 20:10:45');
INSERT INTO post_comments (comment_id,post_id,user_id,content,created_at,updated_at) VALUES (12,7,57,'Accusantium aperiam temporibus nihil deserunt et. Sit laborum aperiam autem ipsa. Aliquam cum illum quia explicabo.','2023-07-20 22:07:27','2024-03-22 00:57:54');
INSERT INTO post_comments (comment_id,post_id,user_id,content,created_at,updated_at) VALUES (13,7,38,'Inventore ut tenetur dolores at. Facilis doloremque laboriosam praesentium odio.
Quasi doloremque dicta accusantium. Iste at iste quidem iure molestias. Autem ipsam reiciendis qui repudiandae.','2025-04-30 02:31:58','2025-07-12 20:00:41');
INSERT INTO post_comments (comment_id,post_id,user_id,content,created_at,updated_at) VALUES (14,9,75,'Eaque eaque rem alias molestias eaque. Autem harum officiis praesentium repudiandae illum minus magni.','2025-07-24 19:31:01','2025-08-08 16:59:57');
INSERT INTO post_comments (comment_id,post_id,user_id,content,created_at,updated_at) VALUES (15,10,66,'Assumenda vel cumque dolorum. Culpa aliquam repellat molestias quae expedita placeat. Officia incidunt similique nesciunt aliquid et natus.','2024-04-21 08:30:24','2025-04-05 00:13:27');
INSERT INTO post_comments (comment_id,post_id,user_id,content,created_at,updated_at) VALUES (16,10,26,'Necessitatibus ipsa repellat labore corrupti doloribus alias. Voluptatum neque explicabo sint totam.
Iusto tenetur officia adipisci. Tenetur culpa impedit dignissimos provident quae.','2025-04-10 12:09:06','2025-09-20 20:32:52');
INSERT INTO post_comments (comment_id,post_id,user_id,content,created_at,updated_at) VALUES (17,10,76,'Aliquid esse nam itaque. Commodi neque consequatur voluptates voluptatem vitae quod tenetur.','2026-02-16 19:31:36','2026-02-25 12:19:49');
INSERT INTO post_comments (comment_id,post_id,user_id,content,created_at,updated_at) VALUES (18,10,34,'Non optio iure odit voluptate. Veritatis sunt odit eius.
Tenetur rem et culpa consequatur id amet. Veniam debitis culpa rerum eveniet enim. Sint molestiae ab reprehenderit sapiente.','2023-12-22 01:19:26','2025-12-29 22:45:29');
INSERT INTO post_comments (comment_id,post_id,user_id,content,created_at,updated_at) VALUES (19,10,27,'Omnis vitae explicabo ducimus autem enim. Dolorum magnam tempora eius inventore.
Accusantium quos quisquam ducimus temporibus et quo. Ducimus harum minima facilis ipsum dolor ex.','2025-07-04 01:37:23','2025-08-23 22:59:27');
INSERT INTO post_comments (comment_id,post_id,user_id,content,created_at,updated_at) VALUES (20,12,70,'Magnam voluptate minima ipsam explicabo officiis assumenda. Beatae earum esse iste. Explicabo incidunt est consequuntur hic. Asperiores explicabo dolor nulla voluptate dolore rem accusantium.','2025-06-15 12:27:47','2026-02-23 17:12:41');
INSERT INTO post_comments (comment_id,post_id,user_id,content,created_at,updated_at) VALUES (21,12,51,'Non quo accusamus architecto dolor. Quo repellat natus temporibus laudantium quae ab.
Laudantium totam excepturi. Suscipit quod asperiores expedita iusto minus.','2025-08-26 18:58:22','2025-11-01 23:59:21');
INSERT INTO post_comments (comment_id,post_id,user_id,content,created_at,updated_at) VALUES (22,13,95,'Tempore porro beatae tempore ea quos doloribus. Blanditiis cumque ad rerum. Distinctio iste ullam quibusdam.','2025-05-30 06:41:37','2025-09-15 02:33:03');
INSERT INTO post_comments (comment_id,post_id,user_id,content,created_at,updated_at) VALUES (23,13,70,'Animi voluptatum velit facere saepe. Optio maiores nulla. Eos perspiciatis doloribus doloremque.','2025-11-26 01:49:12','2025-12-29 06:12:06');
INSERT INTO post_comments (comment_id,post_id,user_id,content,created_at,updated_at) VALUES (24,13,72,'Labore provident eius veniam. Cum dolore blanditiis iure possimus.
Doloribus fuga aperiam maiores delectus. Deserunt quasi nesciunt incidunt totam quam eaque ex.
Magnam veniam officia tempora quidem.','2025-05-04 20:14:21','2026-02-11 12:31:22');
INSERT INTO post_comments (comment_id,post_id,user_id,content,created_at,updated_at) VALUES (25,13,60,'Quia eligendi eius rerum. Tenetur sint animi quam sapiente saepe dignissimos.','2025-05-27 11:45:37','2025-12-27 00:10:30');
INSERT INTO post_comments (comment_id,post_id,user_id,content,created_at,updated_at) VALUES (26,14,39,'Mollitia ducimus id nihil neque quia. Molestiae ducimus maxime expedita nulla aperiam. Dolores voluptatibus veritatis accusamus amet odit temporibus cumque.','2024-08-23 17:04:40','2026-01-22 13:33:29');
INSERT INTO post_comments (comment_id,post_id,user_id,content,created_at,updated_at) VALUES (27,14,30,'Nulla eum voluptatum rerum accusamus sit est. Dolore consequatur quod voluptate excepturi magni. Ea amet iusto omnis dignissimos nostrum.','2024-05-23 18:13:35','2024-09-20 20:34:11');
INSERT INTO post_comments (comment_id,post_id,user_id,content,created_at,updated_at) VALUES (28,14,17,'In explicabo aspernatur soluta inventore necessitatibus labore. Esse neque reprehenderit iusto totam. Officia praesentium suscipit enim. Inventore tenetur aliquid incidunt perferendis.','2024-08-04 17:27:35','2025-05-10 07:19:21');
INSERT INTO post_comments (comment_id,post_id,user_id,content,created_at,updated_at) VALUES (29,14,98,'Vel odit velit odit vero. Ipsam rem a ea vero ex. Placeat reprehenderit porro distinctio.
Nobis aliquam architecto quis perspiciatis odio voluptatibus.','2025-12-23 16:41:12','2026-01-17 15:31:24');
INSERT INTO post_comments (comment_id,post_id,user_id,content,created_at,updated_at) VALUES (30,14,79,'Aperiam neque tempora nulla. Ipsam magnam corporis voluptas laboriosam. Neque ipsam tempore magni. Voluptas ipsum illum placeat quasi.','2025-04-01 15:23:03','2026-01-08 23:48:44');
INSERT INTO post_comments (comment_id,post_id,user_id,content,created_at,updated_at) VALUES (31,16,57,'Quisquam id tempore quo perspiciatis eum in. Nostrum porro iste commodi dignissimos exercitationem.','2025-12-26 18:11:30','2026-01-15 09:22:14');
INSERT INTO post_comments (comment_id,post_id,user_id,content,created_at,updated_at) VALUES (32,16,26,'Quos sit sapiente eaque eveniet. Vel fugiat maiores itaque illum voluptatibus porro inventore. Quas rem aut quasi veniam recusandae.','2026-01-13 07:17:14','2026-02-28 00:27:46');
INSERT INTO post_comments (comment_id,post_id,user_id,content,created_at,updated_at) VALUES (33,16,74,'Laborum totam ullam occaecati facilis repellat quibusdam. Veritatis cumque laudantium aspernatur reprehenderit. Facere quod veniam.
Minus reiciendis rerum nesciunt. Ea esse consequatur itaque.','2026-01-15 02:09:09','2026-01-21 08:06:42');
INSERT INTO post_comments (comment_id,post_id,user_id,content,created_at,updated_at) VALUES (34,16,54,'Maxime reprehenderit voluptatum numquam esse. Doloribus reiciendis facere quibusdam minus sapiente nisi. Assumenda error adipisci natus unde consectetur in deleniti.','2025-09-07 16:47:58','2026-02-04 22:53:38');
INSERT INTO post_comments (comment_id,post_id,user_id,content,created_at,updated_at) VALUES (35,17,70,'Suscipit veniam tempore mollitia quia quo quos explicabo. Reiciendis officia distinctio blanditiis corrupti nemo.','2025-10-30 09:17:07','2026-02-09 15:46:02');
INSERT INTO post_comments (comment_id,post_id,user_id,content,created_at,updated_at) VALUES (36,19,24,'Assumenda voluptate eaque. Enim facilis aliquam debitis assumenda.','2026-02-14 07:46:02','2026-02-25 23:53:36');
INSERT INTO post_comments (comment_id,post_id,user_id,content,created_at,updated_at) VALUES (37,19,38,'Beatae eveniet itaque sed maiores dolorem consequuntur optio. Facere ullam similique nemo sed.
At tempore et corporis quos. Sed quod commodi dolore totam eaque quibusdam inventore.','2025-04-23 00:13:24','2026-01-27 23:35:10');
INSERT INTO post_comments (comment_id,post_id,user_id,content,created_at,updated_at) VALUES (38,19,8,'Ex ullam est vel. Porro non magnam reprehenderit.
Ratione eos incidunt.','2024-11-09 17:20:11','2026-02-26 20:56:51');
INSERT INTO post_comments (comment_id,post_id,user_id,content,created_at,updated_at) VALUES (39,20,61,'Possimus sed perspiciatis reiciendis eius culpa unde. Tempore adipisci expedita. Soluta tempora officia perferendis saepe fugit.','2026-01-16 19:33:42','2026-02-26 10:07:19');
INSERT INTO post_comments (comment_id,post_id,user_id,content,created_at,updated_at) VALUES (40,21,95,'Magnam assumenda eius dolorum odio. Animi beatae sed accusamus assumenda.
Quibusdam ea possimus nulla.','2025-10-14 13:41:02','2025-12-31 15:54:18');
INSERT INTO post_comments (comment_id,post_id,user_id,content,created_at,updated_at) VALUES (41,21,50,'Perferendis tenetur exercitationem quam. Distinctio deserunt sint veritatis.','2024-07-05 12:32:18','2025-07-03 08:18:19');
INSERT INTO post_comments (comment_id,post_id,user_id,content,created_at,updated_at) VALUES (42,21,18,'Consequatur eaque quo. Atque modi mollitia nostrum non. Accusamus maiores dicta numquam.
A quasi rem explicabo perferendis error iusto. Natus cupiditate voluptates odio.','2024-07-05 18:37:27','2026-01-05 08:51:21');
INSERT INTO post_comments (comment_id,post_id,user_id,content,created_at,updated_at) VALUES (43,22,93,'Asperiores natus eaque. At ad sint dicta qui fugiat quos.
Beatae autem harum. Ullam a debitis consequuntur ad exercitationem assumenda ex. Exercitationem mollitia quia optio maiores.','2025-05-30 22:07:45','2025-06-19 19:48:08');
INSERT INTO post_comments (comment_id,post_id,user_id,content,created_at,updated_at) VALUES (44,22,25,'Laudantium fugit atque nostrum. Commodi explicabo nihil nisi ipsam a eius. Voluptates eveniet est mollitia.','2025-07-23 13:28:44','2025-12-31 02:34:26');
INSERT INTO post_comments (comment_id,post_id,user_id,content,created_at,updated_at) VALUES (45,22,38,'Deserunt in quis eaque nobis sunt. Necessitatibus asperiores esse odio quae eveniet molestiae.
Doloribus facere esse deserunt ullam culpa officia.','2026-02-07 21:07:46','2026-02-21 02:09:23');
INSERT INTO post_comments (comment_id,post_id,user_id,content,created_at,updated_at) VALUES (46,22,4,'Tenetur accusantium minus quam ab repudiandae harum. Eaque nisi impedit nobis temporibus deserunt.','2025-04-16 00:20:34','2025-06-26 12:29:59');
INSERT INTO post_comments (comment_id,post_id,user_id,content,created_at,updated_at) VALUES (47,24,3,'Similique recusandae dignissimos dignissimos qui distinctio.
Nobis ab maxime ducimus officia. Eius eveniet beatae libero.','2026-01-17 20:43:50','2026-02-02 22:53:30');
INSERT INTO post_comments (comment_id,post_id,user_id,content,created_at,updated_at) VALUES (48,24,68,'Unde eum architecto adipisci nihil aperiam quis. Eius eaque possimus deserunt. Ut nobis inventore quis.','2026-02-01 22:05:05','2026-02-15 16:14:04');
INSERT INTO post_comments (comment_id,post_id,user_id,content,created_at,updated_at) VALUES (49,25,56,'Fugiat omnis tempore perspiciatis.
Omnis mollitia dicta optio veniam hic. Aliquid eum animi distinctio. Repudiandae in inventore eos quis voluptates.','2025-11-05 19:39:46','2025-11-26 23:36:32');
INSERT INTO post_comments (comment_id,post_id,user_id,content,created_at,updated_at) VALUES (50,25,69,'Expedita fugit accusamus ipsa optio molestiae. Odio nihil perspiciatis et. Ut facilis placeat.','2025-09-29 17:18:00','2026-01-30 09:50:58');
INSERT INTO post_comments (comment_id,post_id,user_id,content,created_at,updated_at) VALUES (51,25,52,'Nihil numquam amet harum. Eaque accusamus suscipit minus rem repellat.','2026-01-23 18:33:22','2026-03-01 12:42:35');
INSERT INTO post_comments (comment_id,post_id,user_id,content,created_at,updated_at) VALUES (52,25,28,'Quas quas pariatur. Aspernatur perspiciatis illo.
Placeat veritatis atque deleniti. Facere accusamus sunt distinctio officiis cum.','2025-12-12 05:22:43','2026-01-07 18:57:53');
INSERT INTO post_comments (comment_id,post_id,user_id,content,created_at,updated_at) VALUES (53,25,42,'Omnis nobis fugiat tempora non a.
Nemo animi voluptatibus in dolores. Consequuntur magnam blanditiis dolor.','2026-01-13 10:09:56','2026-01-29 22:08:24');
INSERT INTO post_comments (comment_id,post_id,user_id,content,created_at,updated_at) VALUES (54,26,32,'Magni dolores dolore error saepe nisi in. Assumenda unde nisi ex suscipit error. Consectetur nam ex optio vero iure.','2025-02-13 19:16:13','2025-04-01 08:59:52');
INSERT INTO post_comments (comment_id,post_id,user_id,content,created_at,updated_at) VALUES (55,26,27,'Nemo molestias tenetur voluptas. Veritatis nemo quam reprehenderit dolorum quo.','2026-01-19 20:09:27','2026-02-13 14:28:50');
INSERT INTO post_comments (comment_id,post_id,user_id,content,created_at,updated_at) VALUES (56,26,31,'Iusto animi id officia dolore odio laborum ratione. Nam maxime deleniti quam necessitatibus nisi.','2025-07-15 11:13:26','2026-02-20 21:32:53');
INSERT INTO post_comments (comment_id,post_id,user_id,content,created_at,updated_at) VALUES (57,26,76,'Eos pariatur accusantium facere illo natus ipsum. Ipsum soluta laboriosam voluptas quam eius. Earum explicabo amet aperiam est.','2025-10-22 15:48:12','2025-11-12 06:43:01');
INSERT INTO post_comments (comment_id,post_id,user_id,content,created_at,updated_at) VALUES (58,26,46,'Totam quos perspiciatis dolore vel in.
Laudantium dolorum velit dicta. A facilis odio laboriosam libero voluptatibus reprehenderit nihil.','2025-12-09 04:35:14','2026-02-14 21:39:46');
INSERT INTO post_comments (comment_id,post_id,user_id,content,created_at,updated_at) VALUES (59,27,46,'Placeat quod nam sint. Blanditiis eius earum. Architecto maiores voluptatibus ea dicta quia.
Eum alias natus necessitatibus vero unde. Quisquam voluptates dicta asperiores.','2025-01-31 23:51:48','2025-09-04 18:40:40');
INSERT INTO post_comments (comment_id,post_id,user_id,content,created_at,updated_at) VALUES (60,27,53,'Atque quo beatae. Qui placeat harum reprehenderit repellendus necessitatibus aut. Maiores aliquam vero quis.','2025-08-22 12:55:25','2025-11-21 14:57:37');
INSERT INTO post_comments (comment_id,post_id,user_id,content,created_at,updated_at) VALUES (61,27,23,'Quidem molestiae ullam ipsa quas maiores tenetur. Iusto tenetur a vitae quis. Maxime modi at consequatur nam.','2024-07-21 22:38:38','2024-08-07 06:16:06');
INSERT INTO post_comments (comment_id,post_id,user_id,content,created_at,updated_at) VALUES (62,27,71,'Saepe provident enim rem quas iure mollitia ipsam. Esse facilis doloribus occaecati facilis tempore nihil.','2024-10-27 05:55:09','2025-05-22 15:46:06');
INSERT INTO post_comments (comment_id,post_id,user_id,content,created_at,updated_at) VALUES (63,27,84,'Eaque ipsum illo rerum consequuntur illo. Illo ut nemo qui totam quaerat.
Consectetur nam enim ipsa minus debitis. Possimus totam voluptate veritatis a. Officiis aspernatur natus.','2025-10-12 05:42:48','2026-01-09 14:59:50');
INSERT INTO post_comments (comment_id,post_id,user_id,content,created_at,updated_at) VALUES (64,28,41,'Est alias vero harum. Ex reprehenderit minus modi repellendus. Quam libero sequi illo numquam iure. Quod doloribus temporibus esse cupiditate hic.
Dolor explicabo iure fuga quasi.','2026-01-18 05:03:14','2026-02-08 02:32:01');
INSERT INTO post_comments (comment_id,post_id,user_id,content,created_at,updated_at) VALUES (65,28,72,'Eius quisquam in quia. Eum corrupti dolorum architecto pariatur fuga. Harum eveniet deserunt fuga aspernatur eaque.','2024-11-04 05:40:22','2025-10-13 19:24:55');
INSERT INTO post_comments (comment_id,post_id,user_id,content,created_at,updated_at) VALUES (66,28,81,'A fuga unde laboriosam cumque omnis.
Aspernatur fugit beatae amet. Aperiam eaque itaque tempore ipsum a. Iste alias provident.','2025-04-26 02:57:40','2025-10-05 13:10:14');
INSERT INTO post_comments (comment_id,post_id,user_id,content,created_at,updated_at) VALUES (67,30,31,'Numquam ducimus architecto fugit tempore nihil nam. Optio possimus molestias odio rerum necessitatibus. Quae sint aliquid quam perferendis facilis.','2024-10-02 16:23:02','2025-04-02 23:44:07');
INSERT INTO post_comments (comment_id,post_id,user_id,content,created_at,updated_at) VALUES (68,30,3,'Hic labore praesentium hic qui quam.
Veritatis sunt autem minima. Quo at fugiat vero. Enim voluptate nobis iure.','2025-06-25 10:16:15','2026-01-07 06:59:52');
INSERT INTO post_comments (comment_id,post_id,user_id,content,created_at,updated_at) VALUES (69,30,25,'Quidem tenetur doloremque consectetur porro cumque impedit totam. Incidunt illo doloremque facere aliquam ullam quia.
Quidem earum temporibus minima ipsum. Aperiam ab fugit sed ad placeat pariatur.','2025-05-02 13:05:06','2025-09-10 21:35:11');
INSERT INTO post_comments (comment_id,post_id,user_id,content,created_at,updated_at) VALUES (70,30,85,'Vero labore autem incidunt tempore dolorum corrupti doloremque. Sequi eveniet esse quo odit earum. Culpa ad ipsum distinctio velit.','2023-08-28 00:23:58','2025-01-21 07:16:13');
INSERT INTO post_comments (comment_id,post_id,user_id,content,created_at,updated_at) VALUES (71,30,89,'Suscipit adipisci facere laudantium ducimus ea. Perferendis harum amet at aut.
Maiores magni exercitationem occaecati sint aliquam. Quo debitis expedita nisi est omnis. Dicta occaecati ut sunt.','2025-10-17 23:15:11','2026-01-26 18:26:20');
INSERT INTO post_comments (comment_id,post_id,user_id,content,created_at,updated_at) VALUES (72,31,1,'Laudantium ex sed hic. Reprehenderit enim asperiores corrupti.
Quasi labore mollitia explicabo repudiandae animi. Quis praesentium velit.','2026-01-24 18:30:07','2026-02-11 17:33:09');
INSERT INTO post_comments (comment_id,post_id,user_id,content,created_at,updated_at) VALUES (73,32,24,'Odio quisquam maiores sequi. Nulla aut asperiores incidunt debitis molestias vel veritatis. Voluptates quod impedit possimus eveniet reiciendis neque.','2025-11-17 19:16:08','2025-12-08 18:45:47');
INSERT INTO post_comments (comment_id,post_id,user_id,content,created_at,updated_at) VALUES (74,32,75,'Vel numquam consequuntur sequi. Voluptas totam officia ea voluptatum odit.','2026-01-30 10:31:09','2026-02-12 01:57:33');
INSERT INTO post_comments (comment_id,post_id,user_id,content,created_at,updated_at) VALUES (75,33,93,'Placeat quidem ab facilis error accusamus explicabo. Facere reprehenderit cumque voluptate fugiat vero. Eum libero quas placeat voluptas ex. Deleniti nesciunt tempora perferendis.','2026-02-23 16:53:23','2026-03-03 00:27:18');
INSERT INTO post_comments (comment_id,post_id,user_id,content,created_at,updated_at) VALUES (76,33,61,'Eum est consequuntur qui occaecati. Corporis rem vero sequi fugiat. Porro nihil ducimus facere.
Eveniet mollitia sed sunt culpa repellat vero quae. Veniam est labore cum eos tempore.','2026-02-13 10:37:09','2026-02-19 17:36:43');
INSERT INTO post_comments (comment_id,post_id,user_id,content,created_at,updated_at) VALUES (77,33,96,'Suscipit laboriosam aut earum nisi. Laborum quia dignissimos est. Eum eaque velit dolorum.','2026-02-17 11:17:09','2026-02-21 03:12:37');
INSERT INTO post_comments (comment_id,post_id,user_id,content,created_at,updated_at) VALUES (78,33,51,'Repellat minima ipsum ratione deleniti.
Inventore porro magnam tempore. Nihil sit hic ducimus ut commodi dolorem. Voluptate molestiae modi illo ratione.','2026-02-14 06:11:51','2026-02-17 23:19:05');
INSERT INTO post_comments (comment_id,post_id,user_id,content,created_at,updated_at) VALUES (79,34,21,'Consequuntur accusamus nostrum possimus provident. Officiis commodi in atque accusantium.
Iste in eaque quia.
Sit quisquam numquam saepe.','2025-12-07 21:02:03','2026-02-07 10:27:12');
INSERT INTO post_comments (comment_id,post_id,user_id,content,created_at,updated_at) VALUES (80,34,47,'Nam illo commodi amet architecto. Error voluptatum explicabo culpa. Quibusdam quae minus quisquam occaecati nisi provident at.
Minus fugit eligendi quis. Nam reiciendis odio excepturi unde.','2026-02-01 00:20:03','2026-02-15 22:08:42');
INSERT INTO post_comments (comment_id,post_id,user_id,content,created_at,updated_at) VALUES (81,34,58,'Tenetur magnam nesciunt nulla. Reprehenderit dignissimos facere sed. Aliquid nesciunt debitis illum nulla. Natus ullam possimus quas.','2025-09-12 20:32:20','2025-10-29 05:07:37');
INSERT INTO post_comments (comment_id,post_id,user_id,content,created_at,updated_at) VALUES (82,35,12,'Unde sed est exercitationem quibusdam perspiciatis. Atque adipisci dolor.','2024-09-13 07:12:17','2024-12-08 12:24:31');
INSERT INTO post_comments (comment_id,post_id,user_id,content,created_at,updated_at) VALUES (83,36,93,'Amet provident necessitatibus. Earum exercitationem modi.
Quod sint voluptate iste id.
Amet eius quibusdam ex cum vitae. Minima doloremque commodi modi cumque odit.','2024-11-25 20:02:05','2025-11-27 19:31:21');
INSERT INTO post_comments (comment_id,post_id,user_id,content,created_at,updated_at) VALUES (84,36,73,'Quod quisquam culpa natus facere vel.
Ipsam qui qui repudiandae. Voluptatem impedit eius illo saepe quae aspernatur. Officia omnis blanditiis aliquid repellat. Voluptatem nesciunt vel aspernatur.','2024-01-12 17:06:37','2024-12-05 23:47:14');
INSERT INTO post_comments (comment_id,post_id,user_id,content,created_at,updated_at) VALUES (85,36,6,'Perspiciatis labore consectetur a cum voluptate veniam.
Numquam consectetur necessitatibus provident. Itaque dolorem similique minus asperiores.','2024-08-23 08:59:05','2025-04-09 15:33:33');
INSERT INTO post_comments (comment_id,post_id,user_id,content,created_at,updated_at) VALUES (86,36,43,'Rerum quas repellat consequuntur quo vero architecto. Quam cupiditate iusto laborum accusamus optio libero ad. Facere modi dicta impedit voluptatem culpa culpa.','2024-11-09 23:52:06','2025-04-10 02:32:34');
INSERT INTO post_comments (comment_id,post_id,user_id,content,created_at,updated_at) VALUES (87,36,61,'Labore nostrum repellendus eum adipisci. Accusamus delectus autem laborum nam temporibus.
Saepe magni maxime maxime repellat.
Eos ducimus id nulla nostrum laborum.','2023-10-28 19:27:37','2025-12-06 19:22:55');
INSERT INTO post_comments (comment_id,post_id,user_id,content,created_at,updated_at) VALUES (88,37,100,'Occaecati illum nam commodi. Illo aspernatur repellat eum perferendis ullam consectetur. Officiis ea sit consectetur officia.','2026-02-19 00:01:50','2026-02-24 18:42:20');
INSERT INTO post_comments (comment_id,post_id,user_id,content,created_at,updated_at) VALUES (89,37,25,'Fugit mollitia expedita recusandae cupiditate aperiam. Nulla dolorem quidem rerum facere. Repudiandae voluptas nostrum ea beatae.','2026-02-19 22:25:24','2026-02-20 04:50:35');
INSERT INTO post_comments (comment_id,post_id,user_id,content,created_at,updated_at) VALUES (90,37,28,'At illum corrupti quidem impedit quae suscipit. Quasi et voluptatibus. Ipsam ipsam numquam nulla quasi.','2026-02-14 03:06:43','2026-02-21 14:02:38');
INSERT INTO post_comments (comment_id,post_id,user_id,content,created_at,updated_at) VALUES (91,37,71,'Commodi et aspernatur labore delectus.
Quam omnis fugit possimus voluptas maiores. Molestiae officia quis eos nisi labore praesentium perferendis.','2026-02-28 18:40:53','2026-03-02 15:11:12');
INSERT INTO post_comments (comment_id,post_id,user_id,content,created_at,updated_at) VALUES (92,38,35,'Provident iusto modi ad animi. Iste quibusdam ex praesentium. Quisquam sint reiciendis autem doloribus explicabo blanditiis.','2024-12-08 10:51:27','2024-12-22 14:44:48');
INSERT INTO post_comments (comment_id,post_id,user_id,content,created_at,updated_at) VALUES (93,38,33,'Autem dicta voluptates molestiae aspernatur nostrum. Architecto tempore temporibus accusamus tempora veniam amet.','2025-01-25 07:19:28','2025-12-07 23:20:28');
INSERT INTO post_comments (comment_id,post_id,user_id,content,created_at,updated_at) VALUES (94,39,29,'Dolorem quam quam nemo provident deserunt occaecati. Fuga deserunt sed eligendi iure blanditiis.
Autem porro inventore quaerat molestias id. Delectus iusto assumenda assumenda.','2026-02-21 02:16:06','2026-02-26 07:26:34');
INSERT INTO post_comments (comment_id,post_id,user_id,content,created_at,updated_at) VALUES (95,39,26,'Debitis qui ratione saepe nam possimus natus. Corporis architecto eius rerum.','2024-03-26 13:55:12','2025-11-27 21:05:34');
INSERT INTO post_comments (comment_id,post_id,user_id,content,created_at,updated_at) VALUES (96,39,55,'Voluptas qui asperiores minima. Iusto ex qui ducimus.
Tempora expedita maiores voluptatum quos esse voluptatum. Nam quos error suscipit.','2026-01-01 17:52:14','2026-02-27 21:41:02');
INSERT INTO post_comments (comment_id,post_id,user_id,content,created_at,updated_at) VALUES (97,39,41,'Excepturi iure occaecati eaque sit debitis aut. Nam impedit occaecati architecto ducimus.
Optio atque facere ipsum. Nulla consectetur velit itaque voluptate praesentium. Accusantium ea explicabo.','2024-04-24 10:12:00','2024-08-31 20:02:28');
INSERT INTO post_comments (comment_id,post_id,user_id,content,created_at,updated_at) VALUES (98,40,72,'Quaerat aliquam nemo tenetur recusandae cupiditate fugiat veniam. Ipsam inventore amet officiis. Perspiciatis perferendis ipsam temporibus laborum deserunt blanditiis.','2025-10-10 22:04:50','2025-12-11 12:43:00');
INSERT INTO post_comments (comment_id,post_id,user_id,content,created_at,updated_at) VALUES (99,40,22,'Harum error occaecati iure. Pariatur deleniti corporis quos esse.
Cumque temporibus eveniet numquam iste. Doloribus natus laudantium in magnam cumque saepe placeat.','2025-07-29 11:41:18','2026-02-27 10:08:10');
INSERT INTO post_comments (comment_id,post_id,user_id,content,created_at,updated_at) VALUES (100,40,32,'Quibusdam sed placeat corrupti vel unde. Dignissimos nesciunt quasi cum earum. Doloremque nam occaecati illum earum consectetur.','2024-03-01 04:20:05','2024-08-19 08:44:07');
INSERT INTO post_comments (comment_id,post_id,user_id,content,created_at,updated_at) VALUES (101,40,35,'Fuga inventore quae ducimus deserunt tenetur. Cumque perspiciatis illo nulla.','2024-12-15 09:13:17','2025-08-26 08:27:41');
INSERT INTO post_comments (comment_id,post_id,user_id,content,created_at,updated_at) VALUES (102,40,67,'Architecto accusantium itaque reiciendis libero vel. Dignissimos ipsam ipsam. Recusandae pariatur iusto eum eveniet provident dolorum. Quisquam voluptates accusantium voluptatem sed.','2024-08-10 15:26:16','2026-02-05 07:02:09');
INSERT INTO post_comments (comment_id,post_id,user_id,content,created_at,updated_at) VALUES (103,41,43,'Dolore ex molestiae reprehenderit aliquid dignissimos minima numquam.
Sint provident necessitatibus enim quaerat. Voluptatem quia neque animi.','2026-01-12 04:59:28','2026-02-28 10:39:19');
INSERT INTO post_comments (comment_id,post_id,user_id,content,created_at,updated_at) VALUES (104,43,4,'Voluptatum et ex veritatis. Aliquam dolor numquam maxime voluptatibus. Esse laboriosam temporibus facere animi consequatur debitis. Dignissimos nostrum accusantium perspiciatis totam error amet.','2023-07-12 10:25:38','2024-04-22 08:56:29');
INSERT INTO post_comments (comment_id,post_id,user_id,content,created_at,updated_at) VALUES (105,43,32,'Quos placeat exercitationem aspernatur reiciendis. Labore repellat a.','2023-12-13 09:11:21','2024-03-21 12:55:56');
INSERT INTO post_comments (comment_id,post_id,user_id,content,created_at,updated_at) VALUES (106,44,42,'Aliquid repellat iusto quasi. Ipsam quia commodi nobis ipsum dolorum eius.','2024-12-20 22:08:50','2025-08-21 18:44:49');
INSERT INTO post_comments (comment_id,post_id,user_id,content,created_at,updated_at) VALUES (107,44,3,'Nihil rerum animi labore.
Veniam placeat sint nisi itaque eligendi. Dolorum officiis culpa. Nisi necessitatibus eos molestiae.','2024-06-02 15:17:00','2024-12-23 05:18:30');
INSERT INTO post_comments (comment_id,post_id,user_id,content,created_at,updated_at) VALUES (108,44,86,'Expedita ipsa ex atque odio at temporibus. Iste atque cupiditate incidunt. Rem qui hic enim sit iusto error.','2025-06-20 16:40:43','2026-01-20 13:34:39');
INSERT INTO post_comments (comment_id,post_id,user_id,content,created_at,updated_at) VALUES (109,44,36,'Placeat culpa aperiam ipsam. Nesciunt aperiam ullam ducimus eum temporibus ullam. Explicabo harum voluptatibus voluptatem nostrum tenetur.
Vero libero nemo.','2025-11-21 10:21:13','2026-02-10 12:46:44');
INSERT INTO post_comments (comment_id,post_id,user_id,content,created_at,updated_at) VALUES (110,45,65,'Assumenda iure doloribus unde iusto officia nihil facilis. Deleniti delectus nemo eveniet rerum nemo dolor veniam.','2025-12-01 01:25:14','2026-01-01 07:24:31');
INSERT INTO post_comments (comment_id,post_id,user_id,content,created_at,updated_at) VALUES (111,45,33,'Quo quisquam libero sequi blanditiis non exercitationem. Animi necessitatibus magnam corporis eos eius. Praesentium ad similique unde recusandae.','2025-12-17 19:26:50','2026-02-19 07:01:49');
INSERT INTO post_comments (comment_id,post_id,user_id,content,created_at,updated_at) VALUES (112,45,92,'Ad sunt dolore esse repellendus dolore. Ullam nam impedit ipsam fugit velit accusantium.','2025-12-09 00:27:45','2026-01-11 01:33:54');
INSERT INTO post_comments (comment_id,post_id,user_id,content,created_at,updated_at) VALUES (113,47,29,'Vitae libero quod.
Dignissimos corporis nam minima ullam molestiae cum. Amet labore fugit distinctio.','2025-02-22 13:35:54','2025-07-01 14:15:28');
INSERT INTO post_comments (comment_id,post_id,user_id,content,created_at,updated_at) VALUES (114,48,38,'Est quisquam ex accusamus dolores.
Delectus recusandae cumque impedit consequatur atque. Rerum iusto harum dolorum in quo vel.','2025-11-14 16:38:24','2025-12-30 22:10:36');
INSERT INTO post_comments (comment_id,post_id,user_id,content,created_at,updated_at) VALUES (115,48,18,'Tempora porro recusandae beatae occaecati assumenda. Odit exercitationem reiciendis a rerum illum.
Vitae consectetur quam possimus dolorem officia. Adipisci id quia est eligendi dolorum.','2023-11-23 14:45:47','2025-05-30 10:38:19');
INSERT INTO post_comments (comment_id,post_id,user_id,content,created_at,updated_at) VALUES (116,48,47,'Et consectetur facere. Nisi suscipit porro minima. Et assumenda odit at delectus corporis aperiam.','2025-09-13 13:15:59','2025-10-07 01:24:43');
INSERT INTO post_comments (comment_id,post_id,user_id,content,created_at,updated_at) VALUES (117,48,98,'Eaque quia culpa recusandae vel minima. Eum dolore ex mollitia tempore facere labore. Eaque sint illum dignissimos magnam. Natus voluptatum qui inventore esse blanditiis.','2024-05-08 08:07:54','2026-03-01 12:14:48');
INSERT INTO post_comments (comment_id,post_id,user_id,content,created_at,updated_at) VALUES (118,50,87,'Nam ea dolore vero neque. Fuga odio sequi eos.
Ab excepturi consequuntur harum ea. Quae modi consequatur possimus laudantium iure a.','2026-01-19 04:26:37','2026-02-14 11:46:20');
INSERT INTO post_comments (comment_id,post_id,user_id,content,created_at,updated_at) VALUES (119,50,2,'Sequi iste quisquam ex. Tenetur molestias eveniet amet fugiat. Nostrum blanditiis asperiores maxime. Temporibus cupiditate quidem in vero nobis velit.','2025-10-17 17:22:46','2025-11-24 02:10:47');
INSERT INTO post_comments (comment_id,post_id,user_id,content,created_at,updated_at) VALUES (120,50,59,'Vitae a ad rerum labore. Fuga omnis mollitia.
Natus dolore quis officia tempora accusantium nam. Odit voluptatem tempora autem vel.','2024-05-05 03:08:38','2024-09-10 08:40:22');
INSERT INTO post_comments (comment_id,post_id,user_id,content,created_at,updated_at) VALUES (121,51,18,'Exercitationem debitis nulla. Corrupti repellendus consectetur consequuntur omnis nostrum vero. Culpa aspernatur eos assumenda deserunt nemo accusantium.','2025-04-06 19:06:49','2025-12-03 08:39:56');
INSERT INTO post_comments (comment_id,post_id,user_id,content,created_at,updated_at) VALUES (122,51,33,'Minima illo vel tempora. Perspiciatis voluptate nihil aperiam natus. Quisquam debitis animi id amet aut.','2024-06-06 01:21:20','2025-08-23 17:52:49');
INSERT INTO post_comments (comment_id,post_id,user_id,content,created_at,updated_at) VALUES (123,51,11,'Accusamus error ex laborum quod ex culpa. Aliquid ab accusantium laborum.
Iure fuga corrupti fugit hic sed. Nisi nihil eius quasi fugit repellat. Quis beatae vero eligendi.','2024-05-19 22:03:05','2025-12-30 18:22:02');
INSERT INTO post_comments (comment_id,post_id,user_id,content,created_at,updated_at) VALUES (124,51,24,'Aut ut rerum perspiciatis. Eveniet voluptatem occaecati repudiandae sit esse sunt. Recusandae explicabo sequi tenetur culpa delectus eius.','2025-09-26 13:35:17','2026-01-23 06:00:20');
INSERT INTO post_comments (comment_id,post_id,user_id,content,created_at,updated_at) VALUES (125,51,47,'Saepe aliquam praesentium aut esse sequi deserunt. Quaerat nihil saepe rerum quis amet. Debitis beatae laudantium cum.','2025-04-18 23:15:38','2025-04-24 13:31:18');
INSERT INTO post_comments (comment_id,post_id,user_id,content,created_at,updated_at) VALUES (126,52,92,'Laborum omnis quod. Voluptatem iste reiciendis. Aliquam exercitationem dicta nam delectus.
Accusamus itaque rem facilis corporis itaque. Hic eius quia ad facere quasi maxime corporis.','2025-12-26 05:20:23','2025-12-31 15:29:15');
INSERT INTO post_comments (comment_id,post_id,user_id,content,created_at,updated_at) VALUES (127,52,63,'Laborum sed asperiores.
Laborum temporibus pariatur illum asperiores saepe quis. Omnis molestiae aspernatur.','2025-12-12 02:43:46','2026-01-11 02:02:58');
INSERT INTO post_comments (comment_id,post_id,user_id,content,created_at,updated_at) VALUES (128,52,22,'Tempore nam non dicta totam. Dignissimos molestias sequi iure voluptas.
Possimus qui excepturi perferendis aut molestias dignissimos. Ratione iusto corrupti molestiae.','2025-01-21 10:37:44','2026-01-18 11:29:05');
INSERT INTO post_comments (comment_id,post_id,user_id,content,created_at,updated_at) VALUES (129,52,52,'Eos tempore eligendi. Ex autem nesciunt facilis repellendus.
Vitae rerum iste ratione dolores. Optio quod quo quisquam tenetur quisquam doloribus.','2025-08-19 21:57:55','2025-11-17 04:05:26');
INSERT INTO post_comments (comment_id,post_id,user_id,content,created_at,updated_at) VALUES (130,52,68,'Sit ab officia consectetur. Voluptate alias unde. Illum ex deserunt itaque.','2024-09-09 04:50:31','2024-09-28 18:33:42');
INSERT INTO post_comments (comment_id,post_id,user_id,content,created_at,updated_at) VALUES (131,53,55,'Facere soluta magni dicta earum voluptatibus assumenda. Placeat repellendus saepe. Harum alias facere perspiciatis totam enim sed nam.','2025-02-24 12:01:41','2025-02-26 07:16:22');
INSERT INTO post_comments (comment_id,post_id,user_id,content,created_at,updated_at) VALUES (132,54,11,'Quod temporibus aperiam repellendus eligendi quam dolorum laudantium. Quaerat architecto quos repellat eveniet provident accusantium esse.','2025-12-27 18:20:20','2026-01-13 16:05:47');
INSERT INTO post_comments (comment_id,post_id,user_id,content,created_at,updated_at) VALUES (133,54,89,'Ea modi consequatur nisi facilis. Incidunt est officiis ducimus ea recusandae voluptate. Nostrum eius iure voluptatem.','2024-11-24 08:55:26','2024-12-30 09:25:37');
INSERT INTO post_comments (comment_id,post_id,user_id,content,created_at,updated_at) VALUES (134,55,3,'Ratione perspiciatis praesentium sequi possimus. Iusto vel impedit. Officiis qui similique laudantium consequuntur iste non tenetur. Quas repellendus vel recusandae architecto quaerat.','2024-02-21 02:40:47','2024-11-04 16:48:46');
INSERT INTO post_comments (comment_id,post_id,user_id,content,created_at,updated_at) VALUES (135,55,44,'Culpa porro tenetur. Assumenda corporis libero modi.
Ut quae aspernatur rem odit dolor quas hic. Accusamus dolorum voluptatem numquam nihil.','2024-04-24 19:04:01','2026-02-06 18:37:21');
INSERT INTO post_comments (comment_id,post_id,user_id,content,created_at,updated_at) VALUES (136,56,57,'Iusto odio nesciunt minima harum itaque. Incidunt eum tempora accusantium consequatur saepe quae.','2025-08-08 00:41:40','2026-01-30 14:33:21');
INSERT INTO post_comments (comment_id,post_id,user_id,content,created_at,updated_at) VALUES (137,56,3,'Aspernatur dicta dignissimos architecto doloribus. Repellat incidunt maiores debitis.','2025-08-07 01:09:14','2025-12-01 22:20:02');
INSERT INTO post_comments (comment_id,post_id,user_id,content,created_at,updated_at) VALUES (138,56,16,'Ea debitis quaerat recusandae debitis. Occaecati quidem ut expedita et.
Optio vitae cupiditate nihil quidem sapiente quasi. Esse fuga quos eaque minus quod. Quos omnis non assumenda.','2026-02-12 00:44:25','2026-02-28 01:02:37');
INSERT INTO post_comments (comment_id,post_id,user_id,content,created_at,updated_at) VALUES (139,56,52,'Libero ipsa vitae eum enim id quod. Alias cupiditate eligendi minus neque et.
Explicabo in porro dolorum dicta magnam deleniti. At sint vero maiores assumenda rerum.','2025-12-30 00:15:43','2026-02-04 03:02:28');
INSERT INTO post_comments (comment_id,post_id,user_id,content,created_at,updated_at) VALUES (140,57,86,'Inventore recusandae omnis pariatur odit placeat distinctio non. Aut tenetur beatae eius.','2025-05-09 16:58:41','2025-07-04 15:47:30');
INSERT INTO post_comments (comment_id,post_id,user_id,content,created_at,updated_at) VALUES (141,59,15,'Reprehenderit occaecati quos a. Modi officia aliquam nostrum beatae reiciendis.
Suscipit pariatur iure adipisci. Error illum animi maiores in eius temporibus.','2025-09-07 18:39:37','2025-09-21 21:09:58');
INSERT INTO post_comments (comment_id,post_id,user_id,content,created_at,updated_at) VALUES (142,60,41,'Quasi consequuntur assumenda odio ducimus. Excepturi ut expedita adipisci possimus voluptatibus iure.','2025-08-06 06:05:48','2026-02-26 03:15:05');
INSERT INTO post_comments (comment_id,post_id,user_id,content,created_at,updated_at) VALUES (143,60,56,'Maxime esse delectus repudiandae. Laboriosam repellendus sed minus officia sapiente.
Quis deleniti cupiditate aperiam. Inventore alias corrupti occaecati voluptatum laudantium expedita.','2025-12-21 16:59:30','2026-02-01 00:43:11');
INSERT INTO post_comments (comment_id,post_id,user_id,content,created_at,updated_at) VALUES (144,61,14,'Soluta minima amet harum blanditiis fugiat at. Explicabo earum temporibus officiis ea iusto. Alias minus accusamus voluptates provident explicabo.','2025-10-21 06:02:44','2025-11-16 12:15:01');
INSERT INTO post_comments (comment_id,post_id,user_id,content,created_at,updated_at) VALUES (145,61,96,'Omnis consectetur quo et expedita. Eos quia autem aspernatur dolorum delectus consectetur saepe.
Quasi sed provident consequuntur. Incidunt autem suscipit nesciunt cumque veritatis tenetur.','2025-12-24 13:49:47','2026-02-05 09:01:31');
INSERT INTO post_comments (comment_id,post_id,user_id,content,created_at,updated_at) VALUES (146,61,48,'Error eos molestiae quisquam veritatis asperiores veritatis. Hic cum cumque dolore voluptatem.','2026-02-23 18:02:36','2026-03-01 11:43:18');
INSERT INTO post_comments (comment_id,post_id,user_id,content,created_at,updated_at) VALUES (147,61,82,'Debitis inventore excepturi tempora a et. Doloribus iure dignissimos ipsam.
Iste provident perferendis.
Iste incidunt neque cupiditate corrupti. Quaerat facilis voluptates quae magnam harum.','2026-02-15 13:52:30','2026-02-21 09:17:11');
INSERT INTO post_comments (comment_id,post_id,user_id,content,created_at,updated_at) VALUES (148,62,42,'Nulla quaerat veritatis blanditiis culpa. Laboriosam suscipit repellat possimus sed.
Ea officiis sed natus repellendus. Architecto illo pariatur tempore voluptatem.','2025-03-15 01:54:54','2025-08-07 11:01:52');
INSERT INTO post_comments (comment_id,post_id,user_id,content,created_at,updated_at) VALUES (149,62,77,'Doloremque asperiores a accusantium sunt dolorum possimus. Temporibus consectetur quibusdam esse quasi id ullam alias. Cupiditate dolore nisi rerum excepturi assumenda necessitatibus.','2025-08-13 05:52:19','2025-12-16 05:48:21');
INSERT INTO post_comments (comment_id,post_id,user_id,content,created_at,updated_at) VALUES (150,62,1,'Sed quis totam ex temporibus perspiciatis vel. Laboriosam quia labore eos rerum.
Ratione voluptatem soluta.','2024-02-20 12:33:33','2025-04-17 19:14:56');
INSERT INTO post_comments (comment_id,post_id,user_id,content,created_at,updated_at) VALUES (151,62,50,'Explicabo sunt aut nemo natus sed. Officiis culpa tempora ratione molestias libero minus.
Modi odio omnis repellat.','2024-10-19 10:15:01','2025-03-12 21:12:28');
INSERT INTO post_comments (comment_id,post_id,user_id,content,created_at,updated_at) VALUES (152,62,10,'Molestias quaerat saepe facere. Aliquid accusamus ratione omnis repellat. Ratione facere ea eius.','2025-09-25 00:39:28','2026-02-11 15:39:30');
INSERT INTO post_comments (comment_id,post_id,user_id,content,created_at,updated_at) VALUES (153,63,53,'Labore in aliquid eum.
Beatae omnis distinctio aperiam in.
Accusantium saepe impedit autem deleniti. A iste at. Reiciendis beatae hic facere alias.','2026-02-07 23:02:21','2026-02-28 05:55:36');
INSERT INTO post_comments (comment_id,post_id,user_id,content,created_at,updated_at) VALUES (154,63,92,'Libero quia ad blanditiis maiores. Et eos id.
Ex omnis ipsam repellat nostrum nostrum saepe. Magnam similique temporibus sed corporis ea.','2025-12-23 14:33:57','2026-02-13 09:49:11');
INSERT INTO post_comments (comment_id,post_id,user_id,content,created_at,updated_at) VALUES (155,64,9,'Quae a optio beatae omnis. Enim soluta ducimus provident earum occaecati magni. Praesentium recusandae fugiat ducimus nihil suscipit officiis.','2024-08-22 21:44:47','2025-05-20 06:12:34');
INSERT INTO post_comments (comment_id,post_id,user_id,content,created_at,updated_at) VALUES (156,64,93,'Omnis quos laudantium exercitationem rem omnis voluptates. Quia cum aut atque. Enim illum aperiam sapiente.
Alias natus at ab cumque. Consequuntur consequuntur nobis et voluptates ipsa quo ea.','2024-09-05 08:47:17','2025-07-15 00:59:15');
INSERT INTO post_comments (comment_id,post_id,user_id,content,created_at,updated_at) VALUES (157,64,4,'Nostrum vitae nostrum consequatur repudiandae commodi provident doloribus. Nihil magnam temporibus reprehenderit nisi nobis.','2024-04-25 13:17:06','2024-10-09 05:29:37');
INSERT INTO post_comments (comment_id,post_id,user_id,content,created_at,updated_at) VALUES (158,64,21,'Iusto quam amet porro reiciendis magnam ut. Rerum provident occaecati molestias deleniti.
Ab voluptates eius deserunt labore nemo. Quisquam accusamus est perspiciatis.','2024-04-02 10:55:33','2025-08-27 06:46:50');
INSERT INTO post_comments (comment_id,post_id,user_id,content,created_at,updated_at) VALUES (159,66,32,'Dignissimos dignissimos porro optio sunt itaque nemo. Laborum voluptate dolores possimus.','2025-07-08 21:02:08','2026-01-30 08:23:46');
INSERT INTO post_comments (comment_id,post_id,user_id,content,created_at,updated_at) VALUES (160,66,38,'Neque deleniti architecto labore. Laudantium hic deleniti. Consequuntur veritatis totam dolorum.','2024-07-21 18:48:36','2025-07-11 03:29:17');
INSERT INTO post_comments (comment_id,post_id,user_id,content,created_at,updated_at) VALUES (161,66,89,'Nesciunt porro consequatur. Vel blanditiis aliquid dignissimos nisi sequi neque aliquam. Odio optio possimus placeat labore architecto.','2025-07-31 06:10:38','2025-12-17 06:22:47');
INSERT INTO post_comments (comment_id,post_id,user_id,content,created_at,updated_at) VALUES (162,66,50,'Voluptatem possimus mollitia reiciendis iste. Aliquam nostrum quasi recusandae nemo exercitationem provident sunt.','2025-07-30 07:42:40','2026-01-13 06:41:00');
INSERT INTO post_comments (comment_id,post_id,user_id,content,created_at,updated_at) VALUES (163,67,14,'Perspiciatis quod distinctio eaque sapiente mollitia illo at. Qui rerum rem perferendis molestias voluptas a. Possimus ducimus harum voluptatem facilis sint sapiente praesentium.','2025-04-12 10:12:35','2026-02-23 02:59:48');
INSERT INTO post_comments (comment_id,post_id,user_id,content,created_at,updated_at) VALUES (164,67,28,'Qui exercitationem illum quos. Corporis perferendis iure dolor eos esse laudantium.','2025-12-01 15:15:36','2026-02-14 10:24:52');
INSERT INTO post_comments (comment_id,post_id,user_id,content,created_at,updated_at) VALUES (165,67,30,'Enim esse dolorum at labore veritatis. Occaecati voluptas consequuntur ut ipsum.
Et consectetur dolore totam commodi sapiente debitis quaerat. Quam assumenda officiis fuga voluptas blanditiis.','2025-06-18 10:03:07','2025-11-15 08:58:22');
INSERT INTO post_comments (comment_id,post_id,user_id,content,created_at,updated_at) VALUES (166,67,38,'Est nihil in et. Nemo aut vero veritatis dolores nulla quae. Voluptatem iure qui modi ex.
Debitis exercitationem culpa quia pariatur itaque possimus sequi. Accusantium quae ducimus hic.','2025-09-07 00:17:37','2025-11-27 12:19:03');
INSERT INTO post_comments (comment_id,post_id,user_id,content,created_at,updated_at) VALUES (167,67,29,'Quo nulla quae modi. Adipisci dolorum dolorem.
Officia repudiandae eos nesciunt in sequi delectus. Nam culpa quas sunt deserunt in. Voluptas sapiente iure quasi numquam.','2025-04-06 19:00:58','2026-01-10 15:49:44');
INSERT INTO post_comments (comment_id,post_id,user_id,content,created_at,updated_at) VALUES (168,68,27,'Reiciendis cumque saepe deserunt ad odio excepturi.
Beatae laborum quasi culpa aliquam.','2025-03-05 08:49:52','2025-08-12 03:13:29');
INSERT INTO post_comments (comment_id,post_id,user_id,content,created_at,updated_at) VALUES (169,68,88,'Quae officia molestiae ex. Iure consequatur hic molestiae velit.
Assumenda eius non quidem. Deserunt sed natus molestias soluta nesciunt.','2025-03-07 09:07:52','2025-08-03 16:31:46');
INSERT INTO post_comments (comment_id,post_id,user_id,content,created_at,updated_at) VALUES (170,68,66,'Harum repellendus delectus inventore deleniti. Dolores ratione vitae quis voluptatibus. Temporibus placeat praesentium corrupti expedita nesciunt.','2025-11-24 08:46:31','2026-02-27 14:31:04');
INSERT INTO post_comments (comment_id,post_id,user_id,content,created_at,updated_at) VALUES (171,68,4,'Blanditiis quasi doloremque iure reiciendis quisquam eius. Quos quia esse. Reiciendis sint quisquam.','2026-02-17 16:22:41','2026-03-02 05:16:05');
INSERT INTO post_comments (comment_id,post_id,user_id,content,created_at,updated_at) VALUES (172,68,26,'Ratione repudiandae libero recusandae suscipit quidem. Aperiam culpa in debitis illo voluptas nisi. Reprehenderit nulla id rem debitis cum consequatur repellendus.','2025-04-18 22:25:54','2026-01-31 23:20:17');
INSERT INTO post_comments (comment_id,post_id,user_id,content,created_at,updated_at) VALUES (173,69,78,'Porro ex sunt vero dignissimos corporis assumenda. Perferendis dicta non non impedit cum aperiam veritatis. Beatae rerum accusamus esse incidunt ullam a.','2025-11-20 11:31:19','2026-02-21 12:05:54');
INSERT INTO post_comments (comment_id,post_id,user_id,content,created_at,updated_at) VALUES (174,69,97,'Fuga aperiam voluptates quisquam ipsum. Dolores cumque unde velit.
Corrupti cumque dolorem. Maiores repudiandae eum. Suscipit maiores ipsum aliquam alias occaecati.','2025-05-10 03:59:12','2025-05-30 04:34:27');
INSERT INTO post_comments (comment_id,post_id,user_id,content,created_at,updated_at) VALUES (175,69,23,'Consequuntur rerum praesentium enim nemo debitis illo. Tenetur id nobis cum corporis quod vitae. Fugit asperiores dignissimos.','2024-12-14 23:25:32','2025-08-07 17:32:45');
INSERT INTO post_comments (comment_id,post_id,user_id,content,created_at,updated_at) VALUES (176,69,92,'Ipsum sequi quam ducimus maxime. Eligendi nulla at explicabo provident harum incidunt laborum.
Nemo dolores corrupti error voluptate blanditiis quia aliquid. Veritatis vel dolor velit nemo numquam.','2026-01-21 11:12:46','2026-01-23 13:01:32');
INSERT INTO post_comments (comment_id,post_id,user_id,content,created_at,updated_at) VALUES (177,70,31,'Doloremque quidem sunt. Numquam voluptatem alias tempora. Porro vel ab quibusdam necessitatibus quaerat. Nulla voluptatibus minima ipsum.','2024-10-13 03:20:36','2025-12-12 15:36:15');
INSERT INTO post_comments (comment_id,post_id,user_id,content,created_at,updated_at) VALUES (178,70,62,'Nulla excepturi nemo ipsa. Impedit architecto excepturi laboriosam nulla tempora sed. Fugit esse rerum est recusandae sint.','2025-02-03 20:14:53','2025-06-19 21:48:12');
INSERT INTO post_comments (comment_id,post_id,user_id,content,created_at,updated_at) VALUES (179,70,86,'Tempore minus ullam facilis vitae cupiditate. Laudantium maiores officiis et dolorum ad.','2024-11-02 01:15:16','2025-10-24 01:23:59');
INSERT INTO post_comments (comment_id,post_id,user_id,content,created_at,updated_at) VALUES (180,70,89,'Debitis exercitationem omnis beatae. Alias id aut doloribus recusandae sunt aspernatur.
Deleniti perspiciatis veritatis ipsa numquam accusamus tenetur deleniti. Occaecati at eveniet quasi.','2025-10-17 04:24:13','2025-12-05 05:58:02');
INSERT INTO post_comments (comment_id,post_id,user_id,content,created_at,updated_at) VALUES (181,70,51,'Dicta sunt explicabo omnis. Modi occaecati natus praesentium corrupti incidunt ab. Alias voluptatem saepe.
Inventore sequi praesentium vel. Neque minima impedit atque.','2025-01-01 03:18:40','2025-07-28 17:43:27');
INSERT INTO post_comments (comment_id,post_id,user_id,content,created_at,updated_at) VALUES (182,71,73,'Inventore similique vel non ipsa quasi laboriosam repellendus. Est sint atque fuga temporibus atque recusandae. Pariatur magni ratione necessitatibus eius.','2026-02-19 22:05:20','2026-03-02 03:47:21');
INSERT INTO post_comments (comment_id,post_id,user_id,content,created_at,updated_at) VALUES (183,71,57,'Vel enim aliquid ut. Quasi quidem voluptas exercitationem omnis. Cupiditate debitis quis suscipit.','2026-01-23 19:17:20','2026-02-02 18:03:56');
INSERT INTO post_comments (comment_id,post_id,user_id,content,created_at,updated_at) VALUES (184,71,6,'Quae aliquid in facere a doloremque. Consectetur dicta unde soluta. Possimus eligendi quis corrupti eum illo.
Ipsa minus illo modi.
Harum veritatis sed tempora reiciendis totam nulla.','2025-11-06 22:00:14','2026-02-03 17:33:21');
INSERT INTO post_comments (comment_id,post_id,user_id,content,created_at,updated_at) VALUES (185,71,77,'Optio corrupti quam exercitationem sequi. Explicabo veniam eos.','2025-11-08 18:15:36','2026-01-08 00:25:31');
INSERT INTO post_comments (comment_id,post_id,user_id,content,created_at,updated_at) VALUES (186,72,78,'Porro reprehenderit placeat itaque unde consequuntur facilis. Quibusdam reprehenderit blanditiis vel maxime officiis animi. Libero reiciendis magni possimus.','2025-11-10 12:38:37','2025-11-21 03:41:07');
INSERT INTO post_comments (comment_id,post_id,user_id,content,created_at,updated_at) VALUES (187,74,85,'Error fugit fuga ad excepturi perspiciatis. Iure quaerat tenetur et libero odit voluptate.','2025-09-06 14:55:30','2025-12-18 01:48:50');
INSERT INTO post_comments (comment_id,post_id,user_id,content,created_at,updated_at) VALUES (188,74,85,'Ab tenetur expedita nihil. Molestiae ex dignissimos possimus quae. Earum eaque rerum quibusdam.
Alias ut provident. Laudantium velit dicta doloribus sunt. Ipsa eligendi nemo ad repellat et minima.','2025-06-11 09:58:43','2026-02-08 05:51:40');
INSERT INTO post_comments (comment_id,post_id,user_id,content,created_at,updated_at) VALUES (189,74,59,'Labore commodi quaerat fugit explicabo eius nisi. Ipsa unde vel ullam temporibus.','2025-07-29 18:57:32','2025-12-14 01:50:41');
INSERT INTO post_comments (comment_id,post_id,user_id,content,created_at,updated_at) VALUES (190,74,51,'Minima possimus quis perspiciatis veniam. Neque adipisci blanditiis deleniti ipsa. Magnam placeat cumque provident optio eos.','2024-05-31 18:08:03','2025-07-27 09:13:53');
INSERT INTO post_comments (comment_id,post_id,user_id,content,created_at,updated_at) VALUES (191,76,62,'Dolor error rem. Et impedit commodi ea sint. Nisi reiciendis esse suscipit iure molestiae.','2024-01-26 03:36:48','2025-03-15 05:42:25');
INSERT INTO post_comments (comment_id,post_id,user_id,content,created_at,updated_at) VALUES (192,76,72,'Omnis nulla doloribus est labore itaque dolor quae. Unde eum molestiae mollitia ea eos sit. Aperiam vel quae iste.','2023-10-20 08:23:22','2025-11-21 13:54:37');
INSERT INTO post_comments (comment_id,post_id,user_id,content,created_at,updated_at) VALUES (193,76,44,'Quisquam impedit temporibus laborum. Sequi repellat illo odio dolorem assumenda ducimus.','2025-12-04 05:00:55','2025-12-29 04:05:50');
INSERT INTO post_comments (comment_id,post_id,user_id,content,created_at,updated_at) VALUES (194,76,18,'Suscipit rerum aliquid expedita harum excepturi eius. Quam est explicabo dolores.
Sapiente atque aspernatur tempore. Asperiores accusamus quae.','2025-03-17 00:45:23','2025-05-10 14:24:35');
INSERT INTO post_comments (comment_id,post_id,user_id,content,created_at,updated_at) VALUES (195,76,46,'Saepe esse suscipit. Soluta eius ipsa similique illo. Dignissimos accusamus minima quod quis est sunt. Ad accusamus dolor sed repellat tempore.','2025-08-25 10:17:52','2025-11-19 07:53:07');
INSERT INTO post_comments (comment_id,post_id,user_id,content,created_at,updated_at) VALUES (196,78,39,'Pariatur fugiat vero dicta nulla. Doloremque corrupti necessitatibus quisquam est.
Laboriosam adipisci aliquid. Quaerat fugiat cupiditate ipsum aut inventore pariatur mollitia.','2025-08-17 13:30:32','2025-10-17 11:17:15');
INSERT INTO post_comments (comment_id,post_id,user_id,content,created_at,updated_at) VALUES (197,79,67,'Doloremque et enim optio. Suscipit nemo quaerat facilis.
Consequatur molestiae sint eaque quas. Sint quas sint ducimus iusto facilis et. Nisi amet ad inventore itaque.','2025-12-06 20:55:06','2026-01-02 08:49:20');
INSERT INTO post_comments (comment_id,post_id,user_id,content,created_at,updated_at) VALUES (198,79,60,'Accusantium sapiente maiores. Velit modi numquam corrupti. Ratione voluptatibus sequi iure.
Repellendus earum ad. Voluptatem rem rem.','2025-06-17 13:09:01','2025-07-08 16:39:59');
INSERT INTO post_comments (comment_id,post_id,user_id,content,created_at,updated_at) VALUES (199,80,63,'Architecto quidem rem odio pariatur ipsa consequatur. Ex magnam eos est aperiam. Assumenda veniam dolor asperiores.
Quidem velit dolores debitis amet. Pariatur corrupti magnam doloribus.','2025-10-17 05:20:11','2025-10-27 16:32:30');
INSERT INTO post_comments (comment_id,post_id,user_id,content,created_at,updated_at) VALUES (200,80,25,'Excepturi id quis reprehenderit. Reprehenderit impedit facilis minus aliquam deleniti ad. Omnis accusantium pariatur eveniet quos.','2025-06-15 19:45:14','2025-07-23 06:32:16');
INSERT INTO post_comments (comment_id,post_id,user_id,content,created_at,updated_at) VALUES (201,81,53,'Nemo rem dolore facilis doloremque. Repudiandae iure voluptatum natus ex voluptate.
Soluta ex occaecati fugiat necessitatibus. Sequi quae rem harum eos.','2026-01-11 08:52:55','2026-01-31 06:58:54');
INSERT INTO post_comments (comment_id,post_id,user_id,content,created_at,updated_at) VALUES (202,81,25,'Natus est explicabo quis. Quisquam ipsam animi vero consectetur vero.
Veritatis ullam accusamus eum. Repellat rem consequuntur neque sequi fugit aperiam. Nam minus sequi corrupti.','2024-07-05 02:53:42','2025-03-23 05:50:04');
INSERT INTO post_comments (comment_id,post_id,user_id,content,created_at,updated_at) VALUES (203,81,32,'Officia earum exercitationem consectetur libero distinctio in. Modi sint vel velit officiis repellendus reiciendis. Dolores quibusdam vero velit.','2024-12-03 01:58:24','2025-06-24 06:34:50');
INSERT INTO post_comments (comment_id,post_id,user_id,content,created_at,updated_at) VALUES (204,81,54,'Optio ab doloribus mollitia similique saepe temporibus. Nostrum consequatur eveniet cumque repellat fugiat molestias.','2025-12-09 15:21:31','2025-12-29 00:28:43');
INSERT INTO post_comments (comment_id,post_id,user_id,content,created_at,updated_at) VALUES (205,83,77,'Tenetur pariatur molestiae exercitationem in corporis illo. Labore cum commodi aliquam quaerat laborum.
Nesciunt consequatur eos. Error ratione rerum minus similique saepe cupiditate dolor.','2024-11-07 13:55:52','2025-12-24 17:56:59');
INSERT INTO post_comments (comment_id,post_id,user_id,content,created_at,updated_at) VALUES (206,83,61,'Dolores autem voluptatibus earum architecto cumque culpa. Facilis est aliquid natus eveniet ipsum. Laboriosam voluptatem consectetur quasi pariatur aliquam.','2024-08-15 14:52:35','2025-06-02 04:14:06');
INSERT INTO post_comments (comment_id,post_id,user_id,content,created_at,updated_at) VALUES (207,83,43,'Nemo non libero at unde. Aspernatur nostrum repellendus. Voluptate voluptate explicabo.
Ex beatae ipsam eos aliquam. Voluptates sapiente rem culpa esse repellat. Quidem facere nostrum perspiciatis.','2024-08-19 16:57:56','2025-07-12 16:32:34');
INSERT INTO post_comments (comment_id,post_id,user_id,content,created_at,updated_at) VALUES (208,83,20,'Laborum consequatur veritatis sint. Autem porro fuga aliquid quasi eaque dolores. Culpa recusandae earum quaerat reiciendis earum corporis.','2024-08-08 08:33:28','2025-07-06 10:33:18');
INSERT INTO post_comments (comment_id,post_id,user_id,content,created_at,updated_at) VALUES (209,84,48,'Sapiente perspiciatis odio officia. Sapiente aspernatur sapiente quibusdam fuga recusandae. Laborum quam nobis iusto.
Sit neque ad aut.','2025-12-31 09:10:30','2026-03-02 05:40:08');
INSERT INTO post_comments (comment_id,post_id,user_id,content,created_at,updated_at) VALUES (210,84,86,'Beatae molestiae repudiandae ipsam perspiciatis accusantium aut. Vitae doloribus rem architecto fuga earum natus. Repellendus iste non quam reiciendis molestias dicta.','2025-09-20 07:53:39','2026-02-08 07:12:08');
INSERT INTO post_comments (comment_id,post_id,user_id,content,created_at,updated_at) VALUES (211,84,11,'Maxime numquam totam amet nihil est. Harum repellendus voluptatum dicta aspernatur quaerat eius natus. Exercitationem totam similique facere.','2025-07-11 01:58:34','2025-10-24 23:50:12');
INSERT INTO post_comments (comment_id,post_id,user_id,content,created_at,updated_at) VALUES (212,84,90,'Reiciendis itaque fugit impedit sed vel voluptatum recusandae. Saepe omnis eaque architecto sint. Voluptatem alias maxime modi.','2025-12-30 02:53:20','2026-01-11 10:42:43');
INSERT INTO post_comments (comment_id,post_id,user_id,content,created_at,updated_at) VALUES (213,85,50,'Tempora repudiandae temporibus consequuntur placeat voluptas. Commodi voluptatibus temporibus ab quisquam deleniti nobis. Quia expedita tenetur possimus.','2025-04-03 05:50:08','2025-07-28 23:07:56');
INSERT INTO post_comments (comment_id,post_id,user_id,content,created_at,updated_at) VALUES (214,85,73,'Tempore reiciendis recusandae voluptate eaque quam. Iusto modi eaque optio veritatis cumque neque fugit.','2025-12-27 03:54:10','2026-01-04 12:25:55');
INSERT INTO post_comments (comment_id,post_id,user_id,content,created_at,updated_at) VALUES (215,85,57,'Ipsum eum aperiam delectus error. Recusandae laboriosam excepturi veritatis ea vel fugit optio. Dignissimos hic mollitia omnis possimus.','2024-04-03 01:19:06','2025-02-01 05:14:51');
INSERT INTO post_comments (comment_id,post_id,user_id,content,created_at,updated_at) VALUES (216,85,13,'Alias sit iusto voluptatum et corporis. Animi exercitationem nobis aspernatur. Omnis sequi corporis pariatur eveniet amet laboriosam.','2024-12-03 20:43:31','2026-01-23 03:11:40');
INSERT INTO post_comments (comment_id,post_id,user_id,content,created_at,updated_at) VALUES (217,85,39,'Accusantium quas fuga ab ut. Minus tenetur corrupti totam.
Veniam fuga cupiditate officiis. Laboriosam sequi ipsa aliquid nostrum voluptates ipsa.','2024-03-03 02:52:07','2024-06-06 01:57:51');
INSERT INTO post_comments (comment_id,post_id,user_id,content,created_at,updated_at) VALUES (218,86,27,'Reiciendis molestiae vero vero. Nam nemo iusto. Voluptate amet maiores quaerat sed nam.
Quaerat iusto dolorem molestias itaque.','2025-07-25 18:26:22','2025-08-18 23:22:16');
INSERT INTO post_comments (comment_id,post_id,user_id,content,created_at,updated_at) VALUES (219,86,27,'Explicabo corporis accusamus assumenda vel. Provident debitis enim architecto necessitatibus quas. Quas quae vero voluptate.','2026-02-25 20:17:25','2026-02-26 22:09:48');
INSERT INTO post_comments (comment_id,post_id,user_id,content,created_at,updated_at) VALUES (220,86,24,'Aut doloribus earum nostrum cum. Sit quisquam sunt consectetur temporibus dolore. Accusamus mollitia odit commodi iure.','2025-11-01 11:02:55','2025-11-29 05:07:39');
INSERT INTO post_comments (comment_id,post_id,user_id,content,created_at,updated_at) VALUES (221,86,95,'Dolores quod rerum ea fugit similique vero.
Beatae nemo voluptates consectetur impedit nemo qui. Amet ea cumque.','2026-01-25 22:51:24','2026-01-28 06:47:40');
INSERT INTO post_comments (comment_id,post_id,user_id,content,created_at,updated_at) VALUES (222,86,31,'Cumque quasi tenetur aspernatur. Doloremque nihil non. Eos nam dolore consequuntur excepturi repudiandae nulla inventore.','2025-11-28 13:05:45','2026-01-14 21:51:26');
INSERT INTO post_comments (comment_id,post_id,user_id,content,created_at,updated_at) VALUES (223,87,59,'Natus facilis ipsa facilis laudantium iste. Accusamus corrupti odio aperiam eum quis nesciunt. Inventore ipsa commodi placeat iste consequatur amet.','2024-02-16 14:07:02','2024-03-16 14:31:23');
INSERT INTO post_comments (comment_id,post_id,user_id,content,created_at,updated_at) VALUES (224,87,4,'Quia ut totam labore voluptatum est. Culpa nobis dolores numquam inventore.
Eum architecto maxime quas ipsa at eius. A quae recusandae voluptate minus dolorum. Et odio accusamus possimus harum.','2025-11-11 08:05:16','2026-02-10 08:02:37');
INSERT INTO post_comments (comment_id,post_id,user_id,content,created_at,updated_at) VALUES (225,88,83,'Vero nemo odio. Quidem quidem vel cupiditate quas ipsam. Soluta voluptate nihil earum optio vitae enim minima.','2025-02-17 21:36:22','2025-08-07 00:38:14');
INSERT INTO post_comments (comment_id,post_id,user_id,content,created_at,updated_at) VALUES (226,88,78,'Nostrum beatae doloremque laudantium perferendis. Dolores incidunt doloremque sed consequatur quasi veniam quos. Beatae quis quos ullam. Molestias ex fugiat voluptatum odio reprehenderit nemo.','2025-02-21 06:52:23','2025-10-03 16:56:12');
INSERT INTO post_comments (comment_id,post_id,user_id,content,created_at,updated_at) VALUES (227,88,61,'Dolorum nisi repellat voluptates necessitatibus repellendus. Tempora sapiente consectetur tempora praesentium odio. Consectetur perspiciatis voluptate fugiat fuga.','2024-12-06 21:01:37','2025-10-03 14:32:42');
INSERT INTO post_comments (comment_id,post_id,user_id,content,created_at,updated_at) VALUES (228,88,72,'In quos reiciendis impedit ex mollitia nostrum. Possimus sit omnis temporibus cum temporibus sint.
Hic commodi quae expedita. Adipisci eos fugit cum quia.','2026-01-26 22:42:47','2026-02-05 06:53:22');
INSERT INTO post_comments (comment_id,post_id,user_id,content,created_at,updated_at) VALUES (229,90,76,'Et vero rerum temporibus. Ad quae doloremque eveniet accusantium sunt harum.
Voluptate praesentium ex modi voluptate. Rerum neque quod nihil id eaque.','2024-07-29 12:19:22','2025-12-09 12:57:39');
INSERT INTO post_comments (comment_id,post_id,user_id,content,created_at,updated_at) VALUES (230,92,51,'Odio accusantium error voluptate.
Minus aliquam natus pariatur est. Velit accusantium minima at natus. Exercitationem culpa veritatis dignissimos magni doloremque. Eveniet voluptas laudantium.','2026-02-07 09:37:30','2026-02-11 03:24:45');
INSERT INTO post_comments (comment_id,post_id,user_id,content,created_at,updated_at) VALUES (231,92,23,'At earum a asperiores fugiat. Aliquam explicabo delectus incidunt autem id. Aliquam tenetur ipsa at.','2025-11-26 10:49:01','2026-02-04 06:50:14');
INSERT INTO post_comments (comment_id,post_id,user_id,content,created_at,updated_at) VALUES (232,93,86,'Alias inventore quam consequuntur. Aspernatur molestias occaecati.','2023-12-01 19:51:43','2026-01-10 21:29:16');
INSERT INTO post_comments (comment_id,post_id,user_id,content,created_at,updated_at) VALUES (233,94,99,'Eos harum quis corrupti necessitatibus. Animi alias dolorem autem iusto. Numquam ullam quas quia a ducimus.','2025-07-02 09:44:00','2025-07-30 12:56:42');
INSERT INTO post_comments (comment_id,post_id,user_id,content,created_at,updated_at) VALUES (234,95,58,'Adipisci earum ipsum temporibus est illo. Quae ut reiciendis temporibus dolor nisi. Explicabo nostrum provident temporibus.','2025-04-26 16:30:31','2025-11-17 16:46:12');
INSERT INTO post_comments (comment_id,post_id,user_id,content,created_at,updated_at) VALUES (235,95,18,'Beatae deserunt laborum dolore. Iure reiciendis sit. Expedita optio error debitis repudiandae facere nostrum. Ipsum nihil quisquam eveniet consequuntur nulla fugiat.','2024-09-09 09:53:45','2025-09-17 17:48:36');
INSERT INTO post_comments (comment_id,post_id,user_id,content,created_at,updated_at) VALUES (236,95,3,'Minima aliquid autem maiores rem. Fugit ad necessitatibus labore cupiditate consequatur dolorem. Voluptate sit quas impedit aut eveniet.','2024-04-12 22:31:14','2024-09-25 11:08:40');
INSERT INTO post_comments (comment_id,post_id,user_id,content,created_at,updated_at) VALUES (237,96,63,'Sunt quasi harum. Vel quis perspiciatis aspernatur.
Ipsa voluptas aspernatur a ea sed. Minus quasi non. Corporis nulla iste.','2025-03-03 04:14:10','2026-01-08 00:52:01');
INSERT INTO post_comments (comment_id,post_id,user_id,content,created_at,updated_at) VALUES (238,96,85,'Tempore voluptatibus debitis sint. Voluptate repellat est hic nemo nisi laboriosam optio. Incidunt pariatur nihil quod aliquid.','2025-02-22 11:26:56','2025-03-24 11:06:55');
INSERT INTO post_comments (comment_id,post_id,user_id,content,created_at,updated_at) VALUES (239,97,58,'Rem optio laudantium impedit eos recusandae. Unde debitis quod excepturi. Nesciunt harum adipisci illo suscipit aliquid itaque. Tenetur asperiores repudiandae blanditiis vel quidem.','2025-12-02 04:33:09','2026-01-05 02:54:56');
INSERT INTO post_comments (comment_id,post_id,user_id,content,created_at,updated_at) VALUES (240,97,77,'Tempore fuga animi ullam.
Ex iste inventore impedit rerum veritatis esse.
Soluta adipisci magni. Iusto occaecati voluptas temporibus sit vero. Enim iusto architecto vel alias.','2025-02-03 14:01:35','2025-06-25 23:56:28');
INSERT INTO post_comments (comment_id,post_id,user_id,content,created_at,updated_at) VALUES (241,97,86,'Dignissimos deserunt vitae voluptas iusto esse aliquid. Veniam repudiandae eum nam deserunt. Atque labore aliquid quis.','2025-08-20 12:49:40','2025-11-13 13:34:21');
INSERT INTO post_comments (comment_id,post_id,user_id,content,created_at,updated_at) VALUES (242,97,16,'Alias aliquid eveniet sit totam illum. Quod quibusdam quis distinctio ipsam. Magni nesciunt dolorum dicta modi.','2025-04-17 02:04:06','2025-10-19 02:22:47');
INSERT INTO post_comments (comment_id,post_id,user_id,content,created_at,updated_at) VALUES (243,97,97,'Maiores incidunt sequi voluptatem. Accusamus eum autem. Molestiae quia animi deserunt ullam.
Ut laudantium tempore. Optio ex libero doloribus consectetur sapiente quae.','2025-05-01 21:43:32','2025-12-16 21:32:19');
INSERT INTO post_comments (comment_id,post_id,user_id,content,created_at,updated_at) VALUES (244,98,89,'Ex voluptatum delectus necessitatibus. Officia earum dolores blanditiis cum. Dolorum nobis eveniet et inventore minima.
Sint expedita neque quos.','2025-03-20 02:16:40','2025-10-26 16:30:33');
INSERT INTO post_comments (comment_id,post_id,user_id,content,created_at,updated_at) VALUES (245,98,48,'Debitis earum officiis. Dicta quam totam quas. Excepturi dolore nemo omnis atque maxime vero.','2024-07-12 18:26:29','2025-05-09 06:59:00');
INSERT INTO post_comments (comment_id,post_id,user_id,content,created_at,updated_at) VALUES (246,99,1,'Deserunt pariatur ad quia cum et esse quo. Nobis deleniti omnis atque. Pariatur placeat voluptas veniam et cupiditate. Exercitationem odio atque.','2024-10-03 14:38:00','2025-01-18 13:23:00');
INSERT INTO post_comments (comment_id,post_id,user_id,content,created_at,updated_at) VALUES (247,99,65,'Magnam doloremque amet magni. Cumque sunt placeat possimus doloremque quaerat aut doloribus. Tenetur dolor hic delectus nihil autem iste.','2025-03-02 00:32:32','2025-08-15 09:53:46');
INSERT INTO post_comments (comment_id,post_id,user_id,content,created_at,updated_at) VALUES (248,99,49,'Commodi alias totam nisi nisi.
Magni molestiae rem. Delectus modi explicabo tempore nostrum. Cum fuga autem natus magni necessitatibus amet.','2024-08-08 02:00:18','2024-09-28 10:43:38');
INSERT INTO post_comments (comment_id,post_id,user_id,content,created_at,updated_at) VALUES (249,100,22,'Placeat non ullam accusamus neque enim eos. Nostrum iusto corrupti. Harum doloribus ullam dignissimos repellendus ullam asperiores.','2025-05-18 06:13:59','2026-01-13 15:03:29');
INSERT INTO post_comments (comment_id,post_id,user_id,content,created_at,updated_at) VALUES (250,100,49,'Molestiae provident eveniet dignissimos dicta. Laudantium eius ea amet. Voluptatem quos distinctio tenetur harum amet dolore.','2024-12-24 01:53:14','2025-11-18 20:50:30');
INSERT INTO post_comments (comment_id,post_id,user_id,content,created_at,updated_at) VALUES (251,101,13,'Dolorem esse ipsa sapiente quos suscipit. Quae vero perspiciatis. Voluptatum aliquam dignissimos officiis fuga ut blanditiis. Vitae odit hic non explicabo in.','2026-02-03 18:02:14','2026-02-24 23:20:48');
INSERT INTO post_comments (comment_id,post_id,user_id,content,created_at,updated_at) VALUES (252,101,5,'Dolore rem quis consequuntur commodi. Ducimus aut delectus non ad dignissimos. Expedita deserunt aliquid quidem ab quae itaque.','2025-06-12 04:40:00','2025-07-28 18:23:12');
INSERT INTO post_comments (comment_id,post_id,user_id,content,created_at,updated_at) VALUES (253,101,65,'Eveniet nesciunt eius maiores ab quas. Illo molestias voluptate quaerat aspernatur iusto alias. Corporis voluptate ipsam delectus eos deleniti quaerat.','2025-07-29 05:36:00','2025-12-28 10:33:35');
INSERT INTO post_comments (comment_id,post_id,user_id,content,created_at,updated_at) VALUES (254,101,73,'Perferendis quod ipsa hic. Veniam fuga in dolores natus quod. Temporibus ea hic modi nostrum illum.
Distinctio quod quo nemo illo quod. Illum illum excepturi fugiat.','2025-06-02 04:47:09','2025-08-25 22:42:52');
INSERT INTO post_comments (comment_id,post_id,user_id,content,created_at,updated_at) VALUES (255,101,58,'Tenetur animi inventore. Dolorum molestias aspernatur inventore iste quisquam porro. Veniam aliquam beatae quaerat possimus dolore perferendis.','2025-12-06 01:11:28','2025-12-30 20:31:45');
INSERT INTO post_comments (comment_id,post_id,user_id,content,created_at,updated_at) VALUES (256,103,16,'Minus tempora dolor. Veritatis officiis saepe sunt nulla.
Suscipit animi fugit eos sit. Culpa occaecati id culpa esse. Est quibusdam atque quaerat magnam expedita soluta.','2025-09-13 04:36:07','2025-12-21 07:25:03');
INSERT INTO post_comments (comment_id,post_id,user_id,content,created_at,updated_at) VALUES (257,103,83,'Rem dolores magni consequuntur illo optio possimus. Qui magnam dolore magni omnis fuga. Molestiae nulla natus molestias praesentium id omnis.','2025-03-04 01:00:07','2025-09-25 01:31:18');
INSERT INTO post_comments (comment_id,post_id,user_id,content,created_at,updated_at) VALUES (258,104,12,'Temporibus numquam suscipit minima amet quo autem nam.
Quae suscipit facilis possimus. Neque animi quos odio maxime placeat tempora voluptate.','2025-11-04 09:40:55','2026-01-18 04:06:41');
INSERT INTO post_comments (comment_id,post_id,user_id,content,created_at,updated_at) VALUES (259,104,40,'Asperiores dicta praesentium expedita voluptatem laboriosam. Dicta minima cupiditate voluptatibus accusamus dicta quos.','2025-03-18 21:12:51','2026-02-09 00:33:18');
INSERT INTO post_comments (comment_id,post_id,user_id,content,created_at,updated_at) VALUES (260,104,28,'Sed aliquid nemo illum cupiditate quasi minus. Adipisci occaecati eos quibusdam hic. Aut quis officia incidunt fugiat est.
Provident voluptate dolores corporis praesentium.','2024-05-11 13:45:44','2024-11-19 16:42:38');
INSERT INTO post_comments (comment_id,post_id,user_id,content,created_at,updated_at) VALUES (261,104,72,'Reiciendis placeat iste inventore temporibus doloremque. Et vel quam minus dolores ab eum. Exercitationem veritatis at soluta a consectetur qui. Cum aspernatur incidunt maxime.','2024-01-27 06:07:09','2024-11-15 08:12:12');
INSERT INTO post_comments (comment_id,post_id,user_id,content,created_at,updated_at) VALUES (262,105,64,'Soluta doloribus quos sint accusantium. Impedit nostrum explicabo aut aliquam voluptas. Vel corrupti voluptas repudiandae exercitationem alias. Culpa eius necessitatibus voluptatum dolor.','2025-05-04 13:41:50','2025-07-20 05:58:24');
INSERT INTO post_comments (comment_id,post_id,user_id,content,created_at,updated_at) VALUES (263,105,74,'Amet voluptas fugiat dolorum. Consectetur consequatur optio non corporis.','2025-12-13 07:12:38','2026-01-07 18:43:35');
INSERT INTO post_comments (comment_id,post_id,user_id,content,created_at,updated_at) VALUES (264,105,74,'Provident vero nesciunt quae praesentium laudantium blanditiis. Illum doloremque excepturi exercitationem. Ab ipsum tempore corrupti saepe temporibus vel sunt.','2025-05-25 17:48:09','2026-02-27 07:52:35');
INSERT INTO post_comments (comment_id,post_id,user_id,content,created_at,updated_at) VALUES (265,106,57,'Mollitia consequatur nobis. Dolores eligendi ex. Nesciunt quidem ea voluptas hic.','2025-10-02 05:49:50','2026-02-24 03:02:01');
INSERT INTO post_comments (comment_id,post_id,user_id,content,created_at,updated_at) VALUES (266,106,20,'Architecto omnis maxime ad. Deserunt hic dolorum cupiditate.
Omnis aut nisi recusandae debitis exercitationem. Doloremque pariatur veritatis doloribus quasi.','2026-02-20 03:24:04','2026-02-25 16:38:03');
INSERT INTO post_comments (comment_id,post_id,user_id,content,created_at,updated_at) VALUES (267,106,60,'Labore odit iure quod voluptate provident. Architecto consequuntur facere perferendis iusto consectetur. Facilis occaecati deleniti.','2026-02-08 01:27:25','2026-02-21 10:29:16');
INSERT INTO post_comments (comment_id,post_id,user_id,content,created_at,updated_at) VALUES (268,106,47,'Ducimus natus eum ipsum voluptatibus nesciunt ut. Accusamus ea quasi.
Fugiat ipsa quia ipsum explicabo numquam quibusdam. Dolor soluta delectus quibusdam illo illo perspiciatis.','2025-10-29 22:37:30','2025-12-21 13:08:27');
INSERT INTO post_comments (comment_id,post_id,user_id,content,created_at,updated_at) VALUES (269,107,99,'Officia ex incidunt velit. Numquam beatae ipsum culpa saepe ullam voluptatem. Odio rem totam distinctio tempore.
Molestias quas consectetur nostrum provident. Architecto fugiat perferendis sunt.','2023-11-13 20:18:11','2024-11-24 04:44:15');
INSERT INTO post_comments (comment_id,post_id,user_id,content,created_at,updated_at) VALUES (270,107,34,'Ipsa minima quia itaque. Ipsa fugiat perferendis tenetur accusantium consequatur. Commodi dolores iure. Qui at cupiditate ex dolor illo debitis.','2026-01-15 16:20:04','2026-02-15 09:53:38');
INSERT INTO post_comments (comment_id,post_id,user_id,content,created_at,updated_at) VALUES (271,107,84,'Totam corporis occaecati similique id libero. Inventore quos amet officia.
Suscipit laborum eligendi nemo perspiciatis atque error. Aliquid velit nam beatae ex doloribus aperiam.','2025-07-08 06:55:42','2025-08-26 08:37:58');
INSERT INTO post_comments (comment_id,post_id,user_id,content,created_at,updated_at) VALUES (272,108,58,'Dicta dolor libero eligendi est. Minus labore reprehenderit qui voluptatem repudiandae iure. Doloribus consectetur dolor praesentium magni.
Non earum neque animi.','2025-11-08 00:03:36','2026-01-11 17:10:04');
INSERT INTO post_comments (comment_id,post_id,user_id,content,created_at,updated_at) VALUES (273,108,39,'Neque fuga fugiat. Eligendi rerum voluptatum vel molestiae fugit officia fugiat.
Maiores iusto ipsa in. Harum accusamus enim numquam cumque nisi. Nostrum perferendis officiis dolorum quod dolor.','2025-10-18 18:04:04','2025-11-02 12:38:41');
INSERT INTO post_comments (comment_id,post_id,user_id,content,created_at,updated_at) VALUES (274,108,47,'Nihil fugit quos assumenda necessitatibus. Consequuntur provident distinctio exercitationem voluptatum aliquid mollitia similique. Dicta temporibus libero beatae praesentium exercitationem nam vero.','2026-01-28 06:09:33','2026-02-24 10:57:04');
INSERT INTO post_comments (comment_id,post_id,user_id,content,created_at,updated_at) VALUES (275,108,88,'Ad magnam a. Cupiditate dicta vel odio laborum corrupti. Doloribus neque quae provident ducimus labore perferendis.','2026-01-06 19:11:08','2026-01-08 03:42:26');
INSERT INTO post_comments (comment_id,post_id,user_id,content,created_at,updated_at) VALUES (276,108,6,'Reiciendis veritatis modi.
Nostrum eum modi repellat. Ab perspiciatis doloremque a repellendus officia nulla.','2026-02-06 21:45:03','2026-02-27 02:12:45');
INSERT INTO post_comments (comment_id,post_id,user_id,content,created_at,updated_at) VALUES (277,109,80,'Atque deserunt dolores harum dicta iusto delectus. Culpa fuga rem suscipit optio id. Laborum pariatur dicta hic facere labore.','2026-01-01 04:23:01','2026-01-08 01:06:47');
INSERT INTO post_comments (comment_id,post_id,user_id,content,created_at,updated_at) VALUES (278,109,13,'Consectetur ex consequatur. Placeat occaecati quidem pariatur rem dicta sapiente. Quo doloremque ab numquam consequuntur voluptatum doloribus.','2026-02-27 02:38:52','2026-02-27 08:05:09');
INSERT INTO post_comments (comment_id,post_id,user_id,content,created_at,updated_at) VALUES (279,109,41,'Adipisci similique odit voluptas expedita. Assumenda modi dignissimos fuga cum commodi. Occaecati laudantium nostrum vel tempora. Aspernatur minus culpa earum consequuntur.
Amet repellat sit.','2025-12-23 07:03:29','2026-02-22 04:14:53');
INSERT INTO post_comments (comment_id,post_id,user_id,content,created_at,updated_at) VALUES (280,110,5,'Nobis ad temporibus ipsum quas sint laudantium. Aliquam repudiandae molestias reiciendis unde quae distinctio alias. Modi ad laboriosam quidem.','2026-01-23 09:57:33','2026-02-25 02:54:03');
INSERT INTO post_comments (comment_id,post_id,user_id,content,created_at,updated_at) VALUES (281,110,77,'Iure nam tempore commodi sequi explicabo odit sed. Ullam ratione fuga dignissimos. Molestias ex recusandae labore omnis illum.','2025-10-26 01:55:39','2025-11-26 03:53:21');
INSERT INTO post_comments (comment_id,post_id,user_id,content,created_at,updated_at) VALUES (282,110,44,'Tempore dolor odio quam sint blanditiis. Ex velit doloribus. Cumque nostrum vel ipsa vitae.','2025-10-31 08:29:06','2025-12-09 15:45:43');
INSERT INTO post_comments (comment_id,post_id,user_id,content,created_at,updated_at) VALUES (283,111,44,'Aliquam eaque saepe. Vitae dolores dignissimos fuga enim corporis. Voluptatibus optio sit officia illum.
Ex ut aliquam ab commodi. Cupiditate nemo porro iure facere.','2025-12-04 23:15:17','2026-02-01 12:35:54');
INSERT INTO post_comments (comment_id,post_id,user_id,content,created_at,updated_at) VALUES (284,111,53,'Eveniet ab veniam qui modi. Eveniet mollitia nam aperiam adipisci voluptas dignissimos. Pariatur est officiis tempore quaerat.
Minima repellendus voluptatum nesciunt nobis temporibus quas totam.','2025-08-20 23:41:13','2025-09-22 00:54:20');
INSERT INTO post_comments (comment_id,post_id,user_id,content,created_at,updated_at) VALUES (285,111,82,'Autem eos maxime architecto quibusdam. Iusto autem iste nemo blanditiis illum. Facere ratione exercitationem nobis aperiam enim amet.','2025-06-28 10:46:37','2025-10-05 18:39:30');
INSERT INTO post_comments (comment_id,post_id,user_id,content,created_at,updated_at) VALUES (286,111,22,'Tenetur totam vel dolor soluta officia. Atque consectetur itaque dolorum nemo laborum reprehenderit ipsam. Deleniti nostrum ut itaque quos quibusdam iste.','2025-09-23 19:47:16','2025-09-25 00:45:07');
INSERT INTO post_comments (comment_id,post_id,user_id,content,created_at,updated_at) VALUES (287,111,72,'Voluptatem quaerat fugit sit reiciendis eius. Odit beatae nostrum rerum velit laboriosam voluptates.
Aut minus sapiente officia nemo. Harum blanditiis laudantium.','2026-02-02 06:12:01','2026-02-13 09:59:13');
INSERT INTO post_comments (comment_id,post_id,user_id,content,created_at,updated_at) VALUES (288,112,13,'Nisi aliquam aspernatur repudiandae at at. Ex nihil voluptatum suscipit.
Minima esse dolore error dolores deleniti. A repellendus est quos. Vel nostrum fuga ratione velit. Ex quas nulla labore.','2024-05-08 08:52:42','2024-12-23 19:26:35');
INSERT INTO post_comments (comment_id,post_id,user_id,content,created_at,updated_at) VALUES (289,112,43,'Nemo repellat sit porro dolorum consequatur ipsa porro. Molestiae amet magni quas. Repudiandae temporibus quas pariatur ipsam repellendus.','2024-01-07 15:52:33','2025-05-13 18:28:01');
INSERT INTO post_comments (comment_id,post_id,user_id,content,created_at,updated_at) VALUES (290,113,68,'Animi porro voluptate quibusdam aspernatur recusandae illo. Repellendus ipsam neque repellat libero consectetur vel.','2025-01-29 04:29:51','2025-06-16 14:20:29');
INSERT INTO post_comments (comment_id,post_id,user_id,content,created_at,updated_at) VALUES (291,113,14,'Possimus veritatis similique voluptatibus reiciendis expedita nihil. Corrupti ipsam temporibus expedita nobis blanditiis sequi.','2025-12-12 19:39:26','2026-01-17 08:05:58');
INSERT INTO post_comments (comment_id,post_id,user_id,content,created_at,updated_at) VALUES (292,114,80,'Pariatur excepturi vitae ex ea. Deleniti veritatis itaque quod. Nihil nemo dolor laboriosam facilis nulla omnis illo.
Numquam cumque explicabo nihil.','2025-01-14 01:43:35','2025-11-09 20:22:58');
INSERT INTO post_comments (comment_id,post_id,user_id,content,created_at,updated_at) VALUES (293,114,2,'Assumenda doloremque libero blanditiis. Fugit laudantium dolorem est tempore neque.
Cupiditate odio maxime ad illo fugiat. Magnam alias possimus nihil optio dolor ex.','2024-12-24 13:26:24','2025-10-01 11:39:28');
INSERT INTO post_comments (comment_id,post_id,user_id,content,created_at,updated_at) VALUES (294,114,32,'Debitis animi et. Porro maiores beatae ratione delectus.
Perferendis alias ab dolorum corporis. Voluptates animi autem veniam quos debitis.','2025-01-06 14:51:10','2025-10-30 10:22:46');
INSERT INTO post_comments (comment_id,post_id,user_id,content,created_at,updated_at) VALUES (295,115,24,'Iusto autem voluptatum. Exercitationem ea dolore corporis placeat tempore suscipit. Voluptatibus magnam cum maiores dolor nisi.','2024-11-04 06:42:46','2025-08-09 10:27:50');
INSERT INTO post_comments (comment_id,post_id,user_id,content,created_at,updated_at) VALUES (296,115,34,'Labore cupiditate atque reiciendis magnam voluptate. Inventore excepturi adipisci commodi modi iste hic. Ducimus ab ipsum ex ab quas.','2025-10-13 16:36:46','2025-11-19 04:53:30');
INSERT INTO post_comments (comment_id,post_id,user_id,content,created_at,updated_at) VALUES (297,115,72,'Nulla exercitationem temporibus illo quas quod ratione iusto. Laborum minima cupiditate.
Cupiditate nostrum debitis velit eveniet commodi. At adipisci ab.','2024-05-25 14:36:22','2024-09-06 19:15:09');
INSERT INTO post_comments (comment_id,post_id,user_id,content,created_at,updated_at) VALUES (298,115,13,'Voluptate corporis dolor consequuntur praesentium laboriosam reiciendis. Amet autem voluptas in dolorum eum soluta adipisci.','2025-01-16 12:18:17','2025-05-06 08:10:44');
INSERT INTO post_comments (comment_id,post_id,user_id,content,created_at,updated_at) VALUES (299,116,89,'Odio ex dicta veritatis laudantium.
Eveniet amet minima doloribus. Nemo quo quibusdam incidunt iure.','2024-02-13 03:34:20','2024-05-23 00:10:09');
INSERT INTO post_comments (comment_id,post_id,user_id,content,created_at,updated_at) VALUES (300,116,99,'Excepturi consectetur sint odio. Ea tempore laudantium aut laborum voluptas atque veniam.
Sapiente recusandae corporis excepturi unde. Animi magni numquam explicabo.','2024-12-26 20:57:01','2025-10-16 19:21:22');
INSERT INTO post_comments (comment_id,post_id,user_id,content,created_at,updated_at) VALUES (301,116,57,'Rerum quam deleniti ullam neque iusto. Ab quae eius iste cum amet. Amet aspernatur illum dolores illo et eos.
Beatae est nam repellendus. A maxime nam odit. Asperiores non autem doloremque corrupti.','2024-02-12 09:51:59','2025-05-22 00:16:47');
INSERT INTO post_comments (comment_id,post_id,user_id,content,created_at,updated_at) VALUES (302,118,70,'Optio ducimus animi fuga perferendis quisquam modi. Temporibus saepe hic occaecati. Vero nulla velit accusantium.
Eius inventore nam accusantium. Corporis id culpa temporibus. Illum sint maxime.','2026-02-22 06:59:21','2026-02-23 08:22:09');
INSERT INTO post_comments (comment_id,post_id,user_id,content,created_at,updated_at) VALUES (303,118,34,'Adipisci consequatur occaecati distinctio odio consectetur. Vel dolorum magni quod consectetur nulla molestias. Quos esse placeat occaecati quo excepturi nam. Veniam rem eum sequi eaque quis iste.','2024-07-08 20:11:48','2025-10-01 05:58:16');
INSERT INTO post_comments (comment_id,post_id,user_id,content,created_at,updated_at) VALUES (304,118,85,'Expedita sit sed quis repellendus quae cupiditate. Esse voluptatem fugit pariatur dignissimos sapiente fugiat quibusdam.','2026-02-04 04:25:41','2026-02-17 14:43:39');
INSERT INTO post_comments (comment_id,post_id,user_id,content,created_at,updated_at) VALUES (305,118,98,'Sapiente facilis ullam sequi tempore laboriosam et. Officia laborum quae. Dicta sapiente commodi blanditiis ratione occaecati magnam.','2025-03-21 09:54:05','2025-08-21 03:15:04');
INSERT INTO post_comments (comment_id,post_id,user_id,content,created_at,updated_at) VALUES (306,118,60,'Molestiae qui quae nemo eaque deserunt est reprehenderit. Quis quaerat aliquam voluptatibus incidunt perspiciatis similique.','2023-08-27 08:52:53','2024-04-01 03:13:32');
INSERT INTO post_comments (comment_id,post_id,user_id,content,created_at,updated_at) VALUES (307,119,62,'Eos optio accusamus soluta odio. Dicta impedit tempore quos quae porro commodi. Eligendi odio ipsam iure. Officiis dolorum nesciunt dicta cupiditate itaque accusamus.','2024-11-03 03:06:28','2025-01-11 01:21:27');
INSERT INTO post_comments (comment_id,post_id,user_id,content,created_at,updated_at) VALUES (308,119,78,'Atque quibusdam culpa voluptate maxime eum quisquam. Repellendus incidunt nulla assumenda fugiat.
Dicta blanditiis facere quam nihil voluptatum.','2024-09-05 16:24:58','2026-01-30 17:04:49');
INSERT INTO post_comments (comment_id,post_id,user_id,content,created_at,updated_at) VALUES (309,120,61,'Incidunt possimus cumque animi aut vitae accusantium. Qui laborum deleniti molestias ducimus qui voluptas facilis. Quidem molestiae inventore itaque itaque.','2024-01-01 08:44:59','2025-03-23 00:56:05');
INSERT INTO post_comments (comment_id,post_id,user_id,content,created_at,updated_at) VALUES (310,120,35,'Architecto laudantium a ex necessitatibus laudantium accusantium. Fuga beatae alias rem blanditiis aliquam dolore. Alias nemo delectus esse.','2023-11-28 04:00:16','2024-06-14 18:11:29');
INSERT INTO post_comments (comment_id,post_id,user_id,content,created_at,updated_at) VALUES (311,120,100,'Facere eos nobis quisquam id nemo modi. Voluptates possimus consequatur consectetur molestias animi. Magni quisquam numquam aliquid ex iure accusamus magnam. Quos doloribus aliquid dolorum pariatur.','2025-01-04 22:52:27','2025-11-11 02:37:39');
INSERT INTO post_comments (comment_id,post_id,user_id,content,created_at,updated_at) VALUES (312,121,74,'Placeat magnam ad ipsam libero. Recusandae ipsam beatae quidem dolores voluptas libero.','2023-08-30 21:16:10','2024-11-27 05:29:52');
INSERT INTO post_comments (comment_id,post_id,user_id,content,created_at,updated_at) VALUES (313,124,37,'Nemo consectetur velit reprehenderit. Facilis omnis odit. Quasi nesciunt asperiores cupiditate modi voluptate at.
Fugiat ratione occaecati et veritatis eius. Ducimus inventore ea itaque voluptatem.','2024-06-19 04:55:59','2025-10-17 23:52:30');
INSERT INTO post_comments (comment_id,post_id,user_id,content,created_at,updated_at) VALUES (314,124,57,'Blanditiis cum officia fugit. Autem perferendis explicabo aliquid maiores. Debitis reiciendis repellendus nesciunt repellat ipsam veniam.','2023-11-18 21:39:00','2026-01-01 00:09:35');
INSERT INTO post_comments (comment_id,post_id,user_id,content,created_at,updated_at) VALUES (315,125,82,'Iusto laudantium fugiat accusamus ut delectus doloremque. Sint molestias minima vitae.
Nemo pariatur sed unde nulla amet commodi enim.','2026-01-22 16:25:24','2026-01-25 09:20:46');
INSERT INTO post_comments (comment_id,post_id,user_id,content,created_at,updated_at) VALUES (316,125,35,'Vitae ullam labore rerum.
Eius vitae quibusdam reiciendis. Nobis id nemo iusto. Sint voluptas eveniet qui fugiat iste quidem.','2025-12-06 06:09:15','2026-02-05 05:13:42');
INSERT INTO post_comments (comment_id,post_id,user_id,content,created_at,updated_at) VALUES (317,125,26,'Eius adipisci accusantium at unde accusantium. Dicta ea ullam perspiciatis dolore facilis. Quod aperiam magnam iste nemo.
Optio odio facere accusantium facilis doloribus.','2025-11-22 16:34:15','2025-12-01 19:10:33');
INSERT INTO post_comments (comment_id,post_id,user_id,content,created_at,updated_at) VALUES (318,125,58,'Nesciunt architecto recusandae adipisci fugit provident ab. Magnam in repudiandae odio.','2025-09-17 07:07:05','2025-11-10 17:53:31');
INSERT INTO post_comments (comment_id,post_id,user_id,content,created_at,updated_at) VALUES (319,125,47,'Eaque provident iure veniam. Maxime perferendis quo. Sit asperiores velit sint.
Vero praesentium omnis dicta assumenda dolores eligendi. Illum rerum excepturi illo hic excepturi.','2026-02-11 18:32:33','2026-02-11 22:12:07');
INSERT INTO post_comments (comment_id,post_id,user_id,content,created_at,updated_at) VALUES (320,126,75,'Autem aliquam eum quam. Eaque omnis nesciunt dolor.
Accusamus distinctio tempore dicta. Commodi ab id optio itaque itaque quibusdam. Vel cupiditate natus.','2025-01-20 05:57:40','2025-09-27 08:41:37');
INSERT INTO post_comments (comment_id,post_id,user_id,content,created_at,updated_at) VALUES (321,127,59,'Eum mollitia hic nostrum animi id veritatis. Iste totam voluptatibus odit harum consectetur voluptatem.
Placeat est nesciunt cupiditate eum odio. Magni occaecati exercitationem magni harum.','2026-02-25 03:51:32','2026-02-26 18:10:44');
INSERT INTO post_comments (comment_id,post_id,user_id,content,created_at,updated_at) VALUES (322,127,18,'Modi quo assumenda. Ad ea consequatur ullam ad molestiae. Quae esse culpa deserunt ipsum eveniet. Eos molestiae a rerum laborum facere expedita neque.','2026-01-23 16:55:31','2026-02-28 06:23:09');
INSERT INTO post_comments (comment_id,post_id,user_id,content,created_at,updated_at) VALUES (323,129,30,'Ea aliquam eum officiis in. Velit iure nesciunt quaerat id quibusdam cupiditate consequuntur. Asperiores veritatis iste voluptatibus consectetur officiis.','2026-01-13 09:56:40','2026-01-14 18:31:29');
INSERT INTO post_comments (comment_id,post_id,user_id,content,created_at,updated_at) VALUES (324,129,73,'Optio accusamus praesentium dolore eos at iusto veniam.
Quae beatae voluptate quas facilis iusto. Odio cumque atque.','2025-10-01 19:23:22','2025-12-23 10:33:54');
INSERT INTO post_comments (comment_id,post_id,user_id,content,created_at,updated_at) VALUES (325,129,73,'Ipsum corporis doloribus nulla aspernatur dolore. Autem provident neque voluptatum labore veritatis praesentium.','2026-03-02 16:51:07','2026-03-02 20:27:29');
INSERT INTO post_comments (comment_id,post_id,user_id,content,created_at,updated_at) VALUES (326,129,69,'Vel praesentium eius culpa dolor veritatis. Blanditiis voluptates ipsa blanditiis cumque optio. Ut vitae neque doloremque cupiditate sequi fuga quae.','2025-11-21 10:33:34','2026-02-23 23:47:39');
INSERT INTO post_comments (comment_id,post_id,user_id,content,created_at,updated_at) VALUES (327,130,54,'Placeat doloribus quae assumenda nulla at aut. Ab iusto nulla fugit iusto inventore tenetur asperiores. Perspiciatis unde eligendi.','2026-01-03 09:07:52','2026-01-30 22:55:56');
INSERT INTO post_comments (comment_id,post_id,user_id,content,created_at,updated_at) VALUES (328,130,6,'Corrupti cupiditate aliquid velit vel occaecati. Illo in magnam similique. Molestiae unde consequuntur sint.','2025-03-08 02:56:33','2025-11-26 05:41:31');
INSERT INTO post_comments (comment_id,post_id,user_id,content,created_at,updated_at) VALUES (329,131,42,'Autem quos ad numquam minima earum autem. Aperiam dicta molestiae omnis ut quam. Nulla quas voluptatibus ut voluptate nulla.','2025-12-21 09:05:29','2026-01-28 16:47:47');
INSERT INTO post_comments (comment_id,post_id,user_id,content,created_at,updated_at) VALUES (330,131,9,'Dolore asperiores cupiditate incidunt. Eos aliquam consequuntur similique. Fugiat officiis id officia.','2025-12-25 14:05:52','2025-12-26 23:55:25');
INSERT INTO post_comments (comment_id,post_id,user_id,content,created_at,updated_at) VALUES (331,131,28,'Quasi magni consequuntur modi beatae atque. Deleniti repudiandae aliquam excepturi beatae.','2025-05-26 08:05:12','2025-12-23 05:51:13');
INSERT INTO post_comments (comment_id,post_id,user_id,content,created_at,updated_at) VALUES (332,131,88,'Ipsam amet dolorem quis facilis quis. Nostrum aperiam facere eum harum facere suscipit illum.','2025-10-21 07:49:31','2025-11-21 13:25:15');
INSERT INTO post_comments (comment_id,post_id,user_id,content,created_at,updated_at) VALUES (333,132,81,'Voluptatibus quo blanditiis rerum. Laudantium porro reprehenderit.
Ad ullam maxime sint.','2026-02-28 06:19:09','2026-03-02 18:59:22');
INSERT INTO post_comments (comment_id,post_id,user_id,content,created_at,updated_at) VALUES (334,132,72,'Unde fugiat esse amet itaque corporis. Dolorem doloremque deserunt facilis autem voluptate vitae reiciendis.','2026-02-27 21:29:48','2026-03-01 07:28:19');
INSERT INTO post_comments (comment_id,post_id,user_id,content,created_at,updated_at) VALUES (335,132,49,'Tempore amet recusandae. Ipsum necessitatibus laborum possimus. In suscipit velit minus.
Ipsam iste accusantium incidunt. Consectetur accusamus aut unde repudiandae.','2026-03-02 00:01:23','2026-03-02 22:40:35');
INSERT INTO post_comments (comment_id,post_id,user_id,content,created_at,updated_at) VALUES (336,133,29,'Neque porro minus voluptatum exercitationem aspernatur nobis. Animi fugiat deleniti sequi voluptas placeat.','2025-09-20 04:15:47','2026-02-16 06:59:53');
INSERT INTO post_comments (comment_id,post_id,user_id,content,created_at,updated_at) VALUES (337,133,75,'Ipsa placeat corrupti quod earum animi autem. Fugiat cumque nesciunt earum.
A veniam doloribus sequi nostrum iste rem. Vitae accusamus reiciendis alias et beatae. Qui at vel ab eius.','2025-06-29 04:42:12','2025-07-27 23:29:14');
INSERT INTO post_comments (comment_id,post_id,user_id,content,created_at,updated_at) VALUES (338,133,67,'Cumque excepturi nobis pariatur quod quas saepe iure. Nobis in dolor occaecati nesciunt earum laudantium sunt.','2025-12-04 12:11:45','2026-01-24 03:24:10');
INSERT INTO post_comments (comment_id,post_id,user_id,content,created_at,updated_at) VALUES (339,133,62,'Voluptates hic harum. Rem repellendus hic perspiciatis maiores. Inventore veniam asperiores fugiat officia adipisci.','2025-06-30 17:58:20','2026-01-11 10:20:39');
INSERT INTO post_comments (comment_id,post_id,user_id,content,created_at,updated_at) VALUES (340,134,79,'Ipsum repellat excepturi possimus facere debitis. Sed facere sequi saepe esse vitae. A cum porro veritatis dicta consequuntur deleniti. Molestiae cumque quidem impedit eum in mollitia.','2025-04-18 05:44:45','2025-10-09 17:19:57');
INSERT INTO post_comments (comment_id,post_id,user_id,content,created_at,updated_at) VALUES (341,134,94,'Alias odit suscipit quis officiis. Hic nihil nisi impedit voluptas. Accusantium consectetur est quibusdam.
Praesentium totam nisi libero accusamus. Molestiae ullam beatae a.','2025-09-27 17:07:37','2025-12-28 22:25:25');
INSERT INTO post_comments (comment_id,post_id,user_id,content,created_at,updated_at) VALUES (342,134,73,'Qui enim delectus sapiente.
Non sapiente temporibus eligendi veritatis. Occaecati dolorem numquam delectus inventore maxime.','2024-12-03 16:23:48','2025-11-05 03:21:14');
INSERT INTO post_comments (comment_id,post_id,user_id,content,created_at,updated_at) VALUES (343,134,87,'Deserunt doloremque laboriosam. Distinctio nihil ut. Quasi debitis nisi laboriosam.
Veniam sapiente culpa. Iusto accusamus suscipit exercitationem voluptas dolorem.','2025-10-24 02:43:04','2026-01-13 09:18:33');
INSERT INTO post_comments (comment_id,post_id,user_id,content,created_at,updated_at) VALUES (344,134,29,'Dignissimos deleniti ipsam. Nulla harum quidem vero molestiae suscipit alias laborum. Vero voluptatibus ducimus rerum hic reiciendis a modi.','2025-09-27 02:17:19','2026-02-14 00:13:39');
INSERT INTO post_comments (comment_id,post_id,user_id,content,created_at,updated_at) VALUES (345,135,96,'Temporibus veniam quia maxime harum iste tempora magnam. Officiis itaque aperiam. Quidem quo dignissimos fugiat distinctio non.','2026-01-03 01:01:36','2026-01-07 21:27:49');
INSERT INTO post_comments (comment_id,post_id,user_id,content,created_at,updated_at) VALUES (346,135,22,'Voluptas delectus voluptas hic vitae. Quibusdam atque eligendi incidunt nulla tempore.','2025-07-23 01:58:56','2026-02-25 11:34:46');
INSERT INTO post_comments (comment_id,post_id,user_id,content,created_at,updated_at) VALUES (347,135,30,'Cumque alias distinctio nostrum. Voluptate unde eos. Modi libero doloribus quo dolorum quod.','2025-05-06 22:55:42','2025-12-01 21:32:54');
INSERT INTO post_comments (comment_id,post_id,user_id,content,created_at,updated_at) VALUES (348,137,79,'Maiores minima perferendis eveniet sunt inventore. Blanditiis eaque occaecati nostrum libero cum magnam. Dicta beatae neque beatae repellendus consectetur.','2025-08-02 10:09:48','2025-08-23 12:24:26');
INSERT INTO post_comments (comment_id,post_id,user_id,content,created_at,updated_at) VALUES (349,137,42,'Rem incidunt consectetur quisquam quisquam corporis repellendus quia. Optio unde maiores porro.','2024-12-17 23:45:33','2024-12-29 10:17:33');
INSERT INTO post_comments (comment_id,post_id,user_id,content,created_at,updated_at) VALUES (350,137,23,'Pariatur vero ex debitis commodi libero distinctio. Soluta a similique magnam eligendi natus.','2025-02-05 06:43:54','2025-09-21 16:40:56');
INSERT INTO post_comments (comment_id,post_id,user_id,content,created_at,updated_at) VALUES (351,138,3,'Sapiente aliquid aliquam repudiandae. Consectetur aliquid molestiae cumque. Perspiciatis dolorum asperiores quisquam nisi quo.','2024-08-22 06:41:39','2025-04-30 21:01:57');
INSERT INTO post_comments (comment_id,post_id,user_id,content,created_at,updated_at) VALUES (352,138,54,'Earum excepturi voluptatem modi officiis et nobis. Nobis officiis magni excepturi nam enim rem exercitationem. Illum veniam est alias cupiditate vel.','2025-10-06 00:42:55','2026-01-09 22:06:12');
INSERT INTO post_comments (comment_id,post_id,user_id,content,created_at,updated_at) VALUES (353,138,2,'Id id tempore rerum illum in modi voluptatibus. Expedita eos cumque voluptas. Ullam facere voluptatum quo. Nulla voluptates provident odio quos harum.','2024-09-15 22:34:58','2024-11-14 03:20:28');
INSERT INTO post_comments (comment_id,post_id,user_id,content,created_at,updated_at) VALUES (354,138,28,'Odio fuga molestiae iste fugit rem consectetur repellat. Corrupti iusto assumenda fugit. Facere nesciunt sunt voluptas.','2023-12-17 18:13:02','2025-03-28 18:29:52');
INSERT INTO post_comments (comment_id,post_id,user_id,content,created_at,updated_at) VALUES (355,138,61,'Magnam voluptatem consequatur expedita numquam.
Temporibus minima magnam. Architecto soluta tenetur porro.
Repellendus quisquam quas consequuntur quibusdam. Doloremque labore quod mollitia.','2025-02-21 14:33:19','2025-12-01 21:26:44');
INSERT INTO post_comments (comment_id,post_id,user_id,content,created_at,updated_at) VALUES (356,139,87,'Quas autem at. Asperiores ratione distinctio officiis quibusdam doloremque.
Eos quas ipsum qui reprehenderit. Explicabo dolorum at dolore sequi laboriosam. Ab sit ipsam maxime.','2025-06-09 03:54:17','2025-12-27 09:58:10');
INSERT INTO post_comments (comment_id,post_id,user_id,content,created_at,updated_at) VALUES (357,139,23,'Consequatur laudantium debitis perspiciatis iure dolorum. Eius corrupti esse magnam possimus magnam provident.','2024-12-30 21:10:53','2025-06-01 07:49:15');
INSERT INTO post_comments (comment_id,post_id,user_id,content,created_at,updated_at) VALUES (358,140,53,'Ea distinctio numquam nesciunt. Assumenda architecto qui doloremque quibusdam ratione veritatis.','2024-08-03 19:32:02','2025-04-06 10:52:05');
INSERT INTO post_comments (comment_id,post_id,user_id,content,created_at,updated_at) VALUES (359,140,78,'Occaecati impedit porro ullam quas numquam sapiente. Eius sed reiciendis numquam.','2024-02-12 17:14:27','2025-01-13 06:23:35');
INSERT INTO post_comments (comment_id,post_id,user_id,content,created_at,updated_at) VALUES (360,140,92,'Deserunt nostrum natus sed repudiandae iusto architecto maiores. Asperiores impedit saepe incidunt pariatur adipisci.','2025-10-22 15:02:48','2025-10-31 23:11:37');
INSERT INTO post_comments (comment_id,post_id,user_id,content,created_at,updated_at) VALUES (361,141,62,'Voluptates fugit distinctio vitae ullam velit perspiciatis. Tempore atque libero distinctio rerum nesciunt.','2025-12-08 23:11:43','2026-02-16 10:28:12');
INSERT INTO post_comments (comment_id,post_id,user_id,content,created_at,updated_at) VALUES (362,141,21,'Tempora dolore eveniet perspiciatis. Numquam alias omnis nesciunt possimus. Ipsam nemo reiciendis iusto odio.','2025-09-27 17:48:08','2025-10-30 21:11:14');
INSERT INTO post_comments (comment_id,post_id,user_id,content,created_at,updated_at) VALUES (363,141,67,'Quod perferendis deleniti nam vel. Fuga quia libero sit perspiciatis impedit. Recusandae voluptatibus non voluptatibus similique dolorum consequuntur.','2025-10-22 13:52:26','2026-01-26 21:09:05');
INSERT INTO post_comments (comment_id,post_id,user_id,content,created_at,updated_at) VALUES (364,142,37,'Sed beatae enim quaerat dolorem ex. Cupiditate et deserunt ipsa. Sapiente odit minus suscipit ullam aut totam.
Animi illum a eum ullam labore. Consequatur quas porro incidunt sint.','2025-01-02 01:56:05','2025-07-28 23:28:08');
INSERT INTO post_comments (comment_id,post_id,user_id,content,created_at,updated_at) VALUES (365,142,35,'Ipsam quibusdam ad quod doloribus. Ipsa eos modi possimus sit nihil. Magnam a consectetur rerum labore.','2025-01-30 14:11:26','2025-06-17 17:51:09');
INSERT INTO post_comments (comment_id,post_id,user_id,content,created_at,updated_at) VALUES (366,142,11,'Asperiores fugit placeat incidunt alias modi reprehenderit.
Ipsum atque deleniti vel officia eum. Fugit quae voluptatibus autem.','2025-12-25 09:04:47','2026-02-13 22:14:49');
INSERT INTO post_comments (comment_id,post_id,user_id,content,created_at,updated_at) VALUES (367,142,91,'Suscipit consequuntur illum reprehenderit. Debitis expedita qui dolorum ratione iste incidunt. Vitae quidem quia saepe. Incidunt veniam doloribus atque nulla non cumque illum.','2025-11-23 01:45:36','2026-01-08 10:01:06');
INSERT INTO post_comments (comment_id,post_id,user_id,content,created_at,updated_at) VALUES (368,143,66,'Labore eligendi excepturi adipisci magni quasi aliquam. Voluptas asperiores adipisci numquam soluta labore. Occaecati aperiam optio sunt quo.','2026-02-24 02:39:52','2026-02-24 10:18:48');
INSERT INTO post_comments (comment_id,post_id,user_id,content,created_at,updated_at) VALUES (369,144,97,'Sed perferendis id mollitia illum optio. Pariatur mollitia dolorum non recusandae error quaerat.
Vitae provident nulla aliquam atque ad eius asperiores. Illum neque magni eius alias.','2025-09-20 02:55:48','2025-09-23 02:33:10');
INSERT INTO post_comments (comment_id,post_id,user_id,content,created_at,updated_at) VALUES (370,144,22,'Non repellendus voluptatum labore facilis eum tempora. Soluta consequuntur similique qui illum voluptatum.','2026-02-05 21:14:26','2026-02-28 09:22:24');
INSERT INTO post_comments (comment_id,post_id,user_id,content,created_at,updated_at) VALUES (371,145,28,'Itaque facilis aliquid perferendis tenetur. Consectetur rem maiores quisquam esse provident quos exercitationem.','2026-01-26 08:11:05','2026-02-15 05:52:40');
INSERT INTO post_comments (comment_id,post_id,user_id,content,created_at,updated_at) VALUES (372,145,60,'Quae deleniti eligendi necessitatibus officia minus molestias. Fuga mollitia ex commodi. Cupiditate atque nostrum blanditiis.','2026-01-13 17:58:23','2026-02-15 02:55:10');
INSERT INTO post_comments (comment_id,post_id,user_id,content,created_at,updated_at) VALUES (373,145,20,'Temporibus saepe molestias quas. Vitae ratione eos quidem odit aliquam voluptatum. Dolores earum repellat fuga amet.
Optio eligendi reiciendis commodi. Quos libero possimus sed fugit earum.','2026-02-12 09:54:13','2026-03-02 18:54:35');
INSERT INTO post_comments (comment_id,post_id,user_id,content,created_at,updated_at) VALUES (374,146,81,'Quisquam recusandae atque ducimus ipsa quasi veniam. Rerum occaecati deserunt repellendus nihil facere qui.','2026-03-03 04:02:41','2026-03-03 04:03:25');
INSERT INTO post_comments (comment_id,post_id,user_id,content,created_at,updated_at) VALUES (375,146,6,'Libero ducimus quis. Porro repellendus perferendis voluptate. Iure minus odio.
Est corrupti hic saepe debitis illo. Fuga modi error neque esse possimus.','2026-03-01 16:44:10','2026-03-02 21:03:37');
INSERT INTO post_comments (comment_id,post_id,user_id,content,created_at,updated_at) VALUES (376,146,95,'Maiores a ut alias quibusdam dolorum earum. Dignissimos deleniti doloribus corrupti error a soluta aut.','2026-03-01 10:42:56','2026-03-02 19:12:40');
INSERT INTO post_comments (comment_id,post_id,user_id,content,created_at,updated_at) VALUES (377,146,96,'Reprehenderit nobis minus reiciendis repellat mollitia. Temporibus qui deserunt sunt nulla accusamus.','2026-03-01 00:17:59','2026-03-01 19:34:03');
INSERT INTO post_comments (comment_id,post_id,user_id,content,created_at,updated_at) VALUES (378,147,66,'Impedit odit quaerat aspernatur veniam soluta veritatis. Ut corporis optio cupiditate.
Dicta totam dolore vero debitis nam. Quas vel facilis facilis reiciendis vel fugit.','2025-07-20 04:35:00','2025-12-26 01:08:09');
INSERT INTO post_comments (comment_id,post_id,user_id,content,created_at,updated_at) VALUES (379,147,48,'Voluptatum soluta voluptatem impedit tempora eum nobis. Tempore enim saepe voluptates.','2025-07-13 18:19:22','2025-08-24 17:37:27');
INSERT INTO post_comments (comment_id,post_id,user_id,content,created_at,updated_at) VALUES (380,147,21,'Unde ipsum ipsum soluta placeat veniam in. Quia aspernatur placeat recusandae aperiam id. Maxime ducimus praesentium nisi rerum occaecati nemo.','2025-06-11 18:07:06','2025-06-20 03:02:43');
INSERT INTO post_comments (comment_id,post_id,user_id,content,created_at,updated_at) VALUES (381,148,9,'Esse molestiae est incidunt. Corporis at saepe vel esse ut saepe. Illo quasi dolorum.
Nam corporis at voluptatum quibusdam quibusdam exercitationem. Quisquam aliquid animi animi.','2025-04-19 14:27:43','2025-10-25 05:07:44');
INSERT INTO post_comments (comment_id,post_id,user_id,content,created_at,updated_at) VALUES (382,148,98,'Veniam laboriosam quibusdam ducimus itaque. Quidem nam nisi ipsa temporibus quo. Dolor ipsa nostrum debitis veniam vel exercitationem. Nemo dicta aperiam consectetur pariatur culpa.','2025-02-05 07:25:07','2025-08-23 16:41:41');
INSERT INTO post_comments (comment_id,post_id,user_id,content,created_at,updated_at) VALUES (383,149,2,'Quasi veniam nemo ratione officia laudantium dignissimos. Nemo dolorem hic vitae reprehenderit.
Praesentium nemo cupiditate ea. At recusandae a aspernatur.','2025-06-20 01:01:16','2026-02-19 14:37:24');
INSERT INTO post_comments (comment_id,post_id,user_id,content,created_at,updated_at) VALUES (384,149,28,'Aliquam quod maiores quia.
Nam accusantium nemo molestiae quod quae. Praesentium ducimus consectetur dolorem laborum deserunt commodi deleniti.','2025-04-10 02:23:05','2025-07-25 22:50:56');
INSERT INTO post_comments (comment_id,post_id,user_id,content,created_at,updated_at) VALUES (385,149,14,'Distinctio non eveniet totam. Labore aliquid enim dolorem quibusdam quasi.
Debitis pariatur veniam. Sit ab quo cumque dolore deserunt aperiam harum. Cum praesentium reprehenderit velit omnis in iste.','2025-11-23 02:21:17','2026-01-25 17:15:47');
INSERT INTO post_comments (comment_id,post_id,user_id,content,created_at,updated_at) VALUES (386,150,92,'In aliquam porro illum ullam. Voluptatibus a corporis doloremque repudiandae blanditiis cumque. Facere amet quas similique voluptates ipsa.','2025-01-25 09:51:42','2026-02-25 10:04:45');
INSERT INTO post_comments (comment_id,post_id,user_id,content,created_at,updated_at) VALUES (387,150,19,'Facilis dignissimos expedita. Itaque tenetur sed laborum nesciunt quisquam. Quis distinctio voluptatum doloremque error.','2025-09-06 07:26:27','2025-09-27 02:19:58');
INSERT INTO post_comments (comment_id,post_id,user_id,content,created_at,updated_at) VALUES (388,150,10,'Vitae repellendus eaque. Ad dolore corporis autem. Distinctio aperiam tempora tempora dolor dolor.','2026-01-02 05:37:33','2026-01-17 02:42:29');
INSERT INTO post_comments (comment_id,post_id,user_id,content,created_at,updated_at) VALUES (389,150,31,'Vel dolorem deserunt architecto. Repudiandae animi iure.
Id voluptatum cumque itaque provident. Maiores voluptatibus iure necessitatibus saepe.','2025-01-25 02:55:15','2025-02-03 23:35:47');
INSERT INTO post_comments (comment_id,post_id,user_id,content,created_at,updated_at) VALUES (390,151,91,'Enim ipsum quia perspiciatis rem dignissimos. Dignissimos natus dolore amet minima ab.
Eveniet quos aut laborum recusandae. Voluptatibus reiciendis accusantium odit.','2026-02-23 18:09:54','2026-03-01 06:11:25');
INSERT INTO post_comments (comment_id,post_id,user_id,content,created_at,updated_at) VALUES (391,152,51,'Aut voluptate dolores consequatur corporis illo est laborum. Cumque hic delectus saepe.
Nam unde corporis cum iste.','2025-12-08 01:29:56','2026-01-29 11:51:18');
INSERT INTO post_comments (comment_id,post_id,user_id,content,created_at,updated_at) VALUES (392,152,83,'Vitae voluptatibus autem vitae inventore error. Totam facere voluptatibus voluptate.
A animi consequuntur veritatis. Eum tempora tempora aliquid recusandae nostrum.','2025-10-25 02:49:09','2026-02-16 11:39:17');
INSERT INTO post_comments (comment_id,post_id,user_id,content,created_at,updated_at) VALUES (393,152,85,'Deserunt sit cum quae. Nemo ea consectetur adipisci veniam quo.
Commodi nesciunt sint accusamus animi. Pariatur voluptatem ipsam ex architecto dignissimos amet velit. Fugit non deleniti assumenda.','2026-01-10 11:00:14','2026-02-18 18:24:21');
INSERT INTO post_comments (comment_id,post_id,user_id,content,created_at,updated_at) VALUES (394,152,12,'Facere ab recusandae numquam ut. Ad commodi dolore odit voluptatum.
Quae harum aliquam officia rerum occaecati.','2025-12-29 16:30:50','2026-02-20 08:31:46');
INSERT INTO post_comments (comment_id,post_id,user_id,content,created_at,updated_at) VALUES (395,152,12,'Quam exercitationem sunt ipsa. Expedita ut ex similique nihil ipsa. Repellendus eveniet laboriosam.
Consequatur in dolores qui laborum ratione cumque. Tenetur maxime voluptates veritatis.','2025-05-22 19:57:18','2025-06-30 14:33:17');
INSERT INTO post_comments (comment_id,post_id,user_id,content,created_at,updated_at) VALUES (396,153,41,'Totam rem sed maxime natus quidem. Ea quae perspiciatis soluta delectus.
Quibusdam repellendus quaerat inventore dolorem deleniti. Placeat deserunt molestiae numquam cupiditate.','2025-06-20 14:50:15','2026-02-02 17:59:02');
INSERT INTO post_comments (comment_id,post_id,user_id,content,created_at,updated_at) VALUES (397,153,7,'Aut nobis a veniam numquam iste doloremque. Omnis in natus delectus similique. Dignissimos omnis iure similique cupiditate.','2025-06-01 15:34:43','2025-10-14 10:00:38');
INSERT INTO post_comments (comment_id,post_id,user_id,content,created_at,updated_at) VALUES (398,153,71,'Qui maxime mollitia vero nulla laudantium impedit. Soluta iste aut quasi incidunt facilis ab blanditiis.','2025-04-23 06:09:07','2025-08-05 14:43:06');
INSERT INTO post_comments (comment_id,post_id,user_id,content,created_at,updated_at) VALUES (399,155,2,'Doloribus quam nisi id. Pariatur impedit praesentium molestiae quia perspiciatis. Nam labore explicabo ea esse voluptas sint.','2025-09-24 20:23:47','2026-01-22 03:37:58');
INSERT INTO post_comments (comment_id,post_id,user_id,content,created_at,updated_at) VALUES (400,155,19,'Quibusdam ea qui et sunt. Ipsum cumque velit a.
Vel facilis possimus debitis. Ullam consectetur animi magnam qui.','2024-08-22 04:32:35','2025-12-29 15:13:15');
INSERT INTO post_comments (comment_id,post_id,user_id,content,created_at,updated_at) VALUES (401,155,76,'Maxime facilis laboriosam aspernatur sed eligendi. Sint corrupti eaque incidunt. Blanditiis quam soluta nulla aut qui natus.','2025-05-23 19:26:40','2025-12-12 16:14:12');
INSERT INTO post_comments (comment_id,post_id,user_id,content,created_at,updated_at) VALUES (402,156,3,'Voluptatum voluptates voluptates. Libero omnis perspiciatis qui.
Cumque atque accusantium facere ad. Assumenda explicabo tenetur porro.','2025-11-18 06:10:23','2026-02-09 18:33:27');
INSERT INTO post_comments (comment_id,post_id,user_id,content,created_at,updated_at) VALUES (403,156,45,'Et porro voluptas labore praesentium quos. Non sed modi sed vel illo placeat.
Quam dolorum nesciunt aperiam. Architecto amet molestias in.','2025-04-24 21:20:43','2025-10-23 02:58:00');
INSERT INTO post_comments (comment_id,post_id,user_id,content,created_at,updated_at) VALUES (404,156,68,'Occaecati molestiae quis aperiam. Nemo inventore tempore sapiente. Error numquam laudantium.
Possimus illum iusto sequi recusandae. Eveniet voluptates eum explicabo.','2025-05-03 05:55:31','2025-06-17 05:09:40');
INSERT INTO post_comments (comment_id,post_id,user_id,content,created_at,updated_at) VALUES (405,157,67,'Vel odio veritatis doloribus est ducimus ex. Doloremque iure nobis nam quod praesentium. Quod dolorum exercitationem velit sit consequuntur voluptas vel.','2026-01-29 09:14:03','2026-02-20 19:56:06');
INSERT INTO post_comments (comment_id,post_id,user_id,content,created_at,updated_at) VALUES (406,157,53,'Necessitatibus quibusdam dolor numquam eos ea. Ad esse reiciendis ex rem aliquam.','2026-02-28 21:52:08','2026-03-02 16:28:22');
INSERT INTO post_comments (comment_id,post_id,user_id,content,created_at,updated_at) VALUES (407,157,30,'Vitae quia dolores. Nam natus mollitia voluptate. Officiis est facilis.','2026-02-14 22:27:57','2026-03-02 02:09:43');
INSERT INTO post_comments (comment_id,post_id,user_id,content,created_at,updated_at) VALUES (408,157,57,'Debitis porro perferendis cumque dolor asperiores. Debitis architecto error dicta corrupti pariatur ea. Nam magni quod necessitatibus. A aliquam corporis reprehenderit.','2026-01-20 08:59:55','2026-02-08 16:38:16');
INSERT INTO post_comments (comment_id,post_id,user_id,content,created_at,updated_at) VALUES (409,158,64,'Totam dolorum enim labore. Autem consectetur qui cupiditate. Magnam commodi corporis ratione.','2025-05-01 13:27:26','2025-07-05 04:22:12');
INSERT INTO post_comments (comment_id,post_id,user_id,content,created_at,updated_at) VALUES (410,158,59,'A molestiae laboriosam culpa ipsa natus. Officia error pariatur tempora quam quo sunt.','2025-06-19 12:38:11','2025-06-26 17:16:36');
INSERT INTO post_comments (comment_id,post_id,user_id,content,created_at,updated_at) VALUES (411,158,41,'Occaecati beatae aliquam aperiam quasi at. Quam sed sequi iusto labore. Iure ducimus quasi corporis repudiandae similique quis.','2025-06-19 11:21:05','2025-12-31 23:35:44');
INSERT INTO post_comments (comment_id,post_id,user_id,content,created_at,updated_at) VALUES (412,159,76,'Velit repellendus ullam eligendi nihil ipsam suscipit. Magnam fuga cupiditate sint occaecati corporis hic. Maiores tempore maxime.
Commodi repellat explicabo voluptates. Ea optio fugit laboriosam.','2026-02-11 15:16:21','2026-02-20 14:01:57');
INSERT INTO post_comments (comment_id,post_id,user_id,content,created_at,updated_at) VALUES (413,159,60,'Praesentium porro in sequi fugit natus. Fugit voluptates impedit libero. Voluptates vitae iusto nihil similique.','2024-09-09 18:12:58','2025-09-20 21:41:37');
INSERT INTO post_comments (comment_id,post_id,user_id,content,created_at,updated_at) VALUES (414,159,86,'Nam a sapiente illo tempore ab eveniet.
Praesentium qui mollitia suscipit iste natus odio. Laudantium veniam dicta incidunt vitae vero. Quos debitis totam reiciendis a libero similique expedita.','2025-08-25 14:05:41','2025-09-23 03:41:45');
INSERT INTO post_comments (comment_id,post_id,user_id,content,created_at,updated_at) VALUES (415,159,76,'Beatae nihil perferendis maxime sed. Rem repellat distinctio consectetur quaerat dolorum.','2025-09-04 15:00:47','2025-11-06 03:38:25');
INSERT INTO post_comments (comment_id,post_id,user_id,content,created_at,updated_at) VALUES (416,159,77,'Impedit molestiae incidunt sapiente modi dolor. Dolor exercitationem nostrum voluptas.
Eos provident omnis inventore quaerat quod. Adipisci laborum tempore rerum eius eius.','2025-03-25 13:17:47','2025-12-01 05:39:15');
INSERT INTO post_comments (comment_id,post_id,user_id,content,created_at,updated_at) VALUES (417,160,89,'Sit maxime nisi illo rem. Iste sapiente alias laboriosam molestias corrupti quaerat.
Laborum eaque ad in. Optio assumenda deleniti ducimus occaecati impedit. Magnam placeat itaque fugiat saepe ipsam.','2026-02-21 15:46:08','2026-02-26 02:40:58');
INSERT INTO post_comments (comment_id,post_id,user_id,content,created_at,updated_at) VALUES (418,160,13,'Vitae cumque pariatur. Dolorem fuga eligendi quod.
Nulla doloribus ducimus hic minima.','2024-11-27 10:08:22','2025-10-27 03:02:48');
INSERT INTO post_comments (comment_id,post_id,user_id,content,created_at,updated_at) VALUES (419,160,26,'Aperiam ipsum ad reiciendis ipsum dolorem magnam. Magnam exercitationem molestias enim molestiae. Quasi fugit facere voluptatem ducimus quibusdam minus. Numquam odit earum odit adipisci.','2025-08-05 19:21:15','2026-03-01 17:13:55');
-- Insert into board_banned_words
INSERT INTO board_banned_words (banned_word_id,board_id,banned_word) VALUES (1,1,'욕설');
INSERT INTO board_banned_words (banned_word_id,board_id,banned_word) VALUES (2,1,'비방');
INSERT INTO board_banned_words (banned_word_id,board_id,banned_word) VALUES (3,1,'부적절');
INSERT INTO board_banned_words (banned_word_id,board_id,banned_word) VALUES (4,2,'욕설');
INSERT INTO board_banned_words (banned_word_id,board_id,banned_word) VALUES (5,2,'비방');
INSERT INTO board_banned_words (banned_word_id,board_id,banned_word) VALUES (6,2,'부적절');
INSERT INTO board_banned_words (banned_word_id,board_id,banned_word) VALUES (7,3,'욕설');
INSERT INTO board_banned_words (banned_word_id,board_id,banned_word) VALUES (8,3,'비방');
INSERT INTO board_banned_words (banned_word_id,board_id,banned_word) VALUES (9,3,'부적절');
INSERT INTO board_banned_words (banned_word_id,board_id,banned_word) VALUES (10,4,'욕설');
INSERT INTO board_banned_words (banned_word_id,board_id,banned_word) VALUES (11,4,'비방');
INSERT INTO board_banned_words (banned_word_id,board_id,banned_word) VALUES (12,4,'부적절');
INSERT INTO board_banned_words (banned_word_id,board_id,banned_word) VALUES (13,5,'욕설');
INSERT INTO board_banned_words (banned_word_id,board_id,banned_word) VALUES (14,5,'비방');
INSERT INTO board_banned_words (banned_word_id,board_id,banned_word) VALUES (15,5,'부적절');
-- Insert into reviews
INSERT INTO reviews (review_id,event_id,user_id,rating,content,view_count,created_at,updated_at,is_deleted,is_comment_enabled,review_status) VALUES (1,1,23,4,'Deleniti temporibus necessitatibus veniam.

Voluptates totam tempora esse molestias voluptas inventore. Quidem optio aliquam quas voluptatum natus.
A officia exercitationem suscipit ratione a adipisci. Quidem minima doloremque iure hic nam.',0,'2025-01-23 10:35:15','2025-01-26 08:19:15',0,1,'BLINDED');
INSERT INTO reviews (review_id,event_id,user_id,rating,content,view_count,created_at,updated_at,is_deleted,is_comment_enabled,review_status) VALUES (2,1,47,3,'Molestiae iure ab sit atque qui.

Impedit velit animi ipsa consequuntur nulla ut. Quasi quo dolore ipsa numquam. Porro vero vel animi recusandae repudiandae quam alias.',0,'2025-01-24 21:06:12','2025-01-24 21:30:13',0,1,'BLINDED');
INSERT INTO reviews (review_id,event_id,user_id,rating,content,view_count,created_at,updated_at,is_deleted,is_comment_enabled,review_status) VALUES (3,1,52,2,'Ducimus occaecati tempora iure ducimus.

Similique deserunt unde adipisci tempore non repellendus. Velit laudantium deleniti eaque repudiandae ratione soluta.
Nulla sit eligendi esse. Voluptas iste autem nihil atque. Eius sunt atque voluptates.
Minus nemo quo consectetur tempora quod cum eum. Ipsum similique sint consequatur aut.',0,'2025-01-26 03:33:18','2025-01-26 06:39:27',0,1,'BLINDED');
INSERT INTO reviews (review_id,event_id,user_id,rating,content,view_count,created_at,updated_at,is_deleted,is_comment_enabled,review_status) VALUES (4,1,59,1,'Voluptate alias voluptates quos sed dicta.

Delectus odio suscipit vero. Reprehenderit rerum tempore cumque. Itaque corrupti dolorem aut sint.
Earum vero sed voluptas molestias nobis. Sed fuga odit doloribus distinctio pariatur odit.
Vel quod sed quaerat odit. Laudantium ex aliquid ipsum tempore dignissimos.',0,'2025-01-25 00:12:37','2025-01-25 16:31:15',0,1,'PUBLIC');
INSERT INTO reviews (review_id,event_id,user_id,rating,content,view_count,created_at,updated_at,is_deleted,is_comment_enabled,review_status) VALUES (5,1,39,1,'Ex repellendus nulla.

Est quod id consequatur aut temporibus iste fugit. Voluptatibus accusamus provident autem ducimus natus reiciendis beatae. In magni fuga laudantium quasi sapiente assumenda.
Illo deleniti est minima vel consequatur sequi tenetur. Iusto pariatur voluptate. Laudantium quo facilis saepe sint.',0,'2025-01-23 09:12:54','2025-01-23 15:07:54',0,1,'PUBLIC');
INSERT INTO reviews (review_id,event_id,user_id,rating,content,view_count,created_at,updated_at,is_deleted,is_comment_enabled,review_status) VALUES (7,2,24,5,'Aperiam optio assumenda dolor.

Eos minus rem itaque recusandae eligendi voluptates veniam. Aliquam ullam ipsum nam voluptates.
Optio quos facere nihil. Odit nam eius corrupti officia. Magnam repellendus ea veritatis minus libero sed. Fuga eum odio quae aliquid officia iure.',0,'2025-10-21 19:02:38','2025-10-23 10:05:19',0,1,'REPORTED');
INSERT INTO reviews (review_id,event_id,user_id,rating,content,view_count,created_at,updated_at,is_deleted,is_comment_enabled,review_status) VALUES (8,2,82,2,'Id modi enim.

Eligendi dolorum odit. Quidem nihil rem accusamus quas facilis magnam.
Vero voluptatibus provident sequi deleniti. Laudantium asperiores asperiores eligendi.
Dignissimos consequuntur repellendus unde. Assumenda quis ad nemo expedita. Magni beatae veritatis eveniet accusantium.',0,'2025-10-23 13:48:15','2025-10-23 18:03:24',0,1,'BLINDED');
INSERT INTO reviews (review_id,event_id,user_id,rating,content,view_count,created_at,updated_at,is_deleted,is_comment_enabled,review_status) VALUES (9,2,18,2,'Inventore labore iste.

Deleniti nobis tempore veniam.
Doloribus quas quae eveniet excepturi. Occaecati blanditiis distinctio nobis unde doloribus voluptates. Minus nobis dolore rem pariatur doloremque voluptatem. Ea natus odio minima quidem sit.',0,'2025-10-21 20:03:09','2025-10-23 06:20:06',0,1,'REPORTED');
INSERT INTO reviews (review_id,event_id,user_id,rating,content,view_count,created_at,updated_at,is_deleted,is_comment_enabled,review_status) VALUES (10,2,55,3,'Debitis animi excepturi magnam.

In excepturi fuga atque tempore. Dolores praesentium dolore. Ipsa deleniti magni sed.
Perspiciatis eaque odit consequatur eum laudantium. Laudantium ut provident sed reprehenderit.',0,'2025-10-22 08:11:01','2025-10-22 08:33:59',0,1,'REPORTED');
INSERT INTO reviews (review_id,event_id,user_id,rating,content,view_count,created_at,updated_at,is_deleted,is_comment_enabled,review_status) VALUES (11,3,2,1,'Commodi perferendis dolore temporibus.

Quia culpa exercitationem repellendus quisquam. Aperiam esse dolore temporibus eum voluptates.
Beatae corrupti ex in delectus eaque facilis. Dolores dolor dolore blanditiis quas quis in. Ex cumque possimus.',0,'2025-07-16 20:52:59','2025-07-17 12:10:18',0,1,'BLINDED');
INSERT INTO reviews (review_id,event_id,user_id,rating,content,view_count,created_at,updated_at,is_deleted,is_comment_enabled,review_status) VALUES (12,4,22,5,'Tenetur eveniet ab porro.

Alias placeat quo maxime voluptatibus amet. Repellat iste officiis reprehenderit odit.
Est mollitia modi voluptatibus pariatur. Nostrum ex porro expedita. Doloribus tempore dolorem voluptas suscipit suscipit dolore.
Tempore molestiae sunt cumque amet quasi. Reprehenderit voluptatum non minima sed.',0,'2023-05-07 03:35:08','2023-05-09 00:30:34',0,1,'REPORTED');
INSERT INTO reviews (review_id,event_id,user_id,rating,content,view_count,created_at,updated_at,is_deleted,is_comment_enabled,review_status) VALUES (13,4,57,1,'Animi laudantium ab dolorem numquam animi.

Nisi nulla totam delectus aperiam. Atque qui fuga aperiam. Adipisci cupiditate eos adipisci vel veritatis delectus sequi.
Reiciendis laborum enim esse cumque accusamus ratione nisi. Ut sit optio.',0,'2023-05-07 13:41:32','2023-05-08 04:32:18',0,1,'PUBLIC');
INSERT INTO reviews (review_id,event_id,user_id,rating,content,view_count,created_at,updated_at,is_deleted,is_comment_enabled,review_status) VALUES (14,4,43,3,'Ipsa iure ratione laborum eligendi.

Cupiditate at ad tenetur recusandae illum doloribus. Voluptatibus veritatis necessitatibus amet aspernatur velit. Nam veritatis ducimus vero dolore aspernatur.
Commodi aut consectetur placeat. Quisquam error ratione dolorem hic cum maxime voluptatum.',0,'2023-05-07 06:52:54','2023-05-08 23:44:15',0,1,'REPORTED');
INSERT INTO reviews (review_id,event_id,user_id,rating,content,view_count,created_at,updated_at,is_deleted,is_comment_enabled,review_status) VALUES (15,4,41,2,'Cupiditate vitae consequuntur.

Quia saepe sint itaque enim nihil incidunt. Doloribus alias asperiores harum ratione nobis expedita.
At quae explicabo excepturi commodi beatae. Officiis odio tempora dolore maxime. Maxime veniam autem laboriosam.
Eos distinctio sint dignissimos eius. Eius modi numquam.',0,'2023-05-08 19:13:16','2023-05-09 02:52:24',0,1,'REPORTED');
INSERT INTO reviews (review_id,event_id,user_id,rating,content,view_count,created_at,updated_at,is_deleted,is_comment_enabled,review_status) VALUES (16,5,100,3,'Nisi dolorum fugiat optio.

Vero repellat odit nostrum hic qui. Temporibus tempore voluptate cupiditate inventore aut consectetur. Facilis cumque repellat.
Aliquam aperiam delectus excepturi error culpa possimus. Quaerat provident rem.',0,'2023-04-05 02:24:44','2023-04-06 07:33:17',0,1,'BLINDED');
INSERT INTO reviews (review_id,event_id,user_id,rating,content,view_count,created_at,updated_at,is_deleted,is_comment_enabled,review_status) VALUES (17,6,88,4,'Eaque blanditiis dolorem.

Sequi quibusdam eius tempora. Deserunt voluptatum cum inventore aliquam.
Itaque est voluptatibus eum voluptate ipsum.',0,'2025-09-06 08:52:27','2025-09-06 21:23:25',0,1,'BLINDED');
INSERT INTO reviews (review_id,event_id,user_id,rating,content,view_count,created_at,updated_at,is_deleted,is_comment_enabled,review_status) VALUES (18,7,34,1,'Sunt voluptatibus quaerat.

Praesentium quam omnis debitis. Cumque harum veritatis.
Corporis nobis molestias.
Laborum omnis a iste beatae sunt itaque. Culpa mollitia rem quos maiores. Sint quaerat quaerat placeat maiores corporis.',0,'2024-12-30 00:18:18','2024-12-30 01:03:05',0,1,'BLINDED');
INSERT INTO reviews (review_id,event_id,user_id,rating,content,view_count,created_at,updated_at,is_deleted,is_comment_enabled,review_status) VALUES (19,7,22,3,'Dolores incidunt earum.

Vero omnis minima ullam. Facere dolorem sunt nesciunt. Possimus laboriosam officiis libero sequi voluptas.
Quos optio itaque impedit ullam ipsam. Pariatur unde culpa veniam quaerat repellendus. Odit deserunt voluptatem ex voluptatibus.',0,'2024-12-29 01:08:02','2024-12-29 02:48:56',0,1,'PUBLIC');
INSERT INTO reviews (review_id,event_id,user_id,rating,content,view_count,created_at,updated_at,is_deleted,is_comment_enabled,review_status) VALUES (20,8,68,1,'Cumque voluptate voluptates laboriosam.

Eaque perferendis numquam distinctio. Velit consequatur repellendus corrupti exercitationem maiores odio reiciendis. Enim culpa aspernatur optio ullam eius voluptate.
Nam nisi corporis veniam. Iste asperiores consectetur. Harum illo repellendus architecto.',0,'2024-10-01 07:47:09','2024-10-01 07:50:14',0,1,'PUBLIC');
INSERT INTO reviews (review_id,event_id,user_id,rating,content,view_count,created_at,updated_at,is_deleted,is_comment_enabled,review_status) VALUES (21,8,30,5,'Sequi nesciunt rem.

Provident earum id itaque inventore soluta nesciunt porro. Quo cumque animi rerum. Aut perspiciatis praesentium esse nostrum fuga.
Sed harum doloribus explicabo. Quam ipsam doloribus quas. Vero provident nobis nemo voluptas. Libero natus minus rerum fugiat.
Aliquid excepturi porro sapiente.',0,'2024-09-29 02:12:44','2024-09-30 01:20:15',0,1,'PUBLIC');
INSERT INTO reviews (review_id,event_id,user_id,rating,content,view_count,created_at,updated_at,is_deleted,is_comment_enabled,review_status) VALUES (22,9,42,2,'Aperiam architecto deserunt.

Quas amet consectetur porro deleniti ea. Veniam quidem sed tenetur animi.
Optio sunt ipsa adipisci repudiandae alias hic assumenda. Totam deserunt reprehenderit quos. Architecto esse nesciunt neque.',0,'2024-12-16 19:09:49','2024-12-16 19:43:25',0,1,'REPORTED');
INSERT INTO reviews (review_id,event_id,user_id,rating,content,view_count,created_at,updated_at,is_deleted,is_comment_enabled,review_status) VALUES (23,9,8,1,'Unde officiis soluta facilis.

Voluptate culpa odio quas. Tempore provident repudiandae eligendi mollitia sequi labore. Eius nihil similique labore.
Dolorem corrupti ad eveniet deleniti amet nobis.
Sapiente a quibusdam laborum ab laborum porro. Incidunt fugiat beatae cumque totam quos quam. Neque odit accusamus iste.',0,'2024-12-17 04:48:47','2024-12-17 06:49:02',0,1,'REPORTED');
INSERT INTO reviews (review_id,event_id,user_id,rating,content,view_count,created_at,updated_at,is_deleted,is_comment_enabled,review_status) VALUES (24,9,28,5,'Soluta quibusdam aperiam.

Architecto cupiditate dolorem harum porro illum. Odio delectus reiciendis eos animi eveniet. Unde aliquam dolore. Ea asperiores adipisci alias repudiandae facilis eligendi.',0,'2024-12-17 10:33:23','2024-12-17 14:30:03',0,1,'REPORTED');
INSERT INTO reviews (review_id,event_id,user_id,rating,content,view_count,created_at,updated_at,is_deleted,is_comment_enabled,review_status) VALUES (25,9,99,3,'Animi voluptate dignissimos.

Temporibus dolor quia quaerat quisquam soluta. Aperiam quas optio eius non laborum. Voluptas rerum similique tenetur aperiam deleniti.
Rerum corrupti eveniet quia. Assumenda sequi blanditiis eaque debitis commodi earum pariatur.',0,'2024-12-17 01:13:24','2024-12-17 06:51:29',0,1,'BLINDED');
INSERT INTO reviews (review_id,event_id,user_id,rating,content,view_count,created_at,updated_at,is_deleted,is_comment_enabled,review_status) VALUES (26,9,66,2,'Necessitatibus in dolor illum amet sint.

Nobis nemo nemo laboriosam odio sed atque. Laudantium rem quas id veritatis corporis impedit. Cumque inventore rem iusto laudantium.
Iste atque dolores dicta eligendi eum. Quisquam possimus ipsam nobis culpa laboriosam asperiores. Aliquam dolore laborum debitis reprehenderit debitis.',0,'2024-12-16 21:28:41','2024-12-16 21:47:02',0,1,'PUBLIC');
INSERT INTO reviews (review_id,event_id,user_id,rating,content,view_count,created_at,updated_at,is_deleted,is_comment_enabled,review_status) VALUES (27,10,50,2,'Quia impedit veniam occaecati.

Ducimus explicabo officiis doloremque ad perspiciatis soluta. Est hic eveniet quibusdam minus ad iste. Rerum dignissimos dolore totam fugiat.
Et expedita quam rem dolor sint. Inventore nobis in.
Dolor doloribus saepe commodi pariatur at. Quaerat laborum magnam itaque voluptas.',0,'2025-08-15 08:23:31','2025-08-17 03:01:43',0,1,'PUBLIC');
INSERT INTO reviews (review_id,event_id,user_id,rating,content,view_count,created_at,updated_at,is_deleted,is_comment_enabled,review_status) VALUES (28,10,73,5,'Vitae sequi quidem.

Aliquam animi nulla laborum unde perspiciatis. Libero doloremque delectus esse asperiores ipsa optio. Enim ipsum at ea.
Reprehenderit voluptatem inventore culpa sint. Omnis nesciunt consectetur dignissimos ipsam.',0,'2025-08-14 22:21:44','2025-08-17 01:10:38',0,1,'PUBLIC');
INSERT INTO reviews (review_id,event_id,user_id,rating,content,view_count,created_at,updated_at,is_deleted,is_comment_enabled,review_status) VALUES (29,11,51,3,'Rem expedita at alias neque sapiente.

Placeat culpa ipsam doloremque perspiciatis quam non. Numquam ipsam et pariatur.
Voluptates accusamus maxime laborum in suscipit. Ad voluptas eum soluta. Repellat aperiam adipisci quos.
Voluptates deleniti natus quo repellat. Impedit unde quibusdam ipsum cupiditate mollitia tempore.',0,'2025-04-30 21:14:08','2025-04-30 23:16:54',0,1,'BLINDED');
INSERT INTO reviews (review_id,event_id,user_id,rating,content,view_count,created_at,updated_at,is_deleted,is_comment_enabled,review_status) VALUES (30,11,71,5,'Repellat libero aspernatur voluptatum accusantium et aliquam.

Itaque rem tempora nisi aut. Ab dolorum ratione officiis accusantium laudantium modi.
Nisi a quia minus. Reprehenderit quae tenetur omnis odio. Recusandae commodi dolores eligendi sit quasi. Dignissimos ut dolor corporis quos laudantium.',0,'2025-04-28 21:23:47','2025-04-29 13:15:46',0,1,'REPORTED');
INSERT INTO reviews (review_id,event_id,user_id,rating,content,view_count,created_at,updated_at,is_deleted,is_comment_enabled,review_status) VALUES (31,11,61,1,'Rerum provident eum voluptas veritatis.

Corporis eaque ut tempore laboriosam nisi. Culpa tenetur reiciendis hic quisquam error. Est doloremque quia eius accusantium.
Sapiente fugiat nisi doloremque quaerat.',0,'2025-04-29 12:02:23','2025-04-29 18:45:33',0,1,'PUBLIC');
INSERT INTO reviews (review_id,event_id,user_id,rating,content,view_count,created_at,updated_at,is_deleted,is_comment_enabled,review_status) VALUES (32,11,55,4,'Explicabo ad sunt amet numquam.

Reprehenderit incidunt inventore veritatis temporibus animi doloremque. Optio non impedit sequi ut distinctio ut. Assumenda ab labore deleniti vero.
Possimus suscipit porro accusantium praesentium. Officiis facilis quibusdam explicabo incidunt nobis eligendi. Laboriosam quis vel dicta adipisci.',0,'2025-04-29 18:50:21','2025-04-30 19:43:11',0,1,'PUBLIC');
INSERT INTO reviews (review_id,event_id,user_id,rating,content,view_count,created_at,updated_at,is_deleted,is_comment_enabled,review_status) VALUES (33,11,91,1,'Nemo nihil iste deserunt.

Velit aut laboriosam odit ullam placeat. Ea cumque vel suscipit.
Quae perspiciatis pariatur odit sapiente ut eaque. Nulla non ipsum ex aperiam eligendi eos.
Est quisquam ducimus ducimus accusamus et ea dolor. Neque asperiores recusandae doloremque nam consectetur.',0,'2025-04-29 00:31:32','2025-04-30 20:56:32',0,1,'PUBLIC');
INSERT INTO reviews (review_id,event_id,user_id,rating,content,view_count,created_at,updated_at,is_deleted,is_comment_enabled,review_status) VALUES (34,12,53,4,'Officia facilis exercitationem voluptatibus.

Quae debitis quod beatae reprehenderit repudiandae exercitationem. Qui culpa modi nostrum nostrum voluptatem delectus. Labore quasi exercitationem veritatis deleniti.
Corrupti quod illum totam ex commodi unde.',0,'2026-02-07 18:13:41','2026-02-08 00:21:03',0,1,'BLINDED');
INSERT INTO reviews (review_id,event_id,user_id,rating,content,view_count,created_at,updated_at,is_deleted,is_comment_enabled,review_status) VALUES (35,12,98,4,'Totam ipsam ea minima ab.

Assumenda quas minima explicabo ipsa. Repellendus commodi quos nesciunt quaerat harum at recusandae.
Modi quibusdam quas qui itaque velit cum maxime. Ab eaque eligendi natus tenetur necessitatibus. Doloribus vel architecto sed.
Ipsa vero reiciendis veritatis a non. Quaerat ipsam labore aliquid.',0,'2026-02-09 13:52:23','2026-02-09 15:26:30',0,1,'PUBLIC');
INSERT INTO reviews (review_id,event_id,user_id,rating,content,view_count,created_at,updated_at,is_deleted,is_comment_enabled,review_status) VALUES (36,12,44,1,'Voluptate facilis nihil laborum dolorum unde.

Eaque sapiente quis eos. Deleniti minima quod architecto.
Sunt ipsam dolorum magnam a. Esse molestias placeat iusto quisquam ex consectetur aliquam. Laborum voluptatibus similique quod minus delectus.
Consectetur in repellat totam ex veniam. Veniam voluptatum dolor doloremque eveniet similique.',0,'2026-02-09 06:32:30','2026-02-10 09:53:56',0,1,'REPORTED');
INSERT INTO reviews (review_id,event_id,user_id,rating,content,view_count,created_at,updated_at,is_deleted,is_comment_enabled,review_status) VALUES (37,12,22,5,'Consequuntur quam magnam.

Eum accusamus harum quo aut vero rem neque. Optio consectetur mollitia quidem sapiente quam laboriosam.
Accusantium ullam est unde harum atque. Fugiat pariatur incidunt temporibus dolore labore id. At officia maiores consequatur. Architecto dicta ut rerum.',0,'2026-02-08 00:45:07','2026-02-08 05:11:16',0,1,'PUBLIC');
INSERT INTO reviews (review_id,event_id,user_id,rating,content,view_count,created_at,updated_at,is_deleted,is_comment_enabled,review_status) VALUES (38,13,35,1,'Quo sapiente hic vero.

Eveniet blanditiis accusamus provident modi. Harum dicta reprehenderit aliquid illo dolorum saepe. Omnis provident minima reprehenderit itaque.
Reiciendis dicta libero est fugit velit quis veniam. Hic ducimus fugit sint. Adipisci voluptas non in.',0,'2023-06-20 20:27:39','2023-06-22 06:16:30',0,1,'BLINDED');
INSERT INTO reviews (review_id,event_id,user_id,rating,content,view_count,created_at,updated_at,is_deleted,is_comment_enabled,review_status) VALUES (39,13,12,2,'Modi quas eveniet odit fugiat.

Tenetur est alias possimus possimus tempore. Nostrum aliquam expedita ad.
Non excepturi quod omnis eveniet praesentium aliquam voluptatum. Architecto exercitationem nam quasi nisi velit fugiat.',0,'2023-06-21 06:55:42','2023-06-21 18:46:56',0,1,'BLINDED');
INSERT INTO reviews (review_id,event_id,user_id,rating,content,view_count,created_at,updated_at,is_deleted,is_comment_enabled,review_status) VALUES (40,13,39,4,'Similique rem asperiores modi.

Cupiditate repudiandae doloremque totam. Iusto delectus deleniti vitae ab voluptatum.
Harum vel dignissimos odio. Doloremque eos inventore asperiores maiores sed nostrum. Labore quis soluta.
Officiis similique repellat occaecati quasi excepturi. Laudantium sequi autem deleniti impedit suscipit.',0,'2023-06-21 21:39:54','2023-06-22 07:08:04',0,1,'REPORTED');
INSERT INTO reviews (review_id,event_id,user_id,rating,content,view_count,created_at,updated_at,is_deleted,is_comment_enabled,review_status) VALUES (41,13,45,3,'Unde aspernatur dolore natus tenetur laborum.

Consectetur laborum ipsam sequi. Aliquam nostrum sapiente.
Ratione praesentium tempora illum. Quia veritatis quibusdam illum deleniti officiis sunt sunt. Consequatur maxime in eaque culpa.
Ab unde consequuntur quo temporibus excepturi. A culpa dicta iusto cum laudantium quos. Nesciunt harum libero.',0,'2023-06-21 22:30:46','2023-06-22 09:42:06',0,1,'PUBLIC');
INSERT INTO reviews (review_id,event_id,user_id,rating,content,view_count,created_at,updated_at,is_deleted,is_comment_enabled,review_status) VALUES (42,14,75,3,'Dolor ex quam molestiae.

Tempora iste doloribus est illo vitae. Similique officia animi ducimus eius quo. Quasi eos pariatur quibusdam.
Dolores enim recusandae blanditiis occaecati porro. Sint atque sapiente laborum. Aliquam consequuntur necessitatibus voluptatem sint eligendi. Dicta nihil quidem repudiandae.',0,'2025-10-18 17:13:48','2025-10-18 18:11:59',0,1,'PUBLIC');
INSERT INTO reviews (review_id,event_id,user_id,rating,content,view_count,created_at,updated_at,is_deleted,is_comment_enabled,review_status) VALUES (43,15,9,5,'Natus molestiae consequatur ea.

Totam vero ducimus ipsa nulla. Dolor necessitatibus temporibus earum minima earum quae.
Consequuntur tempore dolores saepe. Iure aliquid dolorem animi.
Optio incidunt eligendi ratione. Quas odit excepturi maiores eum. Animi id fugit totam.',0,'2023-06-07 14:58:22','2023-06-07 16:41:06',0,1,'REPORTED');
INSERT INTO reviews (review_id,event_id,user_id,rating,content,view_count,created_at,updated_at,is_deleted,is_comment_enabled,review_status) VALUES (44,15,82,3,'Adipisci at accusantium.

Ipsa libero debitis asperiores molestiae. Pariatur nulla consequuntur. Tempora quod ullam voluptate quis sint possimus voluptatum. Quo porro itaque tempore.
Laboriosam porro ullam id. Accusamus asperiores neque et. Soluta fugiat assumenda animi totam atque.',0,'2023-06-07 21:14:17','2023-06-07 22:24:19',0,1,'PUBLIC');
INSERT INTO reviews (review_id,event_id,user_id,rating,content,view_count,created_at,updated_at,is_deleted,is_comment_enabled,review_status) VALUES (45,15,85,5,'Id hic exercitationem iusto.

Laborum voluptatibus adipisci debitis ea.
Consequuntur labore expedita quibusdam ut. Incidunt amet deleniti iusto laboriosam nisi. Tenetur esse itaque totam dolores. Inventore non delectus assumenda.
Natus natus ea debitis modi similique. Adipisci repellat optio libero.',0,'2023-06-07 17:04:02','2023-06-07 21:45:35',0,1,'REPORTED');
INSERT INTO reviews (review_id,event_id,user_id,rating,content,view_count,created_at,updated_at,is_deleted,is_comment_enabled,review_status) VALUES (46,15,8,1,'Praesentium voluptas itaque.

Occaecati eum blanditiis incidunt veritatis possimus aliquam quaerat. Inventore aperiam nostrum incidunt nostrum culpa. Beatae praesentium eos asperiores.',0,'2023-06-07 20:10:48','2023-06-07 20:48:12',0,1,'REPORTED');
INSERT INTO reviews (review_id,event_id,user_id,rating,content,view_count,created_at,updated_at,is_deleted,is_comment_enabled,review_status) VALUES (47,16,95,4,'Iusto repellendus qui excepturi neque.

Explicabo quis quo. Tempore voluptates nesciunt eius facilis.
Esse quo odit reiciendis ducimus illo. Nisi quidem ut voluptate accusamus recusandae. Veritatis voluptatibus maxime suscipit quod saepe.',0,'2026-02-26 01:01:24','2026-02-26 01:54:00',0,1,'BLINDED');
INSERT INTO reviews (review_id,event_id,user_id,rating,content,view_count,created_at,updated_at,is_deleted,is_comment_enabled,review_status) VALUES (48,17,81,3,'Non necessitatibus autem.

Quidem harum nihil cum ut nisi iste ipsam. Doloribus consequuntur labore nemo iste quia omnis reprehenderit. Eos corporis veniam ea omnis repudiandae.
Aut debitis ratione labore occaecati. Nam ea dolorum necessitatibus eaque quo vel cum.',0,'2024-12-25 10:01:17','2024-12-25 13:59:35',0,1,'REPORTED');
INSERT INTO reviews (review_id,event_id,user_id,rating,content,view_count,created_at,updated_at,is_deleted,is_comment_enabled,review_status) VALUES (49,17,28,4,'Pariatur laborum facere velit.

Facilis libero quae. Animi doloremque dolore delectus corrupti.
Est adipisci similique inventore. Numquam nemo culpa temporibus asperiores ad non. Harum atque officiis aut natus tempore facilis.',0,'2024-12-24 20:08:06','2024-12-24 20:52:17',0,1,'PUBLIC');
INSERT INTO reviews (review_id,event_id,user_id,rating,content,view_count,created_at,updated_at,is_deleted,is_comment_enabled,review_status) VALUES (50,18,15,5,'Placeat saepe perspiciatis.

Voluptate eos molestiae illum. Quos unde odit sequi.
Quod ex sint suscipit dolorem incidunt.
Iure laudantium inventore aut labore est ratione. Aspernatur nam expedita ab.
Reprehenderit eaque deserunt reprehenderit. Aspernatur provident rem vel beatae placeat ea.',0,'2026-02-24 05:08:00','2026-02-24 09:31:04',0,1,'REPORTED');
INSERT INTO reviews (review_id,event_id,user_id,rating,content,view_count,created_at,updated_at,is_deleted,is_comment_enabled,review_status) VALUES (51,18,4,4,'Iusto dignissimos ullam aut placeat.

Id fugit expedita magni deserunt recusandae odio aut. Harum sint ad molestiae. Veritatis corrupti facere odit consequuntur.
Porro quas dolore fugiat odit ea minima. Esse et nobis necessitatibus. Labore consequuntur temporibus fugiat quisquam quaerat hic.',0,'2026-02-23 09:38:43','2026-02-25 03:17:05',0,1,'REPORTED');
INSERT INTO reviews (review_id,event_id,user_id,rating,content,view_count,created_at,updated_at,is_deleted,is_comment_enabled,review_status) VALUES (52,18,55,2,'Reprehenderit magnam impedit.

Quaerat doloribus reprehenderit dolore deleniti ad. Suscipit doloremque rem voluptatum quia impedit. Sed repellendus suscipit. Laboriosam vitae veritatis perspiciatis illo unde sit.
Dolor exercitationem quidem eius omnis quo.',0,'2026-02-25 16:41:34','2026-02-26 02:17:51',0,1,'PUBLIC');
INSERT INTO reviews (review_id,event_id,user_id,rating,content,view_count,created_at,updated_at,is_deleted,is_comment_enabled,review_status) VALUES (53,19,1,3,'Voluptates in necessitatibus.

Consectetur molestiae itaque. Ipsa accusamus minus provident tempore.
Sint harum incidunt harum itaque ad error ut. Delectus distinctio et tenetur doloremque modi rerum.
Corporis odio facere officiis unde quia.
Quam facere architecto corrupti. Est quod nihil qui.
Ut iste mollitia tempore suscipit.',0,'2023-11-20 16:20:09','2023-11-21 09:18:08',0,1,'REPORTED');
INSERT INTO reviews (review_id,event_id,user_id,rating,content,view_count,created_at,updated_at,is_deleted,is_comment_enabled,review_status) VALUES (54,19,6,3,'Laborum fuga exercitationem id magni.

Ipsa maiores numquam veniam cupiditate cupiditate velit officiis. Explicabo cumque reiciendis esse voluptates consequuntur. Perspiciatis eum sint.
Magnam aliquam ratione tempora sit delectus. Quos eum delectus.
Aliquid eos porro harum dolorem ullam facere. Rerum sit blanditiis ullam possimus est.',0,'2023-11-21 21:27:36','2023-11-22 04:39:54',0,1,'PUBLIC');
INSERT INTO reviews (review_id,event_id,user_id,rating,content,view_count,created_at,updated_at,is_deleted,is_comment_enabled,review_status) VALUES (55,20,60,2,'Consectetur nesciunt dignissimos suscipit soluta.

Sed sapiente velit quas voluptatum eum voluptatum. Nihil sint quia numquam. Consequatur porro ea doloremque blanditiis eius eaque.
Blanditiis reprehenderit sunt totam. Aliquam nemo quaerat molestias exercitationem. Animi dolorum occaecati quis.',0,'2025-12-20 13:54:41','2025-12-20 14:00:23',0,1,'REPORTED');
INSERT INTO reviews (review_id,event_id,user_id,rating,content,view_count,created_at,updated_at,is_deleted,is_comment_enabled,review_status) VALUES (56,20,46,5,'Corporis optio odit dolor.

Exercitationem sit nihil assumenda voluptatibus repellat dolores quidem. Reiciendis tempore nostrum quae voluptatum consequuntur cupiditate. Sit laudantium iure at maxime nemo minima sed.',0,'2025-12-17 15:08:18','2025-12-18 05:42:36',0,1,'PUBLIC');
INSERT INTO reviews (review_id,event_id,user_id,rating,content,view_count,created_at,updated_at,is_deleted,is_comment_enabled,review_status) VALUES (57,20,51,1,'Delectus maxime fuga necessitatibus aut dolorum.

Nihil occaecati autem officia aspernatur error numquam aut. Illo fugit vitae. Impedit nisi minus molestias.
Doloremque incidunt sit quod. Molestias id id. Veniam sapiente cupiditate soluta consectetur. Necessitatibus culpa beatae sunt.',0,'2025-12-19 17:25:37','2025-12-19 19:34:08',0,1,'PUBLIC');
INSERT INTO reviews (review_id,event_id,user_id,rating,content,view_count,created_at,updated_at,is_deleted,is_comment_enabled,review_status) VALUES (58,20,81,4,'Illo quisquam repellat.

Debitis eligendi amet officiis porro quas. Dolore inventore hic repellat. Aliquid sunt neque deserunt.
Reprehenderit odio pariatur. Veritatis omnis aspernatur est.
Hic quibusdam velit saepe soluta aperiam pariatur. Odit aliquid aliquam dolorem.
Placeat nemo ex eligendi vitae dignissimos minima.',0,'2025-12-19 14:29:29','2025-12-20 04:14:30',0,1,'BLINDED');
INSERT INTO reviews (review_id,event_id,user_id,rating,content,view_count,created_at,updated_at,is_deleted,is_comment_enabled,review_status) VALUES (59,21,3,3,'Quos totam magni.

Doloribus odit unde autem occaecati doloremque. Et facere pariatur rem.
Quis aliquam atque tempore placeat. Minus itaque quibusdam doloribus ut deserunt. Vel non quam cupiditate officia esse sed.
Molestias iusto in blanditiis error ratione alias. Et ea illo officiis. Ea maxime mollitia ut.',0,'2023-06-09 02:35:22','2023-06-09 13:20:39',0,1,'BLINDED');
INSERT INTO reviews (review_id,event_id,user_id,rating,content,view_count,created_at,updated_at,is_deleted,is_comment_enabled,review_status) VALUES (60,21,98,4,'Amet eos quaerat ullam maiores nesciunt.

Harum error veniam. Delectus dignissimos aliquam.
Dignissimos possimus debitis dolore a accusamus cupiditate. Tempora ullam vel corporis quis sapiente. Ullam nobis vero.
Iste molestias veritatis quod assumenda.',0,'2023-06-08 13:07:02','2023-06-08 17:50:10',0,1,'PUBLIC');
INSERT INTO reviews (review_id,event_id,user_id,rating,content,view_count,created_at,updated_at,is_deleted,is_comment_enabled,review_status) VALUES (61,21,32,3,'Cupiditate aperiam saepe.

Enim ad magnam assumenda amet. Autem dolore odio iste.
Quasi cum voluptatibus beatae itaque nisi.
Tenetur at ratione doloribus veniam.
Architecto quas in reiciendis sit. Quod inventore saepe deserunt dolorum praesentium. Molestiae odio fuga.
Maiores magni maiores adipisci corporis.',0,'2023-06-08 20:01:35','2023-06-09 13:37:01',0,1,'BLINDED');
INSERT INTO reviews (review_id,event_id,user_id,rating,content,view_count,created_at,updated_at,is_deleted,is_comment_enabled,review_status) VALUES (62,22,77,3,'Possimus adipisci laborum.

Accusantium placeat fugit ad tenetur. Quasi facilis sed modi repellendus deleniti. Commodi amet minus labore eveniet.
Optio earum cum voluptatum. Unde saepe eaque.
Laboriosam cupiditate repellat nesciunt temporibus aspernatur eveniet. Cum possimus animi commodi inventore.',0,'2024-09-02 19:17:54','2024-09-02 20:07:20',0,1,'BLINDED');
INSERT INTO reviews (review_id,event_id,user_id,rating,content,view_count,created_at,updated_at,is_deleted,is_comment_enabled,review_status) VALUES (63,22,48,3,'Tenetur commodi eligendi.

Accusamus fuga exercitationem sint quidem aspernatur. Repellat labore eaque soluta. Minima quas sapiente inventore quo ipsam repellendus.
Voluptatibus excepturi quaerat eligendi mollitia. Ratione illo explicabo eum dolores. Doloremque at dolor assumenda distinctio officiis.',0,'2024-09-03 16:31:30','2024-09-03 16:55:39',0,1,'BLINDED');
INSERT INTO reviews (review_id,event_id,user_id,rating,content,view_count,created_at,updated_at,is_deleted,is_comment_enabled,review_status) VALUES (64,22,18,4,'Dolorem minima fugit soluta.

Dolor occaecati fugiat. Praesentium consequatur quis mollitia doloremque. Quibusdam aliquid eos saepe perspiciatis culpa.
Id sunt iusto autem. Ipsum mollitia voluptatibus illum maxime velit vero nisi. Porro porro at esse mollitia maiores amet.',0,'2024-09-03 11:29:42','2024-09-03 12:04:40',0,1,'BLINDED');
INSERT INTO reviews (review_id,event_id,user_id,rating,content,view_count,created_at,updated_at,is_deleted,is_comment_enabled,review_status) VALUES (65,22,84,5,'Culpa aperiam aliquam odit accusantium.

Nihil officia exercitationem eveniet quibusdam. Et soluta ipsam nihil.
Sit quia repellendus fugiat vitae eveniet molestiae. Officiis aut dolores deleniti.
Quis amet ipsa laborum pariatur. Repellat voluptatem fugit porro.',0,'2024-09-03 07:56:15','2024-09-03 18:16:34',0,1,'BLINDED');
INSERT INTO reviews (review_id,event_id,user_id,rating,content,view_count,created_at,updated_at,is_deleted,is_comment_enabled,review_status) VALUES (66,23,68,4,'Excepturi enim nesciunt illum.

Cumque ut doloribus nobis ullam.
Maiores expedita nihil nam. Necessitatibus temporibus consectetur natus minima ipsa voluptate. Animi consectetur cum nesciunt laboriosam expedita voluptas.',0,'2023-10-11 22:10:49','2023-10-11 23:15:08',0,1,'REPORTED');
INSERT INTO reviews (review_id,event_id,user_id,rating,content,view_count,created_at,updated_at,is_deleted,is_comment_enabled,review_status) VALUES (67,23,37,3,'Doloribus non necessitatibus.

Illum repellat et eveniet. Eveniet consectetur distinctio iste distinctio aperiam. Ab porro incidunt laudantium dolorum quos dignissimos.
Autem possimus fugit maxime maxime. Deserunt animi eum a odio.',0,'2023-10-10 01:01:46','2023-10-10 09:56:50',0,1,'BLINDED');
INSERT INTO reviews (review_id,event_id,user_id,rating,content,view_count,created_at,updated_at,is_deleted,is_comment_enabled,review_status) VALUES (68,23,64,1,'Nulla fugit nemo.

Nihil id rerum beatae beatae. Asperiores harum ipsa facilis id rem.
Iure exercitationem labore repellendus. Eveniet odit in praesentium itaque dolores. Consequuntur ratione laboriosam ea. Nisi reiciendis ipsum iure nesciunt nisi.',0,'2023-10-09 00:51:41','2023-10-10 12:00:05',0,1,'BLINDED');
INSERT INTO reviews (review_id,event_id,user_id,rating,content,view_count,created_at,updated_at,is_deleted,is_comment_enabled,review_status) VALUES (69,23,60,1,'Atque doloribus doloremque itaque quaerat voluptas.

Quasi eum facere ab tempore corrupti vero. Voluptate laudantium explicabo modi quam nisi. Repudiandae dolor ipsam dicta ratione consequatur.
A consequatur quas adipisci error. Ex totam aliquam soluta possimus non.',0,'2023-10-09 13:08:47','2023-10-10 15:22:46',0,1,'PUBLIC');
INSERT INTO reviews (review_id,event_id,user_id,rating,content,view_count,created_at,updated_at,is_deleted,is_comment_enabled,review_status) VALUES (70,24,43,4,'Laboriosam repudiandae corporis facere magni.

Voluptatum laboriosam cumque animi tenetur et tempora. Harum occaecati architecto aliquam.
Placeat recusandae eos molestias pariatur sapiente quaerat dolor. Doloribus beatae accusantium placeat pariatur quam.',0,'2024-04-20 04:35:07','2024-04-20 07:32:41',0,1,'REPORTED');
INSERT INTO reviews (review_id,event_id,user_id,rating,content,view_count,created_at,updated_at,is_deleted,is_comment_enabled,review_status) VALUES (71,24,7,5,'Blanditiis architecto molestias similique.

Vitae excepturi ea molestiae libero in unde. Praesentium deserunt aliquam deserunt vero assumenda.
Odit in vel.
Cumque ab dicta provident voluptatem ratione. Totam eligendi commodi est facilis blanditiis.',0,'2024-04-19 17:29:57','2024-04-20 08:19:43',0,1,'BLINDED');
INSERT INTO reviews (review_id,event_id,user_id,rating,content,view_count,created_at,updated_at,is_deleted,is_comment_enabled,review_status) VALUES (72,24,15,1,'Quis facilis voluptates perferendis.

Cumque aut a itaque et. Optio provident est distinctio sequi blanditiis.
Corporis dignissimos architecto voluptas mollitia expedita modi. Porro facere quos dignissimos beatae totam eaque.',0,'2024-04-19 17:01:08','2024-04-19 22:55:05',0,1,'PUBLIC');
INSERT INTO reviews (review_id,event_id,user_id,rating,content,view_count,created_at,updated_at,is_deleted,is_comment_enabled,review_status) VALUES (73,24,89,4,'Iure quas voluptate quas temporibus error.

Quod quasi est. Quas voluptatibus eos iure neque exercitationem. Eius eius quos hic commodi.
Similique saepe praesentium ad mollitia quisquam. Omnis atque vel molestias soluta ad. Hic perspiciatis officiis magnam neque earum.',0,'2024-04-19 10:00:51','2024-04-20 12:16:05',0,1,'BLINDED');
-- Insert into review_comments
INSERT INTO review_comments (comment_id,review_id,user_id,content,created_at) VALUES (1,1,42,'Aspernatur deleniti similique assumenda. Explicabo vitae earum cum.
Illum culpa enim aspernatur. Quis facilis voluptas. Tenetur saepe eligendi vel.','2025-01-25 19:58:39');
INSERT INTO review_comments (comment_id,review_id,user_id,content,created_at) VALUES (2,1,81,'Tenetur consequatur minus cumque. Velit dolore consequuntur aspernatur.','2025-01-26 03:06:42');
INSERT INTO review_comments (comment_id,review_id,user_id,content,created_at) VALUES (3,1,11,'Accusamus nam aliquam necessitatibus esse. Beatae libero dolores culpa cumque debitis. Maxime alias recusandae placeat quibusdam.','2025-01-24 05:04:54');
INSERT INTO review_comments (comment_id,review_id,user_id,content,created_at) VALUES (4,2,52,'Alias autem soluta in consectetur. Libero ipsam commodi qui mollitia.','2025-01-24 21:15:38');
INSERT INTO review_comments (comment_id,review_id,user_id,content,created_at) VALUES (5,2,64,'Rem officia hic numquam. Libero recusandae mollitia dicta alias modi.','2025-01-24 21:27:25');
INSERT INTO review_comments (comment_id,review_id,user_id,content,created_at) VALUES (6,2,45,'Iusto corrupti voluptatibus iusto consectetur. Neque porro accusantium modi doloribus veritatis beatae.','2025-01-24 21:21:39');
INSERT INTO review_comments (comment_id,review_id,user_id,content,created_at) VALUES (7,3,36,'Rem illum deserunt facere. Est facilis incidunt pariatur quasi eaque nihil.','2025-01-26 06:28:57');
INSERT INTO review_comments (comment_id,review_id,user_id,content,created_at) VALUES (8,3,93,'Alias repellat tempore facilis praesentium. Veniam tempore adipisci odit. Officia molestias nam.','2025-01-26 04:10:16');
INSERT INTO review_comments (comment_id,review_id,user_id,content,created_at) VALUES (9,3,91,'Cum optio doloribus consequuntur maxime maxime enim. Iusto cumque ut tenetur. Magni occaecati perspiciatis quod error ipsum necessitatibus.','2025-01-26 04:06:59');
INSERT INTO review_comments (comment_id,review_id,user_id,content,created_at) VALUES (10,4,96,'Quidem assumenda iure recusandae. Alias dignissimos consectetur perferendis quidem. Rem unde cumque illum deleniti nam.','2025-01-25 13:52:13');
INSERT INTO review_comments (comment_id,review_id,user_id,content,created_at) VALUES (11,5,24,'Ipsum minus dolorum. Porro eaque ipsam quod necessitatibus deserunt.','2025-01-23 11:10:51');
INSERT INTO review_comments (comment_id,review_id,user_id,content,created_at) VALUES (12,7,51,'Debitis itaque quae quam. Laboriosam necessitatibus ipsum iste nostrum asperiores sunt. Modi deleniti et at.','2025-10-23 03:46:13');
INSERT INTO review_comments (comment_id,review_id,user_id,content,created_at) VALUES (13,7,29,'Consequatur fuga accusantium. Doloribus et quo et provident. Omnis in nihil officiis neque.','2025-10-22 17:03:42');
INSERT INTO review_comments (comment_id,review_id,user_id,content,created_at) VALUES (14,10,21,'Eligendi totam possimus eos animi. Iure nobis quis blanditiis. Nihil corrupti inventore ab eos. Minus excepturi odit animi.','2025-10-22 08:18:44');
INSERT INTO review_comments (comment_id,review_id,user_id,content,created_at) VALUES (15,10,81,'Maxime non doloremque dolores.
Blanditiis eum voluptas debitis. Deleniti culpa error et suscipit odit harum.','2025-10-22 08:19:48');
INSERT INTO review_comments (comment_id,review_id,user_id,content,created_at) VALUES (16,10,46,'Corporis consequuntur atque minima excepturi accusantium dolores modi. Accusantium mollitia quidem quia amet provident eum ducimus.','2025-10-22 08:15:23');
INSERT INTO review_comments (comment_id,review_id,user_id,content,created_at) VALUES (17,12,72,'Perferendis aliquid corrupti quaerat. Explicabo ratione mollitia explicabo laborum itaque. At earum neque repudiandae.','2023-05-08 21:36:15');
INSERT INTO review_comments (comment_id,review_id,user_id,content,created_at) VALUES (18,12,94,'Vero culpa accusamus rem. Ipsum molestiae est impedit tenetur.
Mollitia mollitia repellendus esse nulla voluptatibus. Voluptatum eius odit magnam.','2023-05-08 15:43:21');
INSERT INTO review_comments (comment_id,review_id,user_id,content,created_at) VALUES (19,13,88,'Earum id esse vero maxime quisquam. Esse ipsa ipsa. Optio accusamus occaecati repellendus.','2023-05-07 21:47:05');
INSERT INTO review_comments (comment_id,review_id,user_id,content,created_at) VALUES (20,14,22,'Atque porro modi. Doloribus cupiditate aliquam doloremque reiciendis itaque facere itaque.','2023-05-07 13:11:48');
INSERT INTO review_comments (comment_id,review_id,user_id,content,created_at) VALUES (21,14,61,'Dolor quis officiis optio earum quam neque.
Reprehenderit eum tenetur repudiandae facilis. Cumque corrupti illo sapiente deleniti aliquid voluptas.','2023-05-08 11:23:58');
INSERT INTO review_comments (comment_id,review_id,user_id,content,created_at) VALUES (22,14,20,'Aut aperiam ea odit eveniet ab eius. Impedit corrupti cupiditate dolores.','2023-05-08 00:05:37');
INSERT INTO review_comments (comment_id,review_id,user_id,content,created_at) VALUES (23,15,21,'Ab dignissimos repellat delectus provident nemo. Minus inventore nulla fugit aut nostrum voluptatum. Optio odit nisi voluptatem a.','2023-05-09 01:23:10');
INSERT INTO review_comments (comment_id,review_id,user_id,content,created_at) VALUES (24,16,56,'Fugit atque dolorum eum. Error minus at perferendis molestiae omnis sit minus.
Occaecati nostrum voluptatem dolores assumenda.','2023-04-05 23:48:45');
INSERT INTO review_comments (comment_id,review_id,user_id,content,created_at) VALUES (25,17,100,'Exercitationem corporis quae a. Non voluptas culpa ipsum nobis voluptates.
Maiores atque alias dicta ipsam quo natus. Maiores maxime ut consectetur.','2025-09-06 13:18:24');
INSERT INTO review_comments (comment_id,review_id,user_id,content,created_at) VALUES (26,17,48,'Repellendus temporibus voluptatibus itaque a. Amet repellendus voluptates officia nobis. Maiores a voluptates sit possimus nulla eaque.','2025-09-06 10:51:52');
INSERT INTO review_comments (comment_id,review_id,user_id,content,created_at) VALUES (27,19,51,'Id nobis cumque. Amet possimus hic quos quibusdam blanditiis facilis voluptate.','2024-12-29 02:01:24');
INSERT INTO review_comments (comment_id,review_id,user_id,content,created_at) VALUES (28,19,79,'Numquam deleniti nam similique. Ullam magnam reiciendis aspernatur dolor tempora. Temporibus laboriosam praesentium laboriosam.','2024-12-29 02:20:53');
INSERT INTO review_comments (comment_id,review_id,user_id,content,created_at) VALUES (29,19,27,'Dolor quam ea. Odit voluptas id iste libero nam tenetur.
Dolorum expedita et. Doloremque deserunt magnam libero nisi delectus.','2024-12-29 01:11:17');
INSERT INTO review_comments (comment_id,review_id,user_id,content,created_at) VALUES (30,20,50,'Repellat aliquid animi corporis natus quae. Consequatur nisi animi doloremque placeat.','2024-10-01 07:47:24');
INSERT INTO review_comments (comment_id,review_id,user_id,content,created_at) VALUES (31,20,32,'Aut minima occaecati. Aliquam delectus nostrum dolor.
Voluptatum soluta vel.','2024-10-01 07:49:42');
INSERT INTO review_comments (comment_id,review_id,user_id,content,created_at) VALUES (32,21,70,'Blanditiis dignissimos animi cum neque voluptate. Iure dignissimos voluptatibus tempora tempora quibusdam harum.','2024-09-30 00:46:52');
INSERT INTO review_comments (comment_id,review_id,user_id,content,created_at) VALUES (33,22,22,'Nisi non ut atque itaque harum. Iste et laborum perferendis laborum tempora ab.','2024-12-16 19:39:01');
INSERT INTO review_comments (comment_id,review_id,user_id,content,created_at) VALUES (34,22,46,'Ex soluta libero officia fugit aliquam.
Facere quisquam quod nobis error cum a reprehenderit. Sequi facere animi sit commodi ad.','2024-12-16 19:16:57');
INSERT INTO review_comments (comment_id,review_id,user_id,content,created_at) VALUES (35,23,89,'Tenetur eaque cum nesciunt nemo error ipsam. Non iure debitis consequuntur suscipit rem.
Doloremque voluptatibus ea laboriosam.','2024-12-17 06:02:17');
INSERT INTO review_comments (comment_id,review_id,user_id,content,created_at) VALUES (36,23,45,'Minima libero soluta. Nulla facilis voluptates error quam placeat veniam. Commodi iusto reiciendis error.','2024-12-17 06:03:53');
INSERT INTO review_comments (comment_id,review_id,user_id,content,created_at) VALUES (37,23,49,'Adipisci quasi blanditiis consequuntur eos. Officia sit modi enim illum. Mollitia saepe voluptatem eligendi.','2024-12-17 05:53:21');
INSERT INTO review_comments (comment_id,review_id,user_id,content,created_at) VALUES (38,24,6,'Fuga soluta neque sed facilis. Veniam explicabo suscipit modi. Reiciendis libero repellendus dolorum cumque commodi ducimus.','2024-12-17 10:39:20');
INSERT INTO review_comments (comment_id,review_id,user_id,content,created_at) VALUES (39,24,42,'Quae accusamus at quis nam. Dolor eum officia similique. Minima ullam impedit aliquid.','2024-12-17 13:53:25');
INSERT INTO review_comments (comment_id,review_id,user_id,content,created_at) VALUES (40,25,28,'Optio deleniti delectus voluptatibus autem. Praesentium nam voluptatum. Accusamus consequuntur quasi repudiandae impedit sit.','2024-12-17 06:37:17');
INSERT INTO review_comments (comment_id,review_id,user_id,content,created_at) VALUES (41,25,95,'Culpa libero minima est. Vitae praesentium nobis officia quas illum.
Nesciunt cumque animi cupiditate earum.','2024-12-17 06:03:16');
INSERT INTO review_comments (comment_id,review_id,user_id,content,created_at) VALUES (42,26,59,'Praesentium nostrum velit vel aperiam. Ducimus pariatur veritatis officia labore.','2024-12-16 21:44:19');
INSERT INTO review_comments (comment_id,review_id,user_id,content,created_at) VALUES (43,27,81,'Quas quaerat necessitatibus aspernatur. Ullam expedita tempora similique aut totam fugit dicta. Soluta est facere.','2025-08-16 13:59:02');
INSERT INTO review_comments (comment_id,review_id,user_id,content,created_at) VALUES (44,27,23,'Est soluta reiciendis ut. Distinctio cum facere minus in quo sed.
Delectus hic impedit quis quasi pariatur esse.','2025-08-16 09:05:35');
INSERT INTO review_comments (comment_id,review_id,user_id,content,created_at) VALUES (45,27,9,'Autem asperiores id optio. Veritatis modi occaecati animi odio. Voluptatem sint qui inventore aspernatur quis.','2025-08-16 13:11:40');
INSERT INTO review_comments (comment_id,review_id,user_id,content,created_at) VALUES (46,28,84,'Voluptatibus at qui facere harum autem. Minima libero quia. Incidunt voluptatum cumque suscipit quas neque.','2025-08-15 19:12:39');
INSERT INTO review_comments (comment_id,review_id,user_id,content,created_at) VALUES (47,28,28,'Magni commodi consectetur consequuntur omnis. Veritatis corporis id minus minus consequatur omnis.','2025-08-15 06:59:56');
INSERT INTO review_comments (comment_id,review_id,user_id,content,created_at) VALUES (48,29,15,'Aspernatur quibusdam neque vero. Explicabo natus officia at.','2025-04-30 21:20:05');
INSERT INTO review_comments (comment_id,review_id,user_id,content,created_at) VALUES (49,29,35,'Veniam impedit vel quam iusto ut eos.
Qui nesciunt illo. Dignissimos necessitatibus maxime iste possimus.','2025-04-30 22:44:06');
INSERT INTO review_comments (comment_id,review_id,user_id,content,created_at) VALUES (50,30,82,'Sed debitis dicta consequuntur. Labore cumque explicabo dolorum. Facilis aperiam esse ut. Suscipit molestias eos nostrum.','2025-04-28 21:25:30');
INSERT INTO review_comments (comment_id,review_id,user_id,content,created_at) VALUES (51,30,40,'Deleniti repellendus nam iste ad. Possimus architecto consequuntur hic harum qui nesciunt. Eveniet dolorum distinctio magni labore voluptatum.','2025-04-29 10:12:25');
INSERT INTO review_comments (comment_id,review_id,user_id,content,created_at) VALUES (52,30,45,'Minima porro saepe dolorum. Quam maxime iusto necessitatibus repellat itaque illo.','2025-04-29 06:26:52');
INSERT INTO review_comments (comment_id,review_id,user_id,content,created_at) VALUES (53,32,55,'Aliquam ut quibusdam ratione. Error at sunt maiores. Perspiciatis numquam quod id sunt natus.','2025-04-30 00:21:58');
INSERT INTO review_comments (comment_id,review_id,user_id,content,created_at) VALUES (54,33,81,'Maiores maiores labore ab voluptas incidunt sequi dolores. Aliquam temporibus inventore quod architecto saepe minus.','2025-04-30 07:18:54');
INSERT INTO review_comments (comment_id,review_id,user_id,content,created_at) VALUES (55,35,99,'Delectus delectus ducimus quo. Hic sapiente iure.
Consectetur sunt esse. Dolorum culpa dignissimos. Nisi quibusdam a earum.','2026-02-09 15:22:15');
INSERT INTO review_comments (comment_id,review_id,user_id,content,created_at) VALUES (56,36,13,'Pariatur aliquam minima nesciunt numquam occaecati corrupti. Facere quia cupiditate molestias iusto distinctio.','2026-02-10 01:10:49');
INSERT INTO review_comments (comment_id,review_id,user_id,content,created_at) VALUES (57,36,58,'Fugiat fugit voluptatibus numquam quia sit. Sequi excepturi beatae. Numquam exercitationem amet minima occaecati libero molestiae modi.','2026-02-09 19:13:37');
INSERT INTO review_comments (comment_id,review_id,user_id,content,created_at) VALUES (58,36,64,'Itaque odit excepturi iste dolorem. Perferendis magni aspernatur consequatur facilis ab. Animi voluptatem veniam similique.','2026-02-09 09:20:11');
INSERT INTO review_comments (comment_id,review_id,user_id,content,created_at) VALUES (59,38,93,'Quas perferendis minima illum quae.
Illum optio consequatur enim quis ut magni. Enim esse placeat labore dolore consequatur.','2023-06-21 09:26:36');
INSERT INTO review_comments (comment_id,review_id,user_id,content,created_at) VALUES (60,40,35,'Dignissimos magni labore natus voluptates. Itaque iste nemo repudiandae praesentium dicta. Tempore quae expedita perspiciatis.','2023-06-22 01:15:55');
INSERT INTO review_comments (comment_id,review_id,user_id,content,created_at) VALUES (61,41,97,'Commodi dolore officiis doloremque magni culpa expedita. Ab eveniet eligendi reiciendis dignissimos. Ex corporis cum.','2023-06-22 01:47:40');
INSERT INTO review_comments (comment_id,review_id,user_id,content,created_at) VALUES (62,41,57,'Natus possimus officia accusamus. Iusto itaque repudiandae minus impedit doloremque doloremque.','2023-06-21 23:55:01');
INSERT INTO review_comments (comment_id,review_id,user_id,content,created_at) VALUES (63,42,99,'Repudiandae reprehenderit magnam culpa vel accusamus.
Accusamus officiis alias. Maxime repellat suscipit.','2025-10-18 17:49:37');
INSERT INTO review_comments (comment_id,review_id,user_id,content,created_at) VALUES (64,45,22,'Inventore accusantium suscipit amet at soluta ab. Illo laboriosam assumenda a praesentium veniam ut vel. Odit recusandae id quibusdam quod.','2023-06-07 17:21:32');
INSERT INTO review_comments (comment_id,review_id,user_id,content,created_at) VALUES (65,45,14,'Sunt delectus harum expedita natus eos labore neque.
Suscipit reprehenderit praesentium. Perspiciatis dolorem deleniti rerum distinctio soluta.','2023-06-07 19:21:48');
INSERT INTO review_comments (comment_id,review_id,user_id,content,created_at) VALUES (66,46,5,'Esse perspiciatis vero similique totam. Quo nisi dolores adipisci cum impedit animi.','2023-06-07 20:30:07');
INSERT INTO review_comments (comment_id,review_id,user_id,content,created_at) VALUES (67,46,73,'Doloremque provident dicta enim quam. Deleniti fuga quasi aliquid at.','2023-06-07 20:44:37');
INSERT INTO review_comments (comment_id,review_id,user_id,content,created_at) VALUES (68,46,95,'Ex nihil provident nobis sit quo eligendi minus. In nesciunt facere voluptate provident.','2023-06-07 20:33:59');
INSERT INTO review_comments (comment_id,review_id,user_id,content,created_at) VALUES (69,47,2,'Ratione ratione quia quam similique. At officiis vel libero debitis praesentium. Non rem dolorum deserunt dignissimos sit facilis.','2026-02-26 01:28:04');
INSERT INTO review_comments (comment_id,review_id,user_id,content,created_at) VALUES (70,47,36,'Nemo error quidem natus voluptas molestiae nobis. Sunt quidem officia earum itaque aut rem.','2026-02-26 01:09:30');
INSERT INTO review_comments (comment_id,review_id,user_id,content,created_at) VALUES (71,47,84,'Dolores voluptate culpa provident architecto. Dolorum minima nobis quia cumque.','2026-02-26 01:27:19');
INSERT INTO review_comments (comment_id,review_id,user_id,content,created_at) VALUES (72,49,16,'Expedita eveniet assumenda facere ea rerum a. Ducimus ad totam in tempora assumenda quo. Dolorem eos aperiam eos pariatur.','2024-12-24 20:18:01');
INSERT INTO review_comments (comment_id,review_id,user_id,content,created_at) VALUES (73,50,99,'Possimus veritatis repudiandae veniam expedita quidem optio veritatis. Est nemo iure tempora eligendi minima.','2026-02-24 07:21:39');
INSERT INTO review_comments (comment_id,review_id,user_id,content,created_at) VALUES (74,52,21,'Culpa minus nostrum a accusamus.','2026-02-26 00:11:40');
INSERT INTO review_comments (comment_id,review_id,user_id,content,created_at) VALUES (75,52,30,'Culpa sunt saepe in atque. Odio neque nobis pariatur vel iste. Totam necessitatibus architecto quasi.
Quos aut iusto architecto cum.','2026-02-25 20:36:45');
INSERT INTO review_comments (comment_id,review_id,user_id,content,created_at) VALUES (76,53,17,'Error voluptates tempora aspernatur saepe odit asperiores. Laudantium tempora iure autem recusandae. Quasi commodi rem deleniti illum.','2023-11-20 19:00:42');
INSERT INTO review_comments (comment_id,review_id,user_id,content,created_at) VALUES (77,54,22,'Aspernatur expedita ipsam asperiores. Dignissimos a deserunt veritatis exercitationem. Sint nihil quam similique.','2023-11-22 04:12:04');
INSERT INTO review_comments (comment_id,review_id,user_id,content,created_at) VALUES (78,54,31,'Minima repellendus minima officia dolores. Modi iure accusantium eligendi.
Fuga eligendi modi reiciendis temporibus. Nemo ea laborum nulla eius.','2023-11-21 23:39:52');
INSERT INTO review_comments (comment_id,review_id,user_id,content,created_at) VALUES (79,54,22,'Rerum voluptate necessitatibus veniam corrupti dolore. Dolor nihil magnam delectus molestiae atque.','2023-11-21 23:51:28');
INSERT INTO review_comments (comment_id,review_id,user_id,content,created_at) VALUES (80,55,27,'Quod porro sint provident. Aliquid expedita debitis nulla asperiores veritatis fuga. Laborum dolor natus corporis consectetur sunt id.','2025-12-20 13:58:43');
INSERT INTO review_comments (comment_id,review_id,user_id,content,created_at) VALUES (81,56,48,'Eaque ipsam accusamus.
Amet esse suscipit architecto. Atque laudantium sit odit.','2025-12-18 00:37:53');
INSERT INTO review_comments (comment_id,review_id,user_id,content,created_at) VALUES (82,56,16,'Est eveniet labore ab beatae quam natus. Porro a omnis libero numquam soluta quod.','2025-12-17 23:59:40');
INSERT INTO review_comments (comment_id,review_id,user_id,content,created_at) VALUES (83,56,64,'Vel tempora aliquid. Sapiente officia odio iure odit deserunt.','2025-12-18 00:13:37');
INSERT INTO review_comments (comment_id,review_id,user_id,content,created_at) VALUES (84,57,93,'Quasi ipsum quis. Dolores architecto cupiditate sapiente. Aperiam non dolorem odit perferendis.','2025-12-19 18:28:45');
INSERT INTO review_comments (comment_id,review_id,user_id,content,created_at) VALUES (85,57,28,'Iure hic culpa provident vel quo consectetur. Voluptate molestias amet.','2025-12-19 18:45:21');
INSERT INTO review_comments (comment_id,review_id,user_id,content,created_at) VALUES (86,59,16,'Id neque quam.
Libero dolor quasi delectus laudantium. Eum adipisci sed unde.','2023-06-09 05:19:36');
INSERT INTO review_comments (comment_id,review_id,user_id,content,created_at) VALUES (87,59,98,'Voluptatum ipsa magnam ex eius. Esse iste distinctio hic laboriosam. Neque voluptatibus quaerat maiores magnam voluptas facere.','2023-06-09 10:45:38');
INSERT INTO review_comments (comment_id,review_id,user_id,content,created_at) VALUES (88,59,56,'Corporis delectus vero asperiores cumque sed.
Corrupti eos sit magnam officiis. Esse esse harum architecto ipsa.','2023-06-09 07:54:34');
INSERT INTO review_comments (comment_id,review_id,user_id,content,created_at) VALUES (89,60,60,'Laborum quo omnis animi maxime aut illo. Aliquam optio placeat qui eum porro ad fugiat. Quidem est iure magni cumque odio cupiditate.','2023-06-08 17:34:34');
INSERT INTO review_comments (comment_id,review_id,user_id,content,created_at) VALUES (90,61,91,'Magnam neque quo sapiente repellendus eaque vitae. Molestias magni dolore at omnis.','2023-06-09 10:21:21');
INSERT INTO review_comments (comment_id,review_id,user_id,content,created_at) VALUES (91,62,20,'Pariatur est nemo cumque veniam. Distinctio repellat deleniti sequi consectetur necessitatibus. Non dolor cupiditate dignissimos dicta.','2024-09-02 19:24:50');
INSERT INTO review_comments (comment_id,review_id,user_id,content,created_at) VALUES (92,63,75,'Modi dolorum culpa unde delectus. Non tenetur porro quia reprehenderit aut amet. Quidem illum facilis corporis fugiat quas sequi.','2024-09-03 16:37:52');
INSERT INTO review_comments (comment_id,review_id,user_id,content,created_at) VALUES (93,63,75,'Excepturi esse accusantium praesentium. Commodi magni doloremque facere quia est et.
Nisi accusamus quia placeat adipisci voluptas unde.','2024-09-03 16:38:12');
INSERT INTO review_comments (comment_id,review_id,user_id,content,created_at) VALUES (94,64,50,'Modi reprehenderit eaque voluptatem voluptate. Repellendus nobis est vitae praesentium dolorum accusamus maiores.','2024-09-03 11:43:04');
INSERT INTO review_comments (comment_id,review_id,user_id,content,created_at) VALUES (95,65,24,'Nisi doloremque earum dolorem pariatur explicabo nemo eos. Labore et ab porro.','2024-09-03 11:30:23');
INSERT INTO review_comments (comment_id,review_id,user_id,content,created_at) VALUES (96,69,17,'Inventore corrupti iusto ducimus. Eius recusandae tempora dolorum. Earum distinctio dolorum quod. Et sed deleniti distinctio quos asperiores enim.','2023-10-10 09:05:21');
INSERT INTO review_comments (comment_id,review_id,user_id,content,created_at) VALUES (97,71,73,'Eum accusantium repellendus voluptate dolore magni ea. Iure hic repudiandae temporibus ipsa.','2024-04-19 17:30:30');
INSERT INTO review_comments (comment_id,review_id,user_id,content,created_at) VALUES (98,72,97,'Nam earum expedita sed. Tenetur quidem totam odio aperiam. Repudiandae laborum voluptate velit error.','2024-04-19 22:50:31');
INSERT INTO review_comments (comment_id,review_id,user_id,content,created_at) VALUES (99,72,37,'Vel consectetur nihil aperiam. Corrupti nemo harum. Nobis dicta natus fugiat qui unde.','2024-04-19 17:22:28');
INSERT INTO review_comments (comment_id,review_id,user_id,content,created_at) VALUES (100,72,88,'Dicta dolore aperiam vero distinctio rerum quos. Quaerat omnis aut possimus doloribus.','2024-04-19 19:02:40');
INSERT INTO review_comments (comment_id,review_id,user_id,content,created_at) VALUES (101,73,82,'Sit laboriosam reiciendis voluptatibus. Consectetur voluptates porro harum corporis porro accusamus quidem.','2024-04-20 11:59:46');
INSERT INTO review_comments (comment_id,review_id,user_id,content,created_at) VALUES (102,73,5,'Tenetur illo asperiores nihil tempore rem.
Vitae fuga eos fugit nesciunt nobis. Nemo dolores at placeat doloribus doloremque.','2024-04-20 09:38:27');
INSERT INTO review_comments (comment_id,review_id,user_id,content,created_at) VALUES (103,73,22,'Qui id eum excepturi. Saepe sapiente perspiciatis soluta. Ullam voluptate fugiat recusandae.
Ab velit dolores ullam.','2024-04-20 09:29:23');
-- Insert into inquiries
INSERT INTO inquiries (inquiry_id,user_id,category,inquiry_title,content,status,created_at,updated_at) VALUES (1,8,'ACCOUNT','Corporis sint amet necessitatibus.','Suscipit facere eligendi architecto. Delectus perspiciatis optio et. Ad ipsa dolore saepe quidem odio facilis accusamus.
Voluptate ipsa nobis. Esse delectus quo. At tempore nesciunt inventore quae fugiat eligendi.','IN_PROGRESS','2023-07-28 00:53:45','2023-07-28 00:53:45');
INSERT INTO inquiries (inquiry_id,user_id,category,inquiry_title,content,status,created_at,updated_at) VALUES (2,15,'PAYMENT','Placeat consequatur fugit hic consequatur mollitia.','Ipsa quas veniam commodi quia. Sed illo ratione sit voluptatem.
Molestias temporibus autem dicta deserunt. Soluta quas enim voluptatibus et ipsa cum dolorum.
Necessitatibus id necessitatibus aliquam. Recusandae in vero aliquid.','OPEN','2023-11-22 20:51:47','2023-11-22 20:51:47');
INSERT INTO inquiries (inquiry_id,user_id,category,inquiry_title,content,status,created_at,updated_at) VALUES (3,7,'OTHER','Deleniti non corporis tempore.','Aliquid voluptatum tempora quisquam placeat impedit aut. Mollitia quos qui excepturi.
Hic tempore debitis veniam aliquid autem. Eveniet nostrum accusamus nihil cum perspiciatis aspernatur. Neque est a provident necessitatibus.','CLOSED','2024-10-01 05:49:58','2024-10-01 05:49:58');
INSERT INTO inquiries (inquiry_id,user_id,category,inquiry_title,content,status,created_at,updated_at) VALUES (4,53,'EVENT','Officia nihil aliquam rerum dolorem voluptates.','Eius dolore ducimus molestias.
Vero distinctio sunt fuga rerum. Labore neque voluptatibus autem velit ipsum corporis.
Odit iste corporis. Architecto quasi ut omnis alias maiores. Nulla atque veritatis hic sequi.
Repellendus architecto dicta aut. Repellat hic ipsum esse. Placeat nisi sit officia.','CLOSED','2025-05-30 13:29:17','2025-05-30 13:29:17');
INSERT INTO inquiries (inquiry_id,user_id,category,inquiry_title,content,status,created_at,updated_at) VALUES (5,55,'OTHER','Modi eveniet quod minus.','Et sed eum nobis ab consequuntur exercitationem quas. Sapiente voluptates possimus error ipsa necessitatibus vitae.
Voluptatibus placeat est quibusdam. Aliquam libero sit dolor ea. Nostrum voluptate perferendis cumque unde eos eligendi. Ipsum minima placeat quae.','IN_PROGRESS','2024-09-27 00:27:15','2024-09-27 00:27:15');
INSERT INTO inquiries (inquiry_id,user_id,category,inquiry_title,content,status,created_at,updated_at) VALUES (6,40,'ACCOUNT','Nesciunt deserunt tenetur.','Nam qui alias perspiciatis laborum.
Earum molestias eveniet doloribus excepturi voluptas. Quod cumque esse nesciunt id. Velit officia sequi eius aliquam temporibus. Sequi ipsam laboriosam laboriosam quibusdam.
Dolores ut sint harum ea a esse. Ut cupiditate dicta quas.','IN_PROGRESS','2025-05-05 08:15:20','2025-05-05 08:15:20');
INSERT INTO inquiries (inquiry_id,user_id,category,inquiry_title,content,status,created_at,updated_at) VALUES (7,8,'EVENT','Corrupti ipsum distinctio praesentium.','Sapiente beatae amet repellendus. Doloribus quidem doloremque est quas eum quaerat. Nam eligendi sit nemo inventore quia.
Esse dicta in maiores dolor dolore laudantium. Quaerat dolores quis cum ipsa praesentium.','OPEN','2026-02-27 10:46:19','2026-02-27 10:46:19');
INSERT INTO inquiries (inquiry_id,user_id,category,inquiry_title,content,status,created_at,updated_at) VALUES (8,18,'PAYMENT','Possimus ipsum nemo rerum atque.','Dicta vitae rerum voluptatibus recusandae esse natus. Cupiditate corporis veritatis sunt porro. Excepturi saepe nobis sed labore aperiam porro.','OPEN','2023-10-03 05:26:52','2023-10-03 05:26:52');
INSERT INTO inquiries (inquiry_id,user_id,category,inquiry_title,content,status,created_at,updated_at) VALUES (9,16,'PAYMENT','Officiis sunt repudiandae amet consectetur.','Voluptate enim suscipit itaque eligendi. Blanditiis maxime quidem ratione pariatur soluta.
Doloribus corrupti dolorum. Amet placeat beatae culpa vel. Nihil harum officiis aut consequatur excepturi enim.
Quis minus laboriosam consequuntur cumque. Placeat quaerat beatae tempora pariatur repellendus.','IN_PROGRESS','2023-12-27 02:20:48','2023-12-27 02:20:48');
INSERT INTO inquiries (inquiry_id,user_id,category,inquiry_title,content,status,created_at,updated_at) VALUES (10,90,'ACCOUNT','Repellendus deserunt cum hic.','Quod cupiditate quia hic placeat. Aliquam in maxime ab voluptate consequatur pariatur.
Accusamus hic sint dolores.
In amet voluptatibus eius vero. Odio culpa modi tempore. Tempore libero temporibus tempora.
Molestias maiores nesciunt magni laborum voluptatibus delectus.','OPEN','2023-07-10 12:06:54','2023-07-10 12:06:54');
INSERT INTO inquiries (inquiry_id,user_id,category,inquiry_title,content,status,created_at,updated_at) VALUES (11,64,'PAYMENT','Dignissimos autem est.','Cumque laborum totam blanditiis pariatur. Praesentium numquam quae nihil dolorum tempore nobis. Dolorum maxime natus maiores tempore. Cupiditate hic sapiente aliquam veniam.','IN_PROGRESS','2025-10-12 18:13:49','2025-10-12 18:13:49');
INSERT INTO inquiries (inquiry_id,user_id,category,inquiry_title,content,status,created_at,updated_at) VALUES (12,13,'ACCOUNT','Ab fugit natus id suscipit.','Nobis eos eligendi animi. Alias quis vitae.
Et ratione vel qui earum necessitatibus voluptates. Assumenda ratione hic doloremque incidunt dolore nisi. Suscipit eos quas accusamus molestiae sunt harum.
Exercitationem dolor adipisci eaque quisquam accusantium. Cumque aut id vero.','IN_PROGRESS','2026-01-22 04:58:27','2026-01-22 04:58:27');
INSERT INTO inquiries (inquiry_id,user_id,category,inquiry_title,content,status,created_at,updated_at) VALUES (13,65,'PAYMENT','Accusamus quaerat repellat sequi iste ipsum in.','Quam deleniti perspiciatis earum deleniti facilis consequatur. Dolor totam non dignissimos tenetur quidem. Eligendi corporis omnis sunt voluptates perferendis harum.
Cum enim aperiam. Quam facere amet alias. Possimus perspiciatis placeat. Voluptate aliquid quam eveniet.','CLOSED','2025-01-14 11:50:27','2025-01-14 11:50:27');
INSERT INTO inquiries (inquiry_id,user_id,category,inquiry_title,content,status,created_at,updated_at) VALUES (14,83,'PAYMENT','Mollitia quibusdam atque ipsa sint.','Aliquid nulla soluta similique excepturi. Fuga natus ad error dicta cumque repellendus.
Id nam aliquid officia. Voluptates qui beatae accusantium eaque quam ratione.
Consequatur doloremque deserunt. Repellendus illum magnam quaerat esse. Ea dolorum expedita distinctio ducimus.','CLOSED','2023-08-28 06:09:50','2023-08-28 06:09:50');
INSERT INTO inquiries (inquiry_id,user_id,category,inquiry_title,content,status,created_at,updated_at) VALUES (15,83,'OTHER','Nisi architecto expedita saepe.','Pariatur nihil numquam id aliquam incidunt earum. Fugiat enim adipisci quas quasi saepe. Veritatis nostrum dolor in.
Quam iste maxime doloribus magni.
Ad dolor minima architecto maxime molestias nihil illum. Blanditiis mollitia sed commodi animi deserunt adipisci repudiandae.','CLOSED','2025-07-25 17:48:45','2025-07-25 17:48:45');
INSERT INTO inquiries (inquiry_id,user_id,category,inquiry_title,content,status,created_at,updated_at) VALUES (16,13,'REFUND','Possimus veniam consequuntur repudiandae.','Velit laboriosam vero aspernatur totam laudantium animi nobis. Ex nihil minus voluptates nesciunt ratione.
Officiis earum hic totam distinctio. Quae quaerat nulla id reiciendis ad consequatur tempora.','IN_PROGRESS','2024-10-23 06:36:25','2024-10-23 06:36:25');
INSERT INTO inquiries (inquiry_id,user_id,category,inquiry_title,content,status,created_at,updated_at) VALUES (17,66,'PAYMENT','Doloribus tempora aliquam velit.','Tempora omnis quaerat impedit repudiandae facere quos. Atque esse itaque quas aperiam expedita. In perspiciatis delectus soluta.
Reprehenderit magni a laboriosam. Ducimus minima facere totam repudiandae magnam a fuga. Quia iure vitae.','OPEN','2024-04-24 22:08:49','2024-04-24 22:08:49');
INSERT INTO inquiries (inquiry_id,user_id,category,inquiry_title,content,status,created_at,updated_at) VALUES (18,13,'EVENT','Optio quos repudiandae illo excepturi.','Consectetur possimus quis aliquam eligendi pariatur. Occaecati in reiciendis consequuntur officia voluptas labore cumque. Mollitia possimus fugit nemo molestias dolorem iure. A alias itaque mollitia incidunt aspernatur.','IN_PROGRESS','2023-07-08 22:18:53','2023-07-08 22:18:53');
INSERT INTO inquiries (inquiry_id,user_id,category,inquiry_title,content,status,created_at,updated_at) VALUES (19,93,'REFUND','Itaque id quo libero sit veniam rem.','Amet voluptates aliquam neque.
Cupiditate fugit vitae architecto recusandae odit officiis. Error aliquid enim officiis quibusdam.
Soluta magnam illum natus. Sed optio in unde.','IN_PROGRESS','2025-12-31 14:48:37','2025-12-31 14:48:37');
INSERT INTO inquiries (inquiry_id,user_id,category,inquiry_title,content,status,created_at,updated_at) VALUES (20,56,'PAYMENT','Ex qui placeat suscipit totam.','Amet error ratione quo incidunt amet. Voluptatum dolor atque vel commodi dicta quo. Laborum quis quia et veritatis atque fugit.
Tenetur illo recusandae ad dolore. Dolorum ullam repudiandae animi voluptas aut sequi. Harum veritatis impedit nulla aut dignissimos reprehenderit.','OPEN','2025-04-02 11:13:00','2025-04-02 11:13:00');
-- Insert into inquiry_answers
INSERT INTO inquiry_answers (answer_id,inquiry_id,admin_id,content,created_at) VALUES (1,1,1,'Fugiat harum tempora dignissimos voluptas. Labore eos assumenda corrupti quisquam saepe mollitia. Ratione culpa omnis repellendus reiciendis nesciunt.','2025-11-03 09:40:09');
INSERT INTO inquiry_answers (answer_id,inquiry_id,admin_id,content,created_at) VALUES (2,2,1,'Reprehenderit molestias quaerat amet praesentium. Beatae eveniet sit iure reiciendis consequuntur. Dignissimos natus assumenda illum asperiores accusamus. Illo ipsa iste minus suscipit et.','2025-10-11 09:31:01');
INSERT INTO inquiry_answers (answer_id,inquiry_id,admin_id,content,created_at) VALUES (3,3,1,'Commodi odio nisi qui. Repellat odit esse dolorem hic tenetur magni.
Similique officia voluptas iure tenetur perferendis veniam. Minima perspiciatis eum fugit accusantium dolor pariatur.','2025-09-28 23:00:54');
INSERT INTO inquiry_answers (answer_id,inquiry_id,admin_id,content,created_at) VALUES (4,6,1,'Temporibus quidem culpa totam molestias eum dolor officiis. Beatae aliquid minus vitae veniam aspernatur tempora. Deleniti dolorum placeat perspiciatis architecto minima error.','2025-11-18 18:24:29');
INSERT INTO inquiry_answers (answer_id,inquiry_id,admin_id,content,created_at) VALUES (5,8,1,'Fugiat delectus unde nobis quasi quisquam. Eaque fuga laudantium illo. Natus iusto laudantium.
Suscipit mollitia fugiat iusto excepturi eum. Neque fuga saepe.','2025-06-24 22:38:14');
INSERT INTO inquiry_answers (answer_id,inquiry_id,admin_id,content,created_at) VALUES (6,9,1,'Cupiditate alias eum commodi quia. Optio impedit optio dignissimos. Perferendis assumenda reiciendis ea quo illo vero dicta.','2025-08-30 23:47:38');
INSERT INTO inquiry_answers (answer_id,inquiry_id,admin_id,content,created_at) VALUES (7,11,1,'Sunt ea neque iure ex est tempora. Vel ducimus quibusdam cumque. Nobis illo dicta corrupti reprehenderit nam et.','2025-10-26 03:11:58');
INSERT INTO inquiry_answers (answer_id,inquiry_id,admin_id,content,created_at) VALUES (8,15,1,'Impedit fugiat reiciendis error. Veritatis eius consequuntur aspernatur.
Alias voluptatem tempore illum facilis ipsa quibusdam. Labore officiis officiis at neque aliquid.','2026-01-18 08:37:22');
INSERT INTO inquiry_answers (answer_id,inquiry_id,admin_id,content,created_at) VALUES (9,17,1,'Placeat voluptate fugiat voluptatum nulla quam. Enim quidem ex sint.','2024-12-28 00:22:41');
INSERT INTO inquiry_answers (answer_id,inquiry_id,admin_id,content,created_at) VALUES (10,18,1,'Accusantium nemo dolore saepe quo voluptas hic error. Ut distinctio voluptatibus veniam ullam. Velit voluptatibus velit minima autem. Veritatis excepturi consectetur cupiditate nam.','2024-03-07 16:21:30');
INSERT INTO inquiry_answers (answer_id,inquiry_id,admin_id,content,created_at) VALUES (11,19,1,'Eaque doloribus eligendi. Nostrum voluptas laboriosam ad amet hic.
Praesentium ex neque veritatis enim excepturi. Nesciunt hic temporibus.','2026-01-25 15:45:26');
-- Insert into payments
INSERT INTO payments (payment_id,user_id,event_id,event_apply_id,order_no,amount,payment_method,status,requested_at) VALUES (1,14,1,3,'PUPOO-ORDER-000001',68.98,'BANK','FAILED','2025-02-28 05:32:53');
INSERT INTO payments (payment_id,user_id,event_id,event_apply_id,order_no,amount,payment_method,status,requested_at) VALUES (2,23,1,13,'PUPOO-ORDER-000002',71.61,'CARD','REQUESTED','2026-01-10 18:33:51');
INSERT INTO payments (payment_id,user_id,event_id,event_apply_id,order_no,amount,payment_method,status,requested_at) VALUES (3,78,1,16,'PUPOO-ORDER-000003',87.13,'OTHER','APPROVED','2025-02-03 12:40:01');
INSERT INTO payments (payment_id,user_id,event_id,event_apply_id,order_no,amount,payment_method,status,requested_at) VALUES (4,68,1,29,'PUPOO-ORDER-000004',40.61,'CARD','REFUNDED','2026-01-14 06:32:58');
INSERT INTO payments (payment_id,user_id,event_id,event_apply_id,order_no,amount,payment_method,status,requested_at) VALUES (5,18,1,31,'PUPOO-ORDER-000005',39.89,'KAKAOPAY','CANCELLED','2025-10-26 11:26:02');
INSERT INTO payments (payment_id,user_id,event_id,event_apply_id,order_no,amount,payment_method,status,requested_at) VALUES (6,43,1,32,'PUPOO-ORDER-000006',67.20,'CARD','REFUNDED','2025-03-24 05:22:54');
INSERT INTO payments (payment_id,user_id,event_id,event_apply_id,order_no,amount,payment_method,status,requested_at) VALUES (7,93,1,35,'PUPOO-ORDER-000007',14.60,'BANK','REQUESTED','2025-10-12 18:24:43');
INSERT INTO payments (payment_id,user_id,event_id,event_apply_id,order_no,amount,payment_method,status,requested_at) VALUES (8,7,1,36,'PUPOO-ORDER-000008',91.45,'KAKAOPAY','APPROVED','2025-04-08 16:51:48');
INSERT INTO payments (payment_id,user_id,event_id,event_apply_id,order_no,amount,payment_method,status,requested_at) VALUES (9,60,1,37,'PUPOO-ORDER-000009',12.97,'BANK','APPROVED','2026-03-01 02:49:32');
INSERT INTO payments (payment_id,user_id,event_id,event_apply_id,order_no,amount,payment_method,status,requested_at) VALUES (10,34,1,38,'PUPOO-ORDER-000010',99.39,'OTHER','APPROVED','2025-10-27 02:56:45');
INSERT INTO payments (payment_id,user_id,event_id,event_apply_id,order_no,amount,payment_method,status,requested_at) VALUES (11,39,1,39,'PUPOO-ORDER-000011',83.70,'CARD','CANCELLED','2026-01-15 15:56:59');
INSERT INTO payments (payment_id,user_id,event_id,event_apply_id,order_no,amount,payment_method,status,requested_at) VALUES (12,78,2,41,'PUPOO-ORDER-000012',24.74,'KAKAOPAY','REFUNDED','2025-12-09 11:48:54');
INSERT INTO payments (payment_id,user_id,event_id,event_apply_id,order_no,amount,payment_method,status,requested_at) VALUES (13,53,2,50,'PUPOO-ORDER-000013',45.66,'CARD','REFUNDED','2025-12-19 22:07:45');
INSERT INTO payments (payment_id,user_id,event_id,event_apply_id,order_no,amount,payment_method,status,requested_at) VALUES (14,76,2,58,'PUPOO-ORDER-000014',70.59,'CARD','REQUESTED','2025-10-26 12:39:23');
INSERT INTO payments (payment_id,user_id,event_id,event_apply_id,order_no,amount,payment_method,status,requested_at) VALUES (15,17,2,59,'PUPOO-ORDER-000015',6.22,'OTHER','REFUNDED','2026-02-02 01:52:39');
INSERT INTO payments (payment_id,user_id,event_id,event_apply_id,order_no,amount,payment_method,status,requested_at) VALUES (16,49,2,62,'PUPOO-ORDER-000016',46.97,'BANK','REFUNDED','2025-12-03 07:36:30');
INSERT INTO payments (payment_id,user_id,event_id,event_apply_id,order_no,amount,payment_method,status,requested_at) VALUES (17,65,2,65,'PUPOO-ORDER-000017',84.97,'KAKAOPAY','REQUESTED','2026-01-08 03:52:22');
INSERT INTO payments (payment_id,user_id,event_id,event_apply_id,order_no,amount,payment_method,status,requested_at) VALUES (18,47,2,67,'PUPOO-ORDER-000018',67.90,'BANK','REQUESTED','2025-11-30 06:51:59');
INSERT INTO payments (payment_id,user_id,event_id,event_apply_id,order_no,amount,payment_method,status,requested_at) VALUES (19,16,2,69,'PUPOO-ORDER-000019',33.94,'KAKAOPAY','REQUESTED','2025-11-17 10:56:51');
INSERT INTO payments (payment_id,user_id,event_id,event_apply_id,order_no,amount,payment_method,status,requested_at) VALUES (20,75,2,72,'PUPOO-ORDER-000020',25.02,'KAKAOPAY','CANCELLED','2025-11-23 18:33:02');
INSERT INTO payments (payment_id,user_id,event_id,event_apply_id,order_no,amount,payment_method,status,requested_at) VALUES (21,55,2,74,'PUPOO-ORDER-000021',75.30,'OTHER','APPROVED','2025-11-29 11:55:34');
INSERT INTO payments (payment_id,user_id,event_id,event_apply_id,order_no,amount,payment_method,status,requested_at) VALUES (22,19,3,82,'PUPOO-ORDER-000022',11.44,'OTHER','CANCELLED','2025-07-28 04:11:39');
INSERT INTO payments (payment_id,user_id,event_id,event_apply_id,order_no,amount,payment_method,status,requested_at) VALUES (23,67,3,84,'PUPOO-ORDER-000023',80.44,'KAKAOPAY','REQUESTED','2025-10-17 06:36:33');
INSERT INTO payments (payment_id,user_id,event_id,event_apply_id,order_no,amount,payment_method,status,requested_at) VALUES (24,29,3,87,'PUPOO-ORDER-000024',16.30,'KAKAOPAY','REFUNDED','2025-09-04 00:03:18');
INSERT INTO payments (payment_id,user_id,event_id,event_apply_id,order_no,amount,payment_method,status,requested_at) VALUES (25,51,3,90,'PUPOO-ORDER-000025',50.03,'CARD','REFUNDED','2025-12-16 02:08:15');
INSERT INTO payments (payment_id,user_id,event_id,event_apply_id,order_no,amount,payment_method,status,requested_at) VALUES (26,73,3,91,'PUPOO-ORDER-000026',9.92,'CARD','REQUESTED','2026-01-03 01:43:41');
INSERT INTO payments (payment_id,user_id,event_id,event_apply_id,order_no,amount,payment_method,status,requested_at) VALUES (27,61,3,93,'PUPOO-ORDER-000027',78.15,'KAKAOPAY','REQUESTED','2025-11-17 14:12:52');
INSERT INTO payments (payment_id,user_id,event_id,event_apply_id,order_no,amount,payment_method,status,requested_at) VALUES (28,74,3,94,'PUPOO-ORDER-000028',36.89,'CARD','APPROVED','2025-07-22 10:09:00');
INSERT INTO payments (payment_id,user_id,event_id,event_apply_id,order_no,amount,payment_method,status,requested_at) VALUES (29,72,3,95,'PUPOO-ORDER-000029',68.45,'KAKAOPAY','CANCELLED','2026-01-22 19:03:49');
INSERT INTO payments (payment_id,user_id,event_id,event_apply_id,order_no,amount,payment_method,status,requested_at) VALUES (30,58,3,96,'PUPOO-ORDER-000030',82.75,'OTHER','APPROVED','2025-11-19 08:54:45');
INSERT INTO payments (payment_id,user_id,event_id,event_apply_id,order_no,amount,payment_method,status,requested_at) VALUES (31,2,3,98,'PUPOO-ORDER-000031',13.45,'CARD','FAILED','2025-12-01 20:47:21');
INSERT INTO payments (payment_id,user_id,event_id,event_apply_id,order_no,amount,payment_method,status,requested_at) VALUES (32,6,3,100,'PUPOO-ORDER-000032',18.20,'BANK','APPROVED','2026-01-17 05:49:44');
INSERT INTO payments (payment_id,user_id,event_id,event_apply_id,order_no,amount,payment_method,status,requested_at) VALUES (33,20,3,101,'PUPOO-ORDER-000033',97.47,'OTHER','REQUESTED','2025-07-26 20:42:36');
INSERT INTO payments (payment_id,user_id,event_id,event_apply_id,order_no,amount,payment_method,status,requested_at) VALUES (34,46,3,102,'PUPOO-ORDER-000034',10.53,'BANK','REFUNDED','2025-11-17 11:58:57');
INSERT INTO payments (payment_id,user_id,event_id,event_apply_id,order_no,amount,payment_method,status,requested_at) VALUES (35,24,3,103,'PUPOO-ORDER-000035',19.18,'CARD','APPROVED','2025-10-28 08:14:35');
INSERT INTO payments (payment_id,user_id,event_id,event_apply_id,order_no,amount,payment_method,status,requested_at) VALUES (36,77,4,105,'PUPOO-ORDER-000036',27.43,'OTHER','FAILED','2025-09-29 10:32:01');
INSERT INTO payments (payment_id,user_id,event_id,event_apply_id,order_no,amount,payment_method,status,requested_at) VALUES (37,23,4,109,'PUPOO-ORDER-000037',56.81,'KAKAOPAY','CANCELLED','2024-05-27 06:47:12');
INSERT INTO payments (payment_id,user_id,event_id,event_apply_id,order_no,amount,payment_method,status,requested_at) VALUES (38,59,4,114,'PUPOO-ORDER-000038',8.54,'KAKAOPAY','CANCELLED','2025-11-04 04:25:31');
INSERT INTO payments (payment_id,user_id,event_id,event_apply_id,order_no,amount,payment_method,status,requested_at) VALUES (39,78,4,116,'PUPOO-ORDER-000039',7.22,'KAKAOPAY','APPROVED','2024-08-14 12:25:47');
INSERT INTO payments (payment_id,user_id,event_id,event_apply_id,order_no,amount,payment_method,status,requested_at) VALUES (40,41,4,117,'PUPOO-ORDER-000040',20.90,'KAKAOPAY','REFUNDED','2025-10-23 22:13:12');
INSERT INTO payments (payment_id,user_id,event_id,event_apply_id,order_no,amount,payment_method,status,requested_at) VALUES (41,10,4,120,'PUPOO-ORDER-000041',59.16,'BANK','APPROVED','2025-09-30 16:28:35');
INSERT INTO payments (payment_id,user_id,event_id,event_apply_id,order_no,amount,payment_method,status,requested_at) VALUES (42,72,4,121,'PUPOO-ORDER-000042',9.86,'CARD','APPROVED','2024-03-06 03:40:18');
INSERT INTO payments (payment_id,user_id,event_id,event_apply_id,order_no,amount,payment_method,status,requested_at) VALUES (43,94,4,122,'PUPOO-ORDER-000043',59.47,'BANK','FAILED','2024-06-29 03:18:47');
INSERT INTO payments (payment_id,user_id,event_id,event_apply_id,order_no,amount,payment_method,status,requested_at) VALUES (44,3,4,123,'PUPOO-ORDER-000044',88.25,'KAKAOPAY','REFUNDED','2024-12-22 08:07:17');
INSERT INTO payments (payment_id,user_id,event_id,event_apply_id,order_no,amount,payment_method,status,requested_at) VALUES (45,87,4,124,'PUPOO-ORDER-000045',38.97,'OTHER','REFUNDED','2024-10-18 11:51:25');
INSERT INTO payments (payment_id,user_id,event_id,event_apply_id,order_no,amount,payment_method,status,requested_at) VALUES (46,7,4,126,'PUPOO-ORDER-000046',42.24,'BANK','CANCELLED','2025-12-31 00:58:18');
INSERT INTO payments (payment_id,user_id,event_id,event_apply_id,order_no,amount,payment_method,status,requested_at) VALUES (47,91,4,128,'PUPOO-ORDER-000047',42.30,'CARD','REFUNDED','2026-01-06 10:16:32');
INSERT INTO payments (payment_id,user_id,event_id,event_apply_id,order_no,amount,payment_method,status,requested_at) VALUES (48,54,4,129,'PUPOO-ORDER-000048',12.00,'OTHER','FAILED','2025-12-09 19:04:55');
INSERT INTO payments (payment_id,user_id,event_id,event_apply_id,order_no,amount,payment_method,status,requested_at) VALUES (49,27,4,130,'PUPOO-ORDER-000049',50.88,'OTHER','REFUNDED','2024-02-24 05:21:25');
INSERT INTO payments (payment_id,user_id,event_id,event_apply_id,order_no,amount,payment_method,status,requested_at) VALUES (50,6,5,132,'PUPOO-ORDER-000050',97.48,'BANK','APPROVED','2025-08-27 12:39:57');
INSERT INTO payments (payment_id,user_id,event_id,event_apply_id,order_no,amount,payment_method,status,requested_at) VALUES (51,65,5,134,'PUPOO-ORDER-000051',35.83,'KAKAOPAY','REQUESTED','2023-12-08 10:04:52');
INSERT INTO payments (payment_id,user_id,event_id,event_apply_id,order_no,amount,payment_method,status,requested_at) VALUES (52,62,5,140,'PUPOO-ORDER-000052',12.25,'BANK','REQUESTED','2026-01-01 12:40:43');
INSERT INTO payments (payment_id,user_id,event_id,event_apply_id,order_no,amount,payment_method,status,requested_at) VALUES (53,21,5,144,'PUPOO-ORDER-000053',14.06,'BANK','REFUNDED','2023-09-06 01:02:27');
INSERT INTO payments (payment_id,user_id,event_id,event_apply_id,order_no,amount,payment_method,status,requested_at) VALUES (54,32,5,146,'PUPOO-ORDER-000054',53.58,'KAKAOPAY','APPROVED','2025-10-07 10:59:00');
INSERT INTO payments (payment_id,user_id,event_id,event_apply_id,order_no,amount,payment_method,status,requested_at) VALUES (55,63,5,148,'PUPOO-ORDER-000055',65.51,'OTHER','APPROVED','2024-02-11 18:38:55');
INSERT INTO payments (payment_id,user_id,event_id,event_apply_id,order_no,amount,payment_method,status,requested_at) VALUES (56,82,5,149,'PUPOO-ORDER-000056',16.72,'KAKAOPAY','FAILED','2023-06-16 23:44:16');
INSERT INTO payments (payment_id,user_id,event_id,event_apply_id,order_no,amount,payment_method,status,requested_at) VALUES (57,20,5,152,'PUPOO-ORDER-000057',6.02,'KAKAOPAY','CANCELLED','2025-05-07 04:43:14');
INSERT INTO payments (payment_id,user_id,event_id,event_apply_id,order_no,amount,payment_method,status,requested_at) VALUES (58,79,6,155,'PUPOO-ORDER-000058',62.25,'BANK','REQUESTED','2025-12-17 14:30:21');
INSERT INTO payments (payment_id,user_id,event_id,event_apply_id,order_no,amount,payment_method,status,requested_at) VALUES (59,67,6,157,'PUPOO-ORDER-000059',12.62,'KAKAOPAY','REQUESTED','2025-10-12 23:36:44');
INSERT INTO payments (payment_id,user_id,event_id,event_apply_id,order_no,amount,payment_method,status,requested_at) VALUES (60,100,6,160,'PUPOO-ORDER-000060',85.29,'OTHER','REQUESTED','2026-01-30 10:41:18');
INSERT INTO payments (payment_id,user_id,event_id,event_apply_id,order_no,amount,payment_method,status,requested_at) VALUES (61,55,6,162,'PUPOO-ORDER-000061',8.67,'OTHER','REFUNDED','2025-12-10 14:45:46');
INSERT INTO payments (payment_id,user_id,event_id,event_apply_id,order_no,amount,payment_method,status,requested_at) VALUES (62,69,6,164,'PUPOO-ORDER-000062',62.46,'OTHER','REQUESTED','2026-01-07 21:49:44');
INSERT INTO payments (payment_id,user_id,event_id,event_apply_id,order_no,amount,payment_method,status,requested_at) VALUES (63,91,6,165,'PUPOO-ORDER-000063',67.63,'OTHER','APPROVED','2025-08-02 14:09:06');
INSERT INTO payments (payment_id,user_id,event_id,event_apply_id,order_no,amount,payment_method,status,requested_at) VALUES (64,68,6,166,'PUPOO-ORDER-000064',89.43,'BANK','CANCELLED','2025-10-31 11:00:52');
INSERT INTO payments (payment_id,user_id,event_id,event_apply_id,order_no,amount,payment_method,status,requested_at) VALUES (65,2,6,168,'PUPOO-ORDER-000065',40.39,'BANK','REQUESTED','2025-08-25 16:20:56');
INSERT INTO payments (payment_id,user_id,event_id,event_apply_id,order_no,amount,payment_method,status,requested_at) VALUES (66,47,6,170,'PUPOO-ORDER-000066',69.54,'KAKAOPAY','CANCELLED','2025-09-14 11:12:32');
INSERT INTO payments (payment_id,user_id,event_id,event_apply_id,order_no,amount,payment_method,status,requested_at) VALUES (67,90,6,177,'PUPOO-ORDER-000067',46.38,'OTHER','CANCELLED','2025-10-17 06:13:28');
INSERT INTO payments (payment_id,user_id,event_id,event_apply_id,order_no,amount,payment_method,status,requested_at) VALUES (68,48,6,178,'PUPOO-ORDER-000068',10.80,'OTHER','REFUNDED','2026-02-21 12:53:13');
INSERT INTO payments (payment_id,user_id,event_id,event_apply_id,order_no,amount,payment_method,status,requested_at) VALUES (69,59,6,179,'PUPOO-ORDER-000069',96.83,'CARD','APPROVED','2025-11-15 17:33:02');
INSERT INTO payments (payment_id,user_id,event_id,event_apply_id,order_no,amount,payment_method,status,requested_at) VALUES (70,63,6,180,'PUPOO-ORDER-000070',51.61,'OTHER','APPROVED','2025-10-21 01:45:18');
INSERT INTO payments (payment_id,user_id,event_id,event_apply_id,order_no,amount,payment_method,status,requested_at) VALUES (71,32,6,181,'PUPOO-ORDER-000071',68.38,'KAKAOPAY','REQUESTED','2026-01-20 22:47:19');
INSERT INTO payments (payment_id,user_id,event_id,event_apply_id,order_no,amount,payment_method,status,requested_at) VALUES (72,30,6,184,'PUPOO-ORDER-000072',95.47,'BANK','CANCELLED','2026-01-05 06:38:29');
INSERT INTO payments (payment_id,user_id,event_id,event_apply_id,order_no,amount,payment_method,status,requested_at) VALUES (73,82,6,185,'PUPOO-ORDER-000073',92.72,'CARD','FAILED','2025-12-30 12:52:09');
INSERT INTO payments (payment_id,user_id,event_id,event_apply_id,order_no,amount,payment_method,status,requested_at) VALUES (74,52,6,189,'PUPOO-ORDER-000074',6.57,'OTHER','CANCELLED','2025-08-10 00:11:04');
INSERT INTO payments (payment_id,user_id,event_id,event_apply_id,order_no,amount,payment_method,status,requested_at) VALUES (75,36,6,190,'PUPOO-ORDER-000075',60.20,'CARD','REQUESTED','2026-01-19 03:36:09');
INSERT INTO payments (payment_id,user_id,event_id,event_apply_id,order_no,amount,payment_method,status,requested_at) VALUES (76,97,6,194,'PUPOO-ORDER-000076',97.84,'OTHER','CANCELLED','2025-08-01 03:44:37');
INSERT INTO payments (payment_id,user_id,event_id,event_apply_id,order_no,amount,payment_method,status,requested_at) VALUES (77,6,6,195,'PUPOO-ORDER-000077',78.60,'OTHER','CANCELLED','2025-09-13 09:09:50');
INSERT INTO payments (payment_id,user_id,event_id,event_apply_id,order_no,amount,payment_method,status,requested_at) VALUES (78,64,6,196,'PUPOO-ORDER-000078',64.78,'CARD','REQUESTED','2025-11-26 01:32:40');
INSERT INTO payments (payment_id,user_id,event_id,event_apply_id,order_no,amount,payment_method,status,requested_at) VALUES (79,71,7,205,'PUPOO-ORDER-000079',86.51,'OTHER','REFUNDED','2025-02-13 13:23:47');
INSERT INTO payments (payment_id,user_id,event_id,event_apply_id,order_no,amount,payment_method,status,requested_at) VALUES (80,61,7,210,'PUPOO-ORDER-000080',64.09,'OTHER','FAILED','2025-07-03 17:00:21');
INSERT INTO payments (payment_id,user_id,event_id,event_apply_id,order_no,amount,payment_method,status,requested_at) VALUES (81,46,7,213,'PUPOO-ORDER-000081',52.11,'BANK','CANCELLED','2025-09-16 18:49:05');
INSERT INTO payments (payment_id,user_id,event_id,event_apply_id,order_no,amount,payment_method,status,requested_at) VALUES (82,79,7,218,'PUPOO-ORDER-000082',89.34,'KAKAOPAY','REFUNDED','2024-12-20 21:27:25');
INSERT INTO payments (payment_id,user_id,event_id,event_apply_id,order_no,amount,payment_method,status,requested_at) VALUES (83,91,7,220,'PUPOO-ORDER-000083',88.93,'KAKAOPAY','REFUNDED','2025-08-08 20:08:56');
INSERT INTO payments (payment_id,user_id,event_id,event_apply_id,order_no,amount,payment_method,status,requested_at) VALUES (84,87,7,221,'PUPOO-ORDER-000084',75.48,'BANK','REFUNDED','2024-12-22 04:55:59');
INSERT INTO payments (payment_id,user_id,event_id,event_apply_id,order_no,amount,payment_method,status,requested_at) VALUES (85,80,7,231,'PUPOO-ORDER-000085',32.66,'OTHER','CANCELLED','2025-10-04 02:04:45');
INSERT INTO payments (payment_id,user_id,event_id,event_apply_id,order_no,amount,payment_method,status,requested_at) VALUES (86,63,7,233,'PUPOO-ORDER-000086',23.98,'CARD','CANCELLED','2025-07-01 18:22:59');
INSERT INTO payments (payment_id,user_id,event_id,event_apply_id,order_no,amount,payment_method,status,requested_at) VALUES (87,54,7,236,'PUPOO-ORDER-000087',98.41,'BANK','REFUNDED','2025-08-18 01:14:53');
INSERT INTO payments (payment_id,user_id,event_id,event_apply_id,order_no,amount,payment_method,status,requested_at) VALUES (88,100,7,237,'PUPOO-ORDER-000088',20.45,'OTHER','CANCELLED','2025-06-30 14:39:04');
INSERT INTO payments (payment_id,user_id,event_id,event_apply_id,order_no,amount,payment_method,status,requested_at) VALUES (89,41,8,238,'PUPOO-ORDER-000089',11.85,'BANK','FAILED','2026-02-16 15:26:38');
INSERT INTO payments (payment_id,user_id,event_id,event_apply_id,order_no,amount,payment_method,status,requested_at) VALUES (90,71,8,242,'PUPOO-ORDER-000090',73.02,'CARD','REQUESTED','2025-03-15 09:24:40');
INSERT INTO payments (payment_id,user_id,event_id,event_apply_id,order_no,amount,payment_method,status,requested_at) VALUES (91,49,8,247,'PUPOO-ORDER-000091',19.74,'OTHER','REQUESTED','2025-06-17 08:25:53');
INSERT INTO payments (payment_id,user_id,event_id,event_apply_id,order_no,amount,payment_method,status,requested_at) VALUES (92,7,8,249,'PUPOO-ORDER-000092',75.64,'OTHER','APPROVED','2025-11-29 04:51:37');
INSERT INTO payments (payment_id,user_id,event_id,event_apply_id,order_no,amount,payment_method,status,requested_at) VALUES (93,19,8,251,'PUPOO-ORDER-000093',95.66,'CARD','REQUESTED','2025-02-12 11:50:21');
INSERT INTO payments (payment_id,user_id,event_id,event_apply_id,order_no,amount,payment_method,status,requested_at) VALUES (94,97,8,253,'PUPOO-ORDER-000094',64.08,'CARD','APPROVED','2024-10-06 14:29:44');
INSERT INTO payments (payment_id,user_id,event_id,event_apply_id,order_no,amount,payment_method,status,requested_at) VALUES (95,63,9,254,'PUPOO-ORDER-000095',61.76,'BANK','REFUNDED','2025-05-21 10:15:51');
INSERT INTO payments (payment_id,user_id,event_id,event_apply_id,order_no,amount,payment_method,status,requested_at) VALUES (96,9,9,256,'PUPOO-ORDER-000096',24.57,'BANK','REQUESTED','2025-09-14 03:33:23');
INSERT INTO payments (payment_id,user_id,event_id,event_apply_id,order_no,amount,payment_method,status,requested_at) VALUES (97,28,9,257,'PUPOO-ORDER-000097',7.05,'CARD','REFUNDED','2025-08-20 02:30:41');
INSERT INTO payments (payment_id,user_id,event_id,event_apply_id,order_no,amount,payment_method,status,requested_at) VALUES (98,6,9,263,'PUPOO-ORDER-000098',81.86,'KAKAOPAY','FAILED','2025-05-31 05:53:05');
INSERT INTO payments (payment_id,user_id,event_id,event_apply_id,order_no,amount,payment_method,status,requested_at) VALUES (99,66,9,267,'PUPOO-ORDER-000099',37.72,'OTHER','FAILED','2025-01-19 02:20:04');
INSERT INTO payments (payment_id,user_id,event_id,event_apply_id,order_no,amount,payment_method,status,requested_at) VALUES (100,39,9,270,'PUPOO-ORDER-000100',7.67,'BANK','CANCELLED','2024-12-20 08:08:43');
INSERT INTO payments (payment_id,user_id,event_id,event_apply_id,order_no,amount,payment_method,status,requested_at) VALUES (101,99,9,273,'PUPOO-ORDER-000101',77.11,'CARD','APPROVED','2025-08-28 09:06:44');
INSERT INTO payments (payment_id,user_id,event_id,event_apply_id,order_no,amount,payment_method,status,requested_at) VALUES (102,5,9,274,'PUPOO-ORDER-000102',8.70,'BANK','FAILED','2025-09-23 06:49:47');
INSERT INTO payments (payment_id,user_id,event_id,event_apply_id,order_no,amount,payment_method,status,requested_at) VALUES (103,44,9,280,'PUPOO-ORDER-000103',62.20,'OTHER','REFUNDED','2025-03-10 16:27:36');
INSERT INTO payments (payment_id,user_id,event_id,event_apply_id,order_no,amount,payment_method,status,requested_at) VALUES (104,22,10,286,'PUPOO-ORDER-000104',44.46,'OTHER','APPROVED','2025-12-28 06:19:38');
INSERT INTO payments (payment_id,user_id,event_id,event_apply_id,order_no,amount,payment_method,status,requested_at) VALUES (105,5,10,291,'PUPOO-ORDER-000105',58.53,'OTHER','CANCELLED','2026-01-11 20:57:45');
INSERT INTO payments (payment_id,user_id,event_id,event_apply_id,order_no,amount,payment_method,status,requested_at) VALUES (106,97,10,296,'PUPOO-ORDER-000106',13.59,'KAKAOPAY','REFUNDED','2025-09-29 21:42:48');
INSERT INTO payments (payment_id,user_id,event_id,event_apply_id,order_no,amount,payment_method,status,requested_at) VALUES (107,1,10,301,'PUPOO-ORDER-000107',15.06,'CARD','REQUESTED','2025-12-02 09:05:41');
INSERT INTO payments (payment_id,user_id,event_id,event_apply_id,order_no,amount,payment_method,status,requested_at) VALUES (108,96,10,304,'PUPOO-ORDER-000108',95.71,'OTHER','CANCELLED','2025-10-16 03:32:31');
INSERT INTO payments (payment_id,user_id,event_id,event_apply_id,order_no,amount,payment_method,status,requested_at) VALUES (109,83,10,307,'PUPOO-ORDER-000109',26.06,'OTHER','APPROVED','2025-09-22 13:34:09');
INSERT INTO payments (payment_id,user_id,event_id,event_apply_id,order_no,amount,payment_method,status,requested_at) VALUES (110,45,11,314,'PUPOO-ORDER-000110',11.98,'KAKAOPAY','REFUNDED','2025-06-25 16:15:24');
INSERT INTO payments (payment_id,user_id,event_id,event_apply_id,order_no,amount,payment_method,status,requested_at) VALUES (111,31,11,319,'PUPOO-ORDER-000111',88.21,'OTHER','CANCELLED','2025-04-10 21:46:44');
INSERT INTO payments (payment_id,user_id,event_id,event_apply_id,order_no,amount,payment_method,status,requested_at) VALUES (112,97,11,320,'PUPOO-ORDER-000112',35.79,'BANK','REFUNDED','2025-05-10 09:07:06');
INSERT INTO payments (payment_id,user_id,event_id,event_apply_id,order_no,amount,payment_method,status,requested_at) VALUES (113,71,11,321,'PUPOO-ORDER-000113',22.45,'CARD','FAILED','2025-03-14 17:24:00');
INSERT INTO payments (payment_id,user_id,event_id,event_apply_id,order_no,amount,payment_method,status,requested_at) VALUES (114,72,11,323,'PUPOO-ORDER-000114',62.74,'KAKAOPAY','CANCELLED','2026-01-15 04:37:27');
INSERT INTO payments (payment_id,user_id,event_id,event_apply_id,order_no,amount,payment_method,status,requested_at) VALUES (115,59,11,325,'PUPOO-ORDER-000115',99.73,'OTHER','CANCELLED','2026-02-09 04:32:47');
INSERT INTO payments (payment_id,user_id,event_id,event_apply_id,order_no,amount,payment_method,status,requested_at) VALUES (116,23,11,330,'PUPOO-ORDER-000116',56.83,'OTHER','FAILED','2026-02-23 19:03:29');
INSERT INTO payments (payment_id,user_id,event_id,event_apply_id,order_no,amount,payment_method,status,requested_at) VALUES (117,54,12,344,'PUPOO-ORDER-000117',84.38,'BANK','REQUESTED','2026-02-23 04:46:36');
INSERT INTO payments (payment_id,user_id,event_id,event_apply_id,order_no,amount,payment_method,status,requested_at) VALUES (118,26,12,345,'PUPOO-ORDER-000118',42.21,'BANK','CANCELLED','2026-02-02 22:39:40');
INSERT INTO payments (payment_id,user_id,event_id,event_apply_id,order_no,amount,payment_method,status,requested_at) VALUES (119,14,12,348,'PUPOO-ORDER-000119',30.62,'CARD','REFUNDED','2026-01-13 16:44:34');
INSERT INTO payments (payment_id,user_id,event_id,event_apply_id,order_no,amount,payment_method,status,requested_at) VALUES (120,17,12,349,'PUPOO-ORDER-000120',81.92,'KAKAOPAY','REFUNDED','2026-02-12 10:06:49');
INSERT INTO payments (payment_id,user_id,event_id,event_apply_id,order_no,amount,payment_method,status,requested_at) VALUES (121,8,12,351,'PUPOO-ORDER-000121',92.90,'CARD','FAILED','2026-02-25 09:01:09');
INSERT INTO payments (payment_id,user_id,event_id,event_apply_id,order_no,amount,payment_method,status,requested_at) VALUES (122,57,12,353,'PUPOO-ORDER-000122',51.45,'BANK','REFUNDED','2026-01-26 12:12:59');
INSERT INTO payments (payment_id,user_id,event_id,event_apply_id,order_no,amount,payment_method,status,requested_at) VALUES (123,25,12,364,'PUPOO-ORDER-000123',41.96,'OTHER','CANCELLED','2026-02-22 12:45:10');
INSERT INTO payments (payment_id,user_id,event_id,event_apply_id,order_no,amount,payment_method,status,requested_at) VALUES (124,52,12,371,'PUPOO-ORDER-000124',81.28,'CARD','REFUNDED','2026-01-18 22:28:44');
INSERT INTO payments (payment_id,user_id,event_id,event_apply_id,order_no,amount,payment_method,status,requested_at) VALUES (125,76,12,374,'PUPOO-ORDER-000125',18.88,'CARD','APPROVED','2026-01-20 09:46:47');
INSERT INTO payments (payment_id,user_id,event_id,event_apply_id,order_no,amount,payment_method,status,requested_at) VALUES (126,13,12,376,'PUPOO-ORDER-000126',17.25,'CARD','FAILED','2026-01-24 13:26:34');
INSERT INTO payments (payment_id,user_id,event_id,event_apply_id,order_no,amount,payment_method,status,requested_at) VALUES (127,72,12,377,'PUPOO-ORDER-000127',73.96,'CARD','REQUESTED','2025-12-29 03:15:16');
INSERT INTO payments (payment_id,user_id,event_id,event_apply_id,order_no,amount,payment_method,status,requested_at) VALUES (128,1,12,380,'PUPOO-ORDER-000128',66.57,'OTHER','REQUESTED','2026-01-12 20:29:46');
INSERT INTO payments (payment_id,user_id,event_id,event_apply_id,order_no,amount,payment_method,status,requested_at) VALUES (129,5,12,385,'PUPOO-ORDER-000129',61.05,'OTHER','REQUESTED','2026-01-01 19:11:52');
INSERT INTO payments (payment_id,user_id,event_id,event_apply_id,order_no,amount,payment_method,status,requested_at) VALUES (130,93,12,388,'PUPOO-ORDER-000130',97.71,'BANK','REFUNDED','2026-01-18 12:52:11');
INSERT INTO payments (payment_id,user_id,event_id,event_apply_id,order_no,amount,payment_method,status,requested_at) VALUES (131,23,13,392,'PUPOO-ORDER-000131',11.50,'KAKAOPAY','FAILED','2023-05-31 11:39:04');
INSERT INTO payments (payment_id,user_id,event_id,event_apply_id,order_no,amount,payment_method,status,requested_at) VALUES (132,68,13,393,'PUPOO-ORDER-000132',14.47,'BANK','FAILED','2025-08-26 06:38:50');
INSERT INTO payments (payment_id,user_id,event_id,event_apply_id,order_no,amount,payment_method,status,requested_at) VALUES (133,75,13,395,'PUPOO-ORDER-000133',23.55,'CARD','CANCELLED','2025-03-09 11:02:02');
INSERT INTO payments (payment_id,user_id,event_id,event_apply_id,order_no,amount,payment_method,status,requested_at) VALUES (134,35,13,399,'PUPOO-ORDER-000134',64.46,'CARD','APPROVED','2025-04-05 21:31:14');
INSERT INTO payments (payment_id,user_id,event_id,event_apply_id,order_no,amount,payment_method,status,requested_at) VALUES (135,14,13,404,'PUPOO-ORDER-000135',64.03,'BANK','CANCELLED','2024-04-11 04:05:42');
INSERT INTO payments (payment_id,user_id,event_id,event_apply_id,order_no,amount,payment_method,status,requested_at) VALUES (136,45,13,406,'PUPOO-ORDER-000136',98.00,'KAKAOPAY','CANCELLED','2024-04-06 15:52:33');
INSERT INTO payments (payment_id,user_id,event_id,event_apply_id,order_no,amount,payment_method,status,requested_at) VALUES (137,25,14,408,'PUPOO-ORDER-000137',52.76,'BANK','CANCELLED','2026-01-05 03:22:31');
INSERT INTO payments (payment_id,user_id,event_id,event_apply_id,order_no,amount,payment_method,status,requested_at) VALUES (138,31,14,409,'PUPOO-ORDER-000138',64.42,'KAKAOPAY','REQUESTED','2026-01-27 04:37:15');
INSERT INTO payments (payment_id,user_id,event_id,event_apply_id,order_no,amount,payment_method,status,requested_at) VALUES (139,14,14,410,'PUPOO-ORDER-000139',48.30,'BANK','APPROVED','2026-02-20 22:24:38');
INSERT INTO payments (payment_id,user_id,event_id,event_apply_id,order_no,amount,payment_method,status,requested_at) VALUES (140,62,14,411,'PUPOO-ORDER-000140',61.95,'OTHER','REQUESTED','2025-10-01 01:32:44');
INSERT INTO payments (payment_id,user_id,event_id,event_apply_id,order_no,amount,payment_method,status,requested_at) VALUES (141,33,14,412,'PUPOO-ORDER-000141',33.55,'BANK','FAILED','2025-11-21 09:07:19');
INSERT INTO payments (payment_id,user_id,event_id,event_apply_id,order_no,amount,payment_method,status,requested_at) VALUES (142,41,14,413,'PUPOO-ORDER-000142',25.57,'CARD','FAILED','2026-01-04 19:44:08');
INSERT INTO payments (payment_id,user_id,event_id,event_apply_id,order_no,amount,payment_method,status,requested_at) VALUES (143,19,14,414,'PUPOO-ORDER-000143',56.43,'KAKAOPAY','APPROVED','2025-09-23 09:37:29');
INSERT INTO payments (payment_id,user_id,event_id,event_apply_id,order_no,amount,payment_method,status,requested_at) VALUES (144,45,14,415,'PUPOO-ORDER-000144',31.37,'BANK','REFUNDED','2026-01-16 02:39:55');
INSERT INTO payments (payment_id,user_id,event_id,event_apply_id,order_no,amount,payment_method,status,requested_at) VALUES (145,69,14,421,'PUPOO-ORDER-000145',7.90,'CARD','CANCELLED','2025-11-04 18:32:31');
INSERT INTO payments (payment_id,user_id,event_id,event_apply_id,order_no,amount,payment_method,status,requested_at) VALUES (146,1,14,423,'PUPOO-ORDER-000146',24.12,'KAKAOPAY','REQUESTED','2025-10-18 18:53:13');
INSERT INTO payments (payment_id,user_id,event_id,event_apply_id,order_no,amount,payment_method,status,requested_at) VALUES (147,7,14,424,'PUPOO-ORDER-000147',79.55,'KAKAOPAY','REFUNDED','2025-12-30 09:39:26');
INSERT INTO payments (payment_id,user_id,event_id,event_apply_id,order_no,amount,payment_method,status,requested_at) VALUES (148,78,14,427,'PUPOO-ORDER-000148',54.17,'CARD','REFUNDED','2026-02-03 00:15:56');
INSERT INTO payments (payment_id,user_id,event_id,event_apply_id,order_no,amount,payment_method,status,requested_at) VALUES (149,60,14,428,'PUPOO-ORDER-000149',55.54,'BANK','APPROVED','2025-10-26 12:52:21');
INSERT INTO payments (payment_id,user_id,event_id,event_apply_id,order_no,amount,payment_method,status,requested_at) VALUES (150,97,14,429,'PUPOO-ORDER-000150',22.84,'BANK','REQUESTED','2025-11-26 03:34:46');
INSERT INTO payments (payment_id,user_id,event_id,event_apply_id,order_no,amount,payment_method,status,requested_at) VALUES (151,73,14,432,'PUPOO-ORDER-000151',85.13,'BANK','REQUESTED','2025-11-12 02:12:46');
INSERT INTO payments (payment_id,user_id,event_id,event_apply_id,order_no,amount,payment_method,status,requested_at) VALUES (152,87,14,434,'PUPOO-ORDER-000152',66.76,'OTHER','REFUNDED','2026-01-01 07:05:42');
INSERT INTO payments (payment_id,user_id,event_id,event_apply_id,order_no,amount,payment_method,status,requested_at) VALUES (153,47,14,436,'PUPOO-ORDER-000153',74.20,'BANK','FAILED','2026-01-02 04:54:02');
INSERT INTO payments (payment_id,user_id,event_id,event_apply_id,order_no,amount,payment_method,status,requested_at) VALUES (154,43,14,442,'PUPOO-ORDER-000154',20.09,'KAKAOPAY','APPROVED','2026-01-24 02:12:41');
INSERT INTO payments (payment_id,user_id,event_id,event_apply_id,order_no,amount,payment_method,status,requested_at) VALUES (155,40,14,445,'PUPOO-ORDER-000155',66.14,'OTHER','APPROVED','2025-11-10 01:23:26');
INSERT INTO payments (payment_id,user_id,event_id,event_apply_id,order_no,amount,payment_method,status,requested_at) VALUES (156,53,14,447,'PUPOO-ORDER-000156',58.97,'CARD','REFUNDED','2025-10-06 20:28:33');
INSERT INTO payments (payment_id,user_id,event_id,event_apply_id,order_no,amount,payment_method,status,requested_at) VALUES (157,20,14,448,'PUPOO-ORDER-000157',67.43,'CARD','CANCELLED','2026-01-07 14:46:06');
INSERT INTO payments (payment_id,user_id,event_id,event_apply_id,order_no,amount,payment_method,status,requested_at) VALUES (158,37,14,450,'PUPOO-ORDER-000158',84.87,'CARD','APPROVED','2026-02-08 23:23:08');
INSERT INTO payments (payment_id,user_id,event_id,event_apply_id,order_no,amount,payment_method,status,requested_at) VALUES (159,70,14,452,'PUPOO-ORDER-000159',79.74,'KAKAOPAY','REQUESTED','2026-01-14 23:07:42');
INSERT INTO payments (payment_id,user_id,event_id,event_apply_id,order_no,amount,payment_method,status,requested_at) VALUES (160,96,15,458,'PUPOO-ORDER-000160',44.92,'OTHER','FAILED','2024-08-20 21:13:50');
INSERT INTO payments (payment_id,user_id,event_id,event_apply_id,order_no,amount,payment_method,status,requested_at) VALUES (161,12,15,459,'PUPOO-ORDER-000161',49.50,'BANK','REFUNDED','2024-01-20 00:21:00');
INSERT INTO payments (payment_id,user_id,event_id,event_apply_id,order_no,amount,payment_method,status,requested_at) VALUES (162,65,15,460,'PUPOO-ORDER-000162',56.06,'BANK','CANCELLED','2025-05-26 16:58:18');
INSERT INTO payments (payment_id,user_id,event_id,event_apply_id,order_no,amount,payment_method,status,requested_at) VALUES (163,8,15,462,'PUPOO-ORDER-000163',22.43,'BANK','REFUNDED','2026-02-27 04:07:41');
INSERT INTO payments (payment_id,user_id,event_id,event_apply_id,order_no,amount,payment_method,status,requested_at) VALUES (164,60,15,465,'PUPOO-ORDER-000164',94.00,'BANK','REQUESTED','2025-05-20 02:10:45');
INSERT INTO payments (payment_id,user_id,event_id,event_apply_id,order_no,amount,payment_method,status,requested_at) VALUES (165,98,15,466,'PUPOO-ORDER-000165',27.13,'OTHER','CANCELLED','2023-12-12 00:57:40');
INSERT INTO payments (payment_id,user_id,event_id,event_apply_id,order_no,amount,payment_method,status,requested_at) VALUES (166,3,15,467,'PUPOO-ORDER-000166',68.18,'BANK','APPROVED','2026-01-22 10:22:03');
INSERT INTO payments (payment_id,user_id,event_id,event_apply_id,order_no,amount,payment_method,status,requested_at) VALUES (167,89,15,468,'PUPOO-ORDER-000167',6.57,'CARD','REQUESTED','2023-10-29 22:42:35');
INSERT INTO payments (payment_id,user_id,event_id,event_apply_id,order_no,amount,payment_method,status,requested_at) VALUES (168,29,15,470,'PUPOO-ORDER-000168',40.26,'CARD','REFUNDED','2023-11-13 11:08:42');
INSERT INTO payments (payment_id,user_id,event_id,event_apply_id,order_no,amount,payment_method,status,requested_at) VALUES (169,73,16,476,'PUPOO-ORDER-000169',64.70,'CARD','REQUESTED','2026-02-22 16:26:33');
INSERT INTO payments (payment_id,user_id,event_id,event_apply_id,order_no,amount,payment_method,status,requested_at) VALUES (170,18,16,478,'PUPOO-ORDER-000170',34.08,'BANK','REQUESTED','2026-03-01 12:39:25');
INSERT INTO payments (payment_id,user_id,event_id,event_apply_id,order_no,amount,payment_method,status,requested_at) VALUES (171,19,16,482,'PUPOO-ORDER-000171',87.70,'BANK','FAILED','2026-02-27 15:02:35');
INSERT INTO payments (payment_id,user_id,event_id,event_apply_id,order_no,amount,payment_method,status,requested_at) VALUES (172,8,16,485,'PUPOO-ORDER-000172',76.61,'CARD','FAILED','2026-02-27 03:04:44');
INSERT INTO payments (payment_id,user_id,event_id,event_apply_id,order_no,amount,payment_method,status,requested_at) VALUES (173,1,16,487,'PUPOO-ORDER-000173',5.54,'BANK','FAILED','2026-01-20 00:05:43');
INSERT INTO payments (payment_id,user_id,event_id,event_apply_id,order_no,amount,payment_method,status,requested_at) VALUES (174,30,16,489,'PUPOO-ORDER-000174',28.29,'BANK','REQUESTED','2026-03-02 09:02:54');
INSERT INTO payments (payment_id,user_id,event_id,event_apply_id,order_no,amount,payment_method,status,requested_at) VALUES (175,43,17,495,'PUPOO-ORDER-000175',92.05,'BANK','CANCELLED','2025-02-14 06:43:57');
INSERT INTO payments (payment_id,user_id,event_id,event_apply_id,order_no,amount,payment_method,status,requested_at) VALUES (176,48,17,496,'PUPOO-ORDER-000176',77.90,'CARD','APPROVED','2024-12-29 12:37:12');
INSERT INTO payments (payment_id,user_id,event_id,event_apply_id,order_no,amount,payment_method,status,requested_at) VALUES (177,49,17,498,'PUPOO-ORDER-000177',81.98,'CARD','CANCELLED','2026-01-05 06:35:37');
INSERT INTO payments (payment_id,user_id,event_id,event_apply_id,order_no,amount,payment_method,status,requested_at) VALUES (178,47,17,500,'PUPOO-ORDER-000178',24.73,'CARD','APPROVED','2025-09-07 07:50:58');
INSERT INTO payments (payment_id,user_id,event_id,event_apply_id,order_no,amount,payment_method,status,requested_at) VALUES (179,3,17,502,'PUPOO-ORDER-000179',14.44,'CARD','CANCELLED','2025-12-08 20:28:06');
INSERT INTO payments (payment_id,user_id,event_id,event_apply_id,order_no,amount,payment_method,status,requested_at) VALUES (180,65,17,505,'PUPOO-ORDER-000180',57.11,'OTHER','APPROVED','2025-03-31 13:08:41');
INSERT INTO payments (payment_id,user_id,event_id,event_apply_id,order_no,amount,payment_method,status,requested_at) VALUES (181,5,17,507,'PUPOO-ORDER-000181',98.32,'OTHER','FAILED','2025-07-01 12:36:25');
INSERT INTO payments (payment_id,user_id,event_id,event_apply_id,order_no,amount,payment_method,status,requested_at) VALUES (182,79,17,511,'PUPOO-ORDER-000182',31.56,'CARD','APPROVED','2025-05-06 03:48:00');
INSERT INTO payments (payment_id,user_id,event_id,event_apply_id,order_no,amount,payment_method,status,requested_at) VALUES (183,22,17,512,'PUPOO-ORDER-000183',62.64,'KAKAOPAY','APPROVED','2025-09-19 00:02:43');
INSERT INTO payments (payment_id,user_id,event_id,event_apply_id,order_no,amount,payment_method,status,requested_at) VALUES (184,46,17,515,'PUPOO-ORDER-000184',99.86,'OTHER','REFUNDED','2025-11-12 00:13:00');
INSERT INTO payments (payment_id,user_id,event_id,event_apply_id,order_no,amount,payment_method,status,requested_at) VALUES (185,68,18,518,'PUPOO-ORDER-000185',62.79,'CARD','CANCELLED','2026-02-21 07:06:51');
INSERT INTO payments (payment_id,user_id,event_id,event_apply_id,order_no,amount,payment_method,status,requested_at) VALUES (186,12,18,524,'PUPOO-ORDER-000186',7.33,'CARD','APPROVED','2026-01-09 20:09:20');
INSERT INTO payments (payment_id,user_id,event_id,event_apply_id,order_no,amount,payment_method,status,requested_at) VALUES (187,21,18,528,'PUPOO-ORDER-000187',57.91,'CARD','CANCELLED','2026-02-01 13:49:03');
INSERT INTO payments (payment_id,user_id,event_id,event_apply_id,order_no,amount,payment_method,status,requested_at) VALUES (188,10,18,530,'PUPOO-ORDER-000188',57.49,'KAKAOPAY','FAILED','2026-02-26 16:05:19');
INSERT INTO payments (payment_id,user_id,event_id,event_apply_id,order_no,amount,payment_method,status,requested_at) VALUES (189,14,18,534,'PUPOO-ORDER-000189',6.24,'BANK','CANCELLED','2026-01-24 11:04:17');
INSERT INTO payments (payment_id,user_id,event_id,event_apply_id,order_no,amount,payment_method,status,requested_at) VALUES (190,42,18,536,'PUPOO-ORDER-000190',27.71,'BANK','REQUESTED','2026-02-23 03:15:17');
INSERT INTO payments (payment_id,user_id,event_id,event_apply_id,order_no,amount,payment_method,status,requested_at) VALUES (191,86,18,537,'PUPOO-ORDER-000191',10.77,'KAKAOPAY','FAILED','2026-03-01 17:22:48');
INSERT INTO payments (payment_id,user_id,event_id,event_apply_id,order_no,amount,payment_method,status,requested_at) VALUES (192,78,18,538,'PUPOO-ORDER-000192',94.00,'CARD','APPROVED','2026-03-01 16:41:00');
INSERT INTO payments (payment_id,user_id,event_id,event_apply_id,order_no,amount,payment_method,status,requested_at) VALUES (193,93,18,539,'PUPOO-ORDER-000193',81.13,'CARD','REFUNDED','2026-03-02 10:08:47');
INSERT INTO payments (payment_id,user_id,event_id,event_apply_id,order_no,amount,payment_method,status,requested_at) VALUES (194,13,18,541,'PUPOO-ORDER-000194',51.09,'KAKAOPAY','FAILED','2026-02-13 08:16:40');
INSERT INTO payments (payment_id,user_id,event_id,event_apply_id,order_no,amount,payment_method,status,requested_at) VALUES (195,58,18,542,'PUPOO-ORDER-000195',96.73,'CARD','FAILED','2026-02-24 15:24:23');
INSERT INTO payments (payment_id,user_id,event_id,event_apply_id,order_no,amount,payment_method,status,requested_at) VALUES (196,69,18,543,'PUPOO-ORDER-000196',37.51,'CARD','FAILED','2026-02-06 04:57:29');
INSERT INTO payments (payment_id,user_id,event_id,event_apply_id,order_no,amount,payment_method,status,requested_at) VALUES (197,29,18,544,'PUPOO-ORDER-000197',23.88,'CARD','REFUNDED','2026-02-07 07:15:23');
INSERT INTO payments (payment_id,user_id,event_id,event_apply_id,order_no,amount,payment_method,status,requested_at) VALUES (198,71,18,545,'PUPOO-ORDER-000198',84.88,'OTHER','CANCELLED','2026-02-12 02:51:36');
INSERT INTO payments (payment_id,user_id,event_id,event_apply_id,order_no,amount,payment_method,status,requested_at) VALUES (199,57,19,550,'PUPOO-ORDER-000199',28.00,'OTHER','FAILED','2025-05-29 05:05:08');
INSERT INTO payments (payment_id,user_id,event_id,event_apply_id,order_no,amount,payment_method,status,requested_at) VALUES (200,66,19,552,'PUPOO-ORDER-000200',93.80,'BANK','REQUESTED','2025-03-14 14:02:48');
INSERT INTO payments (payment_id,user_id,event_id,event_apply_id,order_no,amount,payment_method,status,requested_at) VALUES (201,58,19,556,'PUPOO-ORDER-000201',53.03,'CARD','REQUESTED','2026-01-25 21:19:20');
INSERT INTO payments (payment_id,user_id,event_id,event_apply_id,order_no,amount,payment_method,status,requested_at) VALUES (202,23,19,557,'PUPOO-ORDER-000202',26.01,'BANK','CANCELLED','2024-02-19 19:30:29');
INSERT INTO payments (payment_id,user_id,event_id,event_apply_id,order_no,amount,payment_method,status,requested_at) VALUES (203,11,19,558,'PUPOO-ORDER-000203',90.69,'KAKAOPAY','CANCELLED','2025-03-15 22:49:32');
INSERT INTO payments (payment_id,user_id,event_id,event_apply_id,order_no,amount,payment_method,status,requested_at) VALUES (204,67,20,573,'PUPOO-ORDER-000204',51.13,'OTHER','REFUNDED','2025-12-05 14:11:32');
INSERT INTO payments (payment_id,user_id,event_id,event_apply_id,order_no,amount,payment_method,status,requested_at) VALUES (205,33,20,574,'PUPOO-ORDER-000205',19.96,'CARD','APPROVED','2026-02-11 15:09:06');
INSERT INTO payments (payment_id,user_id,event_id,event_apply_id,order_no,amount,payment_method,status,requested_at) VALUES (206,90,20,576,'PUPOO-ORDER-000206',76.29,'BANK','REFUNDED','2025-12-09 03:08:59');
INSERT INTO payments (payment_id,user_id,event_id,event_apply_id,order_no,amount,payment_method,status,requested_at) VALUES (207,78,20,577,'PUPOO-ORDER-000207',12.20,'KAKAOPAY','REQUESTED','2026-01-12 14:01:08');
INSERT INTO payments (payment_id,user_id,event_id,event_apply_id,order_no,amount,payment_method,status,requested_at) VALUES (208,21,20,583,'PUPOO-ORDER-000208',16.68,'CARD','REFUNDED','2026-01-01 07:48:14');
INSERT INTO payments (payment_id,user_id,event_id,event_apply_id,order_no,amount,payment_method,status,requested_at) VALUES (209,77,20,584,'PUPOO-ORDER-000209',97.16,'OTHER','CANCELLED','2026-02-20 13:22:10');
INSERT INTO payments (payment_id,user_id,event_id,event_apply_id,order_no,amount,payment_method,status,requested_at) VALUES (210,6,20,585,'PUPOO-ORDER-000210',28.52,'CARD','APPROVED','2026-02-16 00:32:06');
INSERT INTO payments (payment_id,user_id,event_id,event_apply_id,order_no,amount,payment_method,status,requested_at) VALUES (211,39,20,589,'PUPOO-ORDER-000211',78.95,'OTHER','APPROVED','2026-02-13 04:51:16');
INSERT INTO payments (payment_id,user_id,event_id,event_apply_id,order_no,amount,payment_method,status,requested_at) VALUES (212,9,20,590,'PUPOO-ORDER-000212',72.39,'BANK','CANCELLED','2026-02-07 04:48:36');
INSERT INTO payments (payment_id,user_id,event_id,event_apply_id,order_no,amount,payment_method,status,requested_at) VALUES (213,56,20,592,'PUPOO-ORDER-000213',64.28,'BANK','APPROVED','2026-02-23 00:31:50');
INSERT INTO payments (payment_id,user_id,event_id,event_apply_id,order_no,amount,payment_method,status,requested_at) VALUES (214,61,20,593,'PUPOO-ORDER-000214',46.21,'KAKAOPAY','REFUNDED','2025-12-21 16:59:03');
INSERT INTO payments (payment_id,user_id,event_id,event_apply_id,order_no,amount,payment_method,status,requested_at) VALUES (215,52,20,596,'PUPOO-ORDER-000215',52.31,'KAKAOPAY','REQUESTED','2026-01-13 12:48:19');
INSERT INTO payments (payment_id,user_id,event_id,event_apply_id,order_no,amount,payment_method,status,requested_at) VALUES (216,64,20,599,'PUPOO-ORDER-000216',9.23,'KAKAOPAY','APPROVED','2025-12-17 08:35:22');
INSERT INTO payments (payment_id,user_id,event_id,event_apply_id,order_no,amount,payment_method,status,requested_at) VALUES (217,91,20,600,'PUPOO-ORDER-000217',88.64,'BANK','REFUNDED','2026-02-22 14:02:44');
INSERT INTO payments (payment_id,user_id,event_id,event_apply_id,order_no,amount,payment_method,status,requested_at) VALUES (218,36,20,606,'PUPOO-ORDER-000218',19.18,'KAKAOPAY','REFUNDED','2025-12-12 06:34:41');
INSERT INTO payments (payment_id,user_id,event_id,event_apply_id,order_no,amount,payment_method,status,requested_at) VALUES (219,65,21,612,'PUPOO-ORDER-000219',95.80,'CARD','APPROVED','2026-01-12 07:40:30');
INSERT INTO payments (payment_id,user_id,event_id,event_apply_id,order_no,amount,payment_method,status,requested_at) VALUES (220,70,21,613,'PUPOO-ORDER-000220',22.73,'BANK','REFUNDED','2025-04-15 22:00:06');
INSERT INTO payments (payment_id,user_id,event_id,event_apply_id,order_no,amount,payment_method,status,requested_at) VALUES (221,44,21,616,'PUPOO-ORDER-000221',20.25,'OTHER','CANCELLED','2025-08-17 02:34:40');
INSERT INTO payments (payment_id,user_id,event_id,event_apply_id,order_no,amount,payment_method,status,requested_at) VALUES (222,60,21,618,'PUPOO-ORDER-000222',28.78,'CARD','APPROVED','2024-05-14 17:30:10');
INSERT INTO payments (payment_id,user_id,event_id,event_apply_id,order_no,amount,payment_method,status,requested_at) VALUES (223,1,21,619,'PUPOO-ORDER-000223',84.11,'KAKAOPAY','CANCELLED','2024-09-13 23:23:41');
INSERT INTO payments (payment_id,user_id,event_id,event_apply_id,order_no,amount,payment_method,status,requested_at) VALUES (224,28,21,620,'PUPOO-ORDER-000224',22.18,'OTHER','REQUESTED','2026-01-23 13:45:17');
INSERT INTO payments (payment_id,user_id,event_id,event_apply_id,order_no,amount,payment_method,status,requested_at) VALUES (225,73,21,622,'PUPOO-ORDER-000225',23.27,'BANK','REQUESTED','2023-05-14 18:03:59');
INSERT INTO payments (payment_id,user_id,event_id,event_apply_id,order_no,amount,payment_method,status,requested_at) VALUES (226,4,21,623,'PUPOO-ORDER-000226',34.22,'CARD','REQUESTED','2025-03-06 00:29:14');
INSERT INTO payments (payment_id,user_id,event_id,event_apply_id,order_no,amount,payment_method,status,requested_at) VALUES (227,47,21,627,'PUPOO-ORDER-000227',55.82,'CARD','APPROVED','2025-05-30 17:32:39');
INSERT INTO payments (payment_id,user_id,event_id,event_apply_id,order_no,amount,payment_method,status,requested_at) VALUES (228,62,21,629,'PUPOO-ORDER-000228',17.02,'BANK','REFUNDED','2023-10-27 18:29:16');
INSERT INTO payments (payment_id,user_id,event_id,event_apply_id,order_no,amount,payment_method,status,requested_at) VALUES (229,10,21,630,'PUPOO-ORDER-000229',64.70,'BANK','CANCELLED','2024-04-15 23:18:49');
INSERT INTO payments (payment_id,user_id,event_id,event_apply_id,order_no,amount,payment_method,status,requested_at) VALUES (230,89,21,633,'PUPOO-ORDER-000230',21.54,'CARD','REQUESTED','2024-11-14 00:07:58');
INSERT INTO payments (payment_id,user_id,event_id,event_apply_id,order_no,amount,payment_method,status,requested_at) VALUES (231,34,21,635,'PUPOO-ORDER-000231',68.29,'CARD','REQUESTED','2023-05-01 10:47:22');
INSERT INTO payments (payment_id,user_id,event_id,event_apply_id,order_no,amount,payment_method,status,requested_at) VALUES (232,30,21,637,'PUPOO-ORDER-000232',59.18,'KAKAOPAY','REFUNDED','2024-11-29 11:02:11');
INSERT INTO payments (payment_id,user_id,event_id,event_apply_id,order_no,amount,payment_method,status,requested_at) VALUES (233,3,21,641,'PUPOO-ORDER-000233',51.22,'OTHER','APPROVED','2024-02-26 16:19:12');
INSERT INTO payments (payment_id,user_id,event_id,event_apply_id,order_no,amount,payment_method,status,requested_at) VALUES (234,55,21,643,'PUPOO-ORDER-000234',26.71,'CARD','FAILED','2025-12-16 01:43:54');
INSERT INTO payments (payment_id,user_id,event_id,event_apply_id,order_no,amount,payment_method,status,requested_at) VALUES (235,100,21,646,'PUPOO-ORDER-000235',64.59,'KAKAOPAY','APPROVED','2025-12-17 06:23:03');
INSERT INTO payments (payment_id,user_id,event_id,event_apply_id,order_no,amount,payment_method,status,requested_at) VALUES (236,5,21,648,'PUPOO-ORDER-000236',19.36,'CARD','REFUNDED','2024-01-21 18:32:35');
INSERT INTO payments (payment_id,user_id,event_id,event_apply_id,order_no,amount,payment_method,status,requested_at) VALUES (237,98,21,650,'PUPOO-ORDER-000237',47.12,'BANK','REFUNDED','2025-07-09 18:31:55');
INSERT INTO payments (payment_id,user_id,event_id,event_apply_id,order_no,amount,payment_method,status,requested_at) VALUES (238,63,21,652,'PUPOO-ORDER-000238',14.06,'OTHER','REFUNDED','2024-03-05 05:05:27');
INSERT INTO payments (payment_id,user_id,event_id,event_apply_id,order_no,amount,payment_method,status,requested_at) VALUES (239,34,22,656,'PUPOO-ORDER-000239',70.63,'CARD','REQUESTED','2025-09-13 19:44:24');
INSERT INTO payments (payment_id,user_id,event_id,event_apply_id,order_no,amount,payment_method,status,requested_at) VALUES (240,12,22,657,'PUPOO-ORDER-000240',79.74,'KAKAOPAY','FAILED','2025-04-29 16:54:37');
INSERT INTO payments (payment_id,user_id,event_id,event_apply_id,order_no,amount,payment_method,status,requested_at) VALUES (241,33,22,660,'PUPOO-ORDER-000241',99.44,'KAKAOPAY','APPROVED','2024-08-20 13:39:28');
INSERT INTO payments (payment_id,user_id,event_id,event_apply_id,order_no,amount,payment_method,status,requested_at) VALUES (242,37,22,663,'PUPOO-ORDER-000242',55.90,'CARD','CANCELLED','2024-10-07 08:31:26');
INSERT INTO payments (payment_id,user_id,event_id,event_apply_id,order_no,amount,payment_method,status,requested_at) VALUES (243,90,22,664,'PUPOO-ORDER-000243',98.86,'KAKAOPAY','CANCELLED','2025-09-23 07:43:49');
INSERT INTO payments (payment_id,user_id,event_id,event_apply_id,order_no,amount,payment_method,status,requested_at) VALUES (244,62,22,666,'PUPOO-ORDER-000244',75.23,'KAKAOPAY','FAILED','2025-05-13 00:02:02');
INSERT INTO payments (payment_id,user_id,event_id,event_apply_id,order_no,amount,payment_method,status,requested_at) VALUES (245,51,22,667,'PUPOO-ORDER-000245',95.12,'BANK','REQUESTED','2025-10-02 21:07:29');
INSERT INTO payments (payment_id,user_id,event_id,event_apply_id,order_no,amount,payment_method,status,requested_at) VALUES (246,50,22,669,'PUPOO-ORDER-000246',11.32,'BANK','REFUNDED','2025-09-25 04:21:52');
INSERT INTO payments (payment_id,user_id,event_id,event_apply_id,order_no,amount,payment_method,status,requested_at) VALUES (247,99,22,671,'PUPOO-ORDER-000247',40.33,'KAKAOPAY','REFUNDED','2025-05-15 12:19:56');
INSERT INTO payments (payment_id,user_id,event_id,event_apply_id,order_no,amount,payment_method,status,requested_at) VALUES (248,61,23,675,'PUPOO-ORDER-000248',61.78,'KAKAOPAY','CANCELLED','2024-10-25 03:41:25');
INSERT INTO payments (payment_id,user_id,event_id,event_apply_id,order_no,amount,payment_method,status,requested_at) VALUES (249,26,23,678,'PUPOO-ORDER-000249',95.46,'BANK','CANCELLED','2025-06-18 02:07:05');
INSERT INTO payments (payment_id,user_id,event_id,event_apply_id,order_no,amount,payment_method,status,requested_at) VALUES (250,77,23,679,'PUPOO-ORDER-000250',74.80,'OTHER','APPROVED','2024-11-13 07:20:36');
INSERT INTO payments (payment_id,user_id,event_id,event_apply_id,order_no,amount,payment_method,status,requested_at) VALUES (251,68,23,681,'PUPOO-ORDER-000251',75.76,'BANK','FAILED','2025-03-22 03:25:57');
INSERT INTO payments (payment_id,user_id,event_id,event_apply_id,order_no,amount,payment_method,status,requested_at) VALUES (252,65,23,682,'PUPOO-ORDER-000252',17.87,'CARD','FAILED','2024-08-13 07:18:46');
INSERT INTO payments (payment_id,user_id,event_id,event_apply_id,order_no,amount,payment_method,status,requested_at) VALUES (253,8,23,685,'PUPOO-ORDER-000253',6.28,'CARD','REQUESTED','2025-11-14 20:14:19');
INSERT INTO payments (payment_id,user_id,event_id,event_apply_id,order_no,amount,payment_method,status,requested_at) VALUES (254,83,23,686,'PUPOO-ORDER-000254',17.44,'BANK','CANCELLED','2026-01-13 06:19:14');
INSERT INTO payments (payment_id,user_id,event_id,event_apply_id,order_no,amount,payment_method,status,requested_at) VALUES (255,82,23,687,'PUPOO-ORDER-000255',24.15,'OTHER','APPROVED','2025-12-15 14:09:34');
INSERT INTO payments (payment_id,user_id,event_id,event_apply_id,order_no,amount,payment_method,status,requested_at) VALUES (256,71,23,688,'PUPOO-ORDER-000256',88.45,'OTHER','REQUESTED','2023-10-02 17:14:24');
INSERT INTO payments (payment_id,user_id,event_id,event_apply_id,order_no,amount,payment_method,status,requested_at) VALUES (257,13,23,692,'PUPOO-ORDER-000257',37.04,'KAKAOPAY','REQUESTED','2023-12-17 04:14:35');
INSERT INTO payments (payment_id,user_id,event_id,event_apply_id,order_no,amount,payment_method,status,requested_at) VALUES (258,16,23,693,'PUPOO-ORDER-000258',66.80,'BANK','REQUESTED','2026-01-14 10:39:03');
INSERT INTO payments (payment_id,user_id,event_id,event_apply_id,order_no,amount,payment_method,status,requested_at) VALUES (259,85,23,695,'PUPOO-ORDER-000259',78.76,'CARD','REFUNDED','2023-09-04 05:26:58');
INSERT INTO payments (payment_id,user_id,event_id,event_apply_id,order_no,amount,payment_method,status,requested_at) VALUES (260,54,23,696,'PUPOO-ORDER-000260',57.43,'BANK','APPROVED','2025-08-18 13:07:59');
INSERT INTO payments (payment_id,user_id,event_id,event_apply_id,order_no,amount,payment_method,status,requested_at) VALUES (261,70,23,697,'PUPOO-ORDER-000261',84.56,'OTHER','APPROVED','2026-02-09 05:20:33');
INSERT INTO payments (payment_id,user_id,event_id,event_apply_id,order_no,amount,payment_method,status,requested_at) VALUES (262,72,24,700,'PUPOO-ORDER-000262',55.24,'CARD','REQUESTED','2025-01-17 03:35:20');
INSERT INTO payments (payment_id,user_id,event_id,event_apply_id,order_no,amount,payment_method,status,requested_at) VALUES (263,95,24,706,'PUPOO-ORDER-000263',26.29,'OTHER','REQUESTED','2025-10-10 10:09:46');
INSERT INTO payments (payment_id,user_id,event_id,event_apply_id,order_no,amount,payment_method,status,requested_at) VALUES (264,69,24,708,'PUPOO-ORDER-000264',92.42,'CARD','REFUNDED','2024-12-19 12:37:58');
INSERT INTO payments (payment_id,user_id,event_id,event_apply_id,order_no,amount,payment_method,status,requested_at) VALUES (265,91,24,709,'PUPOO-ORDER-000265',87.98,'OTHER','FAILED','2024-09-09 05:46:40');
INSERT INTO payments (payment_id,user_id,event_id,event_apply_id,order_no,amount,payment_method,status,requested_at) VALUES (266,37,24,710,'PUPOO-ORDER-000266',90.37,'OTHER','REQUESTED','2025-05-13 04:58:30');
INSERT INTO payments (payment_id,user_id,event_id,event_apply_id,order_no,amount,payment_method,status,requested_at) VALUES (267,59,24,717,'PUPOO-ORDER-000267',38.70,'OTHER','REQUESTED','2025-05-27 08:40:44');
INSERT INTO payments (payment_id,user_id,event_id,event_apply_id,order_no,amount,payment_method,status,requested_at) VALUES (268,78,24,718,'PUPOO-ORDER-000268',25.30,'OTHER','REQUESTED','2025-02-08 07:52:13');
INSERT INTO payments (payment_id,user_id,event_id,event_apply_id,order_no,amount,payment_method,status,requested_at) VALUES (269,19,24,721,'PUPOO-ORDER-000269',54.79,'KAKAOPAY','REQUESTED','2024-04-08 13:56:54');
INSERT INTO payments (payment_id,user_id,event_id,event_apply_id,order_no,amount,payment_method,status,requested_at) VALUES (270,11,24,722,'PUPOO-ORDER-000270',23.28,'BANK','FAILED','2024-03-07 07:16:58');
INSERT INTO payments (payment_id,user_id,event_id,event_apply_id,order_no,amount,payment_method,status,requested_at) VALUES (271,99,24,725,'PUPOO-ORDER-000271',29.18,'CARD','REFUNDED','2025-12-10 12:45:07');
INSERT INTO payments (payment_id,user_id,event_id,event_apply_id,order_no,amount,payment_method,status,requested_at) VALUES (272,10,24,728,'PUPOO-ORDER-000272',67.66,'KAKAOPAY','REQUESTED','2024-12-04 22:24:51');
INSERT INTO payments (payment_id,user_id,event_id,event_apply_id,order_no,amount,payment_method,status,requested_at) VALUES (273,53,24,730,'PUPOO-ORDER-000273',89.87,'BANK','APPROVED','2025-03-19 02:18:11');
INSERT INTO payments (payment_id,user_id,event_id,event_apply_id,order_no,amount,payment_method,status,requested_at) VALUES (274,14,24,733,'PUPOO-ORDER-000274',99.11,'KAKAOPAY','REFUNDED','2025-03-02 18:57:17');
INSERT INTO payments (payment_id,user_id,event_id,event_apply_id,order_no,amount,payment_method,status,requested_at) VALUES (275,68,24,739,'PUPOO-ORDER-000275',6.49,'KAKAOPAY','REFUNDED','2024-07-21 02:38:04');
INSERT INTO payments (payment_id,user_id,event_id,event_apply_id,order_no,amount,payment_method,status,requested_at) VALUES (276,50,24,740,'PUPOO-ORDER-000276',73.15,'KAKAOPAY','REFUNDED','2025-08-27 12:27:17');
-- Insert into notification_settings
INSERT INTO notification_settings (user_id,allow_marketing) VALUES (1,1);
INSERT INTO notification_settings (user_id,allow_marketing) VALUES (2,1);
INSERT INTO notification_settings (user_id,allow_marketing) VALUES (3,1);
INSERT INTO notification_settings (user_id,allow_marketing) VALUES (4,1);
INSERT INTO notification_settings (user_id,allow_marketing) VALUES (5,1);
INSERT INTO notification_settings (user_id,allow_marketing) VALUES (6,1);
INSERT INTO notification_settings (user_id,allow_marketing) VALUES (7,1);
INSERT INTO notification_settings (user_id,allow_marketing) VALUES (8,1);
INSERT INTO notification_settings (user_id,allow_marketing) VALUES (9,1);
INSERT INTO notification_settings (user_id,allow_marketing) VALUES (10,1);
INSERT INTO notification_settings (user_id,allow_marketing) VALUES (11,1);
INSERT INTO notification_settings (user_id,allow_marketing) VALUES (12,1);
INSERT INTO notification_settings (user_id,allow_marketing) VALUES (13,1);
INSERT INTO notification_settings (user_id,allow_marketing) VALUES (14,1);
INSERT INTO notification_settings (user_id,allow_marketing) VALUES (15,1);
INSERT INTO notification_settings (user_id,allow_marketing) VALUES (16,1);
INSERT INTO notification_settings (user_id,allow_marketing) VALUES (17,1);
INSERT INTO notification_settings (user_id,allow_marketing) VALUES (18,1);
INSERT INTO notification_settings (user_id,allow_marketing) VALUES (19,1);
INSERT INTO notification_settings (user_id,allow_marketing) VALUES (20,1);
INSERT INTO notification_settings (user_id,allow_marketing) VALUES (21,1);
INSERT INTO notification_settings (user_id,allow_marketing) VALUES (22,1);
INSERT INTO notification_settings (user_id,allow_marketing) VALUES (23,1);
INSERT INTO notification_settings (user_id,allow_marketing) VALUES (24,1);
INSERT INTO notification_settings (user_id,allow_marketing) VALUES (25,1);
INSERT INTO notification_settings (user_id,allow_marketing) VALUES (26,1);
INSERT INTO notification_settings (user_id,allow_marketing) VALUES (27,1);
INSERT INTO notification_settings (user_id,allow_marketing) VALUES (28,1);
INSERT INTO notification_settings (user_id,allow_marketing) VALUES (29,1);
INSERT INTO notification_settings (user_id,allow_marketing) VALUES (30,1);
INSERT INTO notification_settings (user_id,allow_marketing) VALUES (31,1);
INSERT INTO notification_settings (user_id,allow_marketing) VALUES (32,1);
INSERT INTO notification_settings (user_id,allow_marketing) VALUES (33,1);
INSERT INTO notification_settings (user_id,allow_marketing) VALUES (34,1);
INSERT INTO notification_settings (user_id,allow_marketing) VALUES (35,1);
INSERT INTO notification_settings (user_id,allow_marketing) VALUES (36,1);
INSERT INTO notification_settings (user_id,allow_marketing) VALUES (37,1);
INSERT INTO notification_settings (user_id,allow_marketing) VALUES (38,1);
INSERT INTO notification_settings (user_id,allow_marketing) VALUES (39,1);
INSERT INTO notification_settings (user_id,allow_marketing) VALUES (40,1);
INSERT INTO notification_settings (user_id,allow_marketing) VALUES (41,1);
INSERT INTO notification_settings (user_id,allow_marketing) VALUES (42,1);
INSERT INTO notification_settings (user_id,allow_marketing) VALUES (43,1);
INSERT INTO notification_settings (user_id,allow_marketing) VALUES (44,1);
INSERT INTO notification_settings (user_id,allow_marketing) VALUES (45,1);
INSERT INTO notification_settings (user_id,allow_marketing) VALUES (46,1);
INSERT INTO notification_settings (user_id,allow_marketing) VALUES (47,1);
INSERT INTO notification_settings (user_id,allow_marketing) VALUES (48,1);
INSERT INTO notification_settings (user_id,allow_marketing) VALUES (49,1);
INSERT INTO notification_settings (user_id,allow_marketing) VALUES (50,1);
INSERT INTO notification_settings (user_id,allow_marketing) VALUES (51,1);
INSERT INTO notification_settings (user_id,allow_marketing) VALUES (52,1);
INSERT INTO notification_settings (user_id,allow_marketing) VALUES (53,1);
INSERT INTO notification_settings (user_id,allow_marketing) VALUES (54,1);
INSERT INTO notification_settings (user_id,allow_marketing) VALUES (55,1);
INSERT INTO notification_settings (user_id,allow_marketing) VALUES (56,1);
INSERT INTO notification_settings (user_id,allow_marketing) VALUES (57,1);
INSERT INTO notification_settings (user_id,allow_marketing) VALUES (58,1);
INSERT INTO notification_settings (user_id,allow_marketing) VALUES (59,1);
INSERT INTO notification_settings (user_id,allow_marketing) VALUES (60,1);
INSERT INTO notification_settings (user_id,allow_marketing) VALUES (61,1);
INSERT INTO notification_settings (user_id,allow_marketing) VALUES (62,1);
INSERT INTO notification_settings (user_id,allow_marketing) VALUES (63,1);
INSERT INTO notification_settings (user_id,allow_marketing) VALUES (64,1);
INSERT INTO notification_settings (user_id,allow_marketing) VALUES (65,1);
INSERT INTO notification_settings (user_id,allow_marketing) VALUES (66,1);
INSERT INTO notification_settings (user_id,allow_marketing) VALUES (67,1);
INSERT INTO notification_settings (user_id,allow_marketing) VALUES (68,1);
INSERT INTO notification_settings (user_id,allow_marketing) VALUES (69,1);
INSERT INTO notification_settings (user_id,allow_marketing) VALUES (70,1);
INSERT INTO notification_settings (user_id,allow_marketing) VALUES (71,1);
INSERT INTO notification_settings (user_id,allow_marketing) VALUES (72,1);
INSERT INTO notification_settings (user_id,allow_marketing) VALUES (73,1);
INSERT INTO notification_settings (user_id,allow_marketing) VALUES (74,1);
INSERT INTO notification_settings (user_id,allow_marketing) VALUES (75,1);
INSERT INTO notification_settings (user_id,allow_marketing) VALUES (76,1);
INSERT INTO notification_settings (user_id,allow_marketing) VALUES (77,1);
INSERT INTO notification_settings (user_id,allow_marketing) VALUES (78,1);
INSERT INTO notification_settings (user_id,allow_marketing) VALUES (79,1);
INSERT INTO notification_settings (user_id,allow_marketing) VALUES (80,1);
INSERT INTO notification_settings (user_id,allow_marketing) VALUES (81,1);
INSERT INTO notification_settings (user_id,allow_marketing) VALUES (82,1);
INSERT INTO notification_settings (user_id,allow_marketing) VALUES (83,1);
INSERT INTO notification_settings (user_id,allow_marketing) VALUES (84,1);
INSERT INTO notification_settings (user_id,allow_marketing) VALUES (85,1);
INSERT INTO notification_settings (user_id,allow_marketing) VALUES (86,1);
INSERT INTO notification_settings (user_id,allow_marketing) VALUES (87,1);
INSERT INTO notification_settings (user_id,allow_marketing) VALUES (88,1);
INSERT INTO notification_settings (user_id,allow_marketing) VALUES (89,1);
INSERT INTO notification_settings (user_id,allow_marketing) VALUES (90,1);
INSERT INTO notification_settings (user_id,allow_marketing) VALUES (91,1);
INSERT INTO notification_settings (user_id,allow_marketing) VALUES (92,1);
INSERT INTO notification_settings (user_id,allow_marketing) VALUES (93,1);
INSERT INTO notification_settings (user_id,allow_marketing) VALUES (94,1);
INSERT INTO notification_settings (user_id,allow_marketing) VALUES (95,1);
INSERT INTO notification_settings (user_id,allow_marketing) VALUES (96,1);
INSERT INTO notification_settings (user_id,allow_marketing) VALUES (97,1);
INSERT INTO notification_settings (user_id,allow_marketing) VALUES (98,1);
INSERT INTO notification_settings (user_id,allow_marketing) VALUES (99,1);
INSERT INTO notification_settings (user_id,allow_marketing) VALUES (100,1);
-- Insert into interests
INSERT INTO interests (interest_id,interest_name,type,is_active) VALUES (1,'EVENT','SYSTEM',1);
INSERT INTO interests (interest_id,interest_name,type,is_active) VALUES (2,'SESSION','SYSTEM',1);
INSERT INTO interests (interest_id,interest_name,type,is_active) VALUES (3,'EXPERIENCE','SYSTEM',1);
INSERT INTO interests (interest_id,interest_name,type,is_active) VALUES (4,'BOOTH','SYSTEM',1);
INSERT INTO interests (interest_id,interest_name,type,is_active) VALUES (5,'CONTEST','SYSTEM',1);
INSERT INTO interests (interest_id,interest_name,type,is_active) VALUES (6,'NOTICE','SYSTEM',1);
INSERT INTO interests (interest_id,interest_name,type,is_active) VALUES (7,'OTHERS','SYSTEM',1);
-- Insert into user_interest_subscriptions
INSERT INTO user_interest_subscriptions (subscription_id,user_id,interest_id,allow_inapp,allow_email,allow_sms,status) VALUES (1,1,7,1,1,1,'ACTIVE');
INSERT INTO user_interest_subscriptions (subscription_id,user_id,interest_id,allow_inapp,allow_email,allow_sms,status) VALUES (2,1,2,1,1,1,'ACTIVE');
INSERT INTO user_interest_subscriptions (subscription_id,user_id,interest_id,allow_inapp,allow_email,allow_sms,status) VALUES (3,1,1,1,1,1,'ACTIVE');
INSERT INTO user_interest_subscriptions (subscription_id,user_id,interest_id,allow_inapp,allow_email,allow_sms,status) VALUES (4,2,4,1,1,1,'ACTIVE');
INSERT INTO user_interest_subscriptions (subscription_id,user_id,interest_id,allow_inapp,allow_email,allow_sms,status) VALUES (5,3,4,1,1,1,'ACTIVE');
INSERT INTO user_interest_subscriptions (subscription_id,user_id,interest_id,allow_inapp,allow_email,allow_sms,status) VALUES (6,3,6,1,1,1,'ACTIVE');
INSERT INTO user_interest_subscriptions (subscription_id,user_id,interest_id,allow_inapp,allow_email,allow_sms,status) VALUES (7,3,1,1,1,1,'ACTIVE');
INSERT INTO user_interest_subscriptions (subscription_id,user_id,interest_id,allow_inapp,allow_email,allow_sms,status) VALUES (8,4,3,1,1,1,'ACTIVE');
INSERT INTO user_interest_subscriptions (subscription_id,user_id,interest_id,allow_inapp,allow_email,allow_sms,status) VALUES (9,5,5,1,1,1,'ACTIVE');
INSERT INTO user_interest_subscriptions (subscription_id,user_id,interest_id,allow_inapp,allow_email,allow_sms,status) VALUES (10,5,1,1,1,1,'ACTIVE');
INSERT INTO user_interest_subscriptions (subscription_id,user_id,interest_id,allow_inapp,allow_email,allow_sms,status) VALUES (11,5,4,1,1,1,'ACTIVE');
INSERT INTO user_interest_subscriptions (subscription_id,user_id,interest_id,allow_inapp,allow_email,allow_sms,status) VALUES (12,6,6,1,1,1,'ACTIVE');
INSERT INTO user_interest_subscriptions (subscription_id,user_id,interest_id,allow_inapp,allow_email,allow_sms,status) VALUES (13,6,4,1,1,1,'ACTIVE');
INSERT INTO user_interest_subscriptions (subscription_id,user_id,interest_id,allow_inapp,allow_email,allow_sms,status) VALUES (14,7,6,1,1,1,'ACTIVE');
INSERT INTO user_interest_subscriptions (subscription_id,user_id,interest_id,allow_inapp,allow_email,allow_sms,status) VALUES (15,7,7,1,1,1,'ACTIVE');
INSERT INTO user_interest_subscriptions (subscription_id,user_id,interest_id,allow_inapp,allow_email,allow_sms,status) VALUES (16,8,4,1,1,1,'ACTIVE');
INSERT INTO user_interest_subscriptions (subscription_id,user_id,interest_id,allow_inapp,allow_email,allow_sms,status) VALUES (17,9,2,1,1,1,'ACTIVE');
INSERT INTO user_interest_subscriptions (subscription_id,user_id,interest_id,allow_inapp,allow_email,allow_sms,status) VALUES (18,10,7,1,1,1,'ACTIVE');
INSERT INTO user_interest_subscriptions (subscription_id,user_id,interest_id,allow_inapp,allow_email,allow_sms,status) VALUES (19,10,3,1,1,1,'ACTIVE');
INSERT INTO user_interest_subscriptions (subscription_id,user_id,interest_id,allow_inapp,allow_email,allow_sms,status) VALUES (20,11,4,1,1,1,'ACTIVE');
INSERT INTO user_interest_subscriptions (subscription_id,user_id,interest_id,allow_inapp,allow_email,allow_sms,status) VALUES (21,11,7,1,1,1,'ACTIVE');
INSERT INTO user_interest_subscriptions (subscription_id,user_id,interest_id,allow_inapp,allow_email,allow_sms,status) VALUES (22,11,1,1,1,1,'ACTIVE');
INSERT INTO user_interest_subscriptions (subscription_id,user_id,interest_id,allow_inapp,allow_email,allow_sms,status) VALUES (23,12,7,1,1,1,'ACTIVE');
INSERT INTO user_interest_subscriptions (subscription_id,user_id,interest_id,allow_inapp,allow_email,allow_sms,status) VALUES (24,13,1,1,1,1,'ACTIVE');
INSERT INTO user_interest_subscriptions (subscription_id,user_id,interest_id,allow_inapp,allow_email,allow_sms,status) VALUES (25,13,6,1,1,1,'ACTIVE');
INSERT INTO user_interest_subscriptions (subscription_id,user_id,interest_id,allow_inapp,allow_email,allow_sms,status) VALUES (26,14,3,1,1,1,'ACTIVE');
INSERT INTO user_interest_subscriptions (subscription_id,user_id,interest_id,allow_inapp,allow_email,allow_sms,status) VALUES (27,14,5,1,1,1,'ACTIVE');
INSERT INTO user_interest_subscriptions (subscription_id,user_id,interest_id,allow_inapp,allow_email,allow_sms,status) VALUES (28,14,7,1,1,1,'ACTIVE');
INSERT INTO user_interest_subscriptions (subscription_id,user_id,interest_id,allow_inapp,allow_email,allow_sms,status) VALUES (29,15,1,1,1,1,'ACTIVE');
INSERT INTO user_interest_subscriptions (subscription_id,user_id,interest_id,allow_inapp,allow_email,allow_sms,status) VALUES (30,16,1,1,1,1,'ACTIVE');
INSERT INTO user_interest_subscriptions (subscription_id,user_id,interest_id,allow_inapp,allow_email,allow_sms,status) VALUES (31,16,5,1,1,1,'ACTIVE');
INSERT INTO user_interest_subscriptions (subscription_id,user_id,interest_id,allow_inapp,allow_email,allow_sms,status) VALUES (32,16,7,1,1,1,'ACTIVE');
INSERT INTO user_interest_subscriptions (subscription_id,user_id,interest_id,allow_inapp,allow_email,allow_sms,status) VALUES (33,17,3,1,1,1,'ACTIVE');
INSERT INTO user_interest_subscriptions (subscription_id,user_id,interest_id,allow_inapp,allow_email,allow_sms,status) VALUES (34,18,2,1,1,1,'ACTIVE');
INSERT INTO user_interest_subscriptions (subscription_id,user_id,interest_id,allow_inapp,allow_email,allow_sms,status) VALUES (35,19,1,1,1,1,'ACTIVE');
INSERT INTO user_interest_subscriptions (subscription_id,user_id,interest_id,allow_inapp,allow_email,allow_sms,status) VALUES (36,20,3,1,1,1,'ACTIVE');
INSERT INTO user_interest_subscriptions (subscription_id,user_id,interest_id,allow_inapp,allow_email,allow_sms,status) VALUES (37,20,5,1,1,1,'ACTIVE');
INSERT INTO user_interest_subscriptions (subscription_id,user_id,interest_id,allow_inapp,allow_email,allow_sms,status) VALUES (38,21,2,1,1,1,'ACTIVE');
INSERT INTO user_interest_subscriptions (subscription_id,user_id,interest_id,allow_inapp,allow_email,allow_sms,status) VALUES (39,21,3,1,1,1,'ACTIVE');
INSERT INTO user_interest_subscriptions (subscription_id,user_id,interest_id,allow_inapp,allow_email,allow_sms,status) VALUES (40,21,1,1,1,1,'ACTIVE');
INSERT INTO user_interest_subscriptions (subscription_id,user_id,interest_id,allow_inapp,allow_email,allow_sms,status) VALUES (41,22,3,1,1,1,'ACTIVE');
INSERT INTO user_interest_subscriptions (subscription_id,user_id,interest_id,allow_inapp,allow_email,allow_sms,status) VALUES (42,22,7,1,1,1,'ACTIVE');
INSERT INTO user_interest_subscriptions (subscription_id,user_id,interest_id,allow_inapp,allow_email,allow_sms,status) VALUES (43,23,6,1,1,1,'ACTIVE');
INSERT INTO user_interest_subscriptions (subscription_id,user_id,interest_id,allow_inapp,allow_email,allow_sms,status) VALUES (44,23,3,1,1,1,'ACTIVE');
INSERT INTO user_interest_subscriptions (subscription_id,user_id,interest_id,allow_inapp,allow_email,allow_sms,status) VALUES (45,24,2,1,1,1,'ACTIVE');
INSERT INTO user_interest_subscriptions (subscription_id,user_id,interest_id,allow_inapp,allow_email,allow_sms,status) VALUES (46,24,6,1,1,1,'ACTIVE');
INSERT INTO user_interest_subscriptions (subscription_id,user_id,interest_id,allow_inapp,allow_email,allow_sms,status) VALUES (47,24,3,1,1,1,'ACTIVE');
INSERT INTO user_interest_subscriptions (subscription_id,user_id,interest_id,allow_inapp,allow_email,allow_sms,status) VALUES (48,25,2,1,1,1,'ACTIVE');
INSERT INTO user_interest_subscriptions (subscription_id,user_id,interest_id,allow_inapp,allow_email,allow_sms,status) VALUES (49,25,6,1,1,1,'ACTIVE');
INSERT INTO user_interest_subscriptions (subscription_id,user_id,interest_id,allow_inapp,allow_email,allow_sms,status) VALUES (50,25,3,1,1,1,'ACTIVE');
INSERT INTO user_interest_subscriptions (subscription_id,user_id,interest_id,allow_inapp,allow_email,allow_sms,status) VALUES (51,26,2,1,1,1,'ACTIVE');
INSERT INTO user_interest_subscriptions (subscription_id,user_id,interest_id,allow_inapp,allow_email,allow_sms,status) VALUES (52,27,6,1,1,1,'ACTIVE');
INSERT INTO user_interest_subscriptions (subscription_id,user_id,interest_id,allow_inapp,allow_email,allow_sms,status) VALUES (53,28,7,1,1,1,'ACTIVE');
INSERT INTO user_interest_subscriptions (subscription_id,user_id,interest_id,allow_inapp,allow_email,allow_sms,status) VALUES (54,29,5,1,1,1,'ACTIVE');
INSERT INTO user_interest_subscriptions (subscription_id,user_id,interest_id,allow_inapp,allow_email,allow_sms,status) VALUES (55,30,2,1,1,1,'ACTIVE');
INSERT INTO user_interest_subscriptions (subscription_id,user_id,interest_id,allow_inapp,allow_email,allow_sms,status) VALUES (56,30,5,1,1,1,'ACTIVE');
INSERT INTO user_interest_subscriptions (subscription_id,user_id,interest_id,allow_inapp,allow_email,allow_sms,status) VALUES (57,31,3,1,1,1,'ACTIVE');
INSERT INTO user_interest_subscriptions (subscription_id,user_id,interest_id,allow_inapp,allow_email,allow_sms,status) VALUES (58,31,2,1,1,1,'ACTIVE');
INSERT INTO user_interest_subscriptions (subscription_id,user_id,interest_id,allow_inapp,allow_email,allow_sms,status) VALUES (59,31,1,1,1,1,'ACTIVE');
INSERT INTO user_interest_subscriptions (subscription_id,user_id,interest_id,allow_inapp,allow_email,allow_sms,status) VALUES (60,32,6,1,1,1,'ACTIVE');
INSERT INTO user_interest_subscriptions (subscription_id,user_id,interest_id,allow_inapp,allow_email,allow_sms,status) VALUES (61,33,3,1,1,1,'ACTIVE');
INSERT INTO user_interest_subscriptions (subscription_id,user_id,interest_id,allow_inapp,allow_email,allow_sms,status) VALUES (62,33,7,1,1,1,'ACTIVE');
INSERT INTO user_interest_subscriptions (subscription_id,user_id,interest_id,allow_inapp,allow_email,allow_sms,status) VALUES (63,33,4,1,1,1,'ACTIVE');
INSERT INTO user_interest_subscriptions (subscription_id,user_id,interest_id,allow_inapp,allow_email,allow_sms,status) VALUES (64,34,3,1,1,1,'ACTIVE');
INSERT INTO user_interest_subscriptions (subscription_id,user_id,interest_id,allow_inapp,allow_email,allow_sms,status) VALUES (65,35,4,1,1,1,'ACTIVE');
INSERT INTO user_interest_subscriptions (subscription_id,user_id,interest_id,allow_inapp,allow_email,allow_sms,status) VALUES (66,36,4,1,1,1,'ACTIVE');
INSERT INTO user_interest_subscriptions (subscription_id,user_id,interest_id,allow_inapp,allow_email,allow_sms,status) VALUES (67,36,1,1,1,1,'ACTIVE');
INSERT INTO user_interest_subscriptions (subscription_id,user_id,interest_id,allow_inapp,allow_email,allow_sms,status) VALUES (68,37,6,1,1,1,'ACTIVE');
INSERT INTO user_interest_subscriptions (subscription_id,user_id,interest_id,allow_inapp,allow_email,allow_sms,status) VALUES (69,37,2,1,1,1,'ACTIVE');
INSERT INTO user_interest_subscriptions (subscription_id,user_id,interest_id,allow_inapp,allow_email,allow_sms,status) VALUES (70,37,3,1,1,1,'ACTIVE');
INSERT INTO user_interest_subscriptions (subscription_id,user_id,interest_id,allow_inapp,allow_email,allow_sms,status) VALUES (71,38,5,1,1,1,'ACTIVE');
INSERT INTO user_interest_subscriptions (subscription_id,user_id,interest_id,allow_inapp,allow_email,allow_sms,status) VALUES (72,38,6,1,1,1,'ACTIVE');
INSERT INTO user_interest_subscriptions (subscription_id,user_id,interest_id,allow_inapp,allow_email,allow_sms,status) VALUES (73,39,5,1,1,1,'ACTIVE');
INSERT INTO user_interest_subscriptions (subscription_id,user_id,interest_id,allow_inapp,allow_email,allow_sms,status) VALUES (74,39,7,1,1,1,'ACTIVE');
INSERT INTO user_interest_subscriptions (subscription_id,user_id,interest_id,allow_inapp,allow_email,allow_sms,status) VALUES (75,40,7,1,1,1,'ACTIVE');
INSERT INTO user_interest_subscriptions (subscription_id,user_id,interest_id,allow_inapp,allow_email,allow_sms,status) VALUES (76,40,5,1,1,1,'ACTIVE');
INSERT INTO user_interest_subscriptions (subscription_id,user_id,interest_id,allow_inapp,allow_email,allow_sms,status) VALUES (77,40,1,1,1,1,'ACTIVE');
INSERT INTO user_interest_subscriptions (subscription_id,user_id,interest_id,allow_inapp,allow_email,allow_sms,status) VALUES (78,41,1,1,1,1,'ACTIVE');
INSERT INTO user_interest_subscriptions (subscription_id,user_id,interest_id,allow_inapp,allow_email,allow_sms,status) VALUES (79,41,5,1,1,1,'ACTIVE');
INSERT INTO user_interest_subscriptions (subscription_id,user_id,interest_id,allow_inapp,allow_email,allow_sms,status) VALUES (80,42,7,1,1,1,'ACTIVE');
INSERT INTO user_interest_subscriptions (subscription_id,user_id,interest_id,allow_inapp,allow_email,allow_sms,status) VALUES (81,42,3,1,1,1,'ACTIVE');
INSERT INTO user_interest_subscriptions (subscription_id,user_id,interest_id,allow_inapp,allow_email,allow_sms,status) VALUES (82,42,5,1,1,1,'ACTIVE');
INSERT INTO user_interest_subscriptions (subscription_id,user_id,interest_id,allow_inapp,allow_email,allow_sms,status) VALUES (83,43,6,1,1,1,'ACTIVE');
INSERT INTO user_interest_subscriptions (subscription_id,user_id,interest_id,allow_inapp,allow_email,allow_sms,status) VALUES (84,43,2,1,1,1,'ACTIVE');
INSERT INTO user_interest_subscriptions (subscription_id,user_id,interest_id,allow_inapp,allow_email,allow_sms,status) VALUES (85,44,4,1,1,1,'ACTIVE');
INSERT INTO user_interest_subscriptions (subscription_id,user_id,interest_id,allow_inapp,allow_email,allow_sms,status) VALUES (86,44,1,1,1,1,'ACTIVE');
INSERT INTO user_interest_subscriptions (subscription_id,user_id,interest_id,allow_inapp,allow_email,allow_sms,status) VALUES (87,45,4,1,1,1,'ACTIVE');
INSERT INTO user_interest_subscriptions (subscription_id,user_id,interest_id,allow_inapp,allow_email,allow_sms,status) VALUES (88,45,3,1,1,1,'ACTIVE');
INSERT INTO user_interest_subscriptions (subscription_id,user_id,interest_id,allow_inapp,allow_email,allow_sms,status) VALUES (89,45,6,1,1,1,'ACTIVE');
INSERT INTO user_interest_subscriptions (subscription_id,user_id,interest_id,allow_inapp,allow_email,allow_sms,status) VALUES (90,46,3,1,1,1,'ACTIVE');
INSERT INTO user_interest_subscriptions (subscription_id,user_id,interest_id,allow_inapp,allow_email,allow_sms,status) VALUES (91,46,5,1,1,1,'ACTIVE');
INSERT INTO user_interest_subscriptions (subscription_id,user_id,interest_id,allow_inapp,allow_email,allow_sms,status) VALUES (92,47,1,1,1,1,'ACTIVE');
INSERT INTO user_interest_subscriptions (subscription_id,user_id,interest_id,allow_inapp,allow_email,allow_sms,status) VALUES (93,47,3,1,1,1,'ACTIVE');
INSERT INTO user_interest_subscriptions (subscription_id,user_id,interest_id,allow_inapp,allow_email,allow_sms,status) VALUES (94,47,4,1,1,1,'ACTIVE');
INSERT INTO user_interest_subscriptions (subscription_id,user_id,interest_id,allow_inapp,allow_email,allow_sms,status) VALUES (95,48,2,1,1,1,'ACTIVE');
INSERT INTO user_interest_subscriptions (subscription_id,user_id,interest_id,allow_inapp,allow_email,allow_sms,status) VALUES (96,48,4,1,1,1,'ACTIVE');
INSERT INTO user_interest_subscriptions (subscription_id,user_id,interest_id,allow_inapp,allow_email,allow_sms,status) VALUES (97,49,7,1,1,1,'ACTIVE');
INSERT INTO user_interest_subscriptions (subscription_id,user_id,interest_id,allow_inapp,allow_email,allow_sms,status) VALUES (98,50,7,1,1,1,'ACTIVE');
INSERT INTO user_interest_subscriptions (subscription_id,user_id,interest_id,allow_inapp,allow_email,allow_sms,status) VALUES (99,51,4,1,1,1,'ACTIVE');
INSERT INTO user_interest_subscriptions (subscription_id,user_id,interest_id,allow_inapp,allow_email,allow_sms,status) VALUES (100,51,7,1,1,1,'ACTIVE');
INSERT INTO user_interest_subscriptions (subscription_id,user_id,interest_id,allow_inapp,allow_email,allow_sms,status) VALUES (101,51,1,1,1,1,'ACTIVE');
INSERT INTO user_interest_subscriptions (subscription_id,user_id,interest_id,allow_inapp,allow_email,allow_sms,status) VALUES (102,52,1,1,1,1,'ACTIVE');
INSERT INTO user_interest_subscriptions (subscription_id,user_id,interest_id,allow_inapp,allow_email,allow_sms,status) VALUES (103,53,6,1,1,1,'ACTIVE');
INSERT INTO user_interest_subscriptions (subscription_id,user_id,interest_id,allow_inapp,allow_email,allow_sms,status) VALUES (104,54,2,1,1,1,'ACTIVE');
INSERT INTO user_interest_subscriptions (subscription_id,user_id,interest_id,allow_inapp,allow_email,allow_sms,status) VALUES (105,54,5,1,1,1,'ACTIVE');
INSERT INTO user_interest_subscriptions (subscription_id,user_id,interest_id,allow_inapp,allow_email,allow_sms,status) VALUES (106,55,7,1,1,1,'ACTIVE');
INSERT INTO user_interest_subscriptions (subscription_id,user_id,interest_id,allow_inapp,allow_email,allow_sms,status) VALUES (107,55,6,1,1,1,'ACTIVE');
INSERT INTO user_interest_subscriptions (subscription_id,user_id,interest_id,allow_inapp,allow_email,allow_sms,status) VALUES (108,56,3,1,1,1,'ACTIVE');
INSERT INTO user_interest_subscriptions (subscription_id,user_id,interest_id,allow_inapp,allow_email,allow_sms,status) VALUES (109,56,2,1,1,1,'ACTIVE');
INSERT INTO user_interest_subscriptions (subscription_id,user_id,interest_id,allow_inapp,allow_email,allow_sms,status) VALUES (110,57,3,1,1,1,'ACTIVE');
INSERT INTO user_interest_subscriptions (subscription_id,user_id,interest_id,allow_inapp,allow_email,allow_sms,status) VALUES (111,58,2,1,1,1,'ACTIVE');
INSERT INTO user_interest_subscriptions (subscription_id,user_id,interest_id,allow_inapp,allow_email,allow_sms,status) VALUES (112,58,5,1,1,1,'ACTIVE');
INSERT INTO user_interest_subscriptions (subscription_id,user_id,interest_id,allow_inapp,allow_email,allow_sms,status) VALUES (113,58,7,1,1,1,'ACTIVE');
INSERT INTO user_interest_subscriptions (subscription_id,user_id,interest_id,allow_inapp,allow_email,allow_sms,status) VALUES (114,59,4,1,1,1,'ACTIVE');
INSERT INTO user_interest_subscriptions (subscription_id,user_id,interest_id,allow_inapp,allow_email,allow_sms,status) VALUES (115,60,5,1,1,1,'ACTIVE');
INSERT INTO user_interest_subscriptions (subscription_id,user_id,interest_id,allow_inapp,allow_email,allow_sms,status) VALUES (116,61,3,1,1,1,'ACTIVE');
INSERT INTO user_interest_subscriptions (subscription_id,user_id,interest_id,allow_inapp,allow_email,allow_sms,status) VALUES (117,62,5,1,1,1,'ACTIVE');
INSERT INTO user_interest_subscriptions (subscription_id,user_id,interest_id,allow_inapp,allow_email,allow_sms,status) VALUES (118,62,4,1,1,1,'ACTIVE');
INSERT INTO user_interest_subscriptions (subscription_id,user_id,interest_id,allow_inapp,allow_email,allow_sms,status) VALUES (119,62,3,1,1,1,'ACTIVE');
INSERT INTO user_interest_subscriptions (subscription_id,user_id,interest_id,allow_inapp,allow_email,allow_sms,status) VALUES (120,63,5,1,1,1,'ACTIVE');
INSERT INTO user_interest_subscriptions (subscription_id,user_id,interest_id,allow_inapp,allow_email,allow_sms,status) VALUES (121,63,2,1,1,1,'ACTIVE');
INSERT INTO user_interest_subscriptions (subscription_id,user_id,interest_id,allow_inapp,allow_email,allow_sms,status) VALUES (122,63,4,1,1,1,'ACTIVE');
INSERT INTO user_interest_subscriptions (subscription_id,user_id,interest_id,allow_inapp,allow_email,allow_sms,status) VALUES (123,64,1,1,1,1,'ACTIVE');
INSERT INTO user_interest_subscriptions (subscription_id,user_id,interest_id,allow_inapp,allow_email,allow_sms,status) VALUES (124,65,1,1,1,1,'ACTIVE');
INSERT INTO user_interest_subscriptions (subscription_id,user_id,interest_id,allow_inapp,allow_email,allow_sms,status) VALUES (125,66,1,1,1,1,'ACTIVE');
INSERT INTO user_interest_subscriptions (subscription_id,user_id,interest_id,allow_inapp,allow_email,allow_sms,status) VALUES (126,67,4,1,1,1,'ACTIVE');
INSERT INTO user_interest_subscriptions (subscription_id,user_id,interest_id,allow_inapp,allow_email,allow_sms,status) VALUES (127,67,7,1,1,1,'ACTIVE');
INSERT INTO user_interest_subscriptions (subscription_id,user_id,interest_id,allow_inapp,allow_email,allow_sms,status) VALUES (128,67,6,1,1,1,'ACTIVE');
INSERT INTO user_interest_subscriptions (subscription_id,user_id,interest_id,allow_inapp,allow_email,allow_sms,status) VALUES (129,68,2,1,1,1,'ACTIVE');
INSERT INTO user_interest_subscriptions (subscription_id,user_id,interest_id,allow_inapp,allow_email,allow_sms,status) VALUES (130,68,5,1,1,1,'ACTIVE');
INSERT INTO user_interest_subscriptions (subscription_id,user_id,interest_id,allow_inapp,allow_email,allow_sms,status) VALUES (131,68,1,1,1,1,'ACTIVE');
INSERT INTO user_interest_subscriptions (subscription_id,user_id,interest_id,allow_inapp,allow_email,allow_sms,status) VALUES (132,69,4,1,1,1,'ACTIVE');
INSERT INTO user_interest_subscriptions (subscription_id,user_id,interest_id,allow_inapp,allow_email,allow_sms,status) VALUES (133,69,5,1,1,1,'ACTIVE');
INSERT INTO user_interest_subscriptions (subscription_id,user_id,interest_id,allow_inapp,allow_email,allow_sms,status) VALUES (134,69,3,1,1,1,'ACTIVE');
INSERT INTO user_interest_subscriptions (subscription_id,user_id,interest_id,allow_inapp,allow_email,allow_sms,status) VALUES (135,70,3,1,1,1,'ACTIVE');
INSERT INTO user_interest_subscriptions (subscription_id,user_id,interest_id,allow_inapp,allow_email,allow_sms,status) VALUES (136,71,4,1,1,1,'ACTIVE');
INSERT INTO user_interest_subscriptions (subscription_id,user_id,interest_id,allow_inapp,allow_email,allow_sms,status) VALUES (137,71,5,1,1,1,'ACTIVE');
INSERT INTO user_interest_subscriptions (subscription_id,user_id,interest_id,allow_inapp,allow_email,allow_sms,status) VALUES (138,72,2,1,1,1,'ACTIVE');
INSERT INTO user_interest_subscriptions (subscription_id,user_id,interest_id,allow_inapp,allow_email,allow_sms,status) VALUES (139,72,6,1,1,1,'ACTIVE');
INSERT INTO user_interest_subscriptions (subscription_id,user_id,interest_id,allow_inapp,allow_email,allow_sms,status) VALUES (140,73,1,1,1,1,'ACTIVE');
INSERT INTO user_interest_subscriptions (subscription_id,user_id,interest_id,allow_inapp,allow_email,allow_sms,status) VALUES (141,73,3,1,1,1,'ACTIVE');
INSERT INTO user_interest_subscriptions (subscription_id,user_id,interest_id,allow_inapp,allow_email,allow_sms,status) VALUES (142,74,7,1,1,1,'ACTIVE');
INSERT INTO user_interest_subscriptions (subscription_id,user_id,interest_id,allow_inapp,allow_email,allow_sms,status) VALUES (143,74,6,1,1,1,'ACTIVE');
INSERT INTO user_interest_subscriptions (subscription_id,user_id,interest_id,allow_inapp,allow_email,allow_sms,status) VALUES (144,75,1,1,1,1,'ACTIVE');
INSERT INTO user_interest_subscriptions (subscription_id,user_id,interest_id,allow_inapp,allow_email,allow_sms,status) VALUES (145,75,4,1,1,1,'ACTIVE');
INSERT INTO user_interest_subscriptions (subscription_id,user_id,interest_id,allow_inapp,allow_email,allow_sms,status) VALUES (146,76,5,1,1,1,'ACTIVE');
INSERT INTO user_interest_subscriptions (subscription_id,user_id,interest_id,allow_inapp,allow_email,allow_sms,status) VALUES (147,76,1,1,1,1,'ACTIVE');
INSERT INTO user_interest_subscriptions (subscription_id,user_id,interest_id,allow_inapp,allow_email,allow_sms,status) VALUES (148,77,7,1,1,1,'ACTIVE');
INSERT INTO user_interest_subscriptions (subscription_id,user_id,interest_id,allow_inapp,allow_email,allow_sms,status) VALUES (149,77,5,1,1,1,'ACTIVE');
INSERT INTO user_interest_subscriptions (subscription_id,user_id,interest_id,allow_inapp,allow_email,allow_sms,status) VALUES (150,77,2,1,1,1,'ACTIVE');
INSERT INTO user_interest_subscriptions (subscription_id,user_id,interest_id,allow_inapp,allow_email,allow_sms,status) VALUES (151,78,3,1,1,1,'ACTIVE');
INSERT INTO user_interest_subscriptions (subscription_id,user_id,interest_id,allow_inapp,allow_email,allow_sms,status) VALUES (152,78,1,1,1,1,'ACTIVE');
INSERT INTO user_interest_subscriptions (subscription_id,user_id,interest_id,allow_inapp,allow_email,allow_sms,status) VALUES (153,79,2,1,1,1,'ACTIVE');
INSERT INTO user_interest_subscriptions (subscription_id,user_id,interest_id,allow_inapp,allow_email,allow_sms,status) VALUES (154,80,4,1,1,1,'ACTIVE');
INSERT INTO user_interest_subscriptions (subscription_id,user_id,interest_id,allow_inapp,allow_email,allow_sms,status) VALUES (155,80,1,1,1,1,'ACTIVE');
INSERT INTO user_interest_subscriptions (subscription_id,user_id,interest_id,allow_inapp,allow_email,allow_sms,status) VALUES (156,80,6,1,1,1,'ACTIVE');
INSERT INTO user_interest_subscriptions (subscription_id,user_id,interest_id,allow_inapp,allow_email,allow_sms,status) VALUES (157,81,6,1,1,1,'ACTIVE');
INSERT INTO user_interest_subscriptions (subscription_id,user_id,interest_id,allow_inapp,allow_email,allow_sms,status) VALUES (158,81,5,1,1,1,'ACTIVE');
INSERT INTO user_interest_subscriptions (subscription_id,user_id,interest_id,allow_inapp,allow_email,allow_sms,status) VALUES (159,82,2,1,1,1,'ACTIVE');
INSERT INTO user_interest_subscriptions (subscription_id,user_id,interest_id,allow_inapp,allow_email,allow_sms,status) VALUES (160,82,4,1,1,1,'ACTIVE');
INSERT INTO user_interest_subscriptions (subscription_id,user_id,interest_id,allow_inapp,allow_email,allow_sms,status) VALUES (161,83,2,1,1,1,'ACTIVE');
INSERT INTO user_interest_subscriptions (subscription_id,user_id,interest_id,allow_inapp,allow_email,allow_sms,status) VALUES (162,83,5,1,1,1,'ACTIVE');
INSERT INTO user_interest_subscriptions (subscription_id,user_id,interest_id,allow_inapp,allow_email,allow_sms,status) VALUES (163,83,7,1,1,1,'ACTIVE');
INSERT INTO user_interest_subscriptions (subscription_id,user_id,interest_id,allow_inapp,allow_email,allow_sms,status) VALUES (164,84,2,1,1,1,'ACTIVE');
INSERT INTO user_interest_subscriptions (subscription_id,user_id,interest_id,allow_inapp,allow_email,allow_sms,status) VALUES (165,84,3,1,1,1,'ACTIVE');
INSERT INTO user_interest_subscriptions (subscription_id,user_id,interest_id,allow_inapp,allow_email,allow_sms,status) VALUES (166,85,7,1,1,1,'ACTIVE');
INSERT INTO user_interest_subscriptions (subscription_id,user_id,interest_id,allow_inapp,allow_email,allow_sms,status) VALUES (167,86,7,1,1,1,'ACTIVE');
INSERT INTO user_interest_subscriptions (subscription_id,user_id,interest_id,allow_inapp,allow_email,allow_sms,status) VALUES (168,87,6,1,1,1,'ACTIVE');
INSERT INTO user_interest_subscriptions (subscription_id,user_id,interest_id,allow_inapp,allow_email,allow_sms,status) VALUES (169,88,6,1,1,1,'ACTIVE');
INSERT INTO user_interest_subscriptions (subscription_id,user_id,interest_id,allow_inapp,allow_email,allow_sms,status) VALUES (170,88,7,1,1,1,'ACTIVE');
INSERT INTO user_interest_subscriptions (subscription_id,user_id,interest_id,allow_inapp,allow_email,allow_sms,status) VALUES (171,88,1,1,1,1,'ACTIVE');
INSERT INTO user_interest_subscriptions (subscription_id,user_id,interest_id,allow_inapp,allow_email,allow_sms,status) VALUES (172,89,6,1,1,1,'ACTIVE');
INSERT INTO user_interest_subscriptions (subscription_id,user_id,interest_id,allow_inapp,allow_email,allow_sms,status) VALUES (173,89,7,1,1,1,'ACTIVE');
INSERT INTO user_interest_subscriptions (subscription_id,user_id,interest_id,allow_inapp,allow_email,allow_sms,status) VALUES (174,90,5,1,1,1,'ACTIVE');
INSERT INTO user_interest_subscriptions (subscription_id,user_id,interest_id,allow_inapp,allow_email,allow_sms,status) VALUES (175,90,7,1,1,1,'ACTIVE');
INSERT INTO user_interest_subscriptions (subscription_id,user_id,interest_id,allow_inapp,allow_email,allow_sms,status) VALUES (176,90,2,1,1,1,'ACTIVE');
INSERT INTO user_interest_subscriptions (subscription_id,user_id,interest_id,allow_inapp,allow_email,allow_sms,status) VALUES (177,91,4,1,1,1,'ACTIVE');
INSERT INTO user_interest_subscriptions (subscription_id,user_id,interest_id,allow_inapp,allow_email,allow_sms,status) VALUES (178,92,5,1,1,1,'ACTIVE');
INSERT INTO user_interest_subscriptions (subscription_id,user_id,interest_id,allow_inapp,allow_email,allow_sms,status) VALUES (179,93,1,1,1,1,'ACTIVE');
INSERT INTO user_interest_subscriptions (subscription_id,user_id,interest_id,allow_inapp,allow_email,allow_sms,status) VALUES (180,93,5,1,1,1,'ACTIVE');
INSERT INTO user_interest_subscriptions (subscription_id,user_id,interest_id,allow_inapp,allow_email,allow_sms,status) VALUES (181,93,6,1,1,1,'ACTIVE');
INSERT INTO user_interest_subscriptions (subscription_id,user_id,interest_id,allow_inapp,allow_email,allow_sms,status) VALUES (182,94,4,1,1,1,'ACTIVE');
INSERT INTO user_interest_subscriptions (subscription_id,user_id,interest_id,allow_inapp,allow_email,allow_sms,status) VALUES (183,94,2,1,1,1,'ACTIVE');
INSERT INTO user_interest_subscriptions (subscription_id,user_id,interest_id,allow_inapp,allow_email,allow_sms,status) VALUES (184,95,2,1,1,1,'ACTIVE');
INSERT INTO user_interest_subscriptions (subscription_id,user_id,interest_id,allow_inapp,allow_email,allow_sms,status) VALUES (185,95,1,1,1,1,'ACTIVE');
INSERT INTO user_interest_subscriptions (subscription_id,user_id,interest_id,allow_inapp,allow_email,allow_sms,status) VALUES (186,95,3,1,1,1,'ACTIVE');
INSERT INTO user_interest_subscriptions (subscription_id,user_id,interest_id,allow_inapp,allow_email,allow_sms,status) VALUES (187,96,5,1,1,1,'ACTIVE');
INSERT INTO user_interest_subscriptions (subscription_id,user_id,interest_id,allow_inapp,allow_email,allow_sms,status) VALUES (188,96,7,1,1,1,'ACTIVE');
INSERT INTO user_interest_subscriptions (subscription_id,user_id,interest_id,allow_inapp,allow_email,allow_sms,status) VALUES (189,96,1,1,1,1,'ACTIVE');
INSERT INTO user_interest_subscriptions (subscription_id,user_id,interest_id,allow_inapp,allow_email,allow_sms,status) VALUES (190,97,7,1,1,1,'ACTIVE');
INSERT INTO user_interest_subscriptions (subscription_id,user_id,interest_id,allow_inapp,allow_email,allow_sms,status) VALUES (191,98,1,1,1,1,'ACTIVE');
INSERT INTO user_interest_subscriptions (subscription_id,user_id,interest_id,allow_inapp,allow_email,allow_sms,status) VALUES (192,99,3,1,1,1,'ACTIVE');
INSERT INTO user_interest_subscriptions (subscription_id,user_id,interest_id,allow_inapp,allow_email,allow_sms,status) VALUES (193,100,2,1,1,1,'ACTIVE');
-- Insert into event_interest_map
INSERT INTO event_interest_map (event_interest_map_id,event_id,interest_id) VALUES (1,1,2);
INSERT INTO event_interest_map (event_interest_map_id,event_id,interest_id) VALUES (2,2,7);
INSERT INTO event_interest_map (event_interest_map_id,event_id,interest_id) VALUES (3,3,3);
INSERT INTO event_interest_map (event_interest_map_id,event_id,interest_id) VALUES (4,4,3);
INSERT INTO event_interest_map (event_interest_map_id,event_id,interest_id) VALUES (5,5,2);
INSERT INTO event_interest_map (event_interest_map_id,event_id,interest_id) VALUES (6,5,7);
INSERT INTO event_interest_map (event_interest_map_id,event_id,interest_id) VALUES (7,6,2);
INSERT INTO event_interest_map (event_interest_map_id,event_id,interest_id) VALUES (8,7,4);
INSERT INTO event_interest_map (event_interest_map_id,event_id,interest_id) VALUES (9,7,1);
INSERT INTO event_interest_map (event_interest_map_id,event_id,interest_id) VALUES (10,8,2);
INSERT INTO event_interest_map (event_interest_map_id,event_id,interest_id) VALUES (11,8,7);
INSERT INTO event_interest_map (event_interest_map_id,event_id,interest_id) VALUES (12,9,2);
INSERT INTO event_interest_map (event_interest_map_id,event_id,interest_id) VALUES (13,10,6);
INSERT INTO event_interest_map (event_interest_map_id,event_id,interest_id) VALUES (14,11,4);
INSERT INTO event_interest_map (event_interest_map_id,event_id,interest_id) VALUES (15,11,3);
INSERT INTO event_interest_map (event_interest_map_id,event_id,interest_id) VALUES (16,12,7);
INSERT INTO event_interest_map (event_interest_map_id,event_id,interest_id) VALUES (17,13,4);
INSERT INTO event_interest_map (event_interest_map_id,event_id,interest_id) VALUES (18,14,2);
INSERT INTO event_interest_map (event_interest_map_id,event_id,interest_id) VALUES (19,14,7);
INSERT INTO event_interest_map (event_interest_map_id,event_id,interest_id) VALUES (20,15,1);
INSERT INTO event_interest_map (event_interest_map_id,event_id,interest_id) VALUES (21,16,2);
INSERT INTO event_interest_map (event_interest_map_id,event_id,interest_id) VALUES (22,16,5);
INSERT INTO event_interest_map (event_interest_map_id,event_id,interest_id) VALUES (23,17,2);
INSERT INTO event_interest_map (event_interest_map_id,event_id,interest_id) VALUES (24,17,6);
INSERT INTO event_interest_map (event_interest_map_id,event_id,interest_id) VALUES (25,18,7);
INSERT INTO event_interest_map (event_interest_map_id,event_id,interest_id) VALUES (26,18,5);
INSERT INTO event_interest_map (event_interest_map_id,event_id,interest_id) VALUES (27,19,5);
INSERT INTO event_interest_map (event_interest_map_id,event_id,interest_id) VALUES (28,20,3);
INSERT INTO event_interest_map (event_interest_map_id,event_id,interest_id) VALUES (29,21,7);
INSERT INTO event_interest_map (event_interest_map_id,event_id,interest_id) VALUES (30,22,6);
INSERT INTO event_interest_map (event_interest_map_id,event_id,interest_id) VALUES (31,23,6);
INSERT INTO event_interest_map (event_interest_map_id,event_id,interest_id) VALUES (32,24,5);
-- Insert into email_verification_token
INSERT INTO email_verification_token (email_verification_token_id,user_id,token_hash,expires_at,used_at,created_at) VALUES (1,1,'fb359bde08b94dab35f689627824ff143761b8d3811302c074dcd4f1422b3b19','2026-03-10 04:04:19',NULL,'2026-03-02 04:04:19');
INSERT INTO email_verification_token (email_verification_token_id,user_id,token_hash,expires_at,used_at,created_at) VALUES (2,2,'7a3666606217f3e2021c45f55bb5322c9c594cc04ab025a1a4a622e6e79e83ee','2026-03-10 04:04:19',NULL,'2026-03-02 04:04:19');
INSERT INTO email_verification_token (email_verification_token_id,user_id,token_hash,expires_at,used_at,created_at) VALUES (3,3,'308f985f382938886f3d68ac6707a975c8ce7e7484003fbc4373702f32ccb35b','2026-03-10 04:04:19',NULL,'2026-03-02 04:04:19');
INSERT INTO email_verification_token (email_verification_token_id,user_id,token_hash,expires_at,used_at,created_at) VALUES (4,4,'4f7a5db431b191a3da85cd6c4be599d2f0db6765cd77ddaee199c5dd153c6e59','2026-03-10 04:04:19',NULL,'2026-03-02 04:04:19');
INSERT INTO email_verification_token (email_verification_token_id,user_id,token_hash,expires_at,used_at,created_at) VALUES (5,5,'397abdad1f63a475ca82ee058cb28370b8bbea8ffd52e5f11225e7f17bbcd24b','2026-03-10 04:04:19',NULL,'2026-03-02 04:04:19');
INSERT INTO email_verification_token (email_verification_token_id,user_id,token_hash,expires_at,used_at,created_at) VALUES (6,6,'f628550ddd5404a110756a309a664627a68915cfb83a606580135b4431687037','2026-03-10 04:04:19',NULL,'2026-03-02 04:04:19');
INSERT INTO email_verification_token (email_verification_token_id,user_id,token_hash,expires_at,used_at,created_at) VALUES (7,7,'f3c3419515c855d33c042a9db69bac48094e17a0dcbaf17d89cedbbd54441609','2026-03-10 04:04:19',NULL,'2026-03-02 04:04:19');
INSERT INTO email_verification_token (email_verification_token_id,user_id,token_hash,expires_at,used_at,created_at) VALUES (8,8,'4640305e1ec13f40b58b35a48828aab0d0a41044739504fa04574cff0b83f90f','2026-03-10 04:04:19',NULL,'2026-03-02 04:04:19');
INSERT INTO email_verification_token (email_verification_token_id,user_id,token_hash,expires_at,used_at,created_at) VALUES (9,9,'594476b789bf95457e120c106a70c6023278bca9709529fe45b39924883b4994','2026-03-10 04:04:19',NULL,'2026-03-02 04:04:19');
INSERT INTO email_verification_token (email_verification_token_id,user_id,token_hash,expires_at,used_at,created_at) VALUES (10,10,'b9963043a8eba88623ef59b83c6b9a02e9cf9e29289e8a577fb195ce84e4cbe8','2026-03-10 04:04:19',NULL,'2026-03-02 04:04:19');
-- Insert into phone_verification_token
INSERT INTO phone_verification_token (phone_verification_token_id,user_id,phone,code_hash,expires_at,used_at,attempt_count,created_at) VALUES (11,1,'01069154128','efad511aee36ac84b5e7f87711bf26fbbba9403eab271a184046ba29147e1c8f','2026-03-10 04:04:19',NULL,0,'2026-03-02 04:04:19');
INSERT INTO phone_verification_token (phone_verification_token_id,user_id,phone,code_hash,expires_at,used_at,attempt_count,created_at) VALUES (12,2,'01088145262','858fa56bfe8270ddabaed74b29374b3e88924987c4d5ede7842570103158c371','2026-03-10 04:04:19',NULL,0,'2026-03-02 04:04:19');
INSERT INTO phone_verification_token (phone_verification_token_id,user_id,phone,code_hash,expires_at,used_at,attempt_count,created_at) VALUES (13,3,'01021265998','8db44e631f2bb7e8c9ada193cb7abcc05e1f8bcb23c04bd32144fe961f4f781b','2026-03-10 04:04:19',NULL,0,'2026-03-02 04:04:19');
INSERT INTO phone_verification_token (phone_verification_token_id,user_id,phone,code_hash,expires_at,used_at,attempt_count,created_at) VALUES (14,4,'01093655423','4e679680660ef94601131031a319b1017122a8071228bbd9527cf090f26c065e','2026-03-10 04:04:19',NULL,0,'2026-03-02 04:04:19');
INSERT INTO phone_verification_token (phone_verification_token_id,user_id,phone,code_hash,expires_at,used_at,attempt_count,created_at) VALUES (15,5,'01075330685','e75c3899f6824e9dcfe0c0f94dd150d4ecb1ad3203339fac88e99b75dd695b9b','2026-03-10 04:04:19',NULL,0,'2026-03-02 04:04:19');
INSERT INTO phone_verification_token (phone_verification_token_id,user_id,phone,code_hash,expires_at,used_at,attempt_count,created_at) VALUES (16,6,'01046183153','ea046ce4b55ee7f23c3b62da20c50d35ce2aca4645d7cb7981d9c5ba8804a480','2026-03-10 04:04:19',NULL,0,'2026-03-02 04:04:19');
INSERT INTO phone_verification_token (phone_verification_token_id,user_id,phone,code_hash,expires_at,used_at,attempt_count,created_at) VALUES (17,7,'01070852709','83eb01cf05c944cea704c5753375fe79f40dacd299a158d0f9c18cbe62fc503c','2026-03-10 04:04:19',NULL,0,'2026-03-02 04:04:19');
INSERT INTO phone_verification_token (phone_verification_token_id,user_id,phone,code_hash,expires_at,used_at,attempt_count,created_at) VALUES (18,8,'01032429454','ac3c33ddcb0f6480a8511f14b0c6246f0984bc4d9c89918dd55a9e1e980e2b8d','2026-03-10 04:04:19',NULL,0,'2026-03-02 04:04:19');
INSERT INTO phone_verification_token (phone_verification_token_id,user_id,phone,code_hash,expires_at,used_at,attempt_count,created_at) VALUES (19,9,'01013641147','ed0e20c796eb04dc44752793814154db07def9dc6ceae956f2987f4a4eb626de','2026-03-10 04:04:19',NULL,0,'2026-03-02 04:04:19');
INSERT INTO phone_verification_token (phone_verification_token_id,user_id,phone,code_hash,expires_at,used_at,attempt_count,created_at) VALUES (20,10,'01098903991','0542c6964a664cb764cbd80e22a9598fafc72166e9ab0e3fe12f1a2159cf2801','2026-03-10 04:04:19',NULL,0,'2026-03-02 04:04:19');
-- Insert into admin_logs
INSERT INTO admin_logs (log_id,admin_id,action,created_at) VALUES (1,1,'LOGIN','2024-10-31 18:47:58');
INSERT INTO admin_logs (log_id,admin_id,action,created_at) VALUES (2,1,'LOGIN','2025-07-20 02:52:33');
INSERT INTO admin_logs (log_id,admin_id,action,created_at) VALUES (3,1,'LOGIN','2025-03-06 17:58:21');
INSERT INTO admin_logs (log_id,admin_id,action,created_at) VALUES (4,1,'LOGIN','2024-06-03 09:49:44');
INSERT INTO admin_logs (log_id,admin_id,action,created_at) VALUES (5,1,'LOGIN','2025-03-12 02:06:06');
INSERT INTO admin_logs (log_id,admin_id,action,created_at) VALUES (6,1,'LOGIN','2025-05-29 10:58:47');
INSERT INTO admin_logs (log_id,admin_id,action,created_at) VALUES (7,1,'LOGIN','2024-03-11 00:13:00');
INSERT INTO admin_logs (log_id,admin_id,action,created_at) VALUES (8,1,'LOGIN','2024-11-09 06:27:54');
INSERT INTO admin_logs (log_id,admin_id,action,created_at) VALUES (9,1,'LOGIN','2023-09-25 10:15:39');
INSERT INTO admin_logs (log_id,admin_id,action,created_at) VALUES (10,1,'LOGIN','2024-02-16 20:18:46');
-- Insert into refresh_token
INSERT INTO refresh_token (refresh_token_id,user_id,token,expired_at) VALUES (1,63,'18db49d4-5bad-4ded-8664-8039c621fe4f','2026-04-02 04:04:19');
INSERT INTO refresh_token (refresh_token_id,user_id,token,expired_at) VALUES (2,28,'f36499c2-f658-4f60-86aa-35ce9cea3ae4','2026-04-02 04:04:19');
INSERT INTO refresh_token (refresh_token_id,user_id,token,expired_at) VALUES (3,95,'4d2150f2-b7cd-4400-ad85-e9e1ea12737e','2026-04-02 04:04:19');
INSERT INTO refresh_token (refresh_token_id,user_id,token,expired_at) VALUES (4,56,'f0f122dc-d8de-4393-81cc-c038d27bd90f','2026-04-02 04:04:19');
INSERT INTO refresh_token (refresh_token_id,user_id,token,expired_at) VALUES (5,35,'8a78f79b-a362-4042-a8c1-eeb10b80efc1','2026-04-02 04:04:19');
INSERT INTO refresh_token (refresh_token_id,user_id,token,expired_at) VALUES (6,71,'caf957a5-d6e0-4485-9552-9905c793f8e4','2026-04-02 04:04:19');
INSERT INTO refresh_token (refresh_token_id,user_id,token,expired_at) VALUES (7,7,'cceeb709-53de-4543-9a56-1c60cf195057','2026-04-02 04:04:19');
INSERT INTO refresh_token (refresh_token_id,user_id,token,expired_at) VALUES (8,58,'609620ad-fc89-4c37-9c47-b8c0b9961846','2026-04-02 04:04:19');
INSERT INTO refresh_token (refresh_token_id,user_id,token,expired_at) VALUES (9,92,'6d71ceec-760e-47f5-9094-9bf90daf6dde','2026-04-02 04:04:19');
INSERT INTO refresh_token (refresh_token_id,user_id,token,expired_at) VALUES (10,78,'c1ac0925-1b0a-4d02-b099-4a4d4fe28ffc','2026-04-02 04:04:19');
INSERT INTO refresh_token (refresh_token_id,user_id,token,expired_at) VALUES (11,76,'6f4c844c-6f48-44e4-aa28-302cbb0d486d','2026-04-02 04:04:19');
INSERT INTO refresh_token (refresh_token_id,user_id,token,expired_at) VALUES (12,91,'1fd8066f-6b16-4f7c-aac9-ab6ddd1d1dd3','2026-04-02 04:04:19');
INSERT INTO refresh_token (refresh_token_id,user_id,token,expired_at) VALUES (13,19,'d42be990-bd4b-4235-b8c8-b11aa331e1d0','2026-04-02 04:04:19');
INSERT INTO refresh_token (refresh_token_id,user_id,token,expired_at) VALUES (14,24,'56849923-a38a-40df-bf04-d8cdf214ce1e','2026-04-02 04:04:19');
INSERT INTO refresh_token (refresh_token_id,user_id,token,expired_at) VALUES (15,89,'6005a046-157c-4d44-ae78-22e3670ce212','2026-04-02 04:04:19');
INSERT INTO refresh_token (refresh_token_id,user_id,token,expired_at) VALUES (16,12,'83027df3-9a44-4190-95fa-d31c0ef1d020','2026-04-02 04:04:19');
INSERT INTO refresh_token (refresh_token_id,user_id,token,expired_at) VALUES (17,40,'403b26dd-e2cc-41ee-9f01-07a305143985','2026-04-02 04:04:19');
INSERT INTO refresh_token (refresh_token_id,user_id,token,expired_at) VALUES (18,99,'3a251695-2fe2-46fc-8954-28e77d2ff7b4','2026-04-02 04:04:19');
INSERT INTO refresh_token (refresh_token_id,user_id,token,expired_at) VALUES (19,5,'b9436dd5-0221-42cb-8ee8-b5f0ed20f561','2026-04-02 04:04:19');
INSERT INTO refresh_token (refresh_token_id,user_id,token,expired_at) VALUES (20,32,'0f28b350-b2e1-44fb-a4a5-7523e61dcd97','2026-04-02 04:04:19');
INSERT INTO refresh_token (refresh_token_id,user_id,token,expired_at) VALUES (21,51,'565d70ba-a3ed-4f8a-94ce-ac70d29e48ba','2026-04-02 04:04:19');
INSERT INTO refresh_token (refresh_token_id,user_id,token,expired_at) VALUES (22,57,'f3432003-2d5b-4695-b90f-15f5b829f76d','2026-04-02 04:04:19');
INSERT INTO refresh_token (refresh_token_id,user_id,token,expired_at) VALUES (23,81,'b0c38f82-8926-44ed-a235-c46a42a4e9aa','2026-04-02 04:04:19');
INSERT INTO refresh_token (refresh_token_id,user_id,token,expired_at) VALUES (24,16,'1f5ae060-4e3e-4f22-a9cb-7b55d10441ec','2026-04-02 04:04:19');
INSERT INTO refresh_token (refresh_token_id,user_id,token,expired_at) VALUES (25,85,'16a8ac66-aeb0-4d3f-a773-a83371ac58a7','2026-04-02 04:04:19');
INSERT INTO refresh_token (refresh_token_id,user_id,token,expired_at) VALUES (26,98,'eaa21e1e-a623-4f68-ae3b-bf1544c2420b','2026-04-02 04:04:19');
INSERT INTO refresh_token (refresh_token_id,user_id,token,expired_at) VALUES (27,77,'08887ca8-5a6c-4981-bc48-b3adeb7dcb46','2026-04-02 04:04:19');
INSERT INTO refresh_token (refresh_token_id,user_id,token,expired_at) VALUES (28,62,'3563ef1b-2757-408b-9b41-2936d2ad0809','2026-04-02 04:04:19');
INSERT INTO refresh_token (refresh_token_id,user_id,token,expired_at) VALUES (29,8,'719461ac-a33a-4f86-b45c-0a79540de73f','2026-04-02 04:04:19');
INSERT INTO refresh_token (refresh_token_id,user_id,token,expired_at) VALUES (30,45,'88475783-8cab-442d-8d38-ef50ffc81914','2026-04-02 04:04:19');
INSERT INTO refresh_token (refresh_token_id,user_id,token,expired_at) VALUES (31,21,'b05554d0-4665-48bc-af34-96cc6a3f841f','2026-04-02 04:04:19');
INSERT INTO refresh_token (refresh_token_id,user_id,token,expired_at) VALUES (32,94,'e29de87e-788b-4f76-a98d-1c12c0f31835','2026-04-02 04:04:19');
INSERT INTO refresh_token (refresh_token_id,user_id,token,expired_at) VALUES (33,61,'064e6117-f4da-4c11-afba-b030651609d7','2026-04-02 04:04:19');
INSERT INTO refresh_token (refresh_token_id,user_id,token,expired_at) VALUES (34,47,'9f3858c5-6cca-476b-a316-878b15cf315e','2026-04-02 04:04:19');
INSERT INTO refresh_token (refresh_token_id,user_id,token,expired_at) VALUES (35,96,'1c122317-be09-4815-85d2-85d6952f51cf','2026-04-02 04:04:19');
INSERT INTO refresh_token (refresh_token_id,user_id,token,expired_at) VALUES (36,20,'e95d9093-abed-4109-986f-fe7f98d0e013','2026-04-02 04:04:19');
INSERT INTO refresh_token (refresh_token_id,user_id,token,expired_at) VALUES (37,90,'17bff1f3-2ef9-4455-9ae0-213c9d772a90','2026-04-02 04:04:19');
INSERT INTO refresh_token (refresh_token_id,user_id,token,expired_at) VALUES (38,86,'9818e935-e0b1-4dda-80d1-0fed7d63014c','2026-04-02 04:04:19');
INSERT INTO refresh_token (refresh_token_id,user_id,token,expired_at) VALUES (39,46,'09a2fb8e-42ba-4535-ae04-60333490b0c0','2026-04-02 04:04:19');
INSERT INTO refresh_token (refresh_token_id,user_id,token,expired_at) VALUES (40,11,'1d5c8236-91bf-421d-ba69-66db0b41e23f','2026-04-02 04:04:19');
INSERT INTO refresh_token (refresh_token_id,user_id,token,expired_at) VALUES (41,67,'3e4ee49e-02d8-4205-b501-6416a5934ca4','2026-04-02 04:04:19');
INSERT INTO refresh_token (refresh_token_id,user_id,token,expired_at) VALUES (42,97,'91660112-9a51-4bd8-b0fa-d7483ffd97b4','2026-04-02 04:04:19');
INSERT INTO refresh_token (refresh_token_id,user_id,token,expired_at) VALUES (43,18,'ce0e36f5-77f7-4ad3-b85d-f584cd11ffb6','2026-04-02 04:04:19');
INSERT INTO refresh_token (refresh_token_id,user_id,token,expired_at) VALUES (44,93,'755a1d40-a243-4890-b141-df224c171abf','2026-04-02 04:04:19');
INSERT INTO refresh_token (refresh_token_id,user_id,token,expired_at) VALUES (45,50,'b961cd42-ae77-48d3-8f0f-7542d8bb1bb7','2026-04-02 04:04:19');
INSERT INTO refresh_token (refresh_token_id,user_id,token,expired_at) VALUES (46,33,'05fe6b5a-b6f4-4ff7-a749-ce35e0e944cf','2026-04-02 04:04:19');
INSERT INTO refresh_token (refresh_token_id,user_id,token,expired_at) VALUES (47,88,'1621599f-5651-4f9a-974f-c1fcf81d83e6','2026-04-02 04:04:19');
INSERT INTO refresh_token (refresh_token_id,user_id,token,expired_at) VALUES (48,17,'1431ef84-ae8f-4e2f-803f-b46af16b3815','2026-04-02 04:04:19');
INSERT INTO refresh_token (refresh_token_id,user_id,token,expired_at) VALUES (49,36,'e2b460c7-ab45-438c-b473-ed2a44cfc025','2026-04-02 04:04:19');
INSERT INTO refresh_token (refresh_token_id,user_id,token,expired_at) VALUES (50,31,'8a23e55f-c9a4-46df-93e1-0b393402a247','2026-04-02 04:04:19');

-- Additional events for event/current and event/upcoming visibility (as of 2026-03)
INSERT INTO event (event_id,event_name,description,start_at,end_at,location,status,round_no,base_fee) VALUES (901,'푸푸 봄 스페셜 2026','봄 시즌 반려동물 체험 프로그램과 커뮤니티 부스를 운영하는 특별 행사입니다.','2026-03-01 09:00:00','2026-03-10 18:00:00','서울특별시 강남구 테헤란로 123','ONGOING',1,25.00);
INSERT INTO event (event_id,event_name,description,start_at,end_at,location,status,round_no,base_fee) VALUES (902,'푸푸 도심 산책 위크','도심 산책 코스와 반려견 행동 상담을 함께 제공하는 주간 행사입니다.','2026-02-28 10:00:00','2026-03-08 19:00:00','서울특별시 송파구 올림픽로 240','ONGOING',1,20.00);
INSERT INTO event (event_id,event_name,description,start_at,end_at,location,status,round_no,base_fee) VALUES (903,'푸푸 패밀리 플레이데이','가족 단위 참여자를 위한 체험존과 미니게임 프로그램을 운영합니다.','2026-03-02 10:00:00','2026-03-12 18:30:00','경기도 고양시 일산동구 중앙로 1036','ONGOING',1,22.00);
INSERT INTO event (event_id,event_name,description,start_at,end_at,location,status,round_no,base_fee) VALUES (904,'푸푸 봄맞이 케어 페어','건강 체크와 미용 케어 상담 중심의 반려동물 케어 박람회입니다.','2026-02-27 09:30:00','2026-03-09 18:00:00','인천광역시 연수구 센트럴로 123','ONGOING',1,24.00);
INSERT INTO event (event_id,event_name,description,start_at,end_at,location,status,round_no,base_fee) VALUES (905,'푸푸 사회화 클래스 페스티벌','초보 보호자 대상 사회화 교육과 실습 세션을 진행합니다.','2026-03-01 11:00:00','2026-03-11 17:30:00','대전광역시 유성구 엑스포로 107','ONGOING',1,18.00);
INSERT INTO event (event_id,event_name,description,start_at,end_at,location,status,round_no,base_fee) VALUES (906,'푸푸 행동교정 오픈캠프','전문 트레이너와 함께하는 단계별 행동교정 오픈 캠프입니다.','2026-02-26 10:30:00','2026-03-07 18:30:00','대구광역시 수성구 동대구로 550','ONGOING',1,26.00);
INSERT INTO event (event_id,event_name,description,start_at,end_at,location,status,round_no,base_fee) VALUES (907,'푸푸 펫푸드 체험 마켓','기능성 펫푸드 시식과 맞춤 급여 상담 부스를 운영합니다.','2026-03-03 09:00:00','2026-03-13 19:00:00','부산광역시 해운대구 APEC로 55','ONGOING',1,21.00);
INSERT INTO event (event_id,event_name,description,start_at,end_at,location,status,round_no,base_fee) VALUES (908,'푸푸 포토데이 인 페스타','전문 포토존과 현장 촬영 이벤트를 중심으로 구성된 행사입니다.','2026-02-25 10:00:00','2026-03-06 18:00:00','광주광역시 서구 상무누리로 30','ONGOING',1,17.00);
INSERT INTO event (event_id,event_name,description,start_at,end_at,location,status,round_no,base_fee) VALUES (909,'푸푸 실내 어질리티 챌린지','실내 어질리티 코스를 활용한 기록형 챌린지 프로그램입니다.','2026-03-02 09:00:00','2026-03-14 18:00:00','울산광역시 남구 삼산로 282','ONGOING',1,23.00);
INSERT INTO event (event_id,event_name,description,start_at,end_at,location,status,round_no,base_fee) VALUES (910,'푸푸 커뮤니티 토크데이','보호자 커뮤니티 발표와 질의응답 중심의 토크 행사입니다.','2026-02-27 13:00:00','2026-03-15 18:00:00','세종특별자치시 도움1로 108','ONGOING',1,15.00);
INSERT INTO event (event_id,event_name,description,start_at,end_at,location,status,round_no,base_fee) VALUES (911,'푸푸 하이브리드 클래스 위크','온라인과 오프라인을 결합한 하이브리드 교육 프로그램입니다.','2026-03-01 09:00:00','2026-03-16 18:30:00','경기도 수원시 영통구 광교중앙로 140','ONGOING',1,19.00);
INSERT INTO event (event_id,event_name,description,start_at,end_at,location,status,round_no,base_fee) VALUES (912,'푸푸 웰니스 체크업데이','건강상담, 체중관리, 운동 루틴 진단을 제공하는 웰니스 행사입니다.','2026-02-28 09:00:00','2026-03-18 17:30:00','경상남도 창원시 성산구 중앙대로 151','ONGOING',1,27.00);
INSERT INTO event (event_id,event_name,description,start_at,end_at,location,status,round_no,base_fee) VALUES (913,'푸푸 봄 운동회 시즌1','반려동물 운동회와 팀 단위 미션 게임을 운영합니다.','2026-03-03 10:00:00','2026-03-17 18:30:00','전라북도 전주시 덕진구 기린대로 451','ONGOING',1,16.00);
INSERT INTO event (event_id,event_name,description,start_at,end_at,location,status,round_no,base_fee) VALUES (914,'푸푸 핸들러 트레이닝 캠프','핸들러 기초 훈련과 실전 시연을 병행하는 교육 캠프입니다.','2026-02-26 09:30:00','2026-03-19 18:00:00','충청북도 청주시 흥덕구 직지대로 397','ONGOING',1,28.00);
INSERT INTO event (event_id,event_name,description,start_at,end_at,location,status,round_no,base_fee) VALUES (915,'푸푸 커넥트 페어','지역 커뮤니티와 브랜드 부스를 연결하는 네트워킹 행사입니다.','2026-03-01 10:00:00','2026-03-20 18:00:00','강원도 춘천시 중앙로 67','ONGOING',1,21.00);

INSERT INTO event (event_id,event_name,description,start_at,end_at,location,status,round_no,base_fee) VALUES (916,'푸푸 썸머 프리뷰 2026','여름 시즌 신규 콘텐츠 사전 공개 및 참가자 얼리버드 등록 행사입니다.','2026-03-21 10:00:00','2026-03-23 18:00:00','부산광역시 해운대구 센텀동로 45','PLANNED',1,30.00);
INSERT INTO event (event_id,event_name,description,start_at,end_at,location,status,round_no,base_fee) VALUES (917,'푸푸 벚꽃 피크닉 페스타','벚꽃 시즌 야외 피크닉과 포토 스팟 프로그램을 제공합니다.','2026-03-22 11:00:00','2026-03-24 18:00:00','서울특별시 영등포구 여의동로 330','PLANNED',1,18.00);
INSERT INTO event (event_id,event_name,description,start_at,end_at,location,status,round_no,base_fee) VALUES (918,'푸푸 키즈 앤 펫 데이','어린이와 반려동물이 함께 참여하는 체험 중심 행사입니다.','2026-03-24 10:00:00','2026-03-26 18:00:00','경기도 용인시 수지구 포은대로 536','PLANNED',1,20.00);
INSERT INTO event (event_id,event_name,description,start_at,end_at,location,status,round_no,base_fee) VALUES (919,'푸푸 봄 클래스 주간','보호자 대상 기초 교육 클래스와 실습 세션을 운영합니다.','2026-03-25 09:30:00','2026-03-27 18:30:00','대전광역시 서구 둔산중로 55','PLANNED',1,19.00);
INSERT INTO event (event_id,event_name,description,start_at,end_at,location,status,round_no,base_fee) VALUES (920,'푸푸 푸드 앤 헬스 쇼','펫푸드 브랜드 전시와 건강 관리 강연을 진행합니다.','2026-03-26 10:00:00','2026-03-28 18:00:00','인천광역시 남동구 예술로 149','PLANNED',1,24.00);
INSERT INTO event (event_id,event_name,description,start_at,end_at,location,status,round_no,base_fee) VALUES (921,'푸푸 어질리티 프리시즌','어질리티 입문자를 위한 프리시즌 훈련 대회입니다.','2026-03-27 10:00:00','2026-03-29 18:00:00','광주광역시 북구 하서로 52','PLANNED',1,22.00);
INSERT INTO event (event_id,event_name,description,start_at,end_at,location,status,round_no,base_fee) VALUES (922,'푸푸 커뮤니티 네트워킹 나이트','지역 보호자 커뮤니티 네트워킹과 운영 사례 발표 행사입니다.','2026-03-28 14:00:00','2026-03-30 20:00:00','대구광역시 중구 동성로 23','PLANNED',1,15.00);
INSERT INTO event (event_id,event_name,description,start_at,end_at,location,status,round_no,base_fee) VALUES (923,'푸푸 웰니스 포럼 2026','반려동물 건강관리 트렌드와 전문가 포럼 세션을 운영합니다.','2026-03-29 09:00:00','2026-03-31 18:00:00','울산광역시 중구 번영로 470','PLANNED',1,26.00);
INSERT INTO event (event_id,event_name,description,start_at,end_at,location,status,round_no,base_fee) VALUES (924,'푸푸 펫라이프 박람회 미니','중소 브랜드 중심의 박람회형 팝업 이벤트입니다.','2026-03-30 10:00:00','2026-04-01 18:00:00','세종특별자치시 갈매로 408','PLANNED',1,23.00);
INSERT INTO event (event_id,event_name,description,start_at,end_at,location,status,round_no,base_fee) VALUES (925,'푸푸 도그런 파크데이','야외 도그런 체험과 안전 교육 프로그램을 제공합니다.','2026-03-31 09:00:00','2026-04-02 17:30:00','경상북도 포항시 남구 희망대로 810','PLANNED',1,17.00);
INSERT INTO event (event_id,event_name,description,start_at,end_at,location,status,round_no,base_fee) VALUES (926,'푸푸 봄 특별 세션데이','실전형 세션 프로그램을 하루 집중 편성으로 운영합니다.','2026-04-01 10:00:00','2026-04-03 18:00:00','충청남도 천안시 서북구 불당25로 200','PLANNED',1,21.00);
INSERT INTO event (event_id,event_name,description,start_at,end_at,location,status,round_no,base_fee) VALUES (927,'푸푸 핸즈온 트레이닝 위크','핸즈온 방식의 실습 중심 트레이닝을 진행합니다.','2026-04-02 10:00:00','2026-04-04 18:00:00','전라남도 순천시 연향번영길 131','PLANNED',1,25.00);
INSERT INTO event (event_id,event_name,description,start_at,end_at,location,status,round_no,base_fee) VALUES (928,'푸푸 플레이그라운드 페어','놀이형 체험 콘텐츠와 부대 프로그램을 결합한 행사입니다.','2026-04-03 10:30:00','2026-04-05 18:30:00','전라북도 군산시 대학로 558','PLANNED',1,16.00);
INSERT INTO event (event_id,event_name,description,start_at,end_at,location,status,round_no,base_fee) VALUES (929,'푸푸 케어 솔루션 데이','보호자 맞춤형 케어 솔루션 상담과 서비스 소개를 진행합니다.','2026-04-04 09:30:00','2026-04-06 18:00:00','경기도 성남시 분당구 판교역로 235','PLANNED',1,27.00);
INSERT INTO event (event_id,event_name,description,start_at,end_at,location,status,round_no,base_fee) VALUES (930,'푸푸 스프링 클로징 위크','봄 시즌 마지막 주간 행사로 인기 프로그램을 재편성해 운영합니다.','2026-04-05 10:00:00','2026-04-07 18:00:00','제주특별자치도 제주시 연북로 256','PLANNED',1,22.00);
