-- =========================================================
-- Pupoo Database Seed Data v5.2 (realistic local dataset)
-- =========================================================
SET NAMES utf8mb4;
SET FOREIGN_KEY_CHECKS = 0;

-- 1) users (101)
INSERT INTO users (user_id, email, password, nickname, phone, status, role_name, show_age, show_gender, show_pet, email_verified, phone_verified, created_at, last_login_at, last_modified_at) VALUES
(1, 'admin@pupoo.com', '$2a$10$9SFUWtS0qjzjRdZXSQbGPeEaAHjmxHbdTuSb/TxPLu.sNqJfuix6K', 'admin_master', '010-0000-0001', 'ACTIVE', 'ADMIN', 0, 0, 0, 1, 1, '2026-01-01 09:00:00', '2026-03-01 11:42:00', '2026-03-01 11:42:00'),
(2, 'user001@pupoo.io', '$2a$10$abcdefghijklmnopqrstuv', 'owner_001', '010-1001-2001', 'ACTIVE', 'USER', 1, 0, 1, 1, 1, '2026-01-01 10:01:00', '2026-03-01 11:03:00', '2026-03-01 11:03:00'),
(3, 'user002@pupoo.io', '$2a$10$abcdefghijklmnopqrstuv', 'owner_002', '010-1002-2002', 'ACTIVE', 'USER', 0, 1, 1, 1, 1, '2026-01-02 10:02:00', '2026-03-01 11:06:00', '2026-03-01 11:06:00'),
(4, 'user003@pupoo.io', '$2a$10$abcdefghijklmnopqrstuv', 'owner_003', '010-1003-2003', 'ACTIVE', 'USER', 1, 0, 1, 1, 1, '2026-01-03 10:03:00', '2026-03-01 11:09:00', '2026-03-01 11:09:00'),
(5, 'user004@pupoo.io', '$2a$10$abcdefghijklmnopqrstuv', 'owner_004', '010-1004-2004', 'ACTIVE', 'USER', 0, 1, 1, 1, 1, '2026-01-04 10:04:00', '2026-03-01 11:12:00', '2026-03-01 11:12:00'),
(6, 'user005@pupoo.io', '$2a$10$abcdefghijklmnopqrstuv', 'owner_005', '010-1005-2005', 'ACTIVE', 'USER', 1, 0, 1, 1, 1, '2026-01-05 10:05:00', '2026-03-01 11:15:00', '2026-03-01 11:15:00'),
(7, 'user006@pupoo.io', '$2a$10$abcdefghijklmnopqrstuv', 'owner_006', '010-1006-2006', 'ACTIVE', 'USER', 0, 1, 1, 1, 1, '2026-01-06 10:06:00', '2026-03-01 11:18:00', '2026-03-01 11:18:00'),
(8, 'user007@pupoo.io', '$2a$10$abcdefghijklmnopqrstuv', 'owner_007', '010-1007-2007', 'ACTIVE', 'USER', 1, 0, 1, 1, 1, '2026-01-07 10:07:00', '2026-03-01 11:21:00', '2026-03-01 11:21:00'),
(9, 'user008@pupoo.io', '$2a$10$abcdefghijklmnopqrstuv', 'owner_008', '010-1008-2008', 'ACTIVE', 'USER', 0, 1, 1, 1, 1, '2026-01-08 10:08:00', '2026-03-01 11:24:00', '2026-03-01 11:24:00'),
(10, 'user009@pupoo.io', '$2a$10$abcdefghijklmnopqrstuv', 'owner_009', '010-1009-2009', 'ACTIVE', 'USER', 1, 0, 1, 1, 1, '2026-01-09 10:09:00', '2026-03-01 11:27:00', '2026-03-01 11:27:00'),
(11, 'user010@pupoo.io', '$2a$10$abcdefghijklmnopqrstuv', 'owner_010', '010-1010-2010', 'ACTIVE', 'USER', 0, 1, 1, 1, 1, '2026-01-10 10:10:00', '2026-03-01 11:30:00', '2026-03-01 11:30:00'),
(12, 'user011@pupoo.io', '$2a$10$abcdefghijklmnopqrstuv', 'owner_011', '010-1011-2011', 'ACTIVE', 'USER', 1, 0, 1, 1, 1, '2026-01-11 10:11:00', '2026-03-01 11:33:00', '2026-03-01 11:33:00'),
(13, 'user012@pupoo.io', '$2a$10$abcdefghijklmnopqrstuv', 'owner_012', '010-1012-2012', 'ACTIVE', 'USER', 0, 1, 1, 1, 1, '2026-01-12 10:12:00', '2026-03-01 11:36:00', '2026-03-01 11:36:00'),
(14, 'user013@pupoo.io', '$2a$10$abcdefghijklmnopqrstuv', 'owner_013', '010-1013-2013', 'ACTIVE', 'USER', 1, 0, 1, 1, 1, '2026-01-13 10:13:00', '2026-03-01 11:39:00', '2026-03-01 11:39:00'),
(15, 'user014@pupoo.io', '$2a$10$abcdefghijklmnopqrstuv', 'owner_014', '010-1014-2014', 'ACTIVE', 'USER', 0, 1, 1, 1, 1, '2026-01-14 10:14:00', '2026-03-01 11:42:00', '2026-03-01 11:42:00'),
(16, 'user015@pupoo.io', '$2a$10$abcdefghijklmnopqrstuv', 'owner_015', '010-1015-2015', 'ACTIVE', 'USER', 1, 0, 1, 1, 1, '2026-01-15 10:15:00', '2026-03-01 11:45:00', '2026-03-01 11:45:00'),
(17, 'user016@pupoo.io', '$2a$10$abcdefghijklmnopqrstuv', 'owner_016', '010-1016-2016', 'ACTIVE', 'USER', 0, 1, 1, 1, 1, '2026-01-16 10:16:00', '2026-03-01 11:48:00', '2026-03-01 11:48:00'),
(18, 'user017@pupoo.io', '$2a$10$abcdefghijklmnopqrstuv', 'owner_017', '010-1017-2017', 'ACTIVE', 'USER', 1, 0, 1, 1, 1, '2026-01-17 10:17:00', '2026-03-01 11:51:00', '2026-03-01 11:51:00'),
(19, 'user018@pupoo.io', '$2a$10$abcdefghijklmnopqrstuv', 'owner_018', '010-1018-2018', 'ACTIVE', 'USER', 0, 1, 1, 1, 1, '2026-01-18 10:18:00', '2026-03-01 11:54:00', '2026-03-01 11:54:00'),
(20, 'user019@pupoo.io', '$2a$10$abcdefghijklmnopqrstuv', 'owner_019', '010-1019-2019', 'ACTIVE', 'USER', 1, 0, 1, 1, 1, '2026-01-19 10:19:00', '2026-03-01 11:57:00', '2026-03-01 11:57:00'),
(21, 'user020@pupoo.io', '$2a$10$abcdefghijklmnopqrstuv', 'owner_020', '010-1020-2020', 'ACTIVE', 'USER', 0, 1, 1, 1, 1, '2026-01-20 10:20:00', '2026-03-01 11:00:00', '2026-03-01 11:00:00'),
(22, 'user021@pupoo.io', '$2a$10$abcdefghijklmnopqrstuv', 'owner_021', '010-1021-2021', 'ACTIVE', 'USER', 1, 0, 1, 1, 1, '2026-01-21 10:21:00', '2026-03-01 11:03:00', '2026-03-01 11:03:00'),
(23, 'user022@pupoo.io', '$2a$10$abcdefghijklmnopqrstuv', 'owner_022', '010-1022-2022', 'ACTIVE', 'USER', 0, 1, 1, 1, 1, '2026-01-22 10:22:00', '2026-03-01 11:06:00', '2026-03-01 11:06:00'),
(24, 'user023@pupoo.io', '$2a$10$abcdefghijklmnopqrstuv', 'owner_023', '010-1023-2023', 'ACTIVE', 'USER', 1, 0, 1, 1, 1, '2026-01-23 10:23:00', '2026-03-01 11:09:00', '2026-03-01 11:09:00'),
(25, 'user024@pupoo.io', '$2a$10$abcdefghijklmnopqrstuv', 'owner_024', '010-1024-2024', 'ACTIVE', 'USER', 0, 1, 1, 1, 1, '2026-01-24 10:24:00', '2026-03-01 11:12:00', '2026-03-01 11:12:00'),
(26, 'user025@pupoo.io', '$2a$10$abcdefghijklmnopqrstuv', 'owner_025', '010-1025-2025', 'ACTIVE', 'USER', 1, 0, 1, 1, 1, '2026-01-25 10:25:00', '2026-03-01 11:15:00', '2026-03-01 11:15:00'),
(27, 'user026@pupoo.io', '$2a$10$abcdefghijklmnopqrstuv', 'owner_026', '010-1026-2026', 'ACTIVE', 'USER', 0, 1, 1, 1, 1, '2026-01-26 10:26:00', '2026-03-01 11:18:00', '2026-03-01 11:18:00'),
(28, 'user027@pupoo.io', '$2a$10$abcdefghijklmnopqrstuv', 'owner_027', '010-1027-2027', 'ACTIVE', 'USER', 1, 0, 1, 1, 1, '2026-01-27 10:27:00', '2026-03-01 11:21:00', '2026-03-01 11:21:00'),
(29, 'user028@pupoo.io', '$2a$10$abcdefghijklmnopqrstuv', 'owner_028', '010-1028-2028', 'ACTIVE', 'USER', 0, 1, 1, 1, 1, '2026-01-28 10:28:00', '2026-03-01 11:24:00', '2026-03-01 11:24:00'),
(30, 'user029@pupoo.io', '$2a$10$abcdefghijklmnopqrstuv', 'owner_029', '010-1029-2029', 'ACTIVE', 'USER', 1, 0, 1, 1, 1, '2026-01-01 10:29:00', '2026-03-01 11:27:00', '2026-03-01 11:27:00'),
(31, 'user030@pupoo.io', '$2a$10$abcdefghijklmnopqrstuv', 'owner_030', '010-1030-2030', 'ACTIVE', 'USER', 0, 1, 1, 1, 1, '2026-01-02 10:30:00', '2026-03-01 11:30:00', '2026-03-01 11:30:00'),
(32, 'user031@pupoo.io', '$2a$10$abcdefghijklmnopqrstuv', 'owner_031', '010-1031-2031', 'ACTIVE', 'USER', 1, 0, 1, 1, 1, '2026-01-03 10:31:00', '2026-03-01 11:33:00', '2026-03-01 11:33:00'),
(33, 'user032@pupoo.io', '$2a$10$abcdefghijklmnopqrstuv', 'owner_032', '010-1032-2032', 'ACTIVE', 'USER', 0, 1, 1, 1, 1, '2026-01-04 10:32:00', '2026-03-01 11:36:00', '2026-03-01 11:36:00'),
(34, 'user033@pupoo.io', '$2a$10$abcdefghijklmnopqrstuv', 'owner_033', '010-1033-2033', 'ACTIVE', 'USER', 1, 0, 1, 1, 1, '2026-01-05 10:33:00', '2026-03-01 11:39:00', '2026-03-01 11:39:00'),
(35, 'user034@pupoo.io', '$2a$10$abcdefghijklmnopqrstuv', 'owner_034', '010-1034-2034', 'ACTIVE', 'USER', 0, 1, 1, 1, 1, '2026-01-06 10:34:00', '2026-03-01 11:42:00', '2026-03-01 11:42:00'),
(36, 'user035@pupoo.io', '$2a$10$abcdefghijklmnopqrstuv', 'owner_035', '010-1035-2035', 'ACTIVE', 'USER', 1, 0, 1, 1, 1, '2026-01-07 10:35:00', '2026-03-01 11:45:00', '2026-03-01 11:45:00'),
(37, 'user036@pupoo.io', '$2a$10$abcdefghijklmnopqrstuv', 'owner_036', '010-1036-2036', 'ACTIVE', 'USER', 0, 1, 1, 1, 1, '2026-01-08 10:36:00', '2026-03-01 11:48:00', '2026-03-01 11:48:00'),
(38, 'user037@pupoo.io', '$2a$10$abcdefghijklmnopqrstuv', 'owner_037', '010-1037-2037', 'ACTIVE', 'USER', 1, 0, 1, 1, 1, '2026-01-09 10:37:00', '2026-03-01 11:51:00', '2026-03-01 11:51:00'),
(39, 'user038@pupoo.io', '$2a$10$abcdefghijklmnopqrstuv', 'owner_038', '010-1038-2038', 'ACTIVE', 'USER', 0, 1, 1, 1, 1, '2026-01-10 10:38:00', '2026-03-01 11:54:00', '2026-03-01 11:54:00'),
(40, 'user039@pupoo.io', '$2a$10$abcdefghijklmnopqrstuv', 'owner_039', '010-1039-2039', 'ACTIVE', 'USER', 1, 0, 1, 1, 1, '2026-01-11 10:39:00', '2026-03-01 11:57:00', '2026-03-01 11:57:00'),
(41, 'user040@pupoo.io', '$2a$10$abcdefghijklmnopqrstuv', 'owner_040', '010-1040-2040', 'ACTIVE', 'USER', 0, 1, 1, 1, 1, '2026-01-12 10:40:00', '2026-03-01 11:00:00', '2026-03-01 11:00:00'),
(42, 'user041@pupoo.io', '$2a$10$abcdefghijklmnopqrstuv', 'owner_041', '010-1041-2041', 'ACTIVE', 'USER', 1, 0, 1, 1, 1, '2026-01-13 10:41:00', '2026-03-01 11:03:00', '2026-03-01 11:03:00'),
(43, 'user042@pupoo.io', '$2a$10$abcdefghijklmnopqrstuv', 'owner_042', '010-1042-2042', 'ACTIVE', 'USER', 0, 1, 1, 1, 1, '2026-01-14 10:42:00', '2026-03-01 11:06:00', '2026-03-01 11:06:00'),
(44, 'user043@pupoo.io', '$2a$10$abcdefghijklmnopqrstuv', 'owner_043', '010-1043-2043', 'ACTIVE', 'USER', 1, 0, 1, 1, 1, '2026-01-15 10:43:00', '2026-03-01 11:09:00', '2026-03-01 11:09:00'),
(45, 'user044@pupoo.io', '$2a$10$abcdefghijklmnopqrstuv', 'owner_044', '010-1044-2044', 'ACTIVE', 'USER', 0, 1, 1, 1, 1, '2026-01-16 10:44:00', '2026-03-01 11:12:00', '2026-03-01 11:12:00'),
(46, 'user045@pupoo.io', '$2a$10$abcdefghijklmnopqrstuv', 'owner_045', '010-1045-2045', 'ACTIVE', 'USER', 1, 0, 1, 1, 1, '2026-01-17 10:45:00', '2026-03-01 11:15:00', '2026-03-01 11:15:00'),
(47, 'user046@pupoo.io', '$2a$10$abcdefghijklmnopqrstuv', 'owner_046', '010-1046-2046', 'ACTIVE', 'USER', 0, 1, 1, 1, 1, '2026-01-18 10:46:00', '2026-03-01 11:18:00', '2026-03-01 11:18:00'),
(48, 'user047@pupoo.io', '$2a$10$abcdefghijklmnopqrstuv', 'owner_047', '010-1047-2047', 'ACTIVE', 'USER', 1, 0, 1, 1, 1, '2026-01-19 10:47:00', '2026-03-01 11:21:00', '2026-03-01 11:21:00'),
(49, 'user048@pupoo.io', '$2a$10$abcdefghijklmnopqrstuv', 'owner_048', '010-1048-2048', 'ACTIVE', 'USER', 0, 1, 1, 1, 1, '2026-01-20 10:48:00', '2026-03-01 11:24:00', '2026-03-01 11:24:00'),
(50, 'user049@pupoo.io', '$2a$10$abcdefghijklmnopqrstuv', 'owner_049', '010-1049-2049', 'ACTIVE', 'USER', 1, 0, 1, 1, 1, '2026-01-21 10:49:00', '2026-03-01 11:27:00', '2026-03-01 11:27:00'),
(51, 'user050@pupoo.io', '$2a$10$abcdefghijklmnopqrstuv', 'owner_050', '010-1050-2050', 'ACTIVE', 'USER', 0, 1, 1, 1, 1, '2026-01-22 10:50:00', '2026-03-01 11:30:00', '2026-03-01 11:30:00'),
(52, 'user051@pupoo.io', '$2a$10$abcdefghijklmnopqrstuv', 'owner_051', '010-1051-2051', 'ACTIVE', 'USER', 1, 0, 1, 1, 1, '2026-01-23 10:51:00', '2026-03-01 11:33:00', '2026-03-01 11:33:00'),
(53, 'user052@pupoo.io', '$2a$10$abcdefghijklmnopqrstuv', 'owner_052', '010-1052-2052', 'ACTIVE', 'USER', 0, 1, 1, 1, 1, '2026-01-24 10:52:00', '2026-03-01 11:36:00', '2026-03-01 11:36:00'),
(54, 'user053@pupoo.io', '$2a$10$abcdefghijklmnopqrstuv', 'owner_053', '010-1053-2053', 'ACTIVE', 'USER', 1, 0, 1, 1, 1, '2026-01-25 10:53:00', '2026-03-01 11:39:00', '2026-03-01 11:39:00'),
(55, 'user054@pupoo.io', '$2a$10$abcdefghijklmnopqrstuv', 'owner_054', '010-1054-2054', 'ACTIVE', 'USER', 0, 1, 1, 1, 1, '2026-01-26 10:54:00', '2026-03-01 11:42:00', '2026-03-01 11:42:00'),
(56, 'user055@pupoo.io', '$2a$10$abcdefghijklmnopqrstuv', 'owner_055', '010-1055-2055', 'ACTIVE', 'USER', 1, 0, 1, 1, 1, '2026-01-27 10:55:00', '2026-03-01 11:45:00', '2026-03-01 11:45:00'),
(57, 'user056@pupoo.io', '$2a$10$abcdefghijklmnopqrstuv', 'owner_056', '010-1056-2056', 'ACTIVE', 'USER', 0, 1, 1, 1, 1, '2026-01-28 10:56:00', '2026-03-01 11:48:00', '2026-03-01 11:48:00'),
(58, 'user057@pupoo.io', '$2a$10$abcdefghijklmnopqrstuv', 'owner_057', '010-1057-2057', 'ACTIVE', 'USER', 1, 0, 1, 1, 1, '2026-01-01 10:57:00', '2026-03-01 11:51:00', '2026-03-01 11:51:00'),
(59, 'user058@pupoo.io', '$2a$10$abcdefghijklmnopqrstuv', 'owner_058', '010-1058-2058', 'ACTIVE', 'USER', 0, 1, 1, 1, 1, '2026-01-02 10:58:00', '2026-03-01 11:54:00', '2026-03-01 11:54:00'),
(60, 'user059@pupoo.io', '$2a$10$abcdefghijklmnopqrstuv', 'owner_059', '010-1059-2059', 'ACTIVE', 'USER', 1, 0, 1, 1, 1, '2026-01-03 10:59:00', '2026-03-01 11:57:00', '2026-03-01 11:57:00'),
(61, 'user060@pupoo.io', '$2a$10$abcdefghijklmnopqrstuv', 'owner_060', '010-1060-2060', 'ACTIVE', 'USER', 0, 1, 1, 1, 1, '2026-01-04 10:00:00', '2026-03-01 11:00:00', '2026-03-01 11:00:00'),
(62, 'user061@pupoo.io', '$2a$10$abcdefghijklmnopqrstuv', 'owner_061', '010-1061-2061', 'ACTIVE', 'USER', 1, 0, 1, 1, 1, '2026-01-05 10:01:00', '2026-03-01 11:03:00', '2026-03-01 11:03:00'),
(63, 'user062@pupoo.io', '$2a$10$abcdefghijklmnopqrstuv', 'owner_062', '010-1062-2062', 'ACTIVE', 'USER', 0, 1, 1, 1, 1, '2026-01-06 10:02:00', '2026-03-01 11:06:00', '2026-03-01 11:06:00'),
(64, 'user063@pupoo.io', '$2a$10$abcdefghijklmnopqrstuv', 'owner_063', '010-1063-2063', 'ACTIVE', 'USER', 1, 0, 1, 1, 1, '2026-01-07 10:03:00', '2026-03-01 11:09:00', '2026-03-01 11:09:00'),
(65, 'user064@pupoo.io', '$2a$10$abcdefghijklmnopqrstuv', 'owner_064', '010-1064-2064', 'ACTIVE', 'USER', 0, 1, 1, 1, 1, '2026-01-08 10:04:00', '2026-03-01 11:12:00', '2026-03-01 11:12:00'),
(66, 'user065@pupoo.io', '$2a$10$abcdefghijklmnopqrstuv', 'owner_065', '010-1065-2065', 'ACTIVE', 'USER', 1, 0, 1, 1, 1, '2026-01-09 10:05:00', '2026-03-01 11:15:00', '2026-03-01 11:15:00'),
(67, 'user066@pupoo.io', '$2a$10$abcdefghijklmnopqrstuv', 'owner_066', '010-1066-2066', 'ACTIVE', 'USER', 0, 1, 1, 1, 1, '2026-01-10 10:06:00', '2026-03-01 11:18:00', '2026-03-01 11:18:00'),
(68, 'user067@pupoo.io', '$2a$10$abcdefghijklmnopqrstuv', 'owner_067', '010-1067-2067', 'ACTIVE', 'USER', 1, 0, 1, 1, 1, '2026-01-11 10:07:00', '2026-03-01 11:21:00', '2026-03-01 11:21:00'),
(69, 'user068@pupoo.io', '$2a$10$abcdefghijklmnopqrstuv', 'owner_068', '010-1068-2068', 'ACTIVE', 'USER', 0, 1, 1, 1, 1, '2026-01-12 10:08:00', '2026-03-01 11:24:00', '2026-03-01 11:24:00'),
(70, 'user069@pupoo.io', '$2a$10$abcdefghijklmnopqrstuv', 'owner_069', '010-1069-2069', 'ACTIVE', 'USER', 1, 0, 1, 1, 1, '2026-01-13 10:09:00', '2026-03-01 11:27:00', '2026-03-01 11:27:00'),
(71, 'user070@pupoo.io', '$2a$10$abcdefghijklmnopqrstuv', 'owner_070', '010-1070-2070', 'ACTIVE', 'USER', 0, 1, 1, 1, 1, '2026-01-14 10:10:00', '2026-03-01 11:30:00', '2026-03-01 11:30:00'),
(72, 'user071@pupoo.io', '$2a$10$abcdefghijklmnopqrstuv', 'owner_071', '010-1071-2071', 'ACTIVE', 'USER', 1, 0, 1, 1, 1, '2026-01-15 10:11:00', '2026-03-01 11:33:00', '2026-03-01 11:33:00'),
(73, 'user072@pupoo.io', '$2a$10$abcdefghijklmnopqrstuv', 'owner_072', '010-1072-2072', 'ACTIVE', 'USER', 0, 1, 1, 1, 1, '2026-01-16 10:12:00', '2026-03-01 11:36:00', '2026-03-01 11:36:00'),
(74, 'user073@pupoo.io', '$2a$10$abcdefghijklmnopqrstuv', 'owner_073', '010-1073-2073', 'ACTIVE', 'USER', 1, 0, 1, 1, 1, '2026-01-17 10:13:00', '2026-03-01 11:39:00', '2026-03-01 11:39:00'),
(75, 'user074@pupoo.io', '$2a$10$abcdefghijklmnopqrstuv', 'owner_074', '010-1074-2074', 'ACTIVE', 'USER', 0, 1, 1, 1, 1, '2026-01-18 10:14:00', '2026-03-01 11:42:00', '2026-03-01 11:42:00'),
(76, 'user075@pupoo.io', '$2a$10$abcdefghijklmnopqrstuv', 'owner_075', '010-1075-2075', 'ACTIVE', 'USER', 1, 0, 1, 1, 1, '2026-01-19 10:15:00', '2026-03-01 11:45:00', '2026-03-01 11:45:00'),
(77, 'user076@pupoo.io', '$2a$10$abcdefghijklmnopqrstuv', 'owner_076', '010-1076-2076', 'ACTIVE', 'USER', 0, 1, 1, 1, 1, '2026-01-20 10:16:00', '2026-03-01 11:48:00', '2026-03-01 11:48:00'),
(78, 'user077@pupoo.io', '$2a$10$abcdefghijklmnopqrstuv', 'owner_077', '010-1077-2077', 'ACTIVE', 'USER', 1, 0, 1, 1, 1, '2026-01-21 10:17:00', '2026-03-01 11:51:00', '2026-03-01 11:51:00'),
(79, 'user078@pupoo.io', '$2a$10$abcdefghijklmnopqrstuv', 'owner_078', '010-1078-2078', 'ACTIVE', 'USER', 0, 1, 1, 1, 1, '2026-01-22 10:18:00', '2026-03-01 11:54:00', '2026-03-01 11:54:00'),
(80, 'user079@pupoo.io', '$2a$10$abcdefghijklmnopqrstuv', 'owner_079', '010-1079-2079', 'ACTIVE', 'USER', 1, 0, 1, 1, 1, '2026-01-23 10:19:00', '2026-03-01 11:57:00', '2026-03-01 11:57:00'),
(81, 'user080@pupoo.io', '$2a$10$abcdefghijklmnopqrstuv', 'owner_080', '010-1080-2080', 'ACTIVE', 'USER', 0, 1, 1, 1, 1, '2026-01-24 10:20:00', '2026-03-01 11:00:00', '2026-03-01 11:00:00'),
(82, 'user081@pupoo.io', '$2a$10$abcdefghijklmnopqrstuv', 'owner_081', '010-1081-2081', 'ACTIVE', 'USER', 1, 0, 1, 1, 1, '2026-01-25 10:21:00', '2026-03-01 11:03:00', '2026-03-01 11:03:00'),
(83, 'user082@pupoo.io', '$2a$10$abcdefghijklmnopqrstuv', 'owner_082', '010-1082-2082', 'ACTIVE', 'USER', 0, 1, 1, 1, 1, '2026-01-26 10:22:00', '2026-03-01 11:06:00', '2026-03-01 11:06:00'),
(84, 'user083@pupoo.io', '$2a$10$abcdefghijklmnopqrstuv', 'owner_083', '010-1083-2083', 'ACTIVE', 'USER', 1, 0, 1, 1, 1, '2026-01-27 10:23:00', '2026-03-01 11:09:00', '2026-03-01 11:09:00'),
(85, 'user084@pupoo.io', '$2a$10$abcdefghijklmnopqrstuv', 'owner_084', '010-1084-2084', 'ACTIVE', 'USER', 0, 1, 1, 1, 1, '2026-01-28 10:24:00', '2026-03-01 11:12:00', '2026-03-01 11:12:00'),
(86, 'user085@pupoo.io', '$2a$10$abcdefghijklmnopqrstuv', 'owner_085', '010-1085-2085', 'ACTIVE', 'USER', 1, 0, 1, 1, 1, '2026-01-01 10:25:00', '2026-03-01 11:15:00', '2026-03-01 11:15:00'),
(87, 'user086@pupoo.io', '$2a$10$abcdefghijklmnopqrstuv', 'owner_086', '010-1086-2086', 'ACTIVE', 'USER', 0, 1, 1, 1, 1, '2026-01-02 10:26:00', '2026-03-01 11:18:00', '2026-03-01 11:18:00'),
(88, 'user087@pupoo.io', '$2a$10$abcdefghijklmnopqrstuv', 'owner_087', '010-1087-2087', 'ACTIVE', 'USER', 1, 0, 1, 1, 1, '2026-01-03 10:27:00', '2026-03-01 11:21:00', '2026-03-01 11:21:00'),
(89, 'user088@pupoo.io', '$2a$10$abcdefghijklmnopqrstuv', 'owner_088', '010-1088-2088', 'ACTIVE', 'USER', 0, 1, 1, 1, 1, '2026-01-04 10:28:00', '2026-03-01 11:24:00', '2026-03-01 11:24:00'),
(90, 'user089@pupoo.io', '$2a$10$abcdefghijklmnopqrstuv', 'owner_089', '010-1089-2089', 'ACTIVE', 'USER', 1, 0, 1, 1, 1, '2026-01-05 10:29:00', '2026-03-01 11:27:00', '2026-03-01 11:27:00'),
(91, 'user090@pupoo.io', '$2a$10$abcdefghijklmnopqrstuv', 'owner_090', '010-1090-2090', 'ACTIVE', 'USER', 0, 1, 1, 1, 1, '2026-01-06 10:30:00', '2026-03-01 11:30:00', '2026-03-01 11:30:00'),
(92, 'user091@pupoo.io', '$2a$10$abcdefghijklmnopqrstuv', 'owner_091', '010-1091-2091', 'ACTIVE', 'USER', 1, 0, 1, 1, 1, '2026-01-07 10:31:00', '2026-03-01 11:33:00', '2026-03-01 11:33:00'),
(93, 'user092@pupoo.io', '$2a$10$abcdefghijklmnopqrstuv', 'owner_092', '010-1092-2092', 'ACTIVE', 'USER', 0, 1, 1, 1, 1, '2026-01-08 10:32:00', '2026-03-01 11:36:00', '2026-03-01 11:36:00'),
(94, 'user093@pupoo.io', '$2a$10$abcdefghijklmnopqrstuv', 'owner_093', '010-1093-2093', 'ACTIVE', 'USER', 1, 0, 1, 1, 1, '2026-01-09 10:33:00', '2026-03-01 11:39:00', '2026-03-01 11:39:00'),
(95, 'user094@pupoo.io', '$2a$10$abcdefghijklmnopqrstuv', 'owner_094', '010-1094-2094', 'ACTIVE', 'USER', 0, 1, 1, 1, 1, '2026-01-10 10:34:00', '2026-03-01 11:42:00', '2026-03-01 11:42:00'),
(96, 'user095@pupoo.io', '$2a$10$abcdefghijklmnopqrstuv', 'owner_095', '010-1095-2095', 'ACTIVE', 'USER', 1, 0, 1, 1, 1, '2026-01-11 10:35:00', '2026-03-01 11:45:00', '2026-03-01 11:45:00'),
(97, 'user096@pupoo.io', '$2a$10$abcdefghijklmnopqrstuv', 'owner_096', '010-1096-2096', 'ACTIVE', 'USER', 0, 1, 1, 1, 1, '2026-01-12 10:36:00', '2026-03-01 11:48:00', '2026-03-01 11:48:00'),
(98, 'user097@pupoo.io', '$2a$10$abcdefghijklmnopqrstuv', 'owner_097', '010-1097-2097', 'ACTIVE', 'USER', 1, 0, 1, 1, 1, '2026-01-13 10:37:00', '2026-03-01 11:51:00', '2026-03-01 11:51:00'),
(99, 'user098@pupoo.io', '$2a$10$abcdefghijklmnopqrstuv', 'owner_098', '010-1098-2098', 'ACTIVE', 'USER', 0, 1, 1, 1, 1, '2026-01-14 10:38:00', '2026-03-01 11:54:00', '2026-03-01 11:54:00'),
(100, 'user099@pupoo.io', '$2a$10$abcdefghijklmnopqrstuv', 'owner_099', '010-1099-2099', 'ACTIVE', 'USER', 1, 0, 1, 1, 1, '2026-01-15 10:39:00', '2026-03-01 11:57:00', '2026-03-01 11:57:00'),
(101, 'user100@pupoo.io', '$2a$10$abcdefghijklmnopqrstuv', 'owner_100', '010-1100-2100', 'ACTIVE', 'USER', 0, 1, 1, 1, 1, '2026-01-16 10:40:00', '2026-03-01 11:00:00', '2026-03-01 11:00:00');

-- 2) social_account (100)
INSERT INTO social_account (social_id, user_id, provider, provider_uid) VALUES
(1, 2, 'KAKAO', 'kakao_uid_001'),
(2, 3, 'NAVER', 'naver_uid_002'),
(3, 4, 'GOOGLE', 'google_uid_003'),
(4, 5, 'APPLE', 'apple_uid_004'),
(5, 6, 'KAKAO', 'kakao_uid_005'),
(6, 7, 'NAVER', 'naver_uid_006'),
(7, 8, 'GOOGLE', 'google_uid_007'),
(8, 9, 'APPLE', 'apple_uid_008'),
(9, 10, 'KAKAO', 'kakao_uid_009'),
(10, 11, 'NAVER', 'naver_uid_010'),
(11, 12, 'GOOGLE', 'google_uid_011'),
(12, 13, 'APPLE', 'apple_uid_012'),
(13, 14, 'KAKAO', 'kakao_uid_013'),
(14, 15, 'NAVER', 'naver_uid_014'),
(15, 16, 'GOOGLE', 'google_uid_015'),
(16, 17, 'APPLE', 'apple_uid_016'),
(17, 18, 'KAKAO', 'kakao_uid_017'),
(18, 19, 'NAVER', 'naver_uid_018'),
(19, 20, 'GOOGLE', 'google_uid_019'),
(20, 21, 'APPLE', 'apple_uid_020'),
(21, 22, 'KAKAO', 'kakao_uid_021'),
(22, 23, 'NAVER', 'naver_uid_022'),
(23, 24, 'GOOGLE', 'google_uid_023'),
(24, 25, 'APPLE', 'apple_uid_024'),
(25, 26, 'KAKAO', 'kakao_uid_025'),
(26, 27, 'NAVER', 'naver_uid_026'),
(27, 28, 'GOOGLE', 'google_uid_027'),
(28, 29, 'APPLE', 'apple_uid_028'),
(29, 30, 'KAKAO', 'kakao_uid_029'),
(30, 31, 'NAVER', 'naver_uid_030'),
(31, 32, 'GOOGLE', 'google_uid_031'),
(32, 33, 'APPLE', 'apple_uid_032'),
(33, 34, 'KAKAO', 'kakao_uid_033'),
(34, 35, 'NAVER', 'naver_uid_034'),
(35, 36, 'GOOGLE', 'google_uid_035'),
(36, 37, 'APPLE', 'apple_uid_036'),
(37, 38, 'KAKAO', 'kakao_uid_037'),
(38, 39, 'NAVER', 'naver_uid_038'),
(39, 40, 'GOOGLE', 'google_uid_039'),
(40, 41, 'APPLE', 'apple_uid_040'),
(41, 42, 'KAKAO', 'kakao_uid_041'),
(42, 43, 'NAVER', 'naver_uid_042'),
(43, 44, 'GOOGLE', 'google_uid_043'),
(44, 45, 'APPLE', 'apple_uid_044'),
(45, 46, 'KAKAO', 'kakao_uid_045'),
(46, 47, 'NAVER', 'naver_uid_046'),
(47, 48, 'GOOGLE', 'google_uid_047'),
(48, 49, 'APPLE', 'apple_uid_048'),
(49, 50, 'KAKAO', 'kakao_uid_049'),
(50, 51, 'NAVER', 'naver_uid_050'),
(51, 52, 'GOOGLE', 'google_uid_051'),
(52, 53, 'APPLE', 'apple_uid_052'),
(53, 54, 'KAKAO', 'kakao_uid_053'),
(54, 55, 'NAVER', 'naver_uid_054'),
(55, 56, 'GOOGLE', 'google_uid_055'),
(56, 57, 'APPLE', 'apple_uid_056'),
(57, 58, 'KAKAO', 'kakao_uid_057'),
(58, 59, 'NAVER', 'naver_uid_058'),
(59, 60, 'GOOGLE', 'google_uid_059'),
(60, 61, 'APPLE', 'apple_uid_060'),
(61, 62, 'KAKAO', 'kakao_uid_061'),
(62, 63, 'NAVER', 'naver_uid_062'),
(63, 64, 'GOOGLE', 'google_uid_063'),
(64, 65, 'APPLE', 'apple_uid_064'),
(65, 66, 'KAKAO', 'kakao_uid_065'),
(66, 67, 'NAVER', 'naver_uid_066'),
(67, 68, 'GOOGLE', 'google_uid_067'),
(68, 69, 'APPLE', 'apple_uid_068'),
(69, 70, 'KAKAO', 'kakao_uid_069'),
(70, 71, 'NAVER', 'naver_uid_070'),
(71, 72, 'GOOGLE', 'google_uid_071'),
(72, 73, 'APPLE', 'apple_uid_072'),
(73, 74, 'KAKAO', 'kakao_uid_073'),
(74, 75, 'NAVER', 'naver_uid_074'),
(75, 76, 'GOOGLE', 'google_uid_075'),
(76, 77, 'APPLE', 'apple_uid_076'),
(77, 78, 'KAKAO', 'kakao_uid_077'),
(78, 79, 'NAVER', 'naver_uid_078'),
(79, 80, 'GOOGLE', 'google_uid_079'),
(80, 81, 'APPLE', 'apple_uid_080'),
(81, 82, 'KAKAO', 'kakao_uid_081'),
(82, 83, 'NAVER', 'naver_uid_082'),
(83, 84, 'GOOGLE', 'google_uid_083'),
(84, 85, 'APPLE', 'apple_uid_084'),
(85, 86, 'KAKAO', 'kakao_uid_085'),
(86, 87, 'NAVER', 'naver_uid_086'),
(87, 88, 'GOOGLE', 'google_uid_087'),
(88, 89, 'APPLE', 'apple_uid_088'),
(89, 90, 'KAKAO', 'kakao_uid_089'),
(90, 91, 'NAVER', 'naver_uid_090'),
(91, 92, 'GOOGLE', 'google_uid_091'),
(92, 93, 'APPLE', 'apple_uid_092'),
(93, 94, 'KAKAO', 'kakao_uid_093'),
(94, 95, 'NAVER', 'naver_uid_094'),
(95, 96, 'GOOGLE', 'google_uid_095'),
(96, 97, 'APPLE', 'apple_uid_096'),
(97, 98, 'KAKAO', 'kakao_uid_097'),
(98, 99, 'NAVER', 'naver_uid_098'),
(99, 100, 'GOOGLE', 'google_uid_099'),
(100, 101, 'APPLE', 'apple_uid_100');

-- 3) pet (100)
INSERT INTO pet (pet_id, user_id, pet_name, pet_breed, pet_age, pet_weight) VALUES
(1, 2, 'pet_001', 'CAT', 2, 'XS'),
(2, 3, 'pet_002', 'DOG', 3, 'S'),
(3, 4, 'pet_003', 'CAT', 4, 'M'),
(4, 5, 'pet_004', 'DOG', 5, 'L'),
(5, 6, 'pet_005', 'CAT', 6, 'XL'),
(6, 7, 'pet_006', 'DOG', 7, 'XS'),
(7, 8, 'pet_007', 'CAT', 8, 'S'),
(8, 9, 'pet_008', 'OTHER', 9, 'M'),
(9, 10, 'pet_009', 'CAT', 10, 'L'),
(10, 11, 'pet_010', 'DOG', 11, 'XL'),
(11, 12, 'pet_011', 'CAT', 12, 'XS'),
(12, 13, 'pet_012', 'DOG', 13, 'S'),
(13, 14, 'pet_013', 'CAT', 14, 'M'),
(14, 15, 'pet_014', 'DOG', 15, 'L'),
(15, 16, 'pet_015', 'CAT', 1, 'XL'),
(16, 17, 'pet_016', 'OTHER', 2, 'XS'),
(17, 18, 'pet_017', 'CAT', 3, 'S'),
(18, 19, 'pet_018', 'DOG', 4, 'M'),
(19, 20, 'pet_019', 'CAT', 5, 'L'),
(20, 21, 'pet_020', 'DOG', 6, 'XL'),
(21, 22, 'pet_021', 'CAT', 7, 'XS'),
(22, 23, 'pet_022', 'DOG', 8, 'S'),
(23, 24, 'pet_023', 'CAT', 9, 'M'),
(24, 25, 'pet_024', 'OTHER', 10, 'L'),
(25, 26, 'pet_025', 'CAT', 11, 'XL'),
(26, 27, 'pet_026', 'DOG', 12, 'XS'),
(27, 28, 'pet_027', 'CAT', 13, 'S'),
(28, 29, 'pet_028', 'DOG', 14, 'M'),
(29, 30, 'pet_029', 'CAT', 15, 'L'),
(30, 31, 'pet_030', 'DOG', 1, 'XL'),
(31, 32, 'pet_031', 'CAT', 2, 'XS'),
(32, 33, 'pet_032', 'OTHER', 3, 'S'),
(33, 34, 'pet_033', 'CAT', 4, 'M'),
(34, 35, 'pet_034', 'DOG', 5, 'L'),
(35, 36, 'pet_035', 'CAT', 6, 'XL'),
(36, 37, 'pet_036', 'DOG', 7, 'XS'),
(37, 38, 'pet_037', 'CAT', 8, 'S'),
(38, 39, 'pet_038', 'DOG', 9, 'M'),
(39, 40, 'pet_039', 'CAT', 10, 'L'),
(40, 41, 'pet_040', 'OTHER', 11, 'XL'),
(41, 42, 'pet_041', 'CAT', 12, 'XS'),
(42, 43, 'pet_042', 'DOG', 13, 'S'),
(43, 44, 'pet_043', 'CAT', 14, 'M'),
(44, 45, 'pet_044', 'DOG', 15, 'L'),
(45, 46, 'pet_045', 'CAT', 1, 'XL'),
(46, 47, 'pet_046', 'DOG', 2, 'XS'),
(47, 48, 'pet_047', 'CAT', 3, 'S'),
(48, 49, 'pet_048', 'OTHER', 4, 'M'),
(49, 50, 'pet_049', 'CAT', 5, 'L'),
(50, 51, 'pet_050', 'DOG', 6, 'XL'),
(51, 52, 'pet_051', 'CAT', 7, 'XS'),
(52, 53, 'pet_052', 'DOG', 8, 'S'),
(53, 54, 'pet_053', 'CAT', 9, 'M'),
(54, 55, 'pet_054', 'DOG', 10, 'L'),
(55, 56, 'pet_055', 'CAT', 11, 'XL'),
(56, 57, 'pet_056', 'OTHER', 12, 'XS'),
(57, 58, 'pet_057', 'CAT', 13, 'S'),
(58, 59, 'pet_058', 'DOG', 14, 'M'),
(59, 60, 'pet_059', 'CAT', 15, 'L'),
(60, 61, 'pet_060', 'DOG', 1, 'XL'),
(61, 62, 'pet_061', 'CAT', 2, 'XS'),
(62, 63, 'pet_062', 'DOG', 3, 'S'),
(63, 64, 'pet_063', 'CAT', 4, 'M'),
(64, 65, 'pet_064', 'OTHER', 5, 'L'),
(65, 66, 'pet_065', 'CAT', 6, 'XL'),
(66, 67, 'pet_066', 'DOG', 7, 'XS'),
(67, 68, 'pet_067', 'CAT', 8, 'S'),
(68, 69, 'pet_068', 'DOG', 9, 'M'),
(69, 70, 'pet_069', 'CAT', 10, 'L'),
(70, 71, 'pet_070', 'DOG', 11, 'XL'),
(71, 72, 'pet_071', 'CAT', 12, 'XS'),
(72, 73, 'pet_072', 'OTHER', 13, 'S'),
(73, 74, 'pet_073', 'CAT', 14, 'M'),
(74, 75, 'pet_074', 'DOG', 15, 'L'),
(75, 76, 'pet_075', 'CAT', 1, 'XL'),
(76, 77, 'pet_076', 'DOG', 2, 'XS'),
(77, 78, 'pet_077', 'CAT', 3, 'S'),
(78, 79, 'pet_078', 'DOG', 4, 'M'),
(79, 80, 'pet_079', 'CAT', 5, 'L'),
(80, 81, 'pet_080', 'OTHER', 6, 'XL'),
(81, 82, 'pet_081', 'CAT', 7, 'XS'),
(82, 83, 'pet_082', 'DOG', 8, 'S'),
(83, 84, 'pet_083', 'CAT', 9, 'M'),
(84, 85, 'pet_084', 'DOG', 10, 'L'),
(85, 86, 'pet_085', 'CAT', 11, 'XL'),
(86, 87, 'pet_086', 'DOG', 12, 'XS'),
(87, 88, 'pet_087', 'CAT', 13, 'S'),
(88, 89, 'pet_088', 'OTHER', 14, 'M'),
(89, 90, 'pet_089', 'CAT', 15, 'L'),
(90, 91, 'pet_090', 'DOG', 1, 'XL'),
(91, 92, 'pet_091', 'CAT', 2, 'XS'),
(92, 93, 'pet_092', 'DOG', 3, 'S'),
(93, 94, 'pet_093', 'CAT', 4, 'M'),
(94, 95, 'pet_094', 'DOG', 5, 'L'),
(95, 96, 'pet_095', 'CAT', 6, 'XL'),
(96, 97, 'pet_096', 'OTHER', 7, 'XS'),
(97, 98, 'pet_097', 'CAT', 8, 'S'),
(98, 99, 'pet_098', 'DOG', 9, 'M'),
(99, 100, 'pet_099', 'CAT', 10, 'L'),
(100, 101, 'pet_100', 'DOG', 11, 'XL');

-- 4) event (100)
INSERT INTO event (event_id, event_name, description, start_at, end_at, location, status, round_no, base_fee) VALUES
(1, 'Pupoo Pet Fair 001', 'Local event program 001', '2026-04-01 10:00:00', '2026-04-01 18:00:00', 'Seoul Hall 1', 'PLANNED', 1, 0.00),
(2, 'Pupoo Pet Fair 002', 'Local event program 002', '2026-04-02 10:00:00', '2026-04-02 18:00:00', 'Seoul Hall 1', 'PLANNED', 2, 0.00),
(3, 'Pupoo Pet Fair 003', 'Local event program 003', '2026-04-03 10:00:00', '2026-04-03 18:00:00', 'Seoul Hall 1', 'PLANNED', 3, 15000.00),
(4, 'Pupoo Pet Fair 004', 'Local event program 004', '2026-04-04 10:00:00', '2026-04-04 18:00:00', 'Seoul Hall 1', 'PLANNED', 4, 0.00),
(5, 'Pupoo Pet Fair 005', 'Local event program 005', '2026-04-05 10:00:00', '2026-04-05 18:00:00', 'Seoul Hall 1', 'PLANNED', 5, 25000.00),
(6, 'Pupoo Pet Fair 006', 'Local event program 006', '2026-04-06 10:00:00', '2026-04-06 18:00:00', 'Seoul Hall 1', 'PLANNED', 1, 15000.00),
(7, 'Pupoo Pet Fair 007', 'Local event program 007', '2026-04-07 10:00:00', '2026-04-07 18:00:00', 'Seoul Hall 1', 'PLANNED', 2, 0.00),
(8, 'Pupoo Pet Fair 008', 'Local event program 008', '2026-04-08 10:00:00', '2026-04-08 18:00:00', 'Seoul Hall 1', 'PLANNED', 3, 0.00),
(9, 'Pupoo Pet Fair 009', 'Local event program 009', '2026-04-09 10:00:00', '2026-04-09 18:00:00', 'Seoul Hall 1', 'PLANNED', 4, 15000.00),
(10, 'Pupoo Pet Fair 010', 'Local event program 010', '2026-04-10 10:00:00', '2026-04-10 18:00:00', 'Seoul Hall 1', 'PLANNED', 5, 25000.00),
(11, 'Pupoo Pet Fair 011', 'Local event program 011', '2026-04-11 10:00:00', '2026-04-11 18:00:00', 'Seoul Hall 1', 'PLANNED', 1, 0.00),
(12, 'Pupoo Pet Fair 012', 'Local event program 012', '2026-04-12 10:00:00', '2026-04-12 18:00:00', 'Seoul Hall 1', 'PLANNED', 2, 15000.00),
(13, 'Pupoo Pet Fair 013', 'Local event program 013', '2026-04-13 10:00:00', '2026-04-13 18:00:00', 'Seoul Hall 1', 'PLANNED', 3, 0.00),
(14, 'Pupoo Pet Fair 014', 'Local event program 014', '2026-04-14 10:00:00', '2026-04-14 18:00:00', 'Seoul Hall 1', 'PLANNED', 4, 0.00),
(15, 'Pupoo Pet Fair 015', 'Local event program 015', '2026-04-15 10:00:00', '2026-04-15 18:00:00', 'Seoul Hall 1', 'PLANNED', 5, 15000.00),
(16, 'Pupoo Pet Fair 016', 'Local event program 016', '2026-04-16 10:00:00', '2026-04-16 18:00:00', 'Seoul Hall 1', 'PLANNED', 1, 0.00),
(17, 'Pupoo Pet Fair 017', 'Local event program 017', '2026-04-17 10:00:00', '2026-04-17 18:00:00', 'Seoul Hall 1', 'PLANNED', 2, 0.00),
(18, 'Pupoo Pet Fair 018', 'Local event program 018', '2026-04-18 10:00:00', '2026-04-18 18:00:00', 'Seoul Hall 1', 'PLANNED', 3, 15000.00),
(19, 'Pupoo Pet Fair 019', 'Local event program 019', '2026-04-19 10:00:00', '2026-04-19 18:00:00', 'Seoul Hall 1', 'PLANNED', 4, 0.00),
(20, 'Pupoo Pet Fair 020', 'Local event program 020', '2026-04-20 10:00:00', '2026-04-20 18:00:00', 'Seoul Hall 1', 'PLANNED', 5, 25000.00),
(21, 'Pupoo Pet Fair 021', 'Local event program 021', '2026-04-21 10:00:00', '2026-04-21 18:00:00', 'Seoul Hall 2', 'ONGOING', 1, 15000.00),
(22, 'Pupoo Pet Fair 022', 'Local event program 022', '2026-04-22 10:00:00', '2026-04-22 18:00:00', 'Seoul Hall 2', 'ONGOING', 2, 0.00),
(23, 'Pupoo Pet Fair 023', 'Local event program 023', '2026-04-23 10:00:00', '2026-04-23 18:00:00', 'Seoul Hall 2', 'ONGOING', 3, 0.00),
(24, 'Pupoo Pet Fair 024', 'Local event program 024', '2026-04-24 10:00:00', '2026-04-24 18:00:00', 'Seoul Hall 2', 'ONGOING', 4, 15000.00),
(25, 'Pupoo Pet Fair 025', 'Local event program 025', '2026-04-25 10:00:00', '2026-04-25 18:00:00', 'Seoul Hall 2', 'ONGOING', 5, 25000.00),
(26, 'Pupoo Pet Fair 026', 'Local event program 026', '2026-04-26 10:00:00', '2026-04-26 18:00:00', 'Seoul Hall 2', 'ONGOING', 1, 0.00),
(27, 'Pupoo Pet Fair 027', 'Local event program 027', '2026-04-27 10:00:00', '2026-04-27 18:00:00', 'Seoul Hall 2', 'ONGOING', 2, 15000.00),
(28, 'Pupoo Pet Fair 028', 'Local event program 028', '2026-04-28 10:00:00', '2026-04-28 18:00:00', 'Seoul Hall 2', 'ONGOING', 3, 0.00),
(29, 'Pupoo Pet Fair 029', 'Local event program 029', '2026-04-01 10:00:00', '2026-04-01 18:00:00', 'Seoul Hall 2', 'ONGOING', 4, 0.00),
(30, 'Pupoo Pet Fair 030', 'Local event program 030', '2026-04-02 10:00:00', '2026-04-02 18:00:00', 'Seoul Hall 2', 'ONGOING', 5, 15000.00),
(31, 'Pupoo Pet Fair 031', 'Local event program 031', '2026-04-03 10:00:00', '2026-04-03 18:00:00', 'Seoul Hall 2', 'ONGOING', 1, 0.00),
(32, 'Pupoo Pet Fair 032', 'Local event program 032', '2026-04-04 10:00:00', '2026-04-04 18:00:00', 'Seoul Hall 2', 'ONGOING', 2, 0.00),
(33, 'Pupoo Pet Fair 033', 'Local event program 033', '2026-04-05 10:00:00', '2026-04-05 18:00:00', 'Seoul Hall 2', 'ONGOING', 3, 15000.00),
(34, 'Pupoo Pet Fair 034', 'Local event program 034', '2026-04-06 10:00:00', '2026-04-06 18:00:00', 'Seoul Hall 2', 'ONGOING', 4, 0.00),
(35, 'Pupoo Pet Fair 035', 'Local event program 035', '2026-04-07 10:00:00', '2026-04-07 18:00:00', 'Seoul Hall 2', 'ONGOING', 5, 25000.00),
(36, 'Pupoo Pet Fair 036', 'Local event program 036', '2026-04-08 10:00:00', '2026-04-08 18:00:00', 'Seoul Hall 2', 'ONGOING', 1, 15000.00),
(37, 'Pupoo Pet Fair 037', 'Local event program 037', '2026-04-09 10:00:00', '2026-04-09 18:00:00', 'Seoul Hall 2', 'ONGOING', 2, 0.00),
(38, 'Pupoo Pet Fair 038', 'Local event program 038', '2026-04-10 10:00:00', '2026-04-10 18:00:00', 'Seoul Hall 2', 'ONGOING', 3, 0.00),
(39, 'Pupoo Pet Fair 039', 'Local event program 039', '2026-04-11 10:00:00', '2026-04-11 18:00:00', 'Seoul Hall 2', 'ONGOING', 4, 15000.00),
(40, 'Pupoo Pet Fair 040', 'Local event program 040', '2026-04-12 10:00:00', '2026-04-12 18:00:00', 'Seoul Hall 2', 'ONGOING', 5, 25000.00),
(41, 'Pupoo Pet Fair 041', 'Local event program 041', '2026-04-13 10:00:00', '2026-04-13 18:00:00', 'Seoul Hall 3', 'ENDED', 1, 0.00),
(42, 'Pupoo Pet Fair 042', 'Local event program 042', '2026-04-14 10:00:00', '2026-04-14 18:00:00', 'Seoul Hall 3', 'ENDED', 2, 15000.00),
(43, 'Pupoo Pet Fair 043', 'Local event program 043', '2026-04-15 10:00:00', '2026-04-15 18:00:00', 'Seoul Hall 3', 'ENDED', 3, 0.00),
(44, 'Pupoo Pet Fair 044', 'Local event program 044', '2026-04-16 10:00:00', '2026-04-16 18:00:00', 'Seoul Hall 3', 'ENDED', 4, 0.00),
(45, 'Pupoo Pet Fair 045', 'Local event program 045', '2026-04-17 10:00:00', '2026-04-17 18:00:00', 'Seoul Hall 3', 'ENDED', 5, 15000.00),
(46, 'Pupoo Pet Fair 046', 'Local event program 046', '2026-04-18 10:00:00', '2026-04-18 18:00:00', 'Seoul Hall 3', 'ENDED', 1, 0.00),
(47, 'Pupoo Pet Fair 047', 'Local event program 047', '2026-04-19 10:00:00', '2026-04-19 18:00:00', 'Seoul Hall 3', 'ENDED', 2, 0.00),
(48, 'Pupoo Pet Fair 048', 'Local event program 048', '2026-04-20 10:00:00', '2026-04-20 18:00:00', 'Seoul Hall 3', 'ENDED', 3, 15000.00),
(49, 'Pupoo Pet Fair 049', 'Local event program 049', '2026-04-21 10:00:00', '2026-04-21 18:00:00', 'Seoul Hall 3', 'ENDED', 4, 0.00),
(50, 'Pupoo Pet Fair 050', 'Local event program 050', '2026-04-22 10:00:00', '2026-04-22 18:00:00', 'Seoul Hall 3', 'ENDED', 5, 25000.00),
(51, 'Pupoo Pet Fair 051', 'Local event program 051', '2026-04-23 10:00:00', '2026-04-23 18:00:00', 'Seoul Hall 3', 'ENDED', 1, 15000.00),
(52, 'Pupoo Pet Fair 052', 'Local event program 052', '2026-04-24 10:00:00', '2026-04-24 18:00:00', 'Seoul Hall 3', 'ENDED', 2, 0.00),
(53, 'Pupoo Pet Fair 053', 'Local event program 053', '2026-04-25 10:00:00', '2026-04-25 18:00:00', 'Seoul Hall 3', 'ENDED', 3, 0.00),
(54, 'Pupoo Pet Fair 054', 'Local event program 054', '2026-04-26 10:00:00', '2026-04-26 18:00:00', 'Seoul Hall 3', 'ENDED', 4, 15000.00),
(55, 'Pupoo Pet Fair 055', 'Local event program 055', '2026-04-27 10:00:00', '2026-04-27 18:00:00', 'Seoul Hall 3', 'ENDED', 5, 25000.00),
(56, 'Pupoo Pet Fair 056', 'Local event program 056', '2026-04-28 10:00:00', '2026-04-28 18:00:00', 'Seoul Hall 3', 'ENDED', 1, 0.00),
(57, 'Pupoo Pet Fair 057', 'Local event program 057', '2026-04-01 10:00:00', '2026-04-01 18:00:00', 'Seoul Hall 3', 'ENDED', 2, 15000.00),
(58, 'Pupoo Pet Fair 058', 'Local event program 058', '2026-04-02 10:00:00', '2026-04-02 18:00:00', 'Seoul Hall 3', 'ENDED', 3, 0.00),
(59, 'Pupoo Pet Fair 059', 'Local event program 059', '2026-04-03 10:00:00', '2026-04-03 18:00:00', 'Seoul Hall 3', 'ENDED', 4, 0.00),
(60, 'Pupoo Pet Fair 060', 'Local event program 060', '2026-04-04 10:00:00', '2026-04-04 18:00:00', 'Seoul Hall 3', 'ENDED', 5, 15000.00),
(61, 'Pupoo Pet Fair 061', 'Local event program 061', '2026-04-05 10:00:00', '2026-04-05 18:00:00', 'Seoul Hall 4', 'ENDED', 1, 0.00),
(62, 'Pupoo Pet Fair 062', 'Local event program 062', '2026-04-06 10:00:00', '2026-04-06 18:00:00', 'Seoul Hall 4', 'ENDED', 2, 0.00),
(63, 'Pupoo Pet Fair 063', 'Local event program 063', '2026-04-07 10:00:00', '2026-04-07 18:00:00', 'Seoul Hall 4', 'ENDED', 3, 15000.00),
(64, 'Pupoo Pet Fair 064', 'Local event program 064', '2026-04-08 10:00:00', '2026-04-08 18:00:00', 'Seoul Hall 4', 'ENDED', 4, 0.00),
(65, 'Pupoo Pet Fair 065', 'Local event program 065', '2026-04-09 10:00:00', '2026-04-09 18:00:00', 'Seoul Hall 4', 'ENDED', 5, 25000.00),
(66, 'Pupoo Pet Fair 066', 'Local event program 066', '2026-04-10 10:00:00', '2026-04-10 18:00:00', 'Seoul Hall 4', 'ENDED', 1, 15000.00),
(67, 'Pupoo Pet Fair 067', 'Local event program 067', '2026-04-11 10:00:00', '2026-04-11 18:00:00', 'Seoul Hall 4', 'ENDED', 2, 0.00),
(68, 'Pupoo Pet Fair 068', 'Local event program 068', '2026-04-12 10:00:00', '2026-04-12 18:00:00', 'Seoul Hall 4', 'ENDED', 3, 0.00),
(69, 'Pupoo Pet Fair 069', 'Local event program 069', '2026-04-13 10:00:00', '2026-04-13 18:00:00', 'Seoul Hall 4', 'ENDED', 4, 15000.00),
(70, 'Pupoo Pet Fair 070', 'Local event program 070', '2026-04-14 10:00:00', '2026-04-14 18:00:00', 'Seoul Hall 4', 'ENDED', 5, 25000.00),
(71, 'Pupoo Pet Fair 071', 'Local event program 071', '2026-04-15 10:00:00', '2026-04-15 18:00:00', 'Seoul Hall 4', 'ENDED', 1, 0.00),
(72, 'Pupoo Pet Fair 072', 'Local event program 072', '2026-04-16 10:00:00', '2026-04-16 18:00:00', 'Seoul Hall 4', 'ENDED', 2, 15000.00),
(73, 'Pupoo Pet Fair 073', 'Local event program 073', '2026-04-17 10:00:00', '2026-04-17 18:00:00', 'Seoul Hall 4', 'ENDED', 3, 0.00),
(74, 'Pupoo Pet Fair 074', 'Local event program 074', '2026-04-18 10:00:00', '2026-04-18 18:00:00', 'Seoul Hall 4', 'ENDED', 4, 0.00),
(75, 'Pupoo Pet Fair 075', 'Local event program 075', '2026-04-19 10:00:00', '2026-04-19 18:00:00', 'Seoul Hall 4', 'ENDED', 5, 15000.00),
(76, 'Pupoo Pet Fair 076', 'Local event program 076', '2026-04-20 10:00:00', '2026-04-20 18:00:00', 'Seoul Hall 4', 'ENDED', 1, 0.00),
(77, 'Pupoo Pet Fair 077', 'Local event program 077', '2026-04-21 10:00:00', '2026-04-21 18:00:00', 'Seoul Hall 4', 'ENDED', 2, 0.00),
(78, 'Pupoo Pet Fair 078', 'Local event program 078', '2026-04-22 10:00:00', '2026-04-22 18:00:00', 'Seoul Hall 4', 'ENDED', 3, 15000.00),
(79, 'Pupoo Pet Fair 079', 'Local event program 079', '2026-04-23 10:00:00', '2026-04-23 18:00:00', 'Seoul Hall 4', 'ENDED', 4, 0.00),
(80, 'Pupoo Pet Fair 080', 'Local event program 080', '2026-04-24 10:00:00', '2026-04-24 18:00:00', 'Seoul Hall 4', 'ENDED', 5, 25000.00),
(81, 'Pupoo Pet Fair 081', 'Local event program 081', '2026-04-25 10:00:00', '2026-04-25 18:00:00', 'Seoul Hall 5', 'ENDED', 1, 15000.00),
(82, 'Pupoo Pet Fair 082', 'Local event program 082', '2026-04-26 10:00:00', '2026-04-26 18:00:00', 'Seoul Hall 5', 'ENDED', 2, 0.00),
(83, 'Pupoo Pet Fair 083', 'Local event program 083', '2026-04-27 10:00:00', '2026-04-27 18:00:00', 'Seoul Hall 5', 'ENDED', 3, 0.00),
(84, 'Pupoo Pet Fair 084', 'Local event program 084', '2026-04-28 10:00:00', '2026-04-28 18:00:00', 'Seoul Hall 5', 'ENDED', 4, 15000.00),
(85, 'Pupoo Pet Fair 085', 'Local event program 085', '2026-04-01 10:00:00', '2026-04-01 18:00:00', 'Seoul Hall 5', 'ENDED', 5, 25000.00),
(86, 'Pupoo Pet Fair 086', 'Local event program 086', '2026-04-02 10:00:00', '2026-04-02 18:00:00', 'Seoul Hall 5', 'ENDED', 1, 0.00),
(87, 'Pupoo Pet Fair 087', 'Local event program 087', '2026-04-03 10:00:00', '2026-04-03 18:00:00', 'Seoul Hall 5', 'ENDED', 2, 15000.00),
(88, 'Pupoo Pet Fair 088', 'Local event program 088', '2026-04-04 10:00:00', '2026-04-04 18:00:00', 'Seoul Hall 5', 'ENDED', 3, 0.00),
(89, 'Pupoo Pet Fair 089', 'Local event program 089', '2026-04-05 10:00:00', '2026-04-05 18:00:00', 'Seoul Hall 5', 'ENDED', 4, 0.00),
(90, 'Pupoo Pet Fair 090', 'Local event program 090', '2026-04-06 10:00:00', '2026-04-06 18:00:00', 'Seoul Hall 5', 'ENDED', 5, 15000.00),
(91, 'Pupoo Pet Fair 091', 'Local event program 091', '2026-04-07 10:00:00', '2026-04-07 18:00:00', 'Seoul Hall 5', 'CANCELLED', 1, 0.00),
(92, 'Pupoo Pet Fair 092', 'Local event program 092', '2026-04-08 10:00:00', '2026-04-08 18:00:00', 'Seoul Hall 5', 'CANCELLED', 2, 0.00),
(93, 'Pupoo Pet Fair 093', 'Local event program 093', '2026-04-09 10:00:00', '2026-04-09 18:00:00', 'Seoul Hall 5', 'CANCELLED', 3, 15000.00),
(94, 'Pupoo Pet Fair 094', 'Local event program 094', '2026-04-10 10:00:00', '2026-04-10 18:00:00', 'Seoul Hall 5', 'CANCELLED', 4, 0.00),
(95, 'Pupoo Pet Fair 095', 'Local event program 095', '2026-04-11 10:00:00', '2026-04-11 18:00:00', 'Seoul Hall 5', 'CANCELLED', 5, 25000.00),
(96, 'Pupoo Pet Fair 096', 'Local event program 096', '2026-04-12 10:00:00', '2026-04-12 18:00:00', 'Seoul Hall 5', 'CANCELLED', 1, 15000.00),
(97, 'Pupoo Pet Fair 097', 'Local event program 097', '2026-04-13 10:00:00', '2026-04-13 18:00:00', 'Seoul Hall 5', 'CANCELLED', 2, 0.00),
(98, 'Pupoo Pet Fair 098', 'Local event program 098', '2026-04-14 10:00:00', '2026-04-14 18:00:00', 'Seoul Hall 5', 'CANCELLED', 3, 0.00),
(99, 'Pupoo Pet Fair 099', 'Local event program 099', '2026-04-15 10:00:00', '2026-04-15 18:00:00', 'Seoul Hall 5', 'CANCELLED', 4, 15000.00),
(100, 'Pupoo Pet Fair 100', 'Local event program 100', '2026-04-16 10:00:00', '2026-04-16 18:00:00', 'Seoul Hall 5', 'CANCELLED', 5, 25000.00);

-- 5) event_images (100)
INSERT INTO event_images (event_image_id, event_id, original_url, thumb_url, image_order, mime_type, file_size, created_by_admin_id, created_at) VALUES
(1, 1, '/static/events/event-001.svg', '/static/events/thumb-event-001.svg', 1, 'svg', 150037, 1, '2026-03-01 12:00:00'),
(2, 2, '/static/events/event-002.svg', '/static/events/thumb-event-002.svg', 1, 'svg', 150074, 1, '2026-03-01 12:00:00'),
(3, 3, '/static/events/event-003.svg', '/static/events/thumb-event-003.svg', 1, 'svg', 150111, 1, '2026-03-01 12:00:00'),
(4, 4, '/static/events/event-004.svg', '/static/events/thumb-event-004.svg', 1, 'svg', 150148, 1, '2026-03-01 12:00:00'),
(5, 5, '/static/events/event-005.svg', '/static/events/thumb-event-005.svg', 1, 'svg', 150185, 1, '2026-03-01 12:00:00'),
(6, 6, '/static/events/event-006.svg', '/static/events/thumb-event-006.svg', 1, 'svg', 150222, 1, '2026-03-01 12:00:00'),
(7, 7, '/static/events/event-007.svg', '/static/events/thumb-event-007.svg', 1, 'svg', 150259, 1, '2026-03-01 12:00:00'),
(8, 8, '/static/events/event-008.svg', '/static/events/thumb-event-008.svg', 1, 'svg', 150296, 1, '2026-03-01 12:00:00'),
(9, 9, '/static/events/event-009.svg', '/static/events/thumb-event-009.svg', 1, 'svg', 150333, 1, '2026-03-01 12:00:00'),
(10, 10, '/static/events/event-010.svg', '/static/events/thumb-event-010.svg', 1, 'svg', 150370, 1, '2026-03-01 12:00:00'),
(11, 11, '/static/events/event-011.svg', '/static/events/thumb-event-011.svg', 1, 'svg', 150407, 1, '2026-03-01 12:00:00'),
(12, 12, '/static/events/event-012.svg', '/static/events/thumb-event-012.svg', 1, 'svg', 150444, 1, '2026-03-01 12:00:00'),
(13, 13, '/static/events/event-013.svg', '/static/events/thumb-event-013.svg', 1, 'svg', 150481, 1, '2026-03-01 12:00:00'),
(14, 14, '/static/events/event-014.svg', '/static/events/thumb-event-014.svg', 1, 'svg', 150518, 1, '2026-03-01 12:00:00'),
(15, 15, '/static/events/event-015.svg', '/static/events/thumb-event-015.svg', 1, 'svg', 150555, 1, '2026-03-01 12:00:00'),
(16, 16, '/static/events/event-016.svg', '/static/events/thumb-event-016.svg', 1, 'svg', 150592, 1, '2026-03-01 12:00:00'),
(17, 17, '/static/events/event-017.svg', '/static/events/thumb-event-017.svg', 1, 'svg', 150629, 1, '2026-03-01 12:00:00'),
(18, 18, '/static/events/event-018.svg', '/static/events/thumb-event-018.svg', 1, 'svg', 150666, 1, '2026-03-01 12:00:00'),
(19, 19, '/static/events/event-019.svg', '/static/events/thumb-event-019.svg', 1, 'svg', 150703, 1, '2026-03-01 12:00:00'),
(20, 20, '/static/events/event-020.svg', '/static/events/thumb-event-020.svg', 1, 'svg', 150740, 1, '2026-03-01 12:00:00'),
(21, 21, '/static/events/event-021.svg', '/static/events/thumb-event-021.svg', 1, 'svg', 150777, 1, '2026-03-01 12:00:00'),
(22, 22, '/static/events/event-022.svg', '/static/events/thumb-event-022.svg', 1, 'svg', 150814, 1, '2026-03-01 12:00:00'),
(23, 23, '/static/events/event-023.svg', '/static/events/thumb-event-023.svg', 1, 'svg', 150851, 1, '2026-03-01 12:00:00'),
(24, 24, '/static/events/event-024.svg', '/static/events/thumb-event-024.svg', 1, 'svg', 150888, 1, '2026-03-01 12:00:00'),
(25, 25, '/static/events/event-025.svg', '/static/events/thumb-event-025.svg', 1, 'svg', 150925, 1, '2026-03-01 12:00:00'),
(26, 26, '/static/events/event-026.svg', '/static/events/thumb-event-026.svg', 1, 'svg', 150962, 1, '2026-03-01 12:00:00'),
(27, 27, '/static/events/event-027.svg', '/static/events/thumb-event-027.svg', 1, 'svg', 150999, 1, '2026-03-01 12:00:00'),
(28, 28, '/static/events/event-028.svg', '/static/events/thumb-event-028.svg', 1, 'svg', 151036, 1, '2026-03-01 12:00:00'),
(29, 29, '/static/events/event-029.svg', '/static/events/thumb-event-029.svg', 1, 'svg', 151073, 1, '2026-03-01 12:00:00'),
(30, 30, '/static/events/event-030.svg', '/static/events/thumb-event-030.svg', 1, 'svg', 151110, 1, '2026-03-01 12:00:00'),
(31, 31, '/static/events/event-031.svg', '/static/events/thumb-event-031.svg', 1, 'svg', 151147, 1, '2026-03-01 12:00:00'),
(32, 32, '/static/events/event-032.svg', '/static/events/thumb-event-032.svg', 1, 'svg', 151184, 1, '2026-03-01 12:00:00'),
(33, 33, '/static/events/event-033.svg', '/static/events/thumb-event-033.svg', 1, 'svg', 151221, 1, '2026-03-01 12:00:00'),
(34, 34, '/static/events/event-034.svg', '/static/events/thumb-event-034.svg', 1, 'svg', 151258, 1, '2026-03-01 12:00:00'),
(35, 35, '/static/events/event-035.svg', '/static/events/thumb-event-035.svg', 1, 'svg', 151295, 1, '2026-03-01 12:00:00'),
(36, 36, '/static/events/event-036.svg', '/static/events/thumb-event-036.svg', 1, 'svg', 151332, 1, '2026-03-01 12:00:00'),
(37, 37, '/static/events/event-037.svg', '/static/events/thumb-event-037.svg', 1, 'svg', 151369, 1, '2026-03-01 12:00:00'),
(38, 38, '/static/events/event-038.svg', '/static/events/thumb-event-038.svg', 1, 'svg', 151406, 1, '2026-03-01 12:00:00'),
(39, 39, '/static/events/event-039.svg', '/static/events/thumb-event-039.svg', 1, 'svg', 151443, 1, '2026-03-01 12:00:00'),
(40, 40, '/static/events/event-040.svg', '/static/events/thumb-event-040.svg', 1, 'svg', 151480, 1, '2026-03-01 12:00:00'),
(41, 41, '/static/events/event-041.svg', '/static/events/thumb-event-041.svg', 1, 'svg', 151517, 1, '2026-03-01 12:00:00'),
(42, 42, '/static/events/event-042.svg', '/static/events/thumb-event-042.svg', 1, 'svg', 151554, 1, '2026-03-01 12:00:00'),
(43, 43, '/static/events/event-043.svg', '/static/events/thumb-event-043.svg', 1, 'svg', 151591, 1, '2026-03-01 12:00:00'),
(44, 44, '/static/events/event-044.svg', '/static/events/thumb-event-044.svg', 1, 'svg', 151628, 1, '2026-03-01 12:00:00'),
(45, 45, '/static/events/event-045.svg', '/static/events/thumb-event-045.svg', 1, 'svg', 151665, 1, '2026-03-01 12:00:00'),
(46, 46, '/static/events/event-046.svg', '/static/events/thumb-event-046.svg', 1, 'svg', 151702, 1, '2026-03-01 12:00:00'),
(47, 47, '/static/events/event-047.svg', '/static/events/thumb-event-047.svg', 1, 'svg', 151739, 1, '2026-03-01 12:00:00'),
(48, 48, '/static/events/event-048.svg', '/static/events/thumb-event-048.svg', 1, 'svg', 151776, 1, '2026-03-01 12:00:00'),
(49, 49, '/static/events/event-049.svg', '/static/events/thumb-event-049.svg', 1, 'svg', 151813, 1, '2026-03-01 12:00:00'),
(50, 50, '/static/events/event-050.svg', '/static/events/thumb-event-050.svg', 1, 'svg', 151850, 1, '2026-03-01 12:00:00'),
(51, 51, '/static/events/event-051.svg', '/static/events/thumb-event-051.svg', 1, 'svg', 151887, 1, '2026-03-01 12:00:00'),
(52, 52, '/static/events/event-052.svg', '/static/events/thumb-event-052.svg', 1, 'svg', 151924, 1, '2026-03-01 12:00:00'),
(53, 53, '/static/events/event-053.svg', '/static/events/thumb-event-053.svg', 1, 'svg', 151961, 1, '2026-03-01 12:00:00'),
(54, 54, '/static/events/event-054.svg', '/static/events/thumb-event-054.svg', 1, 'svg', 151998, 1, '2026-03-01 12:00:00'),
(55, 55, '/static/events/event-055.svg', '/static/events/thumb-event-055.svg', 1, 'svg', 152035, 1, '2026-03-01 12:00:00'),
(56, 56, '/static/events/event-056.svg', '/static/events/thumb-event-056.svg', 1, 'svg', 152072, 1, '2026-03-01 12:00:00'),
(57, 57, '/static/events/event-057.svg', '/static/events/thumb-event-057.svg', 1, 'svg', 152109, 1, '2026-03-01 12:00:00'),
(58, 58, '/static/events/event-058.svg', '/static/events/thumb-event-058.svg', 1, 'svg', 152146, 1, '2026-03-01 12:00:00'),
(59, 59, '/static/events/event-059.svg', '/static/events/thumb-event-059.svg', 1, 'svg', 152183, 1, '2026-03-01 12:00:00'),
(60, 60, '/static/events/event-060.svg', '/static/events/thumb-event-060.svg', 1, 'svg', 152220, 1, '2026-03-01 12:00:00'),
(61, 61, '/static/events/event-061.svg', '/static/events/thumb-event-061.svg', 1, 'svg', 152257, 1, '2026-03-01 12:00:00'),
(62, 62, '/static/events/event-062.svg', '/static/events/thumb-event-062.svg', 1, 'svg', 152294, 1, '2026-03-01 12:00:00'),
(63, 63, '/static/events/event-063.svg', '/static/events/thumb-event-063.svg', 1, 'svg', 152331, 1, '2026-03-01 12:00:00'),
(64, 64, '/static/events/event-064.svg', '/static/events/thumb-event-064.svg', 1, 'svg', 152368, 1, '2026-03-01 12:00:00'),
(65, 65, '/static/events/event-065.svg', '/static/events/thumb-event-065.svg', 1, 'svg', 152405, 1, '2026-03-01 12:00:00'),
(66, 66, '/static/events/event-066.svg', '/static/events/thumb-event-066.svg', 1, 'svg', 152442, 1, '2026-03-01 12:00:00'),
(67, 67, '/static/events/event-067.svg', '/static/events/thumb-event-067.svg', 1, 'svg', 152479, 1, '2026-03-01 12:00:00'),
(68, 68, '/static/events/event-068.svg', '/static/events/thumb-event-068.svg', 1, 'svg', 152516, 1, '2026-03-01 12:00:00'),
(69, 69, '/static/events/event-069.svg', '/static/events/thumb-event-069.svg', 1, 'svg', 152553, 1, '2026-03-01 12:00:00'),
(70, 70, '/static/events/event-070.svg', '/static/events/thumb-event-070.svg', 1, 'svg', 152590, 1, '2026-03-01 12:00:00'),
(71, 71, '/static/events/event-071.svg', '/static/events/thumb-event-071.svg', 1, 'svg', 152627, 1, '2026-03-01 12:00:00'),
(72, 72, '/static/events/event-072.svg', '/static/events/thumb-event-072.svg', 1, 'svg', 152664, 1, '2026-03-01 12:00:00'),
(73, 73, '/static/events/event-073.svg', '/static/events/thumb-event-073.svg', 1, 'svg', 152701, 1, '2026-03-01 12:00:00'),
(74, 74, '/static/events/event-074.svg', '/static/events/thumb-event-074.svg', 1, 'svg', 152738, 1, '2026-03-01 12:00:00'),
(75, 75, '/static/events/event-075.svg', '/static/events/thumb-event-075.svg', 1, 'svg', 152775, 1, '2026-03-01 12:00:00'),
(76, 76, '/static/events/event-076.svg', '/static/events/thumb-event-076.svg', 1, 'svg', 152812, 1, '2026-03-01 12:00:00'),
(77, 77, '/static/events/event-077.svg', '/static/events/thumb-event-077.svg', 1, 'svg', 152849, 1, '2026-03-01 12:00:00'),
(78, 78, '/static/events/event-078.svg', '/static/events/thumb-event-078.svg', 1, 'svg', 152886, 1, '2026-03-01 12:00:00'),
(79, 79, '/static/events/event-079.svg', '/static/events/thumb-event-079.svg', 1, 'svg', 152923, 1, '2026-03-01 12:00:00'),
(80, 80, '/static/events/event-080.svg', '/static/events/thumb-event-080.svg', 1, 'svg', 152960, 1, '2026-03-01 12:00:00'),
(81, 81, '/static/events/event-081.svg', '/static/events/thumb-event-081.svg', 1, 'svg', 152997, 1, '2026-03-01 12:00:00'),
(82, 82, '/static/events/event-082.svg', '/static/events/thumb-event-082.svg', 1, 'svg', 153034, 1, '2026-03-01 12:00:00'),
(83, 83, '/static/events/event-083.svg', '/static/events/thumb-event-083.svg', 1, 'svg', 153071, 1, '2026-03-01 12:00:00'),
(84, 84, '/static/events/event-084.svg', '/static/events/thumb-event-084.svg', 1, 'svg', 153108, 1, '2026-03-01 12:00:00'),
(85, 85, '/static/events/event-085.svg', '/static/events/thumb-event-085.svg', 1, 'svg', 153145, 1, '2026-03-01 12:00:00'),
(86, 86, '/static/events/event-086.svg', '/static/events/thumb-event-086.svg', 1, 'svg', 153182, 1, '2026-03-01 12:00:00'),
(87, 87, '/static/events/event-087.svg', '/static/events/thumb-event-087.svg', 1, 'svg', 153219, 1, '2026-03-01 12:00:00'),
(88, 88, '/static/events/event-088.svg', '/static/events/thumb-event-088.svg', 1, 'svg', 153256, 1, '2026-03-01 12:00:00'),
(89, 89, '/static/events/event-089.svg', '/static/events/thumb-event-089.svg', 1, 'svg', 153293, 1, '2026-03-01 12:00:00'),
(90, 90, '/static/events/event-090.svg', '/static/events/thumb-event-090.svg', 1, 'svg', 153330, 1, '2026-03-01 12:00:00'),
(91, 91, '/static/events/event-091.svg', '/static/events/thumb-event-091.svg', 1, 'svg', 153367, 1, '2026-03-01 12:00:00'),
(92, 92, '/static/events/event-092.svg', '/static/events/thumb-event-092.svg', 1, 'svg', 153404, 1, '2026-03-01 12:00:00'),
(93, 93, '/static/events/event-093.svg', '/static/events/thumb-event-093.svg', 1, 'svg', 153441, 1, '2026-03-01 12:00:00'),
(94, 94, '/static/events/event-094.svg', '/static/events/thumb-event-094.svg', 1, 'svg', 153478, 1, '2026-03-01 12:00:00'),
(95, 95, '/static/events/event-095.svg', '/static/events/thumb-event-095.svg', 1, 'svg', 153515, 1, '2026-03-01 12:00:00'),
(96, 96, '/static/events/event-096.svg', '/static/events/thumb-event-096.svg', 1, 'svg', 153552, 1, '2026-03-01 12:00:00'),
(97, 97, '/static/events/event-097.svg', '/static/events/thumb-event-097.svg', 1, 'svg', 153589, 1, '2026-03-01 12:00:00'),
(98, 98, '/static/events/event-098.svg', '/static/events/thumb-event-098.svg', 1, 'svg', 153626, 1, '2026-03-01 12:00:00'),
(99, 99, '/static/events/event-099.svg', '/static/events/thumb-event-099.svg', 1, 'svg', 153663, 1, '2026-03-01 12:00:00'),
(100, 100, '/static/events/event-100.svg', '/static/events/thumb-event-100.svg', 1, 'svg', 153700, 1, '2026-03-01 12:00:00');

-- 6) event_apply (100)
INSERT INTO event_apply (apply_id, user_id, event_id, applied_at, status) VALUES
(1, 2, 1, '2026-03-01 09:02:00', 'APPLIED'),
(2, 3, 2, '2026-03-02 09:04:00', 'APPLIED'),
(3, 4, 3, '2026-03-03 09:06:00', 'APPLIED'),
(4, 5, 4, '2026-03-04 09:08:00', 'APPROVED'),
(5, 6, 5, '2026-03-05 09:10:00', 'APPLIED'),
(6, 7, 6, '2026-03-06 09:12:00', 'APPLIED'),
(7, 8, 7, '2026-03-07 09:14:00', 'APPLIED'),
(8, 9, 8, '2026-03-08 09:16:00', 'APPROVED'),
(9, 10, 9, '2026-03-09 09:18:00', 'CANCELLED'),
(10, 11, 10, '2026-03-10 09:20:00', 'APPLIED'),
(11, 12, 11, '2026-03-11 09:22:00', 'APPLIED'),
(12, 13, 12, '2026-03-12 09:24:00', 'APPROVED'),
(13, 14, 13, '2026-03-13 09:26:00', 'APPLIED'),
(14, 15, 14, '2026-03-14 09:28:00', 'APPLIED'),
(15, 16, 15, '2026-03-15 09:30:00', 'APPLIED'),
(16, 17, 16, '2026-03-16 09:32:00', 'APPROVED'),
(17, 18, 17, '2026-03-17 09:34:00', 'APPLIED'),
(18, 19, 18, '2026-03-18 09:36:00', 'CANCELLED'),
(19, 20, 19, '2026-03-19 09:38:00', 'APPLIED'),
(20, 21, 20, '2026-03-20 09:40:00', 'APPROVED'),
(21, 22, 21, '2026-03-21 09:42:00', 'APPLIED'),
(22, 23, 22, '2026-03-22 09:44:00', 'APPLIED'),
(23, 24, 23, '2026-03-23 09:46:00', 'APPLIED'),
(24, 25, 24, '2026-03-24 09:48:00', 'APPROVED'),
(25, 26, 25, '2026-03-25 09:50:00', 'APPLIED'),
(26, 27, 26, '2026-03-26 09:52:00', 'APPLIED'),
(27, 28, 27, '2026-03-27 09:54:00', 'CANCELLED'),
(28, 29, 28, '2026-03-28 09:56:00', 'APPROVED'),
(29, 30, 29, '2026-03-01 09:58:00', 'APPLIED'),
(30, 31, 30, '2026-03-02 09:00:00', 'APPLIED'),
(31, 32, 31, '2026-03-03 09:02:00', 'APPLIED'),
(32, 33, 32, '2026-03-04 09:04:00', 'APPROVED'),
(33, 34, 33, '2026-03-05 09:06:00', 'APPLIED'),
(34, 35, 34, '2026-03-06 09:08:00', 'APPLIED'),
(35, 36, 35, '2026-03-07 09:10:00', 'APPLIED'),
(36, 37, 36, '2026-03-08 09:12:00', 'CANCELLED'),
(37, 38, 37, '2026-03-09 09:14:00', 'APPLIED'),
(38, 39, 38, '2026-03-10 09:16:00', 'APPLIED'),
(39, 40, 39, '2026-03-11 09:18:00', 'APPLIED'),
(40, 41, 40, '2026-03-12 09:20:00', 'APPROVED'),
(41, 42, 41, '2026-03-13 09:22:00', 'APPLIED'),
(42, 43, 42, '2026-03-14 09:24:00', 'APPLIED'),
(43, 44, 43, '2026-03-15 09:26:00', 'APPLIED'),
(44, 45, 44, '2026-03-16 09:28:00', 'APPROVED'),
(45, 46, 45, '2026-03-17 09:30:00', 'CANCELLED'),
(46, 47, 46, '2026-03-18 09:32:00', 'APPLIED'),
(47, 48, 47, '2026-03-19 09:34:00', 'APPLIED'),
(48, 49, 48, '2026-03-20 09:36:00', 'APPROVED'),
(49, 50, 49, '2026-03-21 09:38:00', 'APPLIED'),
(50, 51, 50, '2026-03-22 09:40:00', 'APPLIED'),
(51, 52, 51, '2026-03-23 09:42:00', 'APPLIED'),
(52, 53, 52, '2026-03-24 09:44:00', 'APPROVED'),
(53, 54, 53, '2026-03-25 09:46:00', 'APPLIED'),
(54, 55, 54, '2026-03-26 09:48:00', 'CANCELLED'),
(55, 56, 55, '2026-03-27 09:50:00', 'APPLIED'),
(56, 57, 56, '2026-03-28 09:52:00', 'APPROVED'),
(57, 58, 57, '2026-03-01 09:54:00', 'APPLIED'),
(58, 59, 58, '2026-03-02 09:56:00', 'APPLIED'),
(59, 60, 59, '2026-03-03 09:58:00', 'APPLIED'),
(60, 61, 60, '2026-03-04 09:00:00', 'APPROVED'),
(61, 62, 61, '2026-03-05 09:02:00', 'APPLIED'),
(62, 63, 62, '2026-03-06 09:04:00', 'APPLIED'),
(63, 64, 63, '2026-03-07 09:06:00', 'CANCELLED'),
(64, 65, 64, '2026-03-08 09:08:00', 'APPROVED'),
(65, 66, 65, '2026-03-09 09:10:00', 'APPLIED'),
(66, 67, 66, '2026-03-10 09:12:00', 'APPLIED'),
(67, 68, 67, '2026-03-11 09:14:00', 'APPLIED'),
(68, 69, 68, '2026-03-12 09:16:00', 'APPROVED'),
(69, 70, 69, '2026-03-13 09:18:00', 'APPLIED'),
(70, 71, 70, '2026-03-14 09:20:00', 'APPLIED'),
(71, 72, 71, '2026-03-15 09:22:00', 'APPLIED'),
(72, 73, 72, '2026-03-16 09:24:00', 'CANCELLED'),
(73, 74, 73, '2026-03-17 09:26:00', 'APPLIED'),
(74, 75, 74, '2026-03-18 09:28:00', 'APPLIED'),
(75, 76, 75, '2026-03-19 09:30:00', 'APPLIED'),
(76, 77, 76, '2026-03-20 09:32:00', 'APPROVED'),
(77, 78, 77, '2026-03-21 09:34:00', 'APPLIED'),
(78, 79, 78, '2026-03-22 09:36:00', 'APPLIED'),
(79, 80, 79, '2026-03-23 09:38:00', 'APPLIED'),
(80, 81, 80, '2026-03-24 09:40:00', 'APPROVED'),
(81, 82, 81, '2026-03-25 09:42:00', 'CANCELLED'),
(82, 83, 82, '2026-03-26 09:44:00', 'APPLIED'),
(83, 84, 83, '2026-03-27 09:46:00', 'APPLIED'),
(84, 85, 84, '2026-03-28 09:48:00', 'APPROVED'),
(85, 86, 85, '2026-03-01 09:50:00', 'APPLIED'),
(86, 87, 86, '2026-03-02 09:52:00', 'APPLIED'),
(87, 88, 87, '2026-03-03 09:54:00', 'APPLIED'),
(88, 89, 88, '2026-03-04 09:56:00', 'APPROVED'),
(89, 90, 89, '2026-03-05 09:58:00', 'APPLIED'),
(90, 91, 90, '2026-03-06 09:00:00', 'CANCELLED'),
(91, 92, 91, '2026-03-07 09:02:00', 'APPLIED'),
(92, 93, 92, '2026-03-08 09:04:00', 'APPROVED'),
(93, 94, 93, '2026-03-09 09:06:00', 'APPLIED'),
(94, 95, 94, '2026-03-10 09:08:00', 'APPLIED'),
(95, 96, 95, '2026-03-11 09:10:00', 'APPLIED'),
(96, 97, 96, '2026-03-12 09:12:00', 'APPROVED'),
(97, 98, 97, '2026-03-13 09:14:00', 'APPLIED'),
(98, 99, 98, '2026-03-14 09:16:00', 'APPLIED'),
(99, 100, 99, '2026-03-15 09:18:00', 'CANCELLED'),
(100, 101, 100, '2026-03-16 09:20:00', 'APPROVED');

-- 7) booths (100)
INSERT INTO booths (booth_id, event_id, place_name, type, description, company, zone, status, created_at) VALUES
(1, 1, 'Booth-001', 'BOOTH_COMPANY', 'Booth description 001', 'Brand-001', 'ZONE_A', 'OPEN', '2026-03-01 12:00:00'),
(2, 2, 'Booth-002', 'BOOTH_EXPERIENCE', 'Booth description 002', 'Brand-002', 'ZONE_B', 'OPEN', '2026-03-01 12:00:00'),
(3, 3, 'Booth-003', 'BOOTH_SALE', 'Booth description 003', 'Brand-003', 'ZONE_C', 'OPEN', '2026-03-01 12:00:00'),
(4, 4, 'Booth-004', 'BOOTH_FOOD', 'Booth description 004', 'Brand-004', 'OTHER', 'OPEN', '2026-03-01 12:00:00'),
(5, 5, 'Booth-005', 'BOOTH_INFO', 'Booth description 005', 'Brand-005', 'ZONE_A', 'OPEN', '2026-03-01 12:00:00'),
(6, 6, 'Booth-006', 'BOOTH_SPONSOR', 'Booth description 006', 'Brand-006', 'ZONE_B', 'OPEN', '2026-03-01 12:00:00'),
(7, 7, 'Booth-007', 'SESSION_ROOM', 'Booth description 007', 'Brand-007', 'ZONE_C', 'CLOSED', '2026-03-01 12:00:00'),
(8, 8, 'Booth-008', 'CONTEST_ZONE', 'Booth description 008', 'Brand-008', 'OTHER', 'OPEN', '2026-03-01 12:00:00'),
(9, 9, 'Booth-009', 'STAGE', 'Booth description 009', 'Brand-009', 'ZONE_A', 'OPEN', '2026-03-01 12:00:00'),
(10, 10, 'Booth-010', 'ETC', 'Booth description 010', 'Brand-010', 'ZONE_B', 'OPEN', '2026-03-01 12:00:00'),
(11, 11, 'Booth-011', 'BOOTH_COMPANY', 'Booth description 011', 'Brand-011', 'ZONE_C', 'OPEN', '2026-03-01 12:00:00'),
(12, 12, 'Booth-012', 'BOOTH_EXPERIENCE', 'Booth description 012', 'Brand-012', 'OTHER', 'OPEN', '2026-03-01 12:00:00'),
(13, 13, 'Booth-013', 'BOOTH_SALE', 'Booth description 013', 'Brand-013', 'ZONE_A', 'PAUSED', '2026-03-01 12:00:00'),
(14, 14, 'Booth-014', 'BOOTH_FOOD', 'Booth description 014', 'Brand-014', 'ZONE_B', 'CLOSED', '2026-03-01 12:00:00'),
(15, 15, 'Booth-015', 'BOOTH_INFO', 'Booth description 015', 'Brand-015', 'ZONE_C', 'OPEN', '2026-03-01 12:00:00'),
(16, 16, 'Booth-016', 'BOOTH_SPONSOR', 'Booth description 016', 'Brand-016', 'OTHER', 'OPEN', '2026-03-01 12:00:00'),
(17, 17, 'Booth-017', 'SESSION_ROOM', 'Booth description 017', 'Brand-017', 'ZONE_A', 'OPEN', '2026-03-01 12:00:00'),
(18, 18, 'Booth-018', 'CONTEST_ZONE', 'Booth description 018', 'Brand-018', 'ZONE_B', 'OPEN', '2026-03-01 12:00:00'),
(19, 19, 'Booth-019', 'STAGE', 'Booth description 019', 'Brand-019', 'ZONE_C', 'OPEN', '2026-03-01 12:00:00'),
(20, 20, 'Booth-020', 'ETC', 'Booth description 020', 'Brand-020', 'OTHER', 'OPEN', '2026-03-01 12:00:00'),
(21, 21, 'Booth-021', 'BOOTH_COMPANY', 'Booth description 021', 'Brand-021', 'ZONE_A', 'CLOSED', '2026-03-01 12:00:00'),
(22, 22, 'Booth-022', 'BOOTH_EXPERIENCE', 'Booth description 022', 'Brand-022', 'ZONE_B', 'OPEN', '2026-03-01 12:00:00'),
(23, 23, 'Booth-023', 'BOOTH_SALE', 'Booth description 023', 'Brand-023', 'ZONE_C', 'OPEN', '2026-03-01 12:00:00'),
(24, 24, 'Booth-024', 'BOOTH_FOOD', 'Booth description 024', 'Brand-024', 'OTHER', 'OPEN', '2026-03-01 12:00:00'),
(25, 25, 'Booth-025', 'BOOTH_INFO', 'Booth description 025', 'Brand-025', 'ZONE_A', 'OPEN', '2026-03-01 12:00:00'),
(26, 26, 'Booth-026', 'BOOTH_SPONSOR', 'Booth description 026', 'Brand-026', 'ZONE_B', 'PAUSED', '2026-03-01 12:00:00'),
(27, 27, 'Booth-027', 'SESSION_ROOM', 'Booth description 027', 'Brand-027', 'ZONE_C', 'OPEN', '2026-03-01 12:00:00'),
(28, 28, 'Booth-028', 'CONTEST_ZONE', 'Booth description 028', 'Brand-028', 'OTHER', 'CLOSED', '2026-03-01 12:00:00'),
(29, 29, 'Booth-029', 'STAGE', 'Booth description 029', 'Brand-029', 'ZONE_A', 'OPEN', '2026-03-01 12:00:00'),
(30, 30, 'Booth-030', 'ETC', 'Booth description 030', 'Brand-030', 'ZONE_B', 'OPEN', '2026-03-01 12:00:00'),
(31, 31, 'Booth-031', 'BOOTH_COMPANY', 'Booth description 031', 'Brand-031', 'ZONE_C', 'OPEN', '2026-03-01 12:00:00'),
(32, 32, 'Booth-032', 'BOOTH_EXPERIENCE', 'Booth description 032', 'Brand-032', 'OTHER', 'OPEN', '2026-03-01 12:00:00'),
(33, 33, 'Booth-033', 'BOOTH_SALE', 'Booth description 033', 'Brand-033', 'ZONE_A', 'OPEN', '2026-03-01 12:00:00'),
(34, 34, 'Booth-034', 'BOOTH_FOOD', 'Booth description 034', 'Brand-034', 'ZONE_B', 'OPEN', '2026-03-01 12:00:00'),
(35, 35, 'Booth-035', 'BOOTH_INFO', 'Booth description 035', 'Brand-035', 'ZONE_C', 'CLOSED', '2026-03-01 12:00:00'),
(36, 36, 'Booth-036', 'BOOTH_SPONSOR', 'Booth description 036', 'Brand-036', 'OTHER', 'OPEN', '2026-03-01 12:00:00'),
(37, 37, 'Booth-037', 'SESSION_ROOM', 'Booth description 037', 'Brand-037', 'ZONE_A', 'OPEN', '2026-03-01 12:00:00'),
(38, 38, 'Booth-038', 'CONTEST_ZONE', 'Booth description 038', 'Brand-038', 'ZONE_B', 'OPEN', '2026-03-01 12:00:00'),
(39, 39, 'Booth-039', 'STAGE', 'Booth description 039', 'Brand-039', 'ZONE_C', 'PAUSED', '2026-03-01 12:00:00'),
(40, 40, 'Booth-040', 'ETC', 'Booth description 040', 'Brand-040', 'OTHER', 'OPEN', '2026-03-01 12:00:00'),
(41, 41, 'Booth-041', 'BOOTH_COMPANY', 'Booth description 041', 'Brand-041', 'ZONE_A', 'OPEN', '2026-03-01 12:00:00'),
(42, 42, 'Booth-042', 'BOOTH_EXPERIENCE', 'Booth description 042', 'Brand-042', 'ZONE_B', 'CLOSED', '2026-03-01 12:00:00'),
(43, 43, 'Booth-043', 'BOOTH_SALE', 'Booth description 043', 'Brand-043', 'ZONE_C', 'OPEN', '2026-03-01 12:00:00'),
(44, 44, 'Booth-044', 'BOOTH_FOOD', 'Booth description 044', 'Brand-044', 'OTHER', 'OPEN', '2026-03-01 12:00:00'),
(45, 45, 'Booth-045', 'BOOTH_INFO', 'Booth description 045', 'Brand-045', 'ZONE_A', 'OPEN', '2026-03-01 12:00:00'),
(46, 46, 'Booth-046', 'BOOTH_SPONSOR', 'Booth description 046', 'Brand-046', 'ZONE_B', 'OPEN', '2026-03-01 12:00:00'),
(47, 47, 'Booth-047', 'SESSION_ROOM', 'Booth description 047', 'Brand-047', 'ZONE_C', 'OPEN', '2026-03-01 12:00:00'),
(48, 48, 'Booth-048', 'CONTEST_ZONE', 'Booth description 048', 'Brand-048', 'OTHER', 'OPEN', '2026-03-01 12:00:00'),
(49, 49, 'Booth-049', 'STAGE', 'Booth description 049', 'Brand-049', 'ZONE_A', 'CLOSED', '2026-03-01 12:00:00'),
(50, 50, 'Booth-050', 'ETC', 'Booth description 050', 'Brand-050', 'ZONE_B', 'OPEN', '2026-03-01 12:00:00'),
(51, 51, 'Booth-051', 'BOOTH_COMPANY', 'Booth description 051', 'Brand-051', 'ZONE_C', 'OPEN', '2026-03-01 12:00:00'),
(52, 52, 'Booth-052', 'BOOTH_EXPERIENCE', 'Booth description 052', 'Brand-052', 'OTHER', 'PAUSED', '2026-03-01 12:00:00'),
(53, 53, 'Booth-053', 'BOOTH_SALE', 'Booth description 053', 'Brand-053', 'ZONE_A', 'OPEN', '2026-03-01 12:00:00'),
(54, 54, 'Booth-054', 'BOOTH_FOOD', 'Booth description 054', 'Brand-054', 'ZONE_B', 'OPEN', '2026-03-01 12:00:00'),
(55, 55, 'Booth-055', 'BOOTH_INFO', 'Booth description 055', 'Brand-055', 'ZONE_C', 'OPEN', '2026-03-01 12:00:00'),
(56, 56, 'Booth-056', 'BOOTH_SPONSOR', 'Booth description 056', 'Brand-056', 'OTHER', 'CLOSED', '2026-03-01 12:00:00'),
(57, 57, 'Booth-057', 'SESSION_ROOM', 'Booth description 057', 'Brand-057', 'ZONE_A', 'OPEN', '2026-03-01 12:00:00'),
(58, 58, 'Booth-058', 'CONTEST_ZONE', 'Booth description 058', 'Brand-058', 'ZONE_B', 'OPEN', '2026-03-01 12:00:00'),
(59, 59, 'Booth-059', 'STAGE', 'Booth description 059', 'Brand-059', 'ZONE_C', 'OPEN', '2026-03-01 12:00:00'),
(60, 60, 'Booth-060', 'ETC', 'Booth description 060', 'Brand-060', 'OTHER', 'OPEN', '2026-03-01 12:00:00'),
(61, 61, 'Booth-061', 'BOOTH_COMPANY', 'Booth description 061', 'Brand-061', 'ZONE_A', 'OPEN', '2026-03-01 12:00:00'),
(62, 62, 'Booth-062', 'BOOTH_EXPERIENCE', 'Booth description 062', 'Brand-062', 'ZONE_B', 'OPEN', '2026-03-01 12:00:00'),
(63, 63, 'Booth-063', 'BOOTH_SALE', 'Booth description 063', 'Brand-063', 'ZONE_C', 'CLOSED', '2026-03-01 12:00:00'),
(64, 64, 'Booth-064', 'BOOTH_FOOD', 'Booth description 064', 'Brand-064', 'OTHER', 'OPEN', '2026-03-01 12:00:00'),
(65, 65, 'Booth-065', 'BOOTH_INFO', 'Booth description 065', 'Brand-065', 'ZONE_A', 'PAUSED', '2026-03-01 12:00:00'),
(66, 66, 'Booth-066', 'BOOTH_SPONSOR', 'Booth description 066', 'Brand-066', 'ZONE_B', 'OPEN', '2026-03-01 12:00:00'),
(67, 67, 'Booth-067', 'SESSION_ROOM', 'Booth description 067', 'Brand-067', 'ZONE_C', 'OPEN', '2026-03-01 12:00:00'),
(68, 68, 'Booth-068', 'CONTEST_ZONE', 'Booth description 068', 'Brand-068', 'OTHER', 'OPEN', '2026-03-01 12:00:00'),
(69, 69, 'Booth-069', 'STAGE', 'Booth description 069', 'Brand-069', 'ZONE_A', 'OPEN', '2026-03-01 12:00:00'),
(70, 70, 'Booth-070', 'ETC', 'Booth description 070', 'Brand-070', 'ZONE_B', 'CLOSED', '2026-03-01 12:00:00'),
(71, 71, 'Booth-071', 'BOOTH_COMPANY', 'Booth description 071', 'Brand-071', 'ZONE_C', 'OPEN', '2026-03-01 12:00:00'),
(72, 72, 'Booth-072', 'BOOTH_EXPERIENCE', 'Booth description 072', 'Brand-072', 'OTHER', 'OPEN', '2026-03-01 12:00:00'),
(73, 73, 'Booth-073', 'BOOTH_SALE', 'Booth description 073', 'Brand-073', 'ZONE_A', 'OPEN', '2026-03-01 12:00:00'),
(74, 74, 'Booth-074', 'BOOTH_FOOD', 'Booth description 074', 'Brand-074', 'ZONE_B', 'OPEN', '2026-03-01 12:00:00'),
(75, 75, 'Booth-075', 'BOOTH_INFO', 'Booth description 075', 'Brand-075', 'ZONE_C', 'OPEN', '2026-03-01 12:00:00'),
(76, 76, 'Booth-076', 'BOOTH_SPONSOR', 'Booth description 076', 'Brand-076', 'OTHER', 'OPEN', '2026-03-01 12:00:00'),
(77, 77, 'Booth-077', 'SESSION_ROOM', 'Booth description 077', 'Brand-077', 'ZONE_A', 'CLOSED', '2026-03-01 12:00:00'),
(78, 78, 'Booth-078', 'CONTEST_ZONE', 'Booth description 078', 'Brand-078', 'ZONE_B', 'PAUSED', '2026-03-01 12:00:00'),
(79, 79, 'Booth-079', 'STAGE', 'Booth description 079', 'Brand-079', 'ZONE_C', 'OPEN', '2026-03-01 12:00:00'),
(80, 80, 'Booth-080', 'ETC', 'Booth description 080', 'Brand-080', 'OTHER', 'OPEN', '2026-03-01 12:00:00'),
(81, 81, 'Booth-081', 'BOOTH_COMPANY', 'Booth description 081', 'Brand-081', 'ZONE_A', 'OPEN', '2026-03-01 12:00:00'),
(82, 82, 'Booth-082', 'BOOTH_EXPERIENCE', 'Booth description 082', 'Brand-082', 'ZONE_B', 'OPEN', '2026-03-01 12:00:00'),
(83, 83, 'Booth-083', 'BOOTH_SALE', 'Booth description 083', 'Brand-083', 'ZONE_C', 'OPEN', '2026-03-01 12:00:00'),
(84, 84, 'Booth-084', 'BOOTH_FOOD', 'Booth description 084', 'Brand-084', 'OTHER', 'CLOSED', '2026-03-01 12:00:00'),
(85, 85, 'Booth-085', 'BOOTH_INFO', 'Booth description 085', 'Brand-085', 'ZONE_A', 'OPEN', '2026-03-01 12:00:00'),
(86, 86, 'Booth-086', 'BOOTH_SPONSOR', 'Booth description 086', 'Brand-086', 'ZONE_B', 'OPEN', '2026-03-01 12:00:00'),
(87, 87, 'Booth-087', 'SESSION_ROOM', 'Booth description 087', 'Brand-087', 'ZONE_C', 'OPEN', '2026-03-01 12:00:00'),
(88, 88, 'Booth-088', 'CONTEST_ZONE', 'Booth description 088', 'Brand-088', 'OTHER', 'OPEN', '2026-03-01 12:00:00'),
(89, 89, 'Booth-089', 'STAGE', 'Booth description 089', 'Brand-089', 'ZONE_A', 'OPEN', '2026-03-01 12:00:00'),
(90, 90, 'Booth-090', 'ETC', 'Booth description 090', 'Brand-090', 'ZONE_B', 'OPEN', '2026-03-01 12:00:00'),
(91, 91, 'Booth-091', 'BOOTH_COMPANY', 'Booth description 091', 'Brand-091', 'ZONE_C', 'PAUSED', '2026-03-01 12:00:00'),
(92, 92, 'Booth-092', 'BOOTH_EXPERIENCE', 'Booth description 092', 'Brand-092', 'OTHER', 'OPEN', '2026-03-01 12:00:00'),
(93, 93, 'Booth-093', 'BOOTH_SALE', 'Booth description 093', 'Brand-093', 'ZONE_A', 'OPEN', '2026-03-01 12:00:00'),
(94, 94, 'Booth-094', 'BOOTH_FOOD', 'Booth description 094', 'Brand-094', 'ZONE_B', 'OPEN', '2026-03-01 12:00:00'),
(95, 95, 'Booth-095', 'BOOTH_INFO', 'Booth description 095', 'Brand-095', 'ZONE_C', 'OPEN', '2026-03-01 12:00:00'),
(96, 96, 'Booth-096', 'BOOTH_SPONSOR', 'Booth description 096', 'Brand-096', 'OTHER', 'OPEN', '2026-03-01 12:00:00'),
(97, 97, 'Booth-097', 'SESSION_ROOM', 'Booth description 097', 'Brand-097', 'ZONE_A', 'OPEN', '2026-03-01 12:00:00'),
(98, 98, 'Booth-098', 'CONTEST_ZONE', 'Booth description 098', 'Brand-098', 'ZONE_B', 'CLOSED', '2026-03-01 12:00:00'),
(99, 99, 'Booth-099', 'STAGE', 'Booth description 099', 'Brand-099', 'ZONE_C', 'OPEN', '2026-03-01 12:00:00'),
(100, 100, 'Booth-100', 'ETC', 'Booth description 100', 'Brand-100', 'OTHER', 'OPEN', '2026-03-01 12:00:00');

-- 8) event_program (100)
INSERT INTO event_program (program_id, event_id, category, program_title, description, start_at, end_at, booth_id, image_url, created_at) VALUES
(1, 1, 'CONTEST', 'Program-001', 'Program details 001', '2026-04-01 11:00:00', '2026-04-01 11:50:00', 1, '/static/programs/program-001.svg', '2026-03-01 12:00:00'),
(2, 2, 'SESSION', 'Program-002', 'Program details 002', '2026-04-02 12:00:00', '2026-04-02 12:50:00', 2, '/static/programs/program-002.svg', '2026-03-01 12:00:00'),
(3, 3, 'EXPERIENCE', 'Program-003', 'Program details 003', '2026-04-03 13:00:00', '2026-04-03 13:50:00', 3, '/static/programs/program-003.svg', '2026-03-01 12:00:00'),
(4, 4, 'CONTEST', 'Program-004', 'Program details 004', '2026-04-04 14:00:00', '2026-04-04 14:50:00', 4, '/static/programs/program-004.svg', '2026-03-01 12:00:00'),
(5, 5, 'SESSION', 'Program-005', 'Program details 005', '2026-04-05 15:00:00', '2026-04-05 15:50:00', 5, '/static/programs/program-005.svg', '2026-03-01 12:00:00'),
(6, 6, 'EXPERIENCE', 'Program-006', 'Program details 006', '2026-04-06 10:00:00', '2026-04-06 10:50:00', 6, '/static/programs/program-006.svg', '2026-03-01 12:00:00'),
(7, 7, 'CONTEST', 'Program-007', 'Program details 007', '2026-04-07 11:00:00', '2026-04-07 11:50:00', 7, '/static/programs/program-007.svg', '2026-03-01 12:00:00'),
(8, 8, 'SESSION', 'Program-008', 'Program details 008', '2026-04-08 12:00:00', '2026-04-08 12:50:00', 8, '/static/programs/program-008.svg', '2026-03-01 12:00:00'),
(9, 9, 'EXPERIENCE', 'Program-009', 'Program details 009', '2026-04-09 13:00:00', '2026-04-09 13:50:00', 9, '/static/programs/program-009.svg', '2026-03-01 12:00:00'),
(10, 10, 'CONTEST', 'Program-010', 'Program details 010', '2026-04-10 14:00:00', '2026-04-10 14:50:00', 10, '/static/programs/program-010.svg', '2026-03-01 12:00:00'),
(11, 11, 'SESSION', 'Program-011', 'Program details 011', '2026-04-11 15:00:00', '2026-04-11 15:50:00', 11, '/static/programs/program-011.svg', '2026-03-01 12:00:00'),
(12, 12, 'EXPERIENCE', 'Program-012', 'Program details 012', '2026-04-12 10:00:00', '2026-04-12 10:50:00', 12, '/static/programs/program-012.svg', '2026-03-01 12:00:00'),
(13, 13, 'CONTEST', 'Program-013', 'Program details 013', '2026-04-13 11:00:00', '2026-04-13 11:50:00', 13, '/static/programs/program-013.svg', '2026-03-01 12:00:00'),
(14, 14, 'SESSION', 'Program-014', 'Program details 014', '2026-04-14 12:00:00', '2026-04-14 12:50:00', 14, '/static/programs/program-014.svg', '2026-03-01 12:00:00'),
(15, 15, 'EXPERIENCE', 'Program-015', 'Program details 015', '2026-04-15 13:00:00', '2026-04-15 13:50:00', 15, '/static/programs/program-015.svg', '2026-03-01 12:00:00'),
(16, 16, 'CONTEST', 'Program-016', 'Program details 016', '2026-04-16 14:00:00', '2026-04-16 14:50:00', 16, '/static/programs/program-016.svg', '2026-03-01 12:00:00'),
(17, 17, 'SESSION', 'Program-017', 'Program details 017', '2026-04-17 15:00:00', '2026-04-17 15:50:00', 17, '/static/programs/program-017.svg', '2026-03-01 12:00:00'),
(18, 18, 'EXPERIENCE', 'Program-018', 'Program details 018', '2026-04-18 10:00:00', '2026-04-18 10:50:00', 18, '/static/programs/program-018.svg', '2026-03-01 12:00:00'),
(19, 19, 'CONTEST', 'Program-019', 'Program details 019', '2026-04-19 11:00:00', '2026-04-19 11:50:00', 19, '/static/programs/program-019.svg', '2026-03-01 12:00:00'),
(20, 20, 'SESSION', 'Program-020', 'Program details 020', '2026-04-20 12:00:00', '2026-04-20 12:50:00', 20, '/static/programs/program-020.svg', '2026-03-01 12:00:00'),
(21, 21, 'EXPERIENCE', 'Program-021', 'Program details 021', '2026-04-21 13:00:00', '2026-04-21 13:50:00', 21, '/static/programs/program-021.svg', '2026-03-01 12:00:00'),
(22, 22, 'CONTEST', 'Program-022', 'Program details 022', '2026-04-22 14:00:00', '2026-04-22 14:50:00', 22, '/static/programs/program-022.svg', '2026-03-01 12:00:00'),
(23, 23, 'SESSION', 'Program-023', 'Program details 023', '2026-04-23 15:00:00', '2026-04-23 15:50:00', 23, '/static/programs/program-023.svg', '2026-03-01 12:00:00'),
(24, 24, 'EXPERIENCE', 'Program-024', 'Program details 024', '2026-04-24 10:00:00', '2026-04-24 10:50:00', 24, '/static/programs/program-024.svg', '2026-03-01 12:00:00'),
(25, 25, 'CONTEST', 'Program-025', 'Program details 025', '2026-04-25 11:00:00', '2026-04-25 11:50:00', 25, '/static/programs/program-025.svg', '2026-03-01 12:00:00'),
(26, 26, 'SESSION', 'Program-026', 'Program details 026', '2026-04-26 12:00:00', '2026-04-26 12:50:00', 26, '/static/programs/program-026.svg', '2026-03-01 12:00:00'),
(27, 27, 'EXPERIENCE', 'Program-027', 'Program details 027', '2026-04-27 13:00:00', '2026-04-27 13:50:00', 27, '/static/programs/program-027.svg', '2026-03-01 12:00:00'),
(28, 28, 'CONTEST', 'Program-028', 'Program details 028', '2026-04-28 14:00:00', '2026-04-28 14:50:00', 28, '/static/programs/program-028.svg', '2026-03-01 12:00:00'),
(29, 29, 'SESSION', 'Program-029', 'Program details 029', '2026-04-01 15:00:00', '2026-04-01 15:50:00', 29, '/static/programs/program-029.svg', '2026-03-01 12:00:00'),
(30, 30, 'EXPERIENCE', 'Program-030', 'Program details 030', '2026-04-02 10:00:00', '2026-04-02 10:50:00', 30, '/static/programs/program-030.svg', '2026-03-01 12:00:00'),
(31, 31, 'CONTEST', 'Program-031', 'Program details 031', '2026-04-03 11:00:00', '2026-04-03 11:50:00', 31, '/static/programs/program-031.svg', '2026-03-01 12:00:00'),
(32, 32, 'SESSION', 'Program-032', 'Program details 032', '2026-04-04 12:00:00', '2026-04-04 12:50:00', 32, '/static/programs/program-032.svg', '2026-03-01 12:00:00'),
(33, 33, 'EXPERIENCE', 'Program-033', 'Program details 033', '2026-04-05 13:00:00', '2026-04-05 13:50:00', 33, '/static/programs/program-033.svg', '2026-03-01 12:00:00'),
(34, 34, 'CONTEST', 'Program-034', 'Program details 034', '2026-04-06 14:00:00', '2026-04-06 14:50:00', 34, '/static/programs/program-034.svg', '2026-03-01 12:00:00'),
(35, 35, 'SESSION', 'Program-035', 'Program details 035', '2026-04-07 15:00:00', '2026-04-07 15:50:00', 35, '/static/programs/program-035.svg', '2026-03-01 12:00:00'),
(36, 36, 'EXPERIENCE', 'Program-036', 'Program details 036', '2026-04-08 10:00:00', '2026-04-08 10:50:00', 36, '/static/programs/program-036.svg', '2026-03-01 12:00:00'),
(37, 37, 'CONTEST', 'Program-037', 'Program details 037', '2026-04-09 11:00:00', '2026-04-09 11:50:00', 37, '/static/programs/program-037.svg', '2026-03-01 12:00:00'),
(38, 38, 'SESSION', 'Program-038', 'Program details 038', '2026-04-10 12:00:00', '2026-04-10 12:50:00', 38, '/static/programs/program-038.svg', '2026-03-01 12:00:00'),
(39, 39, 'EXPERIENCE', 'Program-039', 'Program details 039', '2026-04-11 13:00:00', '2026-04-11 13:50:00', 39, '/static/programs/program-039.svg', '2026-03-01 12:00:00'),
(40, 40, 'CONTEST', 'Program-040', 'Program details 040', '2026-04-12 14:00:00', '2026-04-12 14:50:00', 40, '/static/programs/program-040.svg', '2026-03-01 12:00:00'),
(41, 41, 'SESSION', 'Program-041', 'Program details 041', '2026-04-13 15:00:00', '2026-04-13 15:50:00', 41, '/static/programs/program-041.svg', '2026-03-01 12:00:00'),
(42, 42, 'EXPERIENCE', 'Program-042', 'Program details 042', '2026-04-14 10:00:00', '2026-04-14 10:50:00', 42, '/static/programs/program-042.svg', '2026-03-01 12:00:00'),
(43, 43, 'CONTEST', 'Program-043', 'Program details 043', '2026-04-15 11:00:00', '2026-04-15 11:50:00', 43, '/static/programs/program-043.svg', '2026-03-01 12:00:00'),
(44, 44, 'SESSION', 'Program-044', 'Program details 044', '2026-04-16 12:00:00', '2026-04-16 12:50:00', 44, '/static/programs/program-044.svg', '2026-03-01 12:00:00'),
(45, 45, 'EXPERIENCE', 'Program-045', 'Program details 045', '2026-04-17 13:00:00', '2026-04-17 13:50:00', 45, '/static/programs/program-045.svg', '2026-03-01 12:00:00'),
(46, 46, 'CONTEST', 'Program-046', 'Program details 046', '2026-04-18 14:00:00', '2026-04-18 14:50:00', 46, '/static/programs/program-046.svg', '2026-03-01 12:00:00'),
(47, 47, 'SESSION', 'Program-047', 'Program details 047', '2026-04-19 15:00:00', '2026-04-19 15:50:00', 47, '/static/programs/program-047.svg', '2026-03-01 12:00:00'),
(48, 48, 'EXPERIENCE', 'Program-048', 'Program details 048', '2026-04-20 10:00:00', '2026-04-20 10:50:00', 48, '/static/programs/program-048.svg', '2026-03-01 12:00:00'),
(49, 49, 'CONTEST', 'Program-049', 'Program details 049', '2026-04-21 11:00:00', '2026-04-21 11:50:00', 49, '/static/programs/program-049.svg', '2026-03-01 12:00:00'),
(50, 50, 'SESSION', 'Program-050', 'Program details 050', '2026-04-22 12:00:00', '2026-04-22 12:50:00', 50, '/static/programs/program-050.svg', '2026-03-01 12:00:00'),
(51, 51, 'EXPERIENCE', 'Program-051', 'Program details 051', '2026-04-23 13:00:00', '2026-04-23 13:50:00', 51, '/static/programs/program-051.svg', '2026-03-01 12:00:00'),
(52, 52, 'CONTEST', 'Program-052', 'Program details 052', '2026-04-24 14:00:00', '2026-04-24 14:50:00', 52, '/static/programs/program-052.svg', '2026-03-01 12:00:00'),
(53, 53, 'SESSION', 'Program-053', 'Program details 053', '2026-04-25 15:00:00', '2026-04-25 15:50:00', 53, '/static/programs/program-053.svg', '2026-03-01 12:00:00'),
(54, 54, 'EXPERIENCE', 'Program-054', 'Program details 054', '2026-04-26 10:00:00', '2026-04-26 10:50:00', 54, '/static/programs/program-054.svg', '2026-03-01 12:00:00'),
(55, 55, 'CONTEST', 'Program-055', 'Program details 055', '2026-04-27 11:00:00', '2026-04-27 11:50:00', 55, '/static/programs/program-055.svg', '2026-03-01 12:00:00'),
(56, 56, 'SESSION', 'Program-056', 'Program details 056', '2026-04-28 12:00:00', '2026-04-28 12:50:00', 56, '/static/programs/program-056.svg', '2026-03-01 12:00:00'),
(57, 57, 'EXPERIENCE', 'Program-057', 'Program details 057', '2026-04-01 13:00:00', '2026-04-01 13:50:00', 57, '/static/programs/program-057.svg', '2026-03-01 12:00:00'),
(58, 58, 'CONTEST', 'Program-058', 'Program details 058', '2026-04-02 14:00:00', '2026-04-02 14:50:00', 58, '/static/programs/program-058.svg', '2026-03-01 12:00:00'),
(59, 59, 'SESSION', 'Program-059', 'Program details 059', '2026-04-03 15:00:00', '2026-04-03 15:50:00', 59, '/static/programs/program-059.svg', '2026-03-01 12:00:00'),
(60, 60, 'EXPERIENCE', 'Program-060', 'Program details 060', '2026-04-04 10:00:00', '2026-04-04 10:50:00', 60, '/static/programs/program-060.svg', '2026-03-01 12:00:00'),
(61, 61, 'CONTEST', 'Program-061', 'Program details 061', '2026-04-05 11:00:00', '2026-04-05 11:50:00', 61, '/static/programs/program-061.svg', '2026-03-01 12:00:00'),
(62, 62, 'SESSION', 'Program-062', 'Program details 062', '2026-04-06 12:00:00', '2026-04-06 12:50:00', 62, '/static/programs/program-062.svg', '2026-03-01 12:00:00'),
(63, 63, 'EXPERIENCE', 'Program-063', 'Program details 063', '2026-04-07 13:00:00', '2026-04-07 13:50:00', 63, '/static/programs/program-063.svg', '2026-03-01 12:00:00'),
(64, 64, 'CONTEST', 'Program-064', 'Program details 064', '2026-04-08 14:00:00', '2026-04-08 14:50:00', 64, '/static/programs/program-064.svg', '2026-03-01 12:00:00'),
(65, 65, 'SESSION', 'Program-065', 'Program details 065', '2026-04-09 15:00:00', '2026-04-09 15:50:00', 65, '/static/programs/program-065.svg', '2026-03-01 12:00:00'),
(66, 66, 'EXPERIENCE', 'Program-066', 'Program details 066', '2026-04-10 10:00:00', '2026-04-10 10:50:00', 66, '/static/programs/program-066.svg', '2026-03-01 12:00:00'),
(67, 67, 'CONTEST', 'Program-067', 'Program details 067', '2026-04-11 11:00:00', '2026-04-11 11:50:00', 67, '/static/programs/program-067.svg', '2026-03-01 12:00:00'),
(68, 68, 'SESSION', 'Program-068', 'Program details 068', '2026-04-12 12:00:00', '2026-04-12 12:50:00', 68, '/static/programs/program-068.svg', '2026-03-01 12:00:00'),
(69, 69, 'EXPERIENCE', 'Program-069', 'Program details 069', '2026-04-13 13:00:00', '2026-04-13 13:50:00', 69, '/static/programs/program-069.svg', '2026-03-01 12:00:00'),
(70, 70, 'CONTEST', 'Program-070', 'Program details 070', '2026-04-14 14:00:00', '2026-04-14 14:50:00', 70, '/static/programs/program-070.svg', '2026-03-01 12:00:00'),
(71, 71, 'SESSION', 'Program-071', 'Program details 071', '2026-04-15 15:00:00', '2026-04-15 15:50:00', 71, '/static/programs/program-071.svg', '2026-03-01 12:00:00'),
(72, 72, 'EXPERIENCE', 'Program-072', 'Program details 072', '2026-04-16 10:00:00', '2026-04-16 10:50:00', 72, '/static/programs/program-072.svg', '2026-03-01 12:00:00'),
(73, 73, 'CONTEST', 'Program-073', 'Program details 073', '2026-04-17 11:00:00', '2026-04-17 11:50:00', 73, '/static/programs/program-073.svg', '2026-03-01 12:00:00'),
(74, 74, 'SESSION', 'Program-074', 'Program details 074', '2026-04-18 12:00:00', '2026-04-18 12:50:00', 74, '/static/programs/program-074.svg', '2026-03-01 12:00:00'),
(75, 75, 'EXPERIENCE', 'Program-075', 'Program details 075', '2026-04-19 13:00:00', '2026-04-19 13:50:00', 75, '/static/programs/program-075.svg', '2026-03-01 12:00:00'),
(76, 76, 'CONTEST', 'Program-076', 'Program details 076', '2026-04-20 14:00:00', '2026-04-20 14:50:00', 76, '/static/programs/program-076.svg', '2026-03-01 12:00:00'),
(77, 77, 'SESSION', 'Program-077', 'Program details 077', '2026-04-21 15:00:00', '2026-04-21 15:50:00', 77, '/static/programs/program-077.svg', '2026-03-01 12:00:00'),
(78, 78, 'EXPERIENCE', 'Program-078', 'Program details 078', '2026-04-22 10:00:00', '2026-04-22 10:50:00', 78, '/static/programs/program-078.svg', '2026-03-01 12:00:00'),
(79, 79, 'CONTEST', 'Program-079', 'Program details 079', '2026-04-23 11:00:00', '2026-04-23 11:50:00', 79, '/static/programs/program-079.svg', '2026-03-01 12:00:00'),
(80, 80, 'SESSION', 'Program-080', 'Program details 080', '2026-04-24 12:00:00', '2026-04-24 12:50:00', 80, '/static/programs/program-080.svg', '2026-03-01 12:00:00'),
(81, 81, 'EXPERIENCE', 'Program-081', 'Program details 081', '2026-04-25 13:00:00', '2026-04-25 13:50:00', 81, '/static/programs/program-081.svg', '2026-03-01 12:00:00'),
(82, 82, 'CONTEST', 'Program-082', 'Program details 082', '2026-04-26 14:00:00', '2026-04-26 14:50:00', 82, '/static/programs/program-082.svg', '2026-03-01 12:00:00'),
(83, 83, 'SESSION', 'Program-083', 'Program details 083', '2026-04-27 15:00:00', '2026-04-27 15:50:00', 83, '/static/programs/program-083.svg', '2026-03-01 12:00:00'),
(84, 84, 'EXPERIENCE', 'Program-084', 'Program details 084', '2026-04-28 10:00:00', '2026-04-28 10:50:00', 84, '/static/programs/program-084.svg', '2026-03-01 12:00:00'),
(85, 85, 'CONTEST', 'Program-085', 'Program details 085', '2026-04-01 11:00:00', '2026-04-01 11:50:00', 85, '/static/programs/program-085.svg', '2026-03-01 12:00:00'),
(86, 86, 'SESSION', 'Program-086', 'Program details 086', '2026-04-02 12:00:00', '2026-04-02 12:50:00', 86, '/static/programs/program-086.svg', '2026-03-01 12:00:00'),
(87, 87, 'EXPERIENCE', 'Program-087', 'Program details 087', '2026-04-03 13:00:00', '2026-04-03 13:50:00', 87, '/static/programs/program-087.svg', '2026-03-01 12:00:00'),
(88, 88, 'CONTEST', 'Program-088', 'Program details 088', '2026-04-04 14:00:00', '2026-04-04 14:50:00', 88, '/static/programs/program-088.svg', '2026-03-01 12:00:00'),
(89, 89, 'SESSION', 'Program-089', 'Program details 089', '2026-04-05 15:00:00', '2026-04-05 15:50:00', 89, '/static/programs/program-089.svg', '2026-03-01 12:00:00'),
(90, 90, 'EXPERIENCE', 'Program-090', 'Program details 090', '2026-04-06 10:00:00', '2026-04-06 10:50:00', 90, '/static/programs/program-090.svg', '2026-03-01 12:00:00'),
(91, 91, 'CONTEST', 'Program-091', 'Program details 091', '2026-04-07 11:00:00', '2026-04-07 11:50:00', 91, '/static/programs/program-091.svg', '2026-03-01 12:00:00'),
(92, 92, 'SESSION', 'Program-092', 'Program details 092', '2026-04-08 12:00:00', '2026-04-08 12:50:00', 92, '/static/programs/program-092.svg', '2026-03-01 12:00:00'),
(93, 93, 'EXPERIENCE', 'Program-093', 'Program details 093', '2026-04-09 13:00:00', '2026-04-09 13:50:00', 93, '/static/programs/program-093.svg', '2026-03-01 12:00:00'),
(94, 94, 'CONTEST', 'Program-094', 'Program details 094', '2026-04-10 14:00:00', '2026-04-10 14:50:00', 94, '/static/programs/program-094.svg', '2026-03-01 12:00:00'),
(95, 95, 'SESSION', 'Program-095', 'Program details 095', '2026-04-11 15:00:00', '2026-04-11 15:50:00', 95, '/static/programs/program-095.svg', '2026-03-01 12:00:00'),
(96, 96, 'EXPERIENCE', 'Program-096', 'Program details 096', '2026-04-12 10:00:00', '2026-04-12 10:50:00', 96, '/static/programs/program-096.svg', '2026-03-01 12:00:00'),
(97, 97, 'CONTEST', 'Program-097', 'Program details 097', '2026-04-13 11:00:00', '2026-04-13 11:50:00', 97, '/static/programs/program-097.svg', '2026-03-01 12:00:00'),
(98, 98, 'SESSION', 'Program-098', 'Program details 098', '2026-04-14 12:00:00', '2026-04-14 12:50:00', 98, '/static/programs/program-098.svg', '2026-03-01 12:00:00'),
(99, 99, 'EXPERIENCE', 'Program-099', 'Program details 099', '2026-04-15 13:00:00', '2026-04-15 13:50:00', 99, '/static/programs/program-099.svg', '2026-03-01 12:00:00'),
(100, 100, 'CONTEST', 'Program-100', 'Program details 100', '2026-04-16 14:00:00', '2026-04-16 14:50:00', 100, '/static/programs/program-100.svg', '2026-03-01 12:00:00');

-- 9) event_program_apply (100)
INSERT INTO event_program_apply (program_apply_id, program_id, user_id, status, ticket_no, eta_min, notified_at, checked_in_at, created_at, cancelled_at) VALUES
(1, 1, 2, 'APPLIED', 'TKT-00001', 6, NULL, NULL, '2026-03-01 12:10:00', NULL),
(2, 2, 3, 'APPLIED', 'TKT-00002', 7, NULL, NULL, '2026-03-01 12:10:00', NULL),
(3, 3, 4, 'APPROVED', 'TKT-00003', 8, NULL, NULL, '2026-03-01 12:10:00', NULL),
(4, 4, 5, 'APPLIED', 'TKT-00004', 9, NULL, NULL, '2026-03-01 12:10:00', NULL),
(5, 5, 6, 'CHECKED_IN', 'TKT-00005', 10, NULL, '2026-03-01 13:00:00', '2026-03-01 12:10:00', NULL),
(6, 6, 7, 'APPROVED', 'TKT-00006', 11, NULL, NULL, '2026-03-01 12:10:00', NULL),
(7, 7, 8, 'APPLIED', 'TKT-00007', 12, NULL, NULL, '2026-03-01 12:10:00', NULL),
(8, 8, 9, 'APPLIED', 'TKT-00008', 13, NULL, NULL, '2026-03-01 12:10:00', NULL),
(9, 9, 10, 'APPROVED', 'TKT-00009', 14, NULL, NULL, '2026-03-01 12:10:00', NULL),
(10, 10, 11, 'CHECKED_IN', 'TKT-00010', 15, NULL, '2026-03-01 13:00:00', '2026-03-01 12:10:00', NULL),
(11, 11, 12, 'CANCELLED', 'TKT-00011', 16, NULL, NULL, '2026-03-01 12:10:00', '2026-03-01 15:00:00'),
(12, 12, 13, 'APPROVED', 'TKT-00012', 17, NULL, NULL, '2026-03-01 12:10:00', NULL),
(13, 13, 14, 'APPLIED', 'TKT-00013', 18, NULL, NULL, '2026-03-01 12:10:00', NULL),
(14, 14, 15, 'APPLIED', 'TKT-00014', 19, NULL, NULL, '2026-03-01 12:10:00', NULL),
(15, 15, 16, 'CHECKED_IN', 'TKT-00015', 20, NULL, '2026-03-01 13:00:00', '2026-03-01 12:10:00', NULL),
(16, 16, 17, 'APPLIED', 'TKT-00016', 21, NULL, NULL, '2026-03-01 12:10:00', NULL),
(17, 17, 18, 'APPLIED', 'TKT-00017', 22, NULL, NULL, '2026-03-01 12:10:00', NULL),
(18, 18, 19, 'APPROVED', 'TKT-00018', 23, NULL, NULL, '2026-03-01 12:10:00', NULL),
(19, 19, 20, 'APPLIED', 'TKT-00019', 24, NULL, NULL, '2026-03-01 12:10:00', NULL),
(20, 20, 21, 'CHECKED_IN', 'TKT-00020', 25, NULL, '2026-03-01 13:00:00', '2026-03-01 12:10:00', NULL),
(21, 21, 22, 'APPROVED', 'TKT-00021', 26, NULL, NULL, '2026-03-01 12:10:00', NULL),
(22, 22, 23, 'CANCELLED', 'TKT-00022', 27, NULL, NULL, '2026-03-01 12:10:00', '2026-03-01 15:00:00'),
(23, 23, 24, 'APPLIED', 'TKT-00023', 28, NULL, NULL, '2026-03-01 12:10:00', NULL),
(24, 24, 25, 'APPROVED', 'TKT-00024', 29, NULL, NULL, '2026-03-01 12:10:00', NULL),
(25, 25, 26, 'CHECKED_IN', 'TKT-00025', 30, NULL, '2026-03-01 13:00:00', '2026-03-01 12:10:00', NULL),
(26, 26, 27, 'APPLIED', 'TKT-00026', 31, NULL, NULL, '2026-03-01 12:10:00', NULL),
(27, 27, 28, 'APPROVED', 'TKT-00027', 32, NULL, NULL, '2026-03-01 12:10:00', NULL),
(28, 28, 29, 'APPLIED', 'TKT-00028', 33, NULL, NULL, '2026-03-01 12:10:00', NULL),
(29, 29, 30, 'APPLIED', 'TKT-00029', 34, NULL, NULL, '2026-03-01 12:10:00', NULL),
(30, 30, 31, 'CHECKED_IN', 'TKT-00030', 5, NULL, '2026-03-01 13:00:00', '2026-03-01 12:10:00', NULL),
(31, 31, 32, 'APPLIED', 'TKT-00031', 6, NULL, NULL, '2026-03-01 12:10:00', NULL),
(32, 32, 33, 'APPLIED', 'TKT-00032', 7, NULL, NULL, '2026-03-01 12:10:00', NULL),
(33, 33, 34, 'CANCELLED', 'TKT-00033', 8, NULL, NULL, '2026-03-01 12:10:00', '2026-03-01 15:00:00'),
(34, 34, 35, 'APPLIED', 'TKT-00034', 9, NULL, NULL, '2026-03-01 12:10:00', NULL),
(35, 35, 36, 'CHECKED_IN', 'TKT-00035', 10, NULL, '2026-03-01 13:00:00', '2026-03-01 12:10:00', NULL),
(36, 36, 37, 'APPROVED', 'TKT-00036', 11, NULL, NULL, '2026-03-01 12:10:00', NULL),
(37, 37, 38, 'APPLIED', 'TKT-00037', 12, NULL, NULL, '2026-03-01 12:10:00', NULL),
(38, 38, 39, 'APPLIED', 'TKT-00038', 13, NULL, NULL, '2026-03-01 12:10:00', NULL),
(39, 39, 40, 'APPROVED', 'TKT-00039', 14, NULL, NULL, '2026-03-01 12:10:00', NULL),
(40, 40, 41, 'CHECKED_IN', 'TKT-00040', 15, NULL, '2026-03-01 13:00:00', '2026-03-01 12:10:00', NULL),
(41, 41, 42, 'APPLIED', 'TKT-00041', 16, NULL, NULL, '2026-03-01 12:10:00', NULL),
(42, 42, 43, 'APPROVED', 'TKT-00042', 17, NULL, NULL, '2026-03-01 12:10:00', NULL),
(43, 43, 44, 'APPLIED', 'TKT-00043', 18, NULL, NULL, '2026-03-01 12:10:00', NULL),
(44, 44, 45, 'CANCELLED', 'TKT-00044', 19, NULL, NULL, '2026-03-01 12:10:00', '2026-03-01 15:00:00'),
(45, 45, 46, 'CHECKED_IN', 'TKT-00045', 20, NULL, '2026-03-01 13:00:00', '2026-03-01 12:10:00', NULL),
(46, 46, 47, 'APPLIED', 'TKT-00046', 21, NULL, NULL, '2026-03-01 12:10:00', NULL),
(47, 47, 48, 'APPLIED', 'TKT-00047', 22, NULL, NULL, '2026-03-01 12:10:00', NULL),
(48, 48, 49, 'APPROVED', 'TKT-00048', 23, NULL, NULL, '2026-03-01 12:10:00', NULL),
(49, 49, 50, 'APPLIED', 'TKT-00049', 24, NULL, NULL, '2026-03-01 12:10:00', NULL),
(50, 50, 51, 'CHECKED_IN', 'TKT-00050', 25, NULL, '2026-03-01 13:00:00', '2026-03-01 12:10:00', NULL),
(51, 51, 52, 'APPROVED', 'TKT-00051', 26, NULL, NULL, '2026-03-01 12:10:00', NULL),
(52, 52, 53, 'APPLIED', 'TKT-00052', 27, NULL, NULL, '2026-03-01 12:10:00', NULL),
(53, 53, 54, 'APPLIED', 'TKT-00053', 28, NULL, NULL, '2026-03-01 12:10:00', NULL),
(54, 54, 55, 'APPROVED', 'TKT-00054', 29, NULL, NULL, '2026-03-01 12:10:00', NULL),
(55, 55, 56, 'CANCELLED', 'TKT-00055', 30, NULL, NULL, '2026-03-01 12:10:00', '2026-03-01 15:00:00'),
(56, 56, 57, 'APPLIED', 'TKT-00056', 31, NULL, NULL, '2026-03-01 12:10:00', NULL),
(57, 57, 58, 'APPROVED', 'TKT-00057', 32, NULL, NULL, '2026-03-01 12:10:00', NULL),
(58, 58, 59, 'APPLIED', 'TKT-00058', 33, NULL, NULL, '2026-03-01 12:10:00', NULL),
(59, 59, 60, 'APPLIED', 'TKT-00059', 34, NULL, NULL, '2026-03-01 12:10:00', NULL),
(60, 60, 61, 'CHECKED_IN', 'TKT-00060', 5, NULL, '2026-03-01 13:00:00', '2026-03-01 12:10:00', NULL),
(61, 61, 62, 'APPLIED', 'TKT-00061', 6, NULL, NULL, '2026-03-01 12:10:00', NULL),
(62, 62, 63, 'APPLIED', 'TKT-00062', 7, NULL, NULL, '2026-03-01 12:10:00', NULL),
(63, 63, 64, 'APPROVED', 'TKT-00063', 8, NULL, NULL, '2026-03-01 12:10:00', NULL),
(64, 64, 65, 'APPLIED', 'TKT-00064', 9, NULL, NULL, '2026-03-01 12:10:00', NULL),
(65, 65, 66, 'CHECKED_IN', 'TKT-00065', 10, NULL, '2026-03-01 13:00:00', '2026-03-01 12:10:00', NULL),
(66, 66, 67, 'CANCELLED', 'TKT-00066', 11, NULL, NULL, '2026-03-01 12:10:00', '2026-03-01 15:00:00'),
(67, 67, 68, 'APPLIED', 'TKT-00067', 12, NULL, NULL, '2026-03-01 12:10:00', NULL),
(68, 68, 69, 'APPLIED', 'TKT-00068', 13, NULL, NULL, '2026-03-01 12:10:00', NULL),
(69, 69, 70, 'APPROVED', 'TKT-00069', 14, NULL, NULL, '2026-03-01 12:10:00', NULL),
(70, 70, 71, 'CHECKED_IN', 'TKT-00070', 15, NULL, '2026-03-01 13:00:00', '2026-03-01 12:10:00', NULL),
(71, 71, 72, 'APPLIED', 'TKT-00071', 16, NULL, NULL, '2026-03-01 12:10:00', NULL),
(72, 72, 73, 'APPROVED', 'TKT-00072', 17, NULL, NULL, '2026-03-01 12:10:00', NULL),
(73, 73, 74, 'APPLIED', 'TKT-00073', 18, NULL, NULL, '2026-03-01 12:10:00', NULL),
(74, 74, 75, 'APPLIED', 'TKT-00074', 19, NULL, NULL, '2026-03-01 12:10:00', NULL),
(75, 75, 76, 'CHECKED_IN', 'TKT-00075', 20, NULL, '2026-03-01 13:00:00', '2026-03-01 12:10:00', NULL),
(76, 76, 77, 'APPLIED', 'TKT-00076', 21, NULL, NULL, '2026-03-01 12:10:00', NULL),
(77, 77, 78, 'CANCELLED', 'TKT-00077', 22, NULL, NULL, '2026-03-01 12:10:00', '2026-03-01 15:00:00'),
(78, 78, 79, 'APPROVED', 'TKT-00078', 23, NULL, NULL, '2026-03-01 12:10:00', NULL),
(79, 79, 80, 'APPLIED', 'TKT-00079', 24, NULL, NULL, '2026-03-01 12:10:00', NULL),
(80, 80, 81, 'CHECKED_IN', 'TKT-00080', 25, NULL, '2026-03-01 13:00:00', '2026-03-01 12:10:00', NULL),
(81, 81, 82, 'APPROVED', 'TKT-00081', 26, NULL, NULL, '2026-03-01 12:10:00', NULL),
(82, 82, 83, 'APPLIED', 'TKT-00082', 27, NULL, NULL, '2026-03-01 12:10:00', NULL),
(83, 83, 84, 'APPLIED', 'TKT-00083', 28, NULL, NULL, '2026-03-01 12:10:00', NULL),
(84, 84, 85, 'APPROVED', 'TKT-00084', 29, NULL, NULL, '2026-03-01 12:10:00', NULL),
(85, 85, 86, 'CHECKED_IN', 'TKT-00085', 30, NULL, '2026-03-01 13:00:00', '2026-03-01 12:10:00', NULL),
(86, 86, 87, 'APPLIED', 'TKT-00086', 31, NULL, NULL, '2026-03-01 12:10:00', NULL),
(87, 87, 88, 'APPROVED', 'TKT-00087', 32, NULL, NULL, '2026-03-01 12:10:00', NULL),
(88, 88, 89, 'CANCELLED', 'TKT-00088', 33, NULL, NULL, '2026-03-01 12:10:00', '2026-03-01 15:00:00'),
(89, 89, 90, 'APPLIED', 'TKT-00089', 34, NULL, NULL, '2026-03-01 12:10:00', NULL),
(90, 90, 91, 'CHECKED_IN', 'TKT-00090', 5, NULL, '2026-03-01 13:00:00', '2026-03-01 12:10:00', NULL),
(91, 91, 92, 'APPLIED', 'TKT-00091', 6, NULL, NULL, '2026-03-01 12:10:00', NULL),
(92, 92, 93, 'APPLIED', 'TKT-00092', 7, NULL, NULL, '2026-03-01 12:10:00', NULL),
(93, 93, 94, 'APPROVED', 'TKT-00093', 8, NULL, NULL, '2026-03-01 12:10:00', NULL),
(94, 94, 95, 'APPLIED', 'TKT-00094', 9, NULL, NULL, '2026-03-01 12:10:00', NULL),
(95, 95, 96, 'CHECKED_IN', 'TKT-00095', 10, NULL, '2026-03-01 13:00:00', '2026-03-01 12:10:00', NULL),
(96, 96, 97, 'APPROVED', 'TKT-00096', 11, NULL, NULL, '2026-03-01 12:10:00', NULL),
(97, 97, 98, 'APPLIED', 'TKT-00097', 12, NULL, NULL, '2026-03-01 12:10:00', NULL),
(98, 98, 99, 'APPLIED', 'TKT-00098', 13, NULL, NULL, '2026-03-01 12:10:00', NULL),
(99, 99, 100, 'CANCELLED', 'TKT-00099', 14, NULL, NULL, '2026-03-01 12:10:00', '2026-03-01 15:00:00'),
(100, 100, 101, 'CHECKED_IN', 'TKT-00100', 15, NULL, '2026-03-01 13:00:00', '2026-03-01 12:10:00', NULL);

-- 10) boards
INSERT INTO boards (board_id, board_name, board_type, is_active, created_at) VALUES
(1, 'free_board', 'FREE', 1, '2026-01-01 00:00:00'),
(2, 'review_board', 'REVIEW', 1, '2026-01-01 00:00:00'),
(3, 'info_board', 'INFO', 1, '2026-01-01 00:00:00');

-- 11) posts (100)
INSERT INTO posts (post_id, board_id, user_id, post_title, content, answer_content, answered_at, file_attached, status, view_count, created_at, updated_at, is_deleted, is_comment_enabled) VALUES
(1, 1, 2, 'Post title 001', 'Post content 001', NULL, NULL, 'Y', 'PUBLISHED', 57, '2026-02-01 09:00:00', '2026-03-01 12:00:00', 0, 1),
(2, 2, 3, 'Post title 002', 'Post content 002', NULL, NULL, 'Y', 'PUBLISHED', 64, '2026-02-01 09:00:00', '2026-03-01 12:00:00', 0, 1),
(3, 3, 4, 'Post title 003', 'Post content 003', NULL, NULL, 'Y', 'PUBLISHED', 71, '2026-02-01 09:00:00', '2026-03-01 12:00:00', 0, 1),
(4, 1, 5, 'Post title 004', 'Post content 004', NULL, NULL, 'Y', 'PUBLISHED', 78, '2026-02-01 09:00:00', '2026-03-01 12:00:00', 0, 1),
(5, 2, 6, 'Post title 005', 'Post content 005', NULL, NULL, 'Y', 'PUBLISHED', 85, '2026-02-01 09:00:00', '2026-03-01 12:00:00', 0, 1),
(6, 3, 7, 'Post title 006', 'Post content 006', NULL, NULL, 'Y', 'PUBLISHED', 92, '2026-02-01 09:00:00', '2026-03-01 12:00:00', 0, 1),
(7, 1, 8, 'Post title 007', 'Post content 007', NULL, NULL, 'Y', 'PUBLISHED', 99, '2026-02-01 09:00:00', '2026-03-01 12:00:00', 0, 1),
(8, 2, 9, 'Post title 008', 'Post content 008', NULL, NULL, 'Y', 'PUBLISHED', 106, '2026-02-01 09:00:00', '2026-03-01 12:00:00', 0, 1),
(9, 3, 10, 'Post title 009', 'Post content 009', NULL, NULL, 'Y', 'PUBLISHED', 113, '2026-02-01 09:00:00', '2026-03-01 12:00:00', 0, 1),
(10, 1, 11, 'Post title 010', 'Post content 010', NULL, NULL, 'Y', 'PUBLISHED', 120, '2026-02-01 09:00:00', '2026-03-01 12:00:00', 0, 1),
(11, 2, 12, 'Post title 011', 'Post content 011', NULL, NULL, 'Y', 'PUBLISHED', 127, '2026-02-01 09:00:00', '2026-03-01 12:00:00', 0, 1),
(12, 3, 13, 'Post title 012', 'Post content 012', NULL, NULL, 'Y', 'PUBLISHED', 134, '2026-02-01 09:00:00', '2026-03-01 12:00:00', 0, 1),
(13, 1, 14, 'Post title 013', 'Post content 013', NULL, NULL, 'Y', 'PUBLISHED', 141, '2026-02-01 09:00:00', '2026-03-01 12:00:00', 0, 1),
(14, 2, 15, 'Post title 014', 'Post content 014', NULL, NULL, 'Y', 'PUBLISHED', 148, '2026-02-01 09:00:00', '2026-03-01 12:00:00', 0, 1),
(15, 3, 16, 'Post title 015', 'Post content 015', NULL, NULL, 'Y', 'PUBLISHED', 155, '2026-02-01 09:00:00', '2026-03-01 12:00:00', 0, 1),
(16, 1, 17, 'Post title 016', 'Post content 016', NULL, NULL, 'Y', 'PUBLISHED', 162, '2026-02-01 09:00:00', '2026-03-01 12:00:00', 0, 1),
(17, 2, 18, 'Post title 017', 'Post content 017', NULL, NULL, 'Y', 'PUBLISHED', 169, '2026-02-01 09:00:00', '2026-03-01 12:00:00', 0, 1),
(18, 3, 19, 'Post title 018', 'Post content 018', NULL, NULL, 'Y', 'PUBLISHED', 176, '2026-02-01 09:00:00', '2026-03-01 12:00:00', 0, 1),
(19, 1, 20, 'Post title 019', 'Post content 019', NULL, NULL, 'Y', 'PUBLISHED', 183, '2026-02-01 09:00:00', '2026-03-01 12:00:00', 0, 1),
(20, 2, 21, 'Post title 020', 'Post content 020', NULL, NULL, 'Y', 'PUBLISHED', 190, '2026-02-01 09:00:00', '2026-03-01 12:00:00', 0, 1),
(21, 3, 22, 'Post title 021', 'Post content 021', NULL, NULL, 'Y', 'PUBLISHED', 197, '2026-02-01 09:00:00', '2026-03-01 12:00:00', 0, 1),
(22, 1, 23, 'Post title 022', 'Post content 022', NULL, NULL, 'Y', 'PUBLISHED', 204, '2026-02-01 09:00:00', '2026-03-01 12:00:00', 0, 1),
(23, 2, 24, 'Post title 023', 'Post content 023', NULL, NULL, 'Y', 'PUBLISHED', 211, '2026-02-01 09:00:00', '2026-03-01 12:00:00', 0, 1),
(24, 3, 25, 'Post title 024', 'Post content 024', NULL, NULL, 'Y', 'PUBLISHED', 218, '2026-02-01 09:00:00', '2026-03-01 12:00:00', 0, 1),
(25, 1, 26, 'Post title 025', 'Post content 025', NULL, NULL, 'Y', 'PUBLISHED', 225, '2026-02-01 09:00:00', '2026-03-01 12:00:00', 0, 1),
(26, 2, 27, 'Post title 026', 'Post content 026', NULL, NULL, 'Y', 'PUBLISHED', 232, '2026-02-01 09:00:00', '2026-03-01 12:00:00', 0, 1),
(27, 3, 28, 'Post title 027', 'Post content 027', NULL, NULL, 'Y', 'PUBLISHED', 239, '2026-02-01 09:00:00', '2026-03-01 12:00:00', 0, 1),
(28, 1, 29, 'Post title 028', 'Post content 028', NULL, NULL, 'Y', 'PUBLISHED', 246, '2026-02-01 09:00:00', '2026-03-01 12:00:00', 0, 1),
(29, 2, 30, 'Post title 029', 'Post content 029', NULL, NULL, 'Y', 'PUBLISHED', 253, '2026-02-01 09:00:00', '2026-03-01 12:00:00', 0, 1),
(30, 3, 31, 'Post title 030', 'Post content 030', NULL, NULL, 'Y', 'PUBLISHED', 260, '2026-02-01 09:00:00', '2026-03-01 12:00:00', 0, 1),
(31, 1, 32, 'Post title 031', 'Post content 031', NULL, NULL, 'Y', 'PUBLISHED', 267, '2026-02-01 09:00:00', '2026-03-01 12:00:00', 0, 1),
(32, 2, 33, 'Post title 032', 'Post content 032', NULL, NULL, 'Y', 'PUBLISHED', 274, '2026-02-01 09:00:00', '2026-03-01 12:00:00', 0, 1),
(33, 3, 34, 'Post title 033', 'Post content 033', NULL, NULL, 'Y', 'PUBLISHED', 281, '2026-02-01 09:00:00', '2026-03-01 12:00:00', 0, 1),
(34, 1, 35, 'Post title 034', 'Post content 034', NULL, NULL, 'Y', 'PUBLISHED', 288, '2026-02-01 09:00:00', '2026-03-01 12:00:00', 0, 1),
(35, 2, 36, 'Post title 035', 'Post content 035', NULL, NULL, 'Y', 'PUBLISHED', 295, '2026-02-01 09:00:00', '2026-03-01 12:00:00', 0, 1),
(36, 3, 37, 'Post title 036', 'Post content 036', NULL, NULL, 'Y', 'PUBLISHED', 302, '2026-02-01 09:00:00', '2026-03-01 12:00:00', 0, 1),
(37, 1, 38, 'Post title 037', 'Post content 037', NULL, NULL, 'Y', 'PUBLISHED', 309, '2026-02-01 09:00:00', '2026-03-01 12:00:00', 0, 1),
(38, 2, 39, 'Post title 038', 'Post content 038', NULL, NULL, 'Y', 'PUBLISHED', 316, '2026-02-01 09:00:00', '2026-03-01 12:00:00', 0, 1),
(39, 3, 40, 'Post title 039', 'Post content 039', NULL, NULL, 'Y', 'PUBLISHED', 323, '2026-02-01 09:00:00', '2026-03-01 12:00:00', 0, 1),
(40, 1, 41, 'Post title 040', 'Post content 040', NULL, NULL, 'Y', 'PUBLISHED', 330, '2026-02-01 09:00:00', '2026-03-01 12:00:00', 0, 1),
(41, 2, 42, 'Post title 041', 'Post content 041', NULL, NULL, 'Y', 'PUBLISHED', 337, '2026-02-01 09:00:00', '2026-03-01 12:00:00', 0, 1),
(42, 3, 43, 'Post title 042', 'Post content 042', NULL, NULL, 'Y', 'PUBLISHED', 344, '2026-02-01 09:00:00', '2026-03-01 12:00:00', 0, 1),
(43, 1, 44, 'Post title 043', 'Post content 043', NULL, NULL, 'Y', 'PUBLISHED', 351, '2026-02-01 09:00:00', '2026-03-01 12:00:00', 0, 1),
(44, 2, 45, 'Post title 044', 'Post content 044', NULL, NULL, 'Y', 'PUBLISHED', 358, '2026-02-01 09:00:00', '2026-03-01 12:00:00', 0, 1),
(45, 3, 46, 'Post title 045', 'Post content 045', NULL, NULL, 'Y', 'PUBLISHED', 365, '2026-02-01 09:00:00', '2026-03-01 12:00:00', 0, 1),
(46, 1, 47, 'Post title 046', 'Post content 046', NULL, NULL, 'Y', 'PUBLISHED', 372, '2026-02-01 09:00:00', '2026-03-01 12:00:00', 0, 1),
(47, 2, 48, 'Post title 047', 'Post content 047', NULL, NULL, 'Y', 'PUBLISHED', 379, '2026-02-01 09:00:00', '2026-03-01 12:00:00', 0, 1),
(48, 3, 49, 'Post title 048', 'Post content 048', NULL, NULL, 'Y', 'PUBLISHED', 386, '2026-02-01 09:00:00', '2026-03-01 12:00:00', 0, 1),
(49, 1, 50, 'Post title 049', 'Post content 049', NULL, NULL, 'Y', 'PUBLISHED', 393, '2026-02-01 09:00:00', '2026-03-01 12:00:00', 0, 1),
(50, 2, 51, 'Post title 050', 'Post content 050', NULL, NULL, 'Y', 'PUBLISHED', 400, '2026-02-01 09:00:00', '2026-03-01 12:00:00', 0, 1),
(51, 3, 52, 'Post title 051', 'Post content 051', NULL, NULL, 'Y', 'PUBLISHED', 407, '2026-02-01 09:00:00', '2026-03-01 12:00:00', 0, 1),
(52, 1, 53, 'Post title 052', 'Post content 052', NULL, NULL, 'Y', 'PUBLISHED', 414, '2026-02-01 09:00:00', '2026-03-01 12:00:00', 0, 1),
(53, 2, 54, 'Post title 053', 'Post content 053', NULL, NULL, 'Y', 'PUBLISHED', 421, '2026-02-01 09:00:00', '2026-03-01 12:00:00', 0, 1),
(54, 3, 55, 'Post title 054', 'Post content 054', NULL, NULL, 'Y', 'PUBLISHED', 428, '2026-02-01 09:00:00', '2026-03-01 12:00:00', 0, 1),
(55, 1, 56, 'Post title 055', 'Post content 055', NULL, NULL, 'Y', 'PUBLISHED', 435, '2026-02-01 09:00:00', '2026-03-01 12:00:00', 0, 1),
(56, 2, 57, 'Post title 056', 'Post content 056', NULL, NULL, 'Y', 'PUBLISHED', 442, '2026-02-01 09:00:00', '2026-03-01 12:00:00', 0, 1),
(57, 3, 58, 'Post title 057', 'Post content 057', NULL, NULL, 'Y', 'PUBLISHED', 449, '2026-02-01 09:00:00', '2026-03-01 12:00:00', 0, 1),
(58, 1, 59, 'Post title 058', 'Post content 058', NULL, NULL, 'Y', 'PUBLISHED', 456, '2026-02-01 09:00:00', '2026-03-01 12:00:00', 0, 1),
(59, 2, 60, 'Post title 059', 'Post content 059', NULL, NULL, 'Y', 'PUBLISHED', 463, '2026-02-01 09:00:00', '2026-03-01 12:00:00', 0, 1),
(60, 3, 61, 'Post title 060', 'Post content 060', NULL, NULL, 'Y', 'PUBLISHED', 470, '2026-02-01 09:00:00', '2026-03-01 12:00:00', 0, 1),
(61, 1, 62, 'Post title 061', 'Post content 061', NULL, NULL, 'Y', 'PUBLISHED', 477, '2026-02-01 09:00:00', '2026-03-01 12:00:00', 0, 1),
(62, 2, 63, 'Post title 062', 'Post content 062', NULL, NULL, 'Y', 'PUBLISHED', 484, '2026-02-01 09:00:00', '2026-03-01 12:00:00', 0, 1),
(63, 3, 64, 'Post title 063', 'Post content 063', NULL, NULL, 'Y', 'PUBLISHED', 491, '2026-02-01 09:00:00', '2026-03-01 12:00:00', 0, 1),
(64, 1, 65, 'Post title 064', 'Post content 064', NULL, NULL, 'Y', 'PUBLISHED', 498, '2026-02-01 09:00:00', '2026-03-01 12:00:00', 0, 1),
(65, 2, 66, 'Post title 065', 'Post content 065', NULL, NULL, 'Y', 'PUBLISHED', 505, '2026-02-01 09:00:00', '2026-03-01 12:00:00', 0, 1),
(66, 3, 67, 'Post title 066', 'Post content 066', NULL, NULL, 'Y', 'PUBLISHED', 512, '2026-02-01 09:00:00', '2026-03-01 12:00:00', 0, 1),
(67, 1, 68, 'Post title 067', 'Post content 067', NULL, NULL, 'Y', 'PUBLISHED', 519, '2026-02-01 09:00:00', '2026-03-01 12:00:00', 0, 1),
(68, 2, 69, 'Post title 068', 'Post content 068', NULL, NULL, 'Y', 'PUBLISHED', 526, '2026-02-01 09:00:00', '2026-03-01 12:00:00', 0, 1),
(69, 3, 70, 'Post title 069', 'Post content 069', NULL, NULL, 'Y', 'PUBLISHED', 533, '2026-02-01 09:00:00', '2026-03-01 12:00:00', 0, 1),
(70, 1, 71, 'Post title 070', 'Post content 070', NULL, NULL, 'Y', 'PUBLISHED', 540, '2026-02-01 09:00:00', '2026-03-01 12:00:00', 0, 1),
(71, 2, 72, 'Post title 071', 'Post content 071', NULL, NULL, 'Y', 'PUBLISHED', 547, '2026-02-01 09:00:00', '2026-03-01 12:00:00', 0, 1),
(72, 3, 73, 'Post title 072', 'Post content 072', NULL, NULL, 'Y', 'PUBLISHED', 554, '2026-02-01 09:00:00', '2026-03-01 12:00:00', 0, 1),
(73, 1, 74, 'Post title 073', 'Post content 073', NULL, NULL, 'Y', 'PUBLISHED', 561, '2026-02-01 09:00:00', '2026-03-01 12:00:00', 0, 1),
(74, 2, 75, 'Post title 074', 'Post content 074', NULL, NULL, 'Y', 'PUBLISHED', 568, '2026-02-01 09:00:00', '2026-03-01 12:00:00', 0, 1),
(75, 3, 76, 'Post title 075', 'Post content 075', NULL, NULL, 'Y', 'PUBLISHED', 575, '2026-02-01 09:00:00', '2026-03-01 12:00:00', 0, 1),
(76, 1, 77, 'Post title 076', 'Post content 076', NULL, NULL, 'Y', 'PUBLISHED', 582, '2026-02-01 09:00:00', '2026-03-01 12:00:00', 0, 1),
(77, 2, 78, 'Post title 077', 'Post content 077', NULL, NULL, 'Y', 'PUBLISHED', 589, '2026-02-01 09:00:00', '2026-03-01 12:00:00', 0, 1),
(78, 3, 79, 'Post title 078', 'Post content 078', NULL, NULL, 'Y', 'PUBLISHED', 596, '2026-02-01 09:00:00', '2026-03-01 12:00:00', 0, 1),
(79, 1, 80, 'Post title 079', 'Post content 079', NULL, NULL, 'Y', 'PUBLISHED', 603, '2026-02-01 09:00:00', '2026-03-01 12:00:00', 0, 1),
(80, 2, 81, 'Post title 080', 'Post content 080', NULL, NULL, 'Y', 'PUBLISHED', 610, '2026-02-01 09:00:00', '2026-03-01 12:00:00', 0, 1),
(81, 3, 82, 'Post title 081', 'Post content 081', NULL, NULL, 'Y', 'PUBLISHED', 617, '2026-02-01 09:00:00', '2026-03-01 12:00:00', 0, 1),
(82, 1, 83, 'Post title 082', 'Post content 082', NULL, NULL, 'Y', 'PUBLISHED', 624, '2026-02-01 09:00:00', '2026-03-01 12:00:00', 0, 1),
(83, 2, 84, 'Post title 083', 'Post content 083', NULL, NULL, 'Y', 'PUBLISHED', 631, '2026-02-01 09:00:00', '2026-03-01 12:00:00', 0, 1),
(84, 3, 85, 'Post title 084', 'Post content 084', NULL, NULL, 'Y', 'PUBLISHED', 638, '2026-02-01 09:00:00', '2026-03-01 12:00:00', 0, 1),
(85, 1, 86, 'Post title 085', 'Post content 085', NULL, NULL, 'Y', 'PUBLISHED', 645, '2026-02-01 09:00:00', '2026-03-01 12:00:00', 0, 1),
(86, 2, 87, 'Post title 086', 'Post content 086', NULL, NULL, 'Y', 'PUBLISHED', 652, '2026-02-01 09:00:00', '2026-03-01 12:00:00', 0, 1),
(87, 3, 88, 'Post title 087', 'Post content 087', NULL, NULL, 'Y', 'PUBLISHED', 659, '2026-02-01 09:00:00', '2026-03-01 12:00:00', 0, 1),
(88, 1, 89, 'Post title 088', 'Post content 088', NULL, NULL, 'Y', 'PUBLISHED', 666, '2026-02-01 09:00:00', '2026-03-01 12:00:00', 0, 1),
(89, 2, 90, 'Post title 089', 'Post content 089', NULL, NULL, 'Y', 'PUBLISHED', 673, '2026-02-01 09:00:00', '2026-03-01 12:00:00', 0, 1),
(90, 3, 91, 'Post title 090', 'Post content 090', NULL, NULL, 'Y', 'PUBLISHED', 680, '2026-02-01 09:00:00', '2026-03-01 12:00:00', 0, 1),
(91, 1, 92, 'Post title 091', 'Post content 091', NULL, NULL, 'Y', 'PUBLISHED', 687, '2026-02-01 09:00:00', '2026-03-01 12:00:00', 0, 1),
(92, 2, 93, 'Post title 092', 'Post content 092', NULL, NULL, 'Y', 'PUBLISHED', 694, '2026-02-01 09:00:00', '2026-03-01 12:00:00', 0, 1),
(93, 3, 94, 'Post title 093', 'Post content 093', NULL, NULL, 'Y', 'PUBLISHED', 701, '2026-02-01 09:00:00', '2026-03-01 12:00:00', 0, 1),
(94, 1, 95, 'Post title 094', 'Post content 094', NULL, NULL, 'Y', 'PUBLISHED', 708, '2026-02-01 09:00:00', '2026-03-01 12:00:00', 0, 1),
(95, 2, 96, 'Post title 095', 'Post content 095', NULL, NULL, 'Y', 'PUBLISHED', 715, '2026-02-01 09:00:00', '2026-03-01 12:00:00', 0, 1),
(96, 3, 97, 'Post title 096', 'Post content 096', NULL, NULL, 'Y', 'PUBLISHED', 722, '2026-02-01 09:00:00', '2026-03-01 12:00:00', 0, 1),
(97, 1, 98, 'Post title 097', 'Post content 097', NULL, NULL, 'Y', 'PUBLISHED', 729, '2026-02-01 09:00:00', '2026-03-01 12:00:00', 0, 1),
(98, 2, 99, 'Post title 098', 'Post content 098', NULL, NULL, 'Y', 'PUBLISHED', 736, '2026-02-01 09:00:00', '2026-03-01 12:00:00', 0, 1),
(99, 3, 100, 'Post title 099', 'Post content 099', NULL, NULL, 'Y', 'PUBLISHED', 743, '2026-02-01 09:00:00', '2026-03-01 12:00:00', 0, 1),
(100, 1, 101, 'Post title 100', 'Post content 100', NULL, NULL, 'Y', 'PUBLISHED', 750, '2026-02-01 09:00:00', '2026-03-01 12:00:00', 0, 1);

-- 12) files (100)
INSERT INTO files (file_id, original_name, stored_name, user_id, post_id, notice_id, deleted_at, deleted_by, delete_reason, object_deleted_at) VALUES
(1, 'attach-001.pdf', '20260301_attach_001.pdf', 2, 1, NULL, NULL, NULL, NULL, NULL),
(2, 'attach-002.pdf', '20260301_attach_002.pdf', 3, 2, NULL, NULL, NULL, NULL, NULL),
(3, 'attach-003.pdf', '20260301_attach_003.pdf', 4, 3, NULL, NULL, NULL, NULL, NULL),
(4, 'attach-004.pdf', '20260301_attach_004.pdf', 5, 4, NULL, NULL, NULL, NULL, NULL),
(5, 'attach-005.pdf', '20260301_attach_005.pdf', 6, 5, NULL, NULL, NULL, NULL, NULL),
(6, 'attach-006.pdf', '20260301_attach_006.pdf', 7, 6, NULL, NULL, NULL, NULL, NULL),
(7, 'attach-007.pdf', '20260301_attach_007.pdf', 8, 7, NULL, NULL, NULL, NULL, NULL),
(8, 'attach-008.pdf', '20260301_attach_008.pdf', 9, 8, NULL, NULL, NULL, NULL, NULL),
(9, 'attach-009.pdf', '20260301_attach_009.pdf', 10, 9, NULL, NULL, NULL, NULL, NULL),
(10, 'attach-010.pdf', '20260301_attach_010.pdf', 11, 10, NULL, NULL, NULL, NULL, NULL),
(11, 'attach-011.pdf', '20260301_attach_011.pdf', 12, 11, NULL, NULL, NULL, NULL, NULL),
(12, 'attach-012.pdf', '20260301_attach_012.pdf', 13, 12, NULL, NULL, NULL, NULL, NULL),
(13, 'attach-013.pdf', '20260301_attach_013.pdf', 14, 13, NULL, NULL, NULL, NULL, NULL),
(14, 'attach-014.pdf', '20260301_attach_014.pdf', 15, 14, NULL, NULL, NULL, NULL, NULL),
(15, 'attach-015.pdf', '20260301_attach_015.pdf', 16, 15, NULL, NULL, NULL, NULL, NULL),
(16, 'attach-016.pdf', '20260301_attach_016.pdf', 17, 16, NULL, NULL, NULL, NULL, NULL),
(17, 'attach-017.pdf', '20260301_attach_017.pdf', 18, 17, NULL, NULL, NULL, NULL, NULL),
(18, 'attach-018.pdf', '20260301_attach_018.pdf', 19, 18, NULL, NULL, NULL, NULL, NULL),
(19, 'attach-019.pdf', '20260301_attach_019.pdf', 20, 19, NULL, NULL, NULL, NULL, NULL),
(20, 'attach-020.pdf', '20260301_attach_020.pdf', 21, 20, NULL, NULL, NULL, NULL, NULL),
(21, 'attach-021.pdf', '20260301_attach_021.pdf', 22, 21, NULL, NULL, NULL, NULL, NULL),
(22, 'attach-022.pdf', '20260301_attach_022.pdf', 23, 22, NULL, NULL, NULL, NULL, NULL),
(23, 'attach-023.pdf', '20260301_attach_023.pdf', 24, 23, NULL, NULL, NULL, NULL, NULL),
(24, 'attach-024.pdf', '20260301_attach_024.pdf', 25, 24, NULL, NULL, NULL, NULL, NULL),
(25, 'attach-025.pdf', '20260301_attach_025.pdf', 26, 25, NULL, NULL, NULL, NULL, NULL),
(26, 'attach-026.pdf', '20260301_attach_026.pdf', 27, 26, NULL, NULL, NULL, NULL, NULL),
(27, 'attach-027.pdf', '20260301_attach_027.pdf', 28, 27, NULL, NULL, NULL, NULL, NULL),
(28, 'attach-028.pdf', '20260301_attach_028.pdf', 29, 28, NULL, NULL, NULL, NULL, NULL),
(29, 'attach-029.pdf', '20260301_attach_029.pdf', 30, 29, NULL, NULL, NULL, NULL, NULL),
(30, 'attach-030.pdf', '20260301_attach_030.pdf', 31, 30, NULL, NULL, NULL, NULL, NULL),
(31, 'attach-031.pdf', '20260301_attach_031.pdf', 32, 31, NULL, NULL, NULL, NULL, NULL),
(32, 'attach-032.pdf', '20260301_attach_032.pdf', 33, 32, NULL, NULL, NULL, NULL, NULL),
(33, 'attach-033.pdf', '20260301_attach_033.pdf', 34, 33, NULL, NULL, NULL, NULL, NULL),
(34, 'attach-034.pdf', '20260301_attach_034.pdf', 35, 34, NULL, NULL, NULL, NULL, NULL),
(35, 'attach-035.pdf', '20260301_attach_035.pdf', 36, 35, NULL, NULL, NULL, NULL, NULL),
(36, 'attach-036.pdf', '20260301_attach_036.pdf', 37, 36, NULL, NULL, NULL, NULL, NULL),
(37, 'attach-037.pdf', '20260301_attach_037.pdf', 38, 37, NULL, NULL, NULL, NULL, NULL),
(38, 'attach-038.pdf', '20260301_attach_038.pdf', 39, 38, NULL, NULL, NULL, NULL, NULL),
(39, 'attach-039.pdf', '20260301_attach_039.pdf', 40, 39, NULL, NULL, NULL, NULL, NULL),
(40, 'attach-040.pdf', '20260301_attach_040.pdf', 41, 40, NULL, NULL, NULL, NULL, NULL),
(41, 'attach-041.pdf', '20260301_attach_041.pdf', 42, 41, NULL, NULL, NULL, NULL, NULL),
(42, 'attach-042.pdf', '20260301_attach_042.pdf', 43, 42, NULL, NULL, NULL, NULL, NULL),
(43, 'attach-043.pdf', '20260301_attach_043.pdf', 44, 43, NULL, NULL, NULL, NULL, NULL),
(44, 'attach-044.pdf', '20260301_attach_044.pdf', 45, 44, NULL, NULL, NULL, NULL, NULL),
(45, 'attach-045.pdf', '20260301_attach_045.pdf', 46, 45, NULL, NULL, NULL, NULL, NULL),
(46, 'attach-046.pdf', '20260301_attach_046.pdf', 47, 46, NULL, NULL, NULL, NULL, NULL),
(47, 'attach-047.pdf', '20260301_attach_047.pdf', 48, 47, NULL, NULL, NULL, NULL, NULL),
(48, 'attach-048.pdf', '20260301_attach_048.pdf', 49, 48, NULL, NULL, NULL, NULL, NULL),
(49, 'attach-049.pdf', '20260301_attach_049.pdf', 50, 49, NULL, NULL, NULL, NULL, NULL),
(50, 'attach-050.pdf', '20260301_attach_050.pdf', 51, 50, NULL, NULL, NULL, NULL, NULL),
(51, 'attach-051.pdf', '20260301_attach_051.pdf', 52, 51, NULL, NULL, NULL, NULL, NULL),
(52, 'attach-052.pdf', '20260301_attach_052.pdf', 53, 52, NULL, NULL, NULL, NULL, NULL),
(53, 'attach-053.pdf', '20260301_attach_053.pdf', 54, 53, NULL, NULL, NULL, NULL, NULL),
(54, 'attach-054.pdf', '20260301_attach_054.pdf', 55, 54, NULL, NULL, NULL, NULL, NULL),
(55, 'attach-055.pdf', '20260301_attach_055.pdf', 56, 55, NULL, NULL, NULL, NULL, NULL),
(56, 'attach-056.pdf', '20260301_attach_056.pdf', 57, 56, NULL, NULL, NULL, NULL, NULL),
(57, 'attach-057.pdf', '20260301_attach_057.pdf', 58, 57, NULL, NULL, NULL, NULL, NULL),
(58, 'attach-058.pdf', '20260301_attach_058.pdf', 59, 58, NULL, NULL, NULL, NULL, NULL),
(59, 'attach-059.pdf', '20260301_attach_059.pdf', 60, 59, NULL, NULL, NULL, NULL, NULL),
(60, 'attach-060.pdf', '20260301_attach_060.pdf', 61, 60, NULL, NULL, NULL, NULL, NULL),
(61, 'attach-061.pdf', '20260301_attach_061.pdf', 62, 61, NULL, NULL, NULL, NULL, NULL),
(62, 'attach-062.pdf', '20260301_attach_062.pdf', 63, 62, NULL, NULL, NULL, NULL, NULL),
(63, 'attach-063.pdf', '20260301_attach_063.pdf', 64, 63, NULL, NULL, NULL, NULL, NULL),
(64, 'attach-064.pdf', '20260301_attach_064.pdf', 65, 64, NULL, NULL, NULL, NULL, NULL),
(65, 'attach-065.pdf', '20260301_attach_065.pdf', 66, 65, NULL, NULL, NULL, NULL, NULL),
(66, 'attach-066.pdf', '20260301_attach_066.pdf', 67, 66, NULL, NULL, NULL, NULL, NULL),
(67, 'attach-067.pdf', '20260301_attach_067.pdf', 68, 67, NULL, NULL, NULL, NULL, NULL),
(68, 'attach-068.pdf', '20260301_attach_068.pdf', 69, 68, NULL, NULL, NULL, NULL, NULL),
(69, 'attach-069.pdf', '20260301_attach_069.pdf', 70, 69, NULL, NULL, NULL, NULL, NULL),
(70, 'attach-070.pdf', '20260301_attach_070.pdf', 71, 70, NULL, NULL, NULL, NULL, NULL),
(71, 'attach-071.pdf', '20260301_attach_071.pdf', 72, 71, NULL, NULL, NULL, NULL, NULL),
(72, 'attach-072.pdf', '20260301_attach_072.pdf', 73, 72, NULL, NULL, NULL, NULL, NULL),
(73, 'attach-073.pdf', '20260301_attach_073.pdf', 74, 73, NULL, NULL, NULL, NULL, NULL),
(74, 'attach-074.pdf', '20260301_attach_074.pdf', 75, 74, NULL, NULL, NULL, NULL, NULL),
(75, 'attach-075.pdf', '20260301_attach_075.pdf', 76, 75, NULL, NULL, NULL, NULL, NULL),
(76, 'attach-076.pdf', '20260301_attach_076.pdf', 77, 76, NULL, NULL, NULL, NULL, NULL),
(77, 'attach-077.pdf', '20260301_attach_077.pdf', 78, 77, NULL, NULL, NULL, NULL, NULL),
(78, 'attach-078.pdf', '20260301_attach_078.pdf', 79, 78, NULL, NULL, NULL, NULL, NULL),
(79, 'attach-079.pdf', '20260301_attach_079.pdf', 80, 79, NULL, NULL, NULL, NULL, NULL),
(80, 'attach-080.pdf', '20260301_attach_080.pdf', 81, 80, NULL, NULL, NULL, NULL, NULL),
(81, 'attach-081.pdf', '20260301_attach_081.pdf', 82, 81, NULL, NULL, NULL, NULL, NULL),
(82, 'attach-082.pdf', '20260301_attach_082.pdf', 83, 82, NULL, NULL, NULL, NULL, NULL),
(83, 'attach-083.pdf', '20260301_attach_083.pdf', 84, 83, NULL, NULL, NULL, NULL, NULL),
(84, 'attach-084.pdf', '20260301_attach_084.pdf', 85, 84, NULL, NULL, NULL, NULL, NULL),
(85, 'attach-085.pdf', '20260301_attach_085.pdf', 86, 85, NULL, NULL, NULL, NULL, NULL),
(86, 'attach-086.pdf', '20260301_attach_086.pdf', 87, 86, NULL, NULL, NULL, NULL, NULL),
(87, 'attach-087.pdf', '20260301_attach_087.pdf', 88, 87, NULL, NULL, NULL, NULL, NULL),
(88, 'attach-088.pdf', '20260301_attach_088.pdf', 89, 88, NULL, NULL, NULL, NULL, NULL),
(89, 'attach-089.pdf', '20260301_attach_089.pdf', 90, 89, NULL, NULL, NULL, NULL, NULL),
(90, 'attach-090.pdf', '20260301_attach_090.pdf', 91, 90, NULL, NULL, NULL, NULL, NULL),
(91, 'attach-091.pdf', '20260301_attach_091.pdf', 92, 91, NULL, NULL, NULL, NULL, NULL),
(92, 'attach-092.pdf', '20260301_attach_092.pdf', 93, 92, NULL, NULL, NULL, NULL, NULL),
(93, 'attach-093.pdf', '20260301_attach_093.pdf', 94, 93, NULL, NULL, NULL, NULL, NULL),
(94, 'attach-094.pdf', '20260301_attach_094.pdf', 95, 94, NULL, NULL, NULL, NULL, NULL),
(95, 'attach-095.pdf', '20260301_attach_095.pdf', 96, 95, NULL, NULL, NULL, NULL, NULL),
(96, 'attach-096.pdf', '20260301_attach_096.pdf', 97, 96, NULL, NULL, NULL, NULL, NULL),
(97, 'attach-097.pdf', '20260301_attach_097.pdf', 98, 97, NULL, NULL, NULL, NULL, NULL),
(98, 'attach-098.pdf', '20260301_attach_098.pdf', 99, 98, NULL, NULL, NULL, NULL, NULL),
(99, 'attach-099.pdf', '20260301_attach_099.pdf', 100, 99, NULL, NULL, NULL, NULL, NULL),
(100, 'attach-100.pdf', '20260301_attach_100.pdf', 101, 100, NULL, NULL, NULL, NULL, NULL);

-- 13) notices (100)
INSERT INTO notices (notice_id, scope, event_id, notice_title, content, file_attached, is_pinned, status, created_by_admin_id, created_at, updated_at) VALUES
(1, 'EVENT', 1, 'Notice title 001', 'Notice content 001', 'N', 1, 'PUBLISHED', 1, '2026-02-01 08:00:00', '2026-03-01 12:00:00'),
(2, 'ALL', NULL, 'Notice title 002', 'Notice content 002', 'N', 1, 'PUBLISHED', 1, '2026-02-01 08:00:00', '2026-03-01 12:00:00'),
(3, 'EVENT', 3, 'Notice title 003', 'Notice content 003', 'N', 1, 'PUBLISHED', 1, '2026-02-01 08:00:00', '2026-03-01 12:00:00'),
(4, 'ALL', NULL, 'Notice title 004', 'Notice content 004', 'N', 1, 'PUBLISHED', 1, '2026-02-01 08:00:00', '2026-03-01 12:00:00'),
(5, 'EVENT', 5, 'Notice title 005', 'Notice content 005', 'N', 1, 'PUBLISHED', 1, '2026-02-01 08:00:00', '2026-03-01 12:00:00'),
(6, 'ALL', NULL, 'Notice title 006', 'Notice content 006', 'N', 1, 'PUBLISHED', 1, '2026-02-01 08:00:00', '2026-03-01 12:00:00'),
(7, 'EVENT', 7, 'Notice title 007', 'Notice content 007', 'N', 1, 'PUBLISHED', 1, '2026-02-01 08:00:00', '2026-03-01 12:00:00'),
(8, 'ALL', NULL, 'Notice title 008', 'Notice content 008', 'N', 1, 'PUBLISHED', 1, '2026-02-01 08:00:00', '2026-03-01 12:00:00'),
(9, 'EVENT', 9, 'Notice title 009', 'Notice content 009', 'N', 1, 'PUBLISHED', 1, '2026-02-01 08:00:00', '2026-03-01 12:00:00'),
(10, 'ALL', NULL, 'Notice title 010', 'Notice content 010', 'N', 1, 'PUBLISHED', 1, '2026-02-01 08:00:00', '2026-03-01 12:00:00'),
(11, 'EVENT', 11, 'Notice title 011', 'Notice content 011', 'N', 0, 'PUBLISHED', 1, '2026-02-01 08:00:00', '2026-03-01 12:00:00'),
(12, 'ALL', NULL, 'Notice title 012', 'Notice content 012', 'N', 0, 'PUBLISHED', 1, '2026-02-01 08:00:00', '2026-03-01 12:00:00'),
(13, 'EVENT', 13, 'Notice title 013', 'Notice content 013', 'N', 0, 'PUBLISHED', 1, '2026-02-01 08:00:00', '2026-03-01 12:00:00'),
(14, 'ALL', NULL, 'Notice title 014', 'Notice content 014', 'N', 0, 'PUBLISHED', 1, '2026-02-01 08:00:00', '2026-03-01 12:00:00'),
(15, 'EVENT', 15, 'Notice title 015', 'Notice content 015', 'N', 0, 'DRAFT', 1, '2026-02-01 08:00:00', '2026-03-01 12:00:00'),
(16, 'ALL', NULL, 'Notice title 016', 'Notice content 016', 'N', 0, 'PUBLISHED', 1, '2026-02-01 08:00:00', '2026-03-01 12:00:00'),
(17, 'EVENT', 17, 'Notice title 017', 'Notice content 017', 'N', 0, 'PUBLISHED', 1, '2026-02-01 08:00:00', '2026-03-01 12:00:00'),
(18, 'ALL', NULL, 'Notice title 018', 'Notice content 018', 'N', 0, 'PUBLISHED', 1, '2026-02-01 08:00:00', '2026-03-01 12:00:00'),
(19, 'EVENT', 19, 'Notice title 019', 'Notice content 019', 'N', 0, 'PUBLISHED', 1, '2026-02-01 08:00:00', '2026-03-01 12:00:00'),
(20, 'ALL', NULL, 'Notice title 020', 'Notice content 020', 'N', 0, 'PUBLISHED', 1, '2026-02-01 08:00:00', '2026-03-01 12:00:00'),
(21, 'EVENT', 21, 'Notice title 021', 'Notice content 021', 'N', 0, 'PUBLISHED', 1, '2026-02-01 08:00:00', '2026-03-01 12:00:00'),
(22, 'ALL', NULL, 'Notice title 022', 'Notice content 022', 'N', 0, 'PUBLISHED', 1, '2026-02-01 08:00:00', '2026-03-01 12:00:00'),
(23, 'EVENT', 23, 'Notice title 023', 'Notice content 023', 'N', 0, 'PUBLISHED', 1, '2026-02-01 08:00:00', '2026-03-01 12:00:00'),
(24, 'ALL', NULL, 'Notice title 024', 'Notice content 024', 'N', 0, 'PUBLISHED', 1, '2026-02-01 08:00:00', '2026-03-01 12:00:00'),
(25, 'EVENT', 25, 'Notice title 025', 'Notice content 025', 'N', 0, 'PUBLISHED', 1, '2026-02-01 08:00:00', '2026-03-01 12:00:00'),
(26, 'ALL', NULL, 'Notice title 026', 'Notice content 026', 'N', 0, 'PUBLISHED', 1, '2026-02-01 08:00:00', '2026-03-01 12:00:00'),
(27, 'EVENT', 27, 'Notice title 027', 'Notice content 027', 'N', 0, 'PUBLISHED', 1, '2026-02-01 08:00:00', '2026-03-01 12:00:00'),
(28, 'ALL', NULL, 'Notice title 028', 'Notice content 028', 'N', 0, 'PUBLISHED', 1, '2026-02-01 08:00:00', '2026-03-01 12:00:00'),
(29, 'EVENT', 29, 'Notice title 029', 'Notice content 029', 'N', 0, 'PUBLISHED', 1, '2026-02-01 08:00:00', '2026-03-01 12:00:00'),
(30, 'ALL', NULL, 'Notice title 030', 'Notice content 030', 'N', 0, 'DRAFT', 1, '2026-02-01 08:00:00', '2026-03-01 12:00:00'),
(31, 'EVENT', 31, 'Notice title 031', 'Notice content 031', 'N', 0, 'PUBLISHED', 1, '2026-02-01 08:00:00', '2026-03-01 12:00:00'),
(32, 'ALL', NULL, 'Notice title 032', 'Notice content 032', 'N', 0, 'PUBLISHED', 1, '2026-02-01 08:00:00', '2026-03-01 12:00:00'),
(33, 'EVENT', 33, 'Notice title 033', 'Notice content 033', 'N', 0, 'PUBLISHED', 1, '2026-02-01 08:00:00', '2026-03-01 12:00:00'),
(34, 'ALL', NULL, 'Notice title 034', 'Notice content 034', 'N', 0, 'PUBLISHED', 1, '2026-02-01 08:00:00', '2026-03-01 12:00:00'),
(35, 'EVENT', 35, 'Notice title 035', 'Notice content 035', 'N', 0, 'PUBLISHED', 1, '2026-02-01 08:00:00', '2026-03-01 12:00:00'),
(36, 'ALL', NULL, 'Notice title 036', 'Notice content 036', 'N', 0, 'PUBLISHED', 1, '2026-02-01 08:00:00', '2026-03-01 12:00:00'),
(37, 'EVENT', 37, 'Notice title 037', 'Notice content 037', 'N', 0, 'PUBLISHED', 1, '2026-02-01 08:00:00', '2026-03-01 12:00:00'),
(38, 'ALL', NULL, 'Notice title 038', 'Notice content 038', 'N', 0, 'PUBLISHED', 1, '2026-02-01 08:00:00', '2026-03-01 12:00:00'),
(39, 'EVENT', 39, 'Notice title 039', 'Notice content 039', 'N', 0, 'PUBLISHED', 1, '2026-02-01 08:00:00', '2026-03-01 12:00:00'),
(40, 'ALL', NULL, 'Notice title 040', 'Notice content 040', 'N', 0, 'PUBLISHED', 1, '2026-02-01 08:00:00', '2026-03-01 12:00:00'),
(41, 'EVENT', 41, 'Notice title 041', 'Notice content 041', 'N', 0, 'PUBLISHED', 1, '2026-02-01 08:00:00', '2026-03-01 12:00:00'),
(42, 'ALL', NULL, 'Notice title 042', 'Notice content 042', 'N', 0, 'PUBLISHED', 1, '2026-02-01 08:00:00', '2026-03-01 12:00:00'),
(43, 'EVENT', 43, 'Notice title 043', 'Notice content 043', 'N', 0, 'PUBLISHED', 1, '2026-02-01 08:00:00', '2026-03-01 12:00:00'),
(44, 'ALL', NULL, 'Notice title 044', 'Notice content 044', 'N', 0, 'PUBLISHED', 1, '2026-02-01 08:00:00', '2026-03-01 12:00:00'),
(45, 'EVENT', 45, 'Notice title 045', 'Notice content 045', 'N', 0, 'DRAFT', 1, '2026-02-01 08:00:00', '2026-03-01 12:00:00'),
(46, 'ALL', NULL, 'Notice title 046', 'Notice content 046', 'N', 0, 'PUBLISHED', 1, '2026-02-01 08:00:00', '2026-03-01 12:00:00'),
(47, 'EVENT', 47, 'Notice title 047', 'Notice content 047', 'N', 0, 'PUBLISHED', 1, '2026-02-01 08:00:00', '2026-03-01 12:00:00'),
(48, 'ALL', NULL, 'Notice title 048', 'Notice content 048', 'N', 0, 'PUBLISHED', 1, '2026-02-01 08:00:00', '2026-03-01 12:00:00'),
(49, 'EVENT', 49, 'Notice title 049', 'Notice content 049', 'N', 0, 'PUBLISHED', 1, '2026-02-01 08:00:00', '2026-03-01 12:00:00'),
(50, 'ALL', NULL, 'Notice title 050', 'Notice content 050', 'N', 0, 'PUBLISHED', 1, '2026-02-01 08:00:00', '2026-03-01 12:00:00'),
(51, 'EVENT', 51, 'Notice title 051', 'Notice content 051', 'N', 0, 'PUBLISHED', 1, '2026-02-01 08:00:00', '2026-03-01 12:00:00'),
(52, 'ALL', NULL, 'Notice title 052', 'Notice content 052', 'N', 0, 'PUBLISHED', 1, '2026-02-01 08:00:00', '2026-03-01 12:00:00'),
(53, 'EVENT', 53, 'Notice title 053', 'Notice content 053', 'N', 0, 'PUBLISHED', 1, '2026-02-01 08:00:00', '2026-03-01 12:00:00'),
(54, 'ALL', NULL, 'Notice title 054', 'Notice content 054', 'N', 0, 'PUBLISHED', 1, '2026-02-01 08:00:00', '2026-03-01 12:00:00'),
(55, 'EVENT', 55, 'Notice title 055', 'Notice content 055', 'N', 0, 'PUBLISHED', 1, '2026-02-01 08:00:00', '2026-03-01 12:00:00'),
(56, 'ALL', NULL, 'Notice title 056', 'Notice content 056', 'N', 0, 'PUBLISHED', 1, '2026-02-01 08:00:00', '2026-03-01 12:00:00'),
(57, 'EVENT', 57, 'Notice title 057', 'Notice content 057', 'N', 0, 'PUBLISHED', 1, '2026-02-01 08:00:00', '2026-03-01 12:00:00'),
(58, 'ALL', NULL, 'Notice title 058', 'Notice content 058', 'N', 0, 'PUBLISHED', 1, '2026-02-01 08:00:00', '2026-03-01 12:00:00'),
(59, 'EVENT', 59, 'Notice title 059', 'Notice content 059', 'N', 0, 'PUBLISHED', 1, '2026-02-01 08:00:00', '2026-03-01 12:00:00'),
(60, 'ALL', NULL, 'Notice title 060', 'Notice content 060', 'N', 0, 'DRAFT', 1, '2026-02-01 08:00:00', '2026-03-01 12:00:00'),
(61, 'EVENT', 61, 'Notice title 061', 'Notice content 061', 'N', 0, 'PUBLISHED', 1, '2026-02-01 08:00:00', '2026-03-01 12:00:00'),
(62, 'ALL', NULL, 'Notice title 062', 'Notice content 062', 'N', 0, 'PUBLISHED', 1, '2026-02-01 08:00:00', '2026-03-01 12:00:00'),
(63, 'EVENT', 63, 'Notice title 063', 'Notice content 063', 'N', 0, 'PUBLISHED', 1, '2026-02-01 08:00:00', '2026-03-01 12:00:00'),
(64, 'ALL', NULL, 'Notice title 064', 'Notice content 064', 'N', 0, 'PUBLISHED', 1, '2026-02-01 08:00:00', '2026-03-01 12:00:00'),
(65, 'EVENT', 65, 'Notice title 065', 'Notice content 065', 'N', 0, 'PUBLISHED', 1, '2026-02-01 08:00:00', '2026-03-01 12:00:00'),
(66, 'ALL', NULL, 'Notice title 066', 'Notice content 066', 'N', 0, 'PUBLISHED', 1, '2026-02-01 08:00:00', '2026-03-01 12:00:00'),
(67, 'EVENT', 67, 'Notice title 067', 'Notice content 067', 'N', 0, 'PUBLISHED', 1, '2026-02-01 08:00:00', '2026-03-01 12:00:00'),
(68, 'ALL', NULL, 'Notice title 068', 'Notice content 068', 'N', 0, 'PUBLISHED', 1, '2026-02-01 08:00:00', '2026-03-01 12:00:00'),
(69, 'EVENT', 69, 'Notice title 069', 'Notice content 069', 'N', 0, 'PUBLISHED', 1, '2026-02-01 08:00:00', '2026-03-01 12:00:00'),
(70, 'ALL', NULL, 'Notice title 070', 'Notice content 070', 'N', 0, 'PUBLISHED', 1, '2026-02-01 08:00:00', '2026-03-01 12:00:00'),
(71, 'EVENT', 71, 'Notice title 071', 'Notice content 071', 'N', 0, 'PUBLISHED', 1, '2026-02-01 08:00:00', '2026-03-01 12:00:00'),
(72, 'ALL', NULL, 'Notice title 072', 'Notice content 072', 'N', 0, 'PUBLISHED', 1, '2026-02-01 08:00:00', '2026-03-01 12:00:00'),
(73, 'EVENT', 73, 'Notice title 073', 'Notice content 073', 'N', 0, 'PUBLISHED', 1, '2026-02-01 08:00:00', '2026-03-01 12:00:00'),
(74, 'ALL', NULL, 'Notice title 074', 'Notice content 074', 'N', 0, 'PUBLISHED', 1, '2026-02-01 08:00:00', '2026-03-01 12:00:00'),
(75, 'EVENT', 75, 'Notice title 075', 'Notice content 075', 'N', 0, 'DRAFT', 1, '2026-02-01 08:00:00', '2026-03-01 12:00:00'),
(76, 'ALL', NULL, 'Notice title 076', 'Notice content 076', 'N', 0, 'PUBLISHED', 1, '2026-02-01 08:00:00', '2026-03-01 12:00:00'),
(77, 'EVENT', 77, 'Notice title 077', 'Notice content 077', 'N', 0, 'PUBLISHED', 1, '2026-02-01 08:00:00', '2026-03-01 12:00:00'),
(78, 'ALL', NULL, 'Notice title 078', 'Notice content 078', 'N', 0, 'PUBLISHED', 1, '2026-02-01 08:00:00', '2026-03-01 12:00:00'),
(79, 'EVENT', 79, 'Notice title 079', 'Notice content 079', 'N', 0, 'PUBLISHED', 1, '2026-02-01 08:00:00', '2026-03-01 12:00:00'),
(80, 'ALL', NULL, 'Notice title 080', 'Notice content 080', 'N', 0, 'PUBLISHED', 1, '2026-02-01 08:00:00', '2026-03-01 12:00:00'),
(81, 'EVENT', 81, 'Notice title 081', 'Notice content 081', 'N', 0, 'PUBLISHED', 1, '2026-02-01 08:00:00', '2026-03-01 12:00:00'),
(82, 'ALL', NULL, 'Notice title 082', 'Notice content 082', 'N', 0, 'PUBLISHED', 1, '2026-02-01 08:00:00', '2026-03-01 12:00:00'),
(83, 'EVENT', 83, 'Notice title 083', 'Notice content 083', 'N', 0, 'PUBLISHED', 1, '2026-02-01 08:00:00', '2026-03-01 12:00:00'),
(84, 'ALL', NULL, 'Notice title 084', 'Notice content 084', 'N', 0, 'PUBLISHED', 1, '2026-02-01 08:00:00', '2026-03-01 12:00:00'),
(85, 'EVENT', 85, 'Notice title 085', 'Notice content 085', 'N', 0, 'PUBLISHED', 1, '2026-02-01 08:00:00', '2026-03-01 12:00:00'),
(86, 'ALL', NULL, 'Notice title 086', 'Notice content 086', 'N', 0, 'PUBLISHED', 1, '2026-02-01 08:00:00', '2026-03-01 12:00:00'),
(87, 'EVENT', 87, 'Notice title 087', 'Notice content 087', 'N', 0, 'PUBLISHED', 1, '2026-02-01 08:00:00', '2026-03-01 12:00:00'),
(88, 'ALL', NULL, 'Notice title 088', 'Notice content 088', 'N', 0, 'PUBLISHED', 1, '2026-02-01 08:00:00', '2026-03-01 12:00:00'),
(89, 'EVENT', 89, 'Notice title 089', 'Notice content 089', 'N', 0, 'PUBLISHED', 1, '2026-02-01 08:00:00', '2026-03-01 12:00:00'),
(90, 'ALL', NULL, 'Notice title 090', 'Notice content 090', 'N', 0, 'DRAFT', 1, '2026-02-01 08:00:00', '2026-03-01 12:00:00'),
(91, 'EVENT', 91, 'Notice title 091', 'Notice content 091', 'N', 0, 'PUBLISHED', 1, '2026-02-01 08:00:00', '2026-03-01 12:00:00'),
(92, 'ALL', NULL, 'Notice title 092', 'Notice content 092', 'N', 0, 'PUBLISHED', 1, '2026-02-01 08:00:00', '2026-03-01 12:00:00'),
(93, 'EVENT', 93, 'Notice title 093', 'Notice content 093', 'N', 0, 'PUBLISHED', 1, '2026-02-01 08:00:00', '2026-03-01 12:00:00'),
(94, 'ALL', NULL, 'Notice title 094', 'Notice content 094', 'N', 0, 'PUBLISHED', 1, '2026-02-01 08:00:00', '2026-03-01 12:00:00'),
(95, 'EVENT', 95, 'Notice title 095', 'Notice content 095', 'N', 0, 'PUBLISHED', 1, '2026-02-01 08:00:00', '2026-03-01 12:00:00'),
(96, 'ALL', NULL, 'Notice title 096', 'Notice content 096', 'N', 0, 'PUBLISHED', 1, '2026-02-01 08:00:00', '2026-03-01 12:00:00'),
(97, 'EVENT', 97, 'Notice title 097', 'Notice content 097', 'N', 0, 'PUBLISHED', 1, '2026-02-01 08:00:00', '2026-03-01 12:00:00'),
(98, 'ALL', NULL, 'Notice title 098', 'Notice content 098', 'N', 0, 'PUBLISHED', 1, '2026-02-01 08:00:00', '2026-03-01 12:00:00'),
(99, 'EVENT', 99, 'Notice title 099', 'Notice content 099', 'N', 0, 'PUBLISHED', 1, '2026-02-01 08:00:00', '2026-03-01 12:00:00'),
(100, 'ALL', NULL, 'Notice title 100', 'Notice content 100', 'N', 0, 'PUBLISHED', 1, '2026-02-01 08:00:00', '2026-03-01 12:00:00');

-- 14) galleries (100)
INSERT INTO galleries (gallery_id, event_id, user_id, gallery_title, gallery_description, view_count, thumbnail_image_id, gallery_status, created_at, updated_at) VALUES
(1, 1, 2, 'Gallery post 001', 'Dog and owner moments 001', 109, 1, 'PUBLIC', '2026-02-01 12:00:00', '2026-03-01 12:00:00'),
(2, 2, 3, 'Gallery post 002', 'Dog and owner moments 002', 118, 4, 'PUBLIC', '2026-02-01 12:00:00', '2026-03-01 12:00:00'),
(3, 3, 4, 'Gallery post 003', 'Dog and owner moments 003', 127, 7, 'PUBLIC', '2026-02-01 12:00:00', '2026-03-01 12:00:00'),
(4, 4, 5, 'Gallery post 004', 'Dog and owner moments 004', 136, 10, 'PUBLIC', '2026-02-01 12:00:00', '2026-03-01 12:00:00'),
(5, 5, 6, 'Gallery post 005', 'Dog and owner moments 005', 145, 13, 'PUBLIC', '2026-02-01 12:00:00', '2026-03-01 12:00:00'),
(6, 6, 7, 'Gallery post 006', 'Dog and owner moments 006', 154, 16, 'PUBLIC', '2026-02-01 12:00:00', '2026-03-01 12:00:00'),
(7, 7, 8, 'Gallery post 007', 'Dog and owner moments 007', 163, 19, 'PUBLIC', '2026-02-01 12:00:00', '2026-03-01 12:00:00'),
(8, 8, 9, 'Gallery post 008', 'Dog and owner moments 008', 172, 22, 'PUBLIC', '2026-02-01 12:00:00', '2026-03-01 12:00:00'),
(9, 9, 10, 'Gallery post 009', 'Dog and owner moments 009', 181, 25, 'PUBLIC', '2026-02-01 12:00:00', '2026-03-01 12:00:00'),
(10, 10, 11, 'Gallery post 010', 'Dog and owner moments 010', 190, 28, 'PUBLIC', '2026-02-01 12:00:00', '2026-03-01 12:00:00'),
(11, 11, 12, 'Gallery post 011', 'Dog and owner moments 011', 199, 31, 'PUBLIC', '2026-02-01 12:00:00', '2026-03-01 12:00:00'),
(12, 12, 13, 'Gallery post 012', 'Dog and owner moments 012', 208, 34, 'PUBLIC', '2026-02-01 12:00:00', '2026-03-01 12:00:00'),
(13, 13, 14, 'Gallery post 013', 'Dog and owner moments 013', 217, 37, 'PUBLIC', '2026-02-01 12:00:00', '2026-03-01 12:00:00'),
(14, 14, 15, 'Gallery post 014', 'Dog and owner moments 014', 226, 40, 'PUBLIC', '2026-02-01 12:00:00', '2026-03-01 12:00:00'),
(15, 15, 16, 'Gallery post 015', 'Dog and owner moments 015', 235, 43, 'PUBLIC', '2026-02-01 12:00:00', '2026-03-01 12:00:00'),
(16, 16, 17, 'Gallery post 016', 'Dog and owner moments 016', 244, 46, 'PUBLIC', '2026-02-01 12:00:00', '2026-03-01 12:00:00'),
(17, 17, 18, 'Gallery post 017', 'Dog and owner moments 017', 253, 49, 'BLINDED', '2026-02-01 12:00:00', '2026-03-01 12:00:00'),
(18, 18, 19, 'Gallery post 018', 'Dog and owner moments 018', 262, 52, 'PUBLIC', '2026-02-01 12:00:00', '2026-03-01 12:00:00'),
(19, 19, 20, 'Gallery post 019', 'Dog and owner moments 019', 271, 55, 'PUBLIC', '2026-02-01 12:00:00', '2026-03-01 12:00:00'),
(20, 20, 21, 'Gallery post 020', 'Dog and owner moments 020', 280, 58, 'PUBLIC', '2026-02-01 12:00:00', '2026-03-01 12:00:00'),
(21, 21, 22, 'Gallery post 021', 'Dog and owner moments 021', 289, 61, 'PUBLIC', '2026-02-01 12:00:00', '2026-03-01 12:00:00'),
(22, 22, 23, 'Gallery post 022', 'Dog and owner moments 022', 298, 64, 'PUBLIC', '2026-02-01 12:00:00', '2026-03-01 12:00:00'),
(23, 23, 24, 'Gallery post 023', 'Dog and owner moments 023', 307, 67, 'PUBLIC', '2026-02-01 12:00:00', '2026-03-01 12:00:00'),
(24, 24, 25, 'Gallery post 024', 'Dog and owner moments 024', 316, 70, 'PUBLIC', '2026-02-01 12:00:00', '2026-03-01 12:00:00'),
(25, 25, 26, 'Gallery post 025', 'Dog and owner moments 025', 325, 73, 'PUBLIC', '2026-02-01 12:00:00', '2026-03-01 12:00:00'),
(26, 26, 27, 'Gallery post 026', 'Dog and owner moments 026', 334, 76, 'PUBLIC', '2026-02-01 12:00:00', '2026-03-01 12:00:00'),
(27, 27, 28, 'Gallery post 027', 'Dog and owner moments 027', 343, 79, 'PUBLIC', '2026-02-01 12:00:00', '2026-03-01 12:00:00'),
(28, 28, 29, 'Gallery post 028', 'Dog and owner moments 028', 352, 82, 'PUBLIC', '2026-02-01 12:00:00', '2026-03-01 12:00:00'),
(29, 29, 30, 'Gallery post 029', 'Dog and owner moments 029', 361, 85, 'PUBLIC', '2026-02-01 12:00:00', '2026-03-01 12:00:00'),
(30, 30, 31, 'Gallery post 030', 'Dog and owner moments 030', 370, 88, 'PUBLIC', '2026-02-01 12:00:00', '2026-03-01 12:00:00'),
(31, 31, 32, 'Gallery post 031', 'Dog and owner moments 031', 379, 91, 'PUBLIC', '2026-02-01 12:00:00', '2026-03-01 12:00:00'),
(32, 32, 33, 'Gallery post 032', 'Dog and owner moments 032', 388, 94, 'PUBLIC', '2026-02-01 12:00:00', '2026-03-01 12:00:00'),
(33, 33, 34, 'Gallery post 033', 'Dog and owner moments 033', 397, 97, 'PUBLIC', '2026-02-01 12:00:00', '2026-03-01 12:00:00'),
(34, 34, 35, 'Gallery post 034', 'Dog and owner moments 034', 406, 100, 'BLINDED', '2026-02-01 12:00:00', '2026-03-01 12:00:00'),
(35, 35, 36, 'Gallery post 035', 'Dog and owner moments 035', 415, 103, 'PUBLIC', '2026-02-01 12:00:00', '2026-03-01 12:00:00'),
(36, 36, 37, 'Gallery post 036', 'Dog and owner moments 036', 424, 106, 'PUBLIC', '2026-02-01 12:00:00', '2026-03-01 12:00:00'),
(37, 37, 38, 'Gallery post 037', 'Dog and owner moments 037', 433, 109, 'PUBLIC', '2026-02-01 12:00:00', '2026-03-01 12:00:00'),
(38, 38, 39, 'Gallery post 038', 'Dog and owner moments 038', 442, 112, 'PUBLIC', '2026-02-01 12:00:00', '2026-03-01 12:00:00'),
(39, 39, 40, 'Gallery post 039', 'Dog and owner moments 039', 451, 115, 'PUBLIC', '2026-02-01 12:00:00', '2026-03-01 12:00:00'),
(40, 40, 41, 'Gallery post 040', 'Dog and owner moments 040', 460, 118, 'PUBLIC', '2026-02-01 12:00:00', '2026-03-01 12:00:00'),
(41, 41, 42, 'Gallery post 041', 'Dog and owner moments 041', 469, 121, 'PUBLIC', '2026-02-01 12:00:00', '2026-03-01 12:00:00'),
(42, 42, 43, 'Gallery post 042', 'Dog and owner moments 042', 478, 124, 'PUBLIC', '2026-02-01 12:00:00', '2026-03-01 12:00:00'),
(43, 43, 44, 'Gallery post 043', 'Dog and owner moments 043', 487, 127, 'PUBLIC', '2026-02-01 12:00:00', '2026-03-01 12:00:00'),
(44, 44, 45, 'Gallery post 044', 'Dog and owner moments 044', 496, 130, 'PUBLIC', '2026-02-01 12:00:00', '2026-03-01 12:00:00'),
(45, 45, 46, 'Gallery post 045', 'Dog and owner moments 045', 505, 133, 'PUBLIC', '2026-02-01 12:00:00', '2026-03-01 12:00:00'),
(46, 46, 47, 'Gallery post 046', 'Dog and owner moments 046', 514, 136, 'PUBLIC', '2026-02-01 12:00:00', '2026-03-01 12:00:00'),
(47, 47, 48, 'Gallery post 047', 'Dog and owner moments 047', 523, 139, 'PUBLIC', '2026-02-01 12:00:00', '2026-03-01 12:00:00'),
(48, 48, 49, 'Gallery post 048', 'Dog and owner moments 048', 532, 142, 'PUBLIC', '2026-02-01 12:00:00', '2026-03-01 12:00:00'),
(49, 49, 50, 'Gallery post 049', 'Dog and owner moments 049', 541, 145, 'PUBLIC', '2026-02-01 12:00:00', '2026-03-01 12:00:00'),
(50, 50, 51, 'Gallery post 050', 'Dog and owner moments 050', 550, 148, 'PUBLIC', '2026-02-01 12:00:00', '2026-03-01 12:00:00'),
(51, 51, 52, 'Gallery post 051', 'Dog and owner moments 051', 559, 151, 'BLINDED', '2026-02-01 12:00:00', '2026-03-01 12:00:00'),
(52, 52, 53, 'Gallery post 052', 'Dog and owner moments 052', 568, 154, 'PUBLIC', '2026-02-01 12:00:00', '2026-03-01 12:00:00'),
(53, 53, 54, 'Gallery post 053', 'Dog and owner moments 053', 577, 157, 'PUBLIC', '2026-02-01 12:00:00', '2026-03-01 12:00:00'),
(54, 54, 55, 'Gallery post 054', 'Dog and owner moments 054', 586, 160, 'PUBLIC', '2026-02-01 12:00:00', '2026-03-01 12:00:00'),
(55, 55, 56, 'Gallery post 055', 'Dog and owner moments 055', 595, 163, 'PUBLIC', '2026-02-01 12:00:00', '2026-03-01 12:00:00'),
(56, 56, 57, 'Gallery post 056', 'Dog and owner moments 056', 604, 166, 'PUBLIC', '2026-02-01 12:00:00', '2026-03-01 12:00:00'),
(57, 57, 58, 'Gallery post 057', 'Dog and owner moments 057', 613, 169, 'PUBLIC', '2026-02-01 12:00:00', '2026-03-01 12:00:00'),
(58, 58, 59, 'Gallery post 058', 'Dog and owner moments 058', 622, 172, 'PUBLIC', '2026-02-01 12:00:00', '2026-03-01 12:00:00'),
(59, 59, 60, 'Gallery post 059', 'Dog and owner moments 059', 631, 175, 'PUBLIC', '2026-02-01 12:00:00', '2026-03-01 12:00:00'),
(60, 60, 61, 'Gallery post 060', 'Dog and owner moments 060', 640, 178, 'PUBLIC', '2026-02-01 12:00:00', '2026-03-01 12:00:00'),
(61, 61, 62, 'Gallery post 061', 'Dog and owner moments 061', 649, 181, 'PUBLIC', '2026-02-01 12:00:00', '2026-03-01 12:00:00'),
(62, 62, 63, 'Gallery post 062', 'Dog and owner moments 062', 658, 184, 'PUBLIC', '2026-02-01 12:00:00', '2026-03-01 12:00:00'),
(63, 63, 64, 'Gallery post 063', 'Dog and owner moments 063', 667, 187, 'PUBLIC', '2026-02-01 12:00:00', '2026-03-01 12:00:00'),
(64, 64, 65, 'Gallery post 064', 'Dog and owner moments 064', 676, 190, 'PUBLIC', '2026-02-01 12:00:00', '2026-03-01 12:00:00'),
(65, 65, 66, 'Gallery post 065', 'Dog and owner moments 065', 685, 193, 'PUBLIC', '2026-02-01 12:00:00', '2026-03-01 12:00:00'),
(66, 66, 67, 'Gallery post 066', 'Dog and owner moments 066', 694, 196, 'PUBLIC', '2026-02-01 12:00:00', '2026-03-01 12:00:00'),
(67, 67, 68, 'Gallery post 067', 'Dog and owner moments 067', 703, 199, 'PUBLIC', '2026-02-01 12:00:00', '2026-03-01 12:00:00'),
(68, 68, 69, 'Gallery post 068', 'Dog and owner moments 068', 712, 202, 'BLINDED', '2026-02-01 12:00:00', '2026-03-01 12:00:00'),
(69, 69, 70, 'Gallery post 069', 'Dog and owner moments 069', 721, 205, 'PUBLIC', '2026-02-01 12:00:00', '2026-03-01 12:00:00'),
(70, 70, 71, 'Gallery post 070', 'Dog and owner moments 070', 730, 208, 'PUBLIC', '2026-02-01 12:00:00', '2026-03-01 12:00:00'),
(71, 71, 72, 'Gallery post 071', 'Dog and owner moments 071', 739, 211, 'PUBLIC', '2026-02-01 12:00:00', '2026-03-01 12:00:00'),
(72, 72, 73, 'Gallery post 072', 'Dog and owner moments 072', 748, 214, 'PUBLIC', '2026-02-01 12:00:00', '2026-03-01 12:00:00'),
(73, 73, 74, 'Gallery post 073', 'Dog and owner moments 073', 757, 217, 'PUBLIC', '2026-02-01 12:00:00', '2026-03-01 12:00:00'),
(74, 74, 75, 'Gallery post 074', 'Dog and owner moments 074', 766, 220, 'PUBLIC', '2026-02-01 12:00:00', '2026-03-01 12:00:00'),
(75, 75, 76, 'Gallery post 075', 'Dog and owner moments 075', 775, 223, 'PUBLIC', '2026-02-01 12:00:00', '2026-03-01 12:00:00'),
(76, 76, 77, 'Gallery post 076', 'Dog and owner moments 076', 784, 226, 'PUBLIC', '2026-02-01 12:00:00', '2026-03-01 12:00:00'),
(77, 77, 78, 'Gallery post 077', 'Dog and owner moments 077', 793, 229, 'PUBLIC', '2026-02-01 12:00:00', '2026-03-01 12:00:00'),
(78, 78, 79, 'Gallery post 078', 'Dog and owner moments 078', 802, 232, 'PUBLIC', '2026-02-01 12:00:00', '2026-03-01 12:00:00'),
(79, 79, 80, 'Gallery post 079', 'Dog and owner moments 079', 811, 235, 'PUBLIC', '2026-02-01 12:00:00', '2026-03-01 12:00:00'),
(80, 80, 81, 'Gallery post 080', 'Dog and owner moments 080', 820, 238, 'PUBLIC', '2026-02-01 12:00:00', '2026-03-01 12:00:00'),
(81, 81, 82, 'Gallery post 081', 'Dog and owner moments 081', 829, 241, 'PUBLIC', '2026-02-01 12:00:00', '2026-03-01 12:00:00'),
(82, 82, 83, 'Gallery post 082', 'Dog and owner moments 082', 838, 244, 'PUBLIC', '2026-02-01 12:00:00', '2026-03-01 12:00:00'),
(83, 83, 84, 'Gallery post 083', 'Dog and owner moments 083', 847, 247, 'PUBLIC', '2026-02-01 12:00:00', '2026-03-01 12:00:00'),
(84, 84, 85, 'Gallery post 084', 'Dog and owner moments 084', 856, 250, 'PUBLIC', '2026-02-01 12:00:00', '2026-03-01 12:00:00'),
(85, 85, 86, 'Gallery post 085', 'Dog and owner moments 085', 865, 253, 'BLINDED', '2026-02-01 12:00:00', '2026-03-01 12:00:00'),
(86, 86, 87, 'Gallery post 086', 'Dog and owner moments 086', 874, 256, 'PUBLIC', '2026-02-01 12:00:00', '2026-03-01 12:00:00'),
(87, 87, 88, 'Gallery post 087', 'Dog and owner moments 087', 883, 259, 'PUBLIC', '2026-02-01 12:00:00', '2026-03-01 12:00:00'),
(88, 88, 89, 'Gallery post 088', 'Dog and owner moments 088', 892, 262, 'PUBLIC', '2026-02-01 12:00:00', '2026-03-01 12:00:00'),
(89, 89, 90, 'Gallery post 089', 'Dog and owner moments 089', 901, 265, 'PUBLIC', '2026-02-01 12:00:00', '2026-03-01 12:00:00'),
(90, 90, 91, 'Gallery post 090', 'Dog and owner moments 090', 910, 268, 'PUBLIC', '2026-02-01 12:00:00', '2026-03-01 12:00:00'),
(91, 91, 92, 'Gallery post 091', 'Dog and owner moments 091', 919, 271, 'PUBLIC', '2026-02-01 12:00:00', '2026-03-01 12:00:00'),
(92, 92, 93, 'Gallery post 092', 'Dog and owner moments 092', 928, 274, 'PUBLIC', '2026-02-01 12:00:00', '2026-03-01 12:00:00'),
(93, 93, 94, 'Gallery post 093', 'Dog and owner moments 093', 937, 277, 'PUBLIC', '2026-02-01 12:00:00', '2026-03-01 12:00:00'),
(94, 94, 95, 'Gallery post 094', 'Dog and owner moments 094', 946, 280, 'PUBLIC', '2026-02-01 12:00:00', '2026-03-01 12:00:00'),
(95, 95, 96, 'Gallery post 095', 'Dog and owner moments 095', 955, 283, 'PUBLIC', '2026-02-01 12:00:00', '2026-03-01 12:00:00'),
(96, 96, 97, 'Gallery post 096', 'Dog and owner moments 096', 964, 286, 'PUBLIC', '2026-02-01 12:00:00', '2026-03-01 12:00:00'),
(97, 97, 98, 'Gallery post 097', 'Dog and owner moments 097', 973, 289, 'PUBLIC', '2026-02-01 12:00:00', '2026-03-01 12:00:00'),
(98, 98, 99, 'Gallery post 098', 'Dog and owner moments 098', 982, 292, 'PUBLIC', '2026-02-01 12:00:00', '2026-03-01 12:00:00'),
(99, 99, 100, 'Gallery post 099', 'Dog and owner moments 099', 991, 295, 'PUBLIC', '2026-02-01 12:00:00', '2026-03-01 12:00:00'),
(100, 100, 101, 'Gallery post 100', 'Dog and owner moments 100', 1000, 298, 'PUBLIC', '2026-02-01 12:00:00', '2026-03-01 12:00:00');

-- 15) gallery_images (300)
INSERT INTO gallery_images (image_id, gallery_id, original_url, thumb_url, image_order, mime_type, file_size, created_at) VALUES
(1, 1, '/static/gallery/g001-1.jpg', '/static/gallery/thumb/g001-1.jpg', 1, 'jpg', 220101, '2026-03-01 12:00:00'),
(2, 1, '/static/gallery/g001-2.jpg', '/static/gallery/thumb/g001-2.jpg', 2, 'jpg', 220102, '2026-03-01 12:00:00'),
(3, 1, '/static/gallery/g001-3.jpg', '/static/gallery/thumb/g001-3.jpg', 3, 'jpg', 220103, '2026-03-01 12:00:00'),
(4, 2, '/static/gallery/g002-1.jpg', '/static/gallery/thumb/g002-1.jpg', 1, 'jpg', 220201, '2026-03-01 12:00:00'),
(5, 2, '/static/gallery/g002-2.jpg', '/static/gallery/thumb/g002-2.jpg', 2, 'jpg', 220202, '2026-03-01 12:00:00'),
(6, 2, '/static/gallery/g002-3.jpg', '/static/gallery/thumb/g002-3.jpg', 3, 'jpg', 220203, '2026-03-01 12:00:00'),
(7, 3, '/static/gallery/g003-1.jpg', '/static/gallery/thumb/g003-1.jpg', 1, 'jpg', 220301, '2026-03-01 12:00:00'),
(8, 3, '/static/gallery/g003-2.jpg', '/static/gallery/thumb/g003-2.jpg', 2, 'jpg', 220302, '2026-03-01 12:00:00'),
(9, 3, '/static/gallery/g003-3.jpg', '/static/gallery/thumb/g003-3.jpg', 3, 'jpg', 220303, '2026-03-01 12:00:00'),
(10, 4, '/static/gallery/g004-1.jpg', '/static/gallery/thumb/g004-1.jpg', 1, 'jpg', 220401, '2026-03-01 12:00:00'),
(11, 4, '/static/gallery/g004-2.jpg', '/static/gallery/thumb/g004-2.jpg', 2, 'jpg', 220402, '2026-03-01 12:00:00'),
(12, 4, '/static/gallery/g004-3.jpg', '/static/gallery/thumb/g004-3.jpg', 3, 'jpg', 220403, '2026-03-01 12:00:00'),
(13, 5, '/static/gallery/g005-1.jpg', '/static/gallery/thumb/g005-1.jpg', 1, 'jpg', 220501, '2026-03-01 12:00:00'),
(14, 5, '/static/gallery/g005-2.jpg', '/static/gallery/thumb/g005-2.jpg', 2, 'jpg', 220502, '2026-03-01 12:00:00'),
(15, 5, '/static/gallery/g005-3.jpg', '/static/gallery/thumb/g005-3.jpg', 3, 'jpg', 220503, '2026-03-01 12:00:00'),
(16, 6, '/static/gallery/g006-1.jpg', '/static/gallery/thumb/g006-1.jpg', 1, 'jpg', 220601, '2026-03-01 12:00:00'),
(17, 6, '/static/gallery/g006-2.jpg', '/static/gallery/thumb/g006-2.jpg', 2, 'jpg', 220602, '2026-03-01 12:00:00'),
(18, 6, '/static/gallery/g006-3.jpg', '/static/gallery/thumb/g006-3.jpg', 3, 'jpg', 220603, '2026-03-01 12:00:00'),
(19, 7, '/static/gallery/g007-1.jpg', '/static/gallery/thumb/g007-1.jpg', 1, 'jpg', 220701, '2026-03-01 12:00:00'),
(20, 7, '/static/gallery/g007-2.jpg', '/static/gallery/thumb/g007-2.jpg', 2, 'jpg', 220702, '2026-03-01 12:00:00'),
(21, 7, '/static/gallery/g007-3.jpg', '/static/gallery/thumb/g007-3.jpg', 3, 'jpg', 220703, '2026-03-01 12:00:00'),
(22, 8, '/static/gallery/g008-1.jpg', '/static/gallery/thumb/g008-1.jpg', 1, 'jpg', 220801, '2026-03-01 12:00:00'),
(23, 8, '/static/gallery/g008-2.jpg', '/static/gallery/thumb/g008-2.jpg', 2, 'jpg', 220802, '2026-03-01 12:00:00'),
(24, 8, '/static/gallery/g008-3.jpg', '/static/gallery/thumb/g008-3.jpg', 3, 'jpg', 220803, '2026-03-01 12:00:00'),
(25, 9, '/static/gallery/g009-1.jpg', '/static/gallery/thumb/g009-1.jpg', 1, 'jpg', 220901, '2026-03-01 12:00:00'),
(26, 9, '/static/gallery/g009-2.jpg', '/static/gallery/thumb/g009-2.jpg', 2, 'jpg', 220902, '2026-03-01 12:00:00'),
(27, 9, '/static/gallery/g009-3.jpg', '/static/gallery/thumb/g009-3.jpg', 3, 'jpg', 220903, '2026-03-01 12:00:00'),
(28, 10, '/static/gallery/g010-1.jpg', '/static/gallery/thumb/g010-1.jpg', 1, 'jpg', 221001, '2026-03-01 12:00:00'),
(29, 10, '/static/gallery/g010-2.jpg', '/static/gallery/thumb/g010-2.jpg', 2, 'jpg', 221002, '2026-03-01 12:00:00'),
(30, 10, '/static/gallery/g010-3.jpg', '/static/gallery/thumb/g010-3.jpg', 3, 'jpg', 221003, '2026-03-01 12:00:00'),
(31, 11, '/static/gallery/g011-1.jpg', '/static/gallery/thumb/g011-1.jpg', 1, 'jpg', 221101, '2026-03-01 12:00:00'),
(32, 11, '/static/gallery/g011-2.jpg', '/static/gallery/thumb/g011-2.jpg', 2, 'jpg', 221102, '2026-03-01 12:00:00'),
(33, 11, '/static/gallery/g011-3.jpg', '/static/gallery/thumb/g011-3.jpg', 3, 'jpg', 221103, '2026-03-01 12:00:00'),
(34, 12, '/static/gallery/g012-1.jpg', '/static/gallery/thumb/g012-1.jpg', 1, 'jpg', 221201, '2026-03-01 12:00:00'),
(35, 12, '/static/gallery/g012-2.jpg', '/static/gallery/thumb/g012-2.jpg', 2, 'jpg', 221202, '2026-03-01 12:00:00'),
(36, 12, '/static/gallery/g012-3.jpg', '/static/gallery/thumb/g012-3.jpg', 3, 'jpg', 221203, '2026-03-01 12:00:00'),
(37, 13, '/static/gallery/g013-1.jpg', '/static/gallery/thumb/g013-1.jpg', 1, 'jpg', 221301, '2026-03-01 12:00:00'),
(38, 13, '/static/gallery/g013-2.jpg', '/static/gallery/thumb/g013-2.jpg', 2, 'jpg', 221302, '2026-03-01 12:00:00'),
(39, 13, '/static/gallery/g013-3.jpg', '/static/gallery/thumb/g013-3.jpg', 3, 'jpg', 221303, '2026-03-01 12:00:00'),
(40, 14, '/static/gallery/g014-1.jpg', '/static/gallery/thumb/g014-1.jpg', 1, 'jpg', 221401, '2026-03-01 12:00:00'),
(41, 14, '/static/gallery/g014-2.jpg', '/static/gallery/thumb/g014-2.jpg', 2, 'jpg', 221402, '2026-03-01 12:00:00'),
(42, 14, '/static/gallery/g014-3.jpg', '/static/gallery/thumb/g014-3.jpg', 3, 'jpg', 221403, '2026-03-01 12:00:00'),
(43, 15, '/static/gallery/g015-1.jpg', '/static/gallery/thumb/g015-1.jpg', 1, 'jpg', 221501, '2026-03-01 12:00:00'),
(44, 15, '/static/gallery/g015-2.jpg', '/static/gallery/thumb/g015-2.jpg', 2, 'jpg', 221502, '2026-03-01 12:00:00'),
(45, 15, '/static/gallery/g015-3.jpg', '/static/gallery/thumb/g015-3.jpg', 3, 'jpg', 221503, '2026-03-01 12:00:00'),
(46, 16, '/static/gallery/g016-1.jpg', '/static/gallery/thumb/g016-1.jpg', 1, 'jpg', 221601, '2026-03-01 12:00:00'),
(47, 16, '/static/gallery/g016-2.jpg', '/static/gallery/thumb/g016-2.jpg', 2, 'jpg', 221602, '2026-03-01 12:00:00'),
(48, 16, '/static/gallery/g016-3.jpg', '/static/gallery/thumb/g016-3.jpg', 3, 'jpg', 221603, '2026-03-01 12:00:00'),
(49, 17, '/static/gallery/g017-1.jpg', '/static/gallery/thumb/g017-1.jpg', 1, 'jpg', 221701, '2026-03-01 12:00:00'),
(50, 17, '/static/gallery/g017-2.jpg', '/static/gallery/thumb/g017-2.jpg', 2, 'jpg', 221702, '2026-03-01 12:00:00'),
(51, 17, '/static/gallery/g017-3.jpg', '/static/gallery/thumb/g017-3.jpg', 3, 'jpg', 221703, '2026-03-01 12:00:00'),
(52, 18, '/static/gallery/g018-1.jpg', '/static/gallery/thumb/g018-1.jpg', 1, 'jpg', 221801, '2026-03-01 12:00:00'),
(53, 18, '/static/gallery/g018-2.jpg', '/static/gallery/thumb/g018-2.jpg', 2, 'jpg', 221802, '2026-03-01 12:00:00'),
(54, 18, '/static/gallery/g018-3.jpg', '/static/gallery/thumb/g018-3.jpg', 3, 'jpg', 221803, '2026-03-01 12:00:00'),
(55, 19, '/static/gallery/g019-1.jpg', '/static/gallery/thumb/g019-1.jpg', 1, 'jpg', 221901, '2026-03-01 12:00:00'),
(56, 19, '/static/gallery/g019-2.jpg', '/static/gallery/thumb/g019-2.jpg', 2, 'jpg', 221902, '2026-03-01 12:00:00'),
(57, 19, '/static/gallery/g019-3.jpg', '/static/gallery/thumb/g019-3.jpg', 3, 'jpg', 221903, '2026-03-01 12:00:00'),
(58, 20, '/static/gallery/g020-1.jpg', '/static/gallery/thumb/g020-1.jpg', 1, 'jpg', 222001, '2026-03-01 12:00:00'),
(59, 20, '/static/gallery/g020-2.jpg', '/static/gallery/thumb/g020-2.jpg', 2, 'jpg', 222002, '2026-03-01 12:00:00'),
(60, 20, '/static/gallery/g020-3.jpg', '/static/gallery/thumb/g020-3.jpg', 3, 'jpg', 222003, '2026-03-01 12:00:00'),
(61, 21, '/static/gallery/g021-1.jpg', '/static/gallery/thumb/g021-1.jpg', 1, 'jpg', 222101, '2026-03-01 12:00:00'),
(62, 21, '/static/gallery/g021-2.jpg', '/static/gallery/thumb/g021-2.jpg', 2, 'jpg', 222102, '2026-03-01 12:00:00'),
(63, 21, '/static/gallery/g021-3.jpg', '/static/gallery/thumb/g021-3.jpg', 3, 'jpg', 222103, '2026-03-01 12:00:00'),
(64, 22, '/static/gallery/g022-1.jpg', '/static/gallery/thumb/g022-1.jpg', 1, 'jpg', 222201, '2026-03-01 12:00:00'),
(65, 22, '/static/gallery/g022-2.jpg', '/static/gallery/thumb/g022-2.jpg', 2, 'jpg', 222202, '2026-03-01 12:00:00'),
(66, 22, '/static/gallery/g022-3.jpg', '/static/gallery/thumb/g022-3.jpg', 3, 'jpg', 222203, '2026-03-01 12:00:00'),
(67, 23, '/static/gallery/g023-1.jpg', '/static/gallery/thumb/g023-1.jpg', 1, 'jpg', 222301, '2026-03-01 12:00:00'),
(68, 23, '/static/gallery/g023-2.jpg', '/static/gallery/thumb/g023-2.jpg', 2, 'jpg', 222302, '2026-03-01 12:00:00'),
(69, 23, '/static/gallery/g023-3.jpg', '/static/gallery/thumb/g023-3.jpg', 3, 'jpg', 222303, '2026-03-01 12:00:00'),
(70, 24, '/static/gallery/g024-1.jpg', '/static/gallery/thumb/g024-1.jpg', 1, 'jpg', 222401, '2026-03-01 12:00:00'),
(71, 24, '/static/gallery/g024-2.jpg', '/static/gallery/thumb/g024-2.jpg', 2, 'jpg', 222402, '2026-03-01 12:00:00'),
(72, 24, '/static/gallery/g024-3.jpg', '/static/gallery/thumb/g024-3.jpg', 3, 'jpg', 222403, '2026-03-01 12:00:00'),
(73, 25, '/static/gallery/g025-1.jpg', '/static/gallery/thumb/g025-1.jpg', 1, 'jpg', 222501, '2026-03-01 12:00:00'),
(74, 25, '/static/gallery/g025-2.jpg', '/static/gallery/thumb/g025-2.jpg', 2, 'jpg', 222502, '2026-03-01 12:00:00'),
(75, 25, '/static/gallery/g025-3.jpg', '/static/gallery/thumb/g025-3.jpg', 3, 'jpg', 222503, '2026-03-01 12:00:00'),
(76, 26, '/static/gallery/g026-1.jpg', '/static/gallery/thumb/g026-1.jpg', 1, 'jpg', 222601, '2026-03-01 12:00:00'),
(77, 26, '/static/gallery/g026-2.jpg', '/static/gallery/thumb/g026-2.jpg', 2, 'jpg', 222602, '2026-03-01 12:00:00'),
(78, 26, '/static/gallery/g026-3.jpg', '/static/gallery/thumb/g026-3.jpg', 3, 'jpg', 222603, '2026-03-01 12:00:00'),
(79, 27, '/static/gallery/g027-1.jpg', '/static/gallery/thumb/g027-1.jpg', 1, 'jpg', 222701, '2026-03-01 12:00:00'),
(80, 27, '/static/gallery/g027-2.jpg', '/static/gallery/thumb/g027-2.jpg', 2, 'jpg', 222702, '2026-03-01 12:00:00'),
(81, 27, '/static/gallery/g027-3.jpg', '/static/gallery/thumb/g027-3.jpg', 3, 'jpg', 222703, '2026-03-01 12:00:00'),
(82, 28, '/static/gallery/g028-1.jpg', '/static/gallery/thumb/g028-1.jpg', 1, 'jpg', 222801, '2026-03-01 12:00:00'),
(83, 28, '/static/gallery/g028-2.jpg', '/static/gallery/thumb/g028-2.jpg', 2, 'jpg', 222802, '2026-03-01 12:00:00'),
(84, 28, '/static/gallery/g028-3.jpg', '/static/gallery/thumb/g028-3.jpg', 3, 'jpg', 222803, '2026-03-01 12:00:00'),
(85, 29, '/static/gallery/g029-1.jpg', '/static/gallery/thumb/g029-1.jpg', 1, 'jpg', 222901, '2026-03-01 12:00:00'),
(86, 29, '/static/gallery/g029-2.jpg', '/static/gallery/thumb/g029-2.jpg', 2, 'jpg', 222902, '2026-03-01 12:00:00'),
(87, 29, '/static/gallery/g029-3.jpg', '/static/gallery/thumb/g029-3.jpg', 3, 'jpg', 222903, '2026-03-01 12:00:00'),
(88, 30, '/static/gallery/g030-1.jpg', '/static/gallery/thumb/g030-1.jpg', 1, 'jpg', 223001, '2026-03-01 12:00:00'),
(89, 30, '/static/gallery/g030-2.jpg', '/static/gallery/thumb/g030-2.jpg', 2, 'jpg', 223002, '2026-03-01 12:00:00'),
(90, 30, '/static/gallery/g030-3.jpg', '/static/gallery/thumb/g030-3.jpg', 3, 'jpg', 223003, '2026-03-01 12:00:00'),
(91, 31, '/static/gallery/g031-1.jpg', '/static/gallery/thumb/g031-1.jpg', 1, 'jpg', 223101, '2026-03-01 12:00:00'),
(92, 31, '/static/gallery/g031-2.jpg', '/static/gallery/thumb/g031-2.jpg', 2, 'jpg', 223102, '2026-03-01 12:00:00'),
(93, 31, '/static/gallery/g031-3.jpg', '/static/gallery/thumb/g031-3.jpg', 3, 'jpg', 223103, '2026-03-01 12:00:00'),
(94, 32, '/static/gallery/g032-1.jpg', '/static/gallery/thumb/g032-1.jpg', 1, 'jpg', 223201, '2026-03-01 12:00:00'),
(95, 32, '/static/gallery/g032-2.jpg', '/static/gallery/thumb/g032-2.jpg', 2, 'jpg', 223202, '2026-03-01 12:00:00'),
(96, 32, '/static/gallery/g032-3.jpg', '/static/gallery/thumb/g032-3.jpg', 3, 'jpg', 223203, '2026-03-01 12:00:00'),
(97, 33, '/static/gallery/g033-1.jpg', '/static/gallery/thumb/g033-1.jpg', 1, 'jpg', 223301, '2026-03-01 12:00:00'),
(98, 33, '/static/gallery/g033-2.jpg', '/static/gallery/thumb/g033-2.jpg', 2, 'jpg', 223302, '2026-03-01 12:00:00'),
(99, 33, '/static/gallery/g033-3.jpg', '/static/gallery/thumb/g033-3.jpg', 3, 'jpg', 223303, '2026-03-01 12:00:00'),
(100, 34, '/static/gallery/g034-1.jpg', '/static/gallery/thumb/g034-1.jpg', 1, 'jpg', 223401, '2026-03-01 12:00:00'),
(101, 34, '/static/gallery/g034-2.jpg', '/static/gallery/thumb/g034-2.jpg', 2, 'jpg', 223402, '2026-03-01 12:00:00'),
(102, 34, '/static/gallery/g034-3.jpg', '/static/gallery/thumb/g034-3.jpg', 3, 'jpg', 223403, '2026-03-01 12:00:00'),
(103, 35, '/static/gallery/g035-1.jpg', '/static/gallery/thumb/g035-1.jpg', 1, 'jpg', 223501, '2026-03-01 12:00:00'),
(104, 35, '/static/gallery/g035-2.jpg', '/static/gallery/thumb/g035-2.jpg', 2, 'jpg', 223502, '2026-03-01 12:00:00'),
(105, 35, '/static/gallery/g035-3.jpg', '/static/gallery/thumb/g035-3.jpg', 3, 'jpg', 223503, '2026-03-01 12:00:00'),
(106, 36, '/static/gallery/g036-1.jpg', '/static/gallery/thumb/g036-1.jpg', 1, 'jpg', 223601, '2026-03-01 12:00:00'),
(107, 36, '/static/gallery/g036-2.jpg', '/static/gallery/thumb/g036-2.jpg', 2, 'jpg', 223602, '2026-03-01 12:00:00'),
(108, 36, '/static/gallery/g036-3.jpg', '/static/gallery/thumb/g036-3.jpg', 3, 'jpg', 223603, '2026-03-01 12:00:00'),
(109, 37, '/static/gallery/g037-1.jpg', '/static/gallery/thumb/g037-1.jpg', 1, 'jpg', 223701, '2026-03-01 12:00:00'),
(110, 37, '/static/gallery/g037-2.jpg', '/static/gallery/thumb/g037-2.jpg', 2, 'jpg', 223702, '2026-03-01 12:00:00'),
(111, 37, '/static/gallery/g037-3.jpg', '/static/gallery/thumb/g037-3.jpg', 3, 'jpg', 223703, '2026-03-01 12:00:00'),
(112, 38, '/static/gallery/g038-1.jpg', '/static/gallery/thumb/g038-1.jpg', 1, 'jpg', 223801, '2026-03-01 12:00:00'),
(113, 38, '/static/gallery/g038-2.jpg', '/static/gallery/thumb/g038-2.jpg', 2, 'jpg', 223802, '2026-03-01 12:00:00'),
(114, 38, '/static/gallery/g038-3.jpg', '/static/gallery/thumb/g038-3.jpg', 3, 'jpg', 223803, '2026-03-01 12:00:00'),
(115, 39, '/static/gallery/g039-1.jpg', '/static/gallery/thumb/g039-1.jpg', 1, 'jpg', 223901, '2026-03-01 12:00:00'),
(116, 39, '/static/gallery/g039-2.jpg', '/static/gallery/thumb/g039-2.jpg', 2, 'jpg', 223902, '2026-03-01 12:00:00'),
(117, 39, '/static/gallery/g039-3.jpg', '/static/gallery/thumb/g039-3.jpg', 3, 'jpg', 223903, '2026-03-01 12:00:00'),
(118, 40, '/static/gallery/g040-1.jpg', '/static/gallery/thumb/g040-1.jpg', 1, 'jpg', 224001, '2026-03-01 12:00:00'),
(119, 40, '/static/gallery/g040-2.jpg', '/static/gallery/thumb/g040-2.jpg', 2, 'jpg', 224002, '2026-03-01 12:00:00'),
(120, 40, '/static/gallery/g040-3.jpg', '/static/gallery/thumb/g040-3.jpg', 3, 'jpg', 224003, '2026-03-01 12:00:00'),
(121, 41, '/static/gallery/g041-1.jpg', '/static/gallery/thumb/g041-1.jpg', 1, 'jpg', 224101, '2026-03-01 12:00:00'),
(122, 41, '/static/gallery/g041-2.jpg', '/static/gallery/thumb/g041-2.jpg', 2, 'jpg', 224102, '2026-03-01 12:00:00'),
(123, 41, '/static/gallery/g041-3.jpg', '/static/gallery/thumb/g041-3.jpg', 3, 'jpg', 224103, '2026-03-01 12:00:00'),
(124, 42, '/static/gallery/g042-1.jpg', '/static/gallery/thumb/g042-1.jpg', 1, 'jpg', 224201, '2026-03-01 12:00:00'),
(125, 42, '/static/gallery/g042-2.jpg', '/static/gallery/thumb/g042-2.jpg', 2, 'jpg', 224202, '2026-03-01 12:00:00'),
(126, 42, '/static/gallery/g042-3.jpg', '/static/gallery/thumb/g042-3.jpg', 3, 'jpg', 224203, '2026-03-01 12:00:00'),
(127, 43, '/static/gallery/g043-1.jpg', '/static/gallery/thumb/g043-1.jpg', 1, 'jpg', 224301, '2026-03-01 12:00:00'),
(128, 43, '/static/gallery/g043-2.jpg', '/static/gallery/thumb/g043-2.jpg', 2, 'jpg', 224302, '2026-03-01 12:00:00'),
(129, 43, '/static/gallery/g043-3.jpg', '/static/gallery/thumb/g043-3.jpg', 3, 'jpg', 224303, '2026-03-01 12:00:00'),
(130, 44, '/static/gallery/g044-1.jpg', '/static/gallery/thumb/g044-1.jpg', 1, 'jpg', 224401, '2026-03-01 12:00:00'),
(131, 44, '/static/gallery/g044-2.jpg', '/static/gallery/thumb/g044-2.jpg', 2, 'jpg', 224402, '2026-03-01 12:00:00'),
(132, 44, '/static/gallery/g044-3.jpg', '/static/gallery/thumb/g044-3.jpg', 3, 'jpg', 224403, '2026-03-01 12:00:00'),
(133, 45, '/static/gallery/g045-1.jpg', '/static/gallery/thumb/g045-1.jpg', 1, 'jpg', 224501, '2026-03-01 12:00:00'),
(134, 45, '/static/gallery/g045-2.jpg', '/static/gallery/thumb/g045-2.jpg', 2, 'jpg', 224502, '2026-03-01 12:00:00'),
(135, 45, '/static/gallery/g045-3.jpg', '/static/gallery/thumb/g045-3.jpg', 3, 'jpg', 224503, '2026-03-01 12:00:00'),
(136, 46, '/static/gallery/g046-1.jpg', '/static/gallery/thumb/g046-1.jpg', 1, 'jpg', 224601, '2026-03-01 12:00:00'),
(137, 46, '/static/gallery/g046-2.jpg', '/static/gallery/thumb/g046-2.jpg', 2, 'jpg', 224602, '2026-03-01 12:00:00'),
(138, 46, '/static/gallery/g046-3.jpg', '/static/gallery/thumb/g046-3.jpg', 3, 'jpg', 224603, '2026-03-01 12:00:00'),
(139, 47, '/static/gallery/g047-1.jpg', '/static/gallery/thumb/g047-1.jpg', 1, 'jpg', 224701, '2026-03-01 12:00:00'),
(140, 47, '/static/gallery/g047-2.jpg', '/static/gallery/thumb/g047-2.jpg', 2, 'jpg', 224702, '2026-03-01 12:00:00'),
(141, 47, '/static/gallery/g047-3.jpg', '/static/gallery/thumb/g047-3.jpg', 3, 'jpg', 224703, '2026-03-01 12:00:00'),
(142, 48, '/static/gallery/g048-1.jpg', '/static/gallery/thumb/g048-1.jpg', 1, 'jpg', 224801, '2026-03-01 12:00:00'),
(143, 48, '/static/gallery/g048-2.jpg', '/static/gallery/thumb/g048-2.jpg', 2, 'jpg', 224802, '2026-03-01 12:00:00'),
(144, 48, '/static/gallery/g048-3.jpg', '/static/gallery/thumb/g048-3.jpg', 3, 'jpg', 224803, '2026-03-01 12:00:00'),
(145, 49, '/static/gallery/g049-1.jpg', '/static/gallery/thumb/g049-1.jpg', 1, 'jpg', 224901, '2026-03-01 12:00:00'),
(146, 49, '/static/gallery/g049-2.jpg', '/static/gallery/thumb/g049-2.jpg', 2, 'jpg', 224902, '2026-03-01 12:00:00'),
(147, 49, '/static/gallery/g049-3.jpg', '/static/gallery/thumb/g049-3.jpg', 3, 'jpg', 224903, '2026-03-01 12:00:00'),
(148, 50, '/static/gallery/g050-1.jpg', '/static/gallery/thumb/g050-1.jpg', 1, 'jpg', 225001, '2026-03-01 12:00:00'),
(149, 50, '/static/gallery/g050-2.jpg', '/static/gallery/thumb/g050-2.jpg', 2, 'jpg', 225002, '2026-03-01 12:00:00'),
(150, 50, '/static/gallery/g050-3.jpg', '/static/gallery/thumb/g050-3.jpg', 3, 'jpg', 225003, '2026-03-01 12:00:00'),
(151, 51, '/static/gallery/g051-1.jpg', '/static/gallery/thumb/g051-1.jpg', 1, 'jpg', 225101, '2026-03-01 12:00:00'),
(152, 51, '/static/gallery/g051-2.jpg', '/static/gallery/thumb/g051-2.jpg', 2, 'jpg', 225102, '2026-03-01 12:00:00'),
(153, 51, '/static/gallery/g051-3.jpg', '/static/gallery/thumb/g051-3.jpg', 3, 'jpg', 225103, '2026-03-01 12:00:00'),
(154, 52, '/static/gallery/g052-1.jpg', '/static/gallery/thumb/g052-1.jpg', 1, 'jpg', 225201, '2026-03-01 12:00:00'),
(155, 52, '/static/gallery/g052-2.jpg', '/static/gallery/thumb/g052-2.jpg', 2, 'jpg', 225202, '2026-03-01 12:00:00'),
(156, 52, '/static/gallery/g052-3.jpg', '/static/gallery/thumb/g052-3.jpg', 3, 'jpg', 225203, '2026-03-01 12:00:00'),
(157, 53, '/static/gallery/g053-1.jpg', '/static/gallery/thumb/g053-1.jpg', 1, 'jpg', 225301, '2026-03-01 12:00:00'),
(158, 53, '/static/gallery/g053-2.jpg', '/static/gallery/thumb/g053-2.jpg', 2, 'jpg', 225302, '2026-03-01 12:00:00'),
(159, 53, '/static/gallery/g053-3.jpg', '/static/gallery/thumb/g053-3.jpg', 3, 'jpg', 225303, '2026-03-01 12:00:00'),
(160, 54, '/static/gallery/g054-1.jpg', '/static/gallery/thumb/g054-1.jpg', 1, 'jpg', 225401, '2026-03-01 12:00:00'),
(161, 54, '/static/gallery/g054-2.jpg', '/static/gallery/thumb/g054-2.jpg', 2, 'jpg', 225402, '2026-03-01 12:00:00'),
(162, 54, '/static/gallery/g054-3.jpg', '/static/gallery/thumb/g054-3.jpg', 3, 'jpg', 225403, '2026-03-01 12:00:00'),
(163, 55, '/static/gallery/g055-1.jpg', '/static/gallery/thumb/g055-1.jpg', 1, 'jpg', 225501, '2026-03-01 12:00:00'),
(164, 55, '/static/gallery/g055-2.jpg', '/static/gallery/thumb/g055-2.jpg', 2, 'jpg', 225502, '2026-03-01 12:00:00'),
(165, 55, '/static/gallery/g055-3.jpg', '/static/gallery/thumb/g055-3.jpg', 3, 'jpg', 225503, '2026-03-01 12:00:00'),
(166, 56, '/static/gallery/g056-1.jpg', '/static/gallery/thumb/g056-1.jpg', 1, 'jpg', 225601, '2026-03-01 12:00:00'),
(167, 56, '/static/gallery/g056-2.jpg', '/static/gallery/thumb/g056-2.jpg', 2, 'jpg', 225602, '2026-03-01 12:00:00'),
(168, 56, '/static/gallery/g056-3.jpg', '/static/gallery/thumb/g056-3.jpg', 3, 'jpg', 225603, '2026-03-01 12:00:00'),
(169, 57, '/static/gallery/g057-1.jpg', '/static/gallery/thumb/g057-1.jpg', 1, 'jpg', 225701, '2026-03-01 12:00:00'),
(170, 57, '/static/gallery/g057-2.jpg', '/static/gallery/thumb/g057-2.jpg', 2, 'jpg', 225702, '2026-03-01 12:00:00'),
(171, 57, '/static/gallery/g057-3.jpg', '/static/gallery/thumb/g057-3.jpg', 3, 'jpg', 225703, '2026-03-01 12:00:00'),
(172, 58, '/static/gallery/g058-1.jpg', '/static/gallery/thumb/g058-1.jpg', 1, 'jpg', 225801, '2026-03-01 12:00:00'),
(173, 58, '/static/gallery/g058-2.jpg', '/static/gallery/thumb/g058-2.jpg', 2, 'jpg', 225802, '2026-03-01 12:00:00'),
(174, 58, '/static/gallery/g058-3.jpg', '/static/gallery/thumb/g058-3.jpg', 3, 'jpg', 225803, '2026-03-01 12:00:00'),
(175, 59, '/static/gallery/g059-1.jpg', '/static/gallery/thumb/g059-1.jpg', 1, 'jpg', 225901, '2026-03-01 12:00:00'),
(176, 59, '/static/gallery/g059-2.jpg', '/static/gallery/thumb/g059-2.jpg', 2, 'jpg', 225902, '2026-03-01 12:00:00'),
(177, 59, '/static/gallery/g059-3.jpg', '/static/gallery/thumb/g059-3.jpg', 3, 'jpg', 225903, '2026-03-01 12:00:00'),
(178, 60, '/static/gallery/g060-1.jpg', '/static/gallery/thumb/g060-1.jpg', 1, 'jpg', 226001, '2026-03-01 12:00:00'),
(179, 60, '/static/gallery/g060-2.jpg', '/static/gallery/thumb/g060-2.jpg', 2, 'jpg', 226002, '2026-03-01 12:00:00'),
(180, 60, '/static/gallery/g060-3.jpg', '/static/gallery/thumb/g060-3.jpg', 3, 'jpg', 226003, '2026-03-01 12:00:00'),
(181, 61, '/static/gallery/g061-1.jpg', '/static/gallery/thumb/g061-1.jpg', 1, 'jpg', 226101, '2026-03-01 12:00:00'),
(182, 61, '/static/gallery/g061-2.jpg', '/static/gallery/thumb/g061-2.jpg', 2, 'jpg', 226102, '2026-03-01 12:00:00'),
(183, 61, '/static/gallery/g061-3.jpg', '/static/gallery/thumb/g061-3.jpg', 3, 'jpg', 226103, '2026-03-01 12:00:00'),
(184, 62, '/static/gallery/g062-1.jpg', '/static/gallery/thumb/g062-1.jpg', 1, 'jpg', 226201, '2026-03-01 12:00:00'),
(185, 62, '/static/gallery/g062-2.jpg', '/static/gallery/thumb/g062-2.jpg', 2, 'jpg', 226202, '2026-03-01 12:00:00'),
(186, 62, '/static/gallery/g062-3.jpg', '/static/gallery/thumb/g062-3.jpg', 3, 'jpg', 226203, '2026-03-01 12:00:00'),
(187, 63, '/static/gallery/g063-1.jpg', '/static/gallery/thumb/g063-1.jpg', 1, 'jpg', 226301, '2026-03-01 12:00:00'),
(188, 63, '/static/gallery/g063-2.jpg', '/static/gallery/thumb/g063-2.jpg', 2, 'jpg', 226302, '2026-03-01 12:00:00'),
(189, 63, '/static/gallery/g063-3.jpg', '/static/gallery/thumb/g063-3.jpg', 3, 'jpg', 226303, '2026-03-01 12:00:00'),
(190, 64, '/static/gallery/g064-1.jpg', '/static/gallery/thumb/g064-1.jpg', 1, 'jpg', 226401, '2026-03-01 12:00:00'),
(191, 64, '/static/gallery/g064-2.jpg', '/static/gallery/thumb/g064-2.jpg', 2, 'jpg', 226402, '2026-03-01 12:00:00'),
(192, 64, '/static/gallery/g064-3.jpg', '/static/gallery/thumb/g064-3.jpg', 3, 'jpg', 226403, '2026-03-01 12:00:00'),
(193, 65, '/static/gallery/g065-1.jpg', '/static/gallery/thumb/g065-1.jpg', 1, 'jpg', 226501, '2026-03-01 12:00:00'),
(194, 65, '/static/gallery/g065-2.jpg', '/static/gallery/thumb/g065-2.jpg', 2, 'jpg', 226502, '2026-03-01 12:00:00'),
(195, 65, '/static/gallery/g065-3.jpg', '/static/gallery/thumb/g065-3.jpg', 3, 'jpg', 226503, '2026-03-01 12:00:00'),
(196, 66, '/static/gallery/g066-1.jpg', '/static/gallery/thumb/g066-1.jpg', 1, 'jpg', 226601, '2026-03-01 12:00:00'),
(197, 66, '/static/gallery/g066-2.jpg', '/static/gallery/thumb/g066-2.jpg', 2, 'jpg', 226602, '2026-03-01 12:00:00'),
(198, 66, '/static/gallery/g066-3.jpg', '/static/gallery/thumb/g066-3.jpg', 3, 'jpg', 226603, '2026-03-01 12:00:00'),
(199, 67, '/static/gallery/g067-1.jpg', '/static/gallery/thumb/g067-1.jpg', 1, 'jpg', 226701, '2026-03-01 12:00:00'),
(200, 67, '/static/gallery/g067-2.jpg', '/static/gallery/thumb/g067-2.jpg', 2, 'jpg', 226702, '2026-03-01 12:00:00'),
(201, 67, '/static/gallery/g067-3.jpg', '/static/gallery/thumb/g067-3.jpg', 3, 'jpg', 226703, '2026-03-01 12:00:00'),
(202, 68, '/static/gallery/g068-1.jpg', '/static/gallery/thumb/g068-1.jpg', 1, 'jpg', 226801, '2026-03-01 12:00:00'),
(203, 68, '/static/gallery/g068-2.jpg', '/static/gallery/thumb/g068-2.jpg', 2, 'jpg', 226802, '2026-03-01 12:00:00'),
(204, 68, '/static/gallery/g068-3.jpg', '/static/gallery/thumb/g068-3.jpg', 3, 'jpg', 226803, '2026-03-01 12:00:00'),
(205, 69, '/static/gallery/g069-1.jpg', '/static/gallery/thumb/g069-1.jpg', 1, 'jpg', 226901, '2026-03-01 12:00:00'),
(206, 69, '/static/gallery/g069-2.jpg', '/static/gallery/thumb/g069-2.jpg', 2, 'jpg', 226902, '2026-03-01 12:00:00'),
(207, 69, '/static/gallery/g069-3.jpg', '/static/gallery/thumb/g069-3.jpg', 3, 'jpg', 226903, '2026-03-01 12:00:00'),
(208, 70, '/static/gallery/g070-1.jpg', '/static/gallery/thumb/g070-1.jpg', 1, 'jpg', 227001, '2026-03-01 12:00:00'),
(209, 70, '/static/gallery/g070-2.jpg', '/static/gallery/thumb/g070-2.jpg', 2, 'jpg', 227002, '2026-03-01 12:00:00'),
(210, 70, '/static/gallery/g070-3.jpg', '/static/gallery/thumb/g070-3.jpg', 3, 'jpg', 227003, '2026-03-01 12:00:00'),
(211, 71, '/static/gallery/g071-1.jpg', '/static/gallery/thumb/g071-1.jpg', 1, 'jpg', 227101, '2026-03-01 12:00:00'),
(212, 71, '/static/gallery/g071-2.jpg', '/static/gallery/thumb/g071-2.jpg', 2, 'jpg', 227102, '2026-03-01 12:00:00'),
(213, 71, '/static/gallery/g071-3.jpg', '/static/gallery/thumb/g071-3.jpg', 3, 'jpg', 227103, '2026-03-01 12:00:00'),
(214, 72, '/static/gallery/g072-1.jpg', '/static/gallery/thumb/g072-1.jpg', 1, 'jpg', 227201, '2026-03-01 12:00:00'),
(215, 72, '/static/gallery/g072-2.jpg', '/static/gallery/thumb/g072-2.jpg', 2, 'jpg', 227202, '2026-03-01 12:00:00'),
(216, 72, '/static/gallery/g072-3.jpg', '/static/gallery/thumb/g072-3.jpg', 3, 'jpg', 227203, '2026-03-01 12:00:00'),
(217, 73, '/static/gallery/g073-1.jpg', '/static/gallery/thumb/g073-1.jpg', 1, 'jpg', 227301, '2026-03-01 12:00:00'),
(218, 73, '/static/gallery/g073-2.jpg', '/static/gallery/thumb/g073-2.jpg', 2, 'jpg', 227302, '2026-03-01 12:00:00'),
(219, 73, '/static/gallery/g073-3.jpg', '/static/gallery/thumb/g073-3.jpg', 3, 'jpg', 227303, '2026-03-01 12:00:00'),
(220, 74, '/static/gallery/g074-1.jpg', '/static/gallery/thumb/g074-1.jpg', 1, 'jpg', 227401, '2026-03-01 12:00:00'),
(221, 74, '/static/gallery/g074-2.jpg', '/static/gallery/thumb/g074-2.jpg', 2, 'jpg', 227402, '2026-03-01 12:00:00'),
(222, 74, '/static/gallery/g074-3.jpg', '/static/gallery/thumb/g074-3.jpg', 3, 'jpg', 227403, '2026-03-01 12:00:00'),
(223, 75, '/static/gallery/g075-1.jpg', '/static/gallery/thumb/g075-1.jpg', 1, 'jpg', 227501, '2026-03-01 12:00:00'),
(224, 75, '/static/gallery/g075-2.jpg', '/static/gallery/thumb/g075-2.jpg', 2, 'jpg', 227502, '2026-03-01 12:00:00'),
(225, 75, '/static/gallery/g075-3.jpg', '/static/gallery/thumb/g075-3.jpg', 3, 'jpg', 227503, '2026-03-01 12:00:00'),
(226, 76, '/static/gallery/g076-1.jpg', '/static/gallery/thumb/g076-1.jpg', 1, 'jpg', 227601, '2026-03-01 12:00:00'),
(227, 76, '/static/gallery/g076-2.jpg', '/static/gallery/thumb/g076-2.jpg', 2, 'jpg', 227602, '2026-03-01 12:00:00'),
(228, 76, '/static/gallery/g076-3.jpg', '/static/gallery/thumb/g076-3.jpg', 3, 'jpg', 227603, '2026-03-01 12:00:00'),
(229, 77, '/static/gallery/g077-1.jpg', '/static/gallery/thumb/g077-1.jpg', 1, 'jpg', 227701, '2026-03-01 12:00:00'),
(230, 77, '/static/gallery/g077-2.jpg', '/static/gallery/thumb/g077-2.jpg', 2, 'jpg', 227702, '2026-03-01 12:00:00'),
(231, 77, '/static/gallery/g077-3.jpg', '/static/gallery/thumb/g077-3.jpg', 3, 'jpg', 227703, '2026-03-01 12:00:00'),
(232, 78, '/static/gallery/g078-1.jpg', '/static/gallery/thumb/g078-1.jpg', 1, 'jpg', 227801, '2026-03-01 12:00:00'),
(233, 78, '/static/gallery/g078-2.jpg', '/static/gallery/thumb/g078-2.jpg', 2, 'jpg', 227802, '2026-03-01 12:00:00'),
(234, 78, '/static/gallery/g078-3.jpg', '/static/gallery/thumb/g078-3.jpg', 3, 'jpg', 227803, '2026-03-01 12:00:00'),
(235, 79, '/static/gallery/g079-1.jpg', '/static/gallery/thumb/g079-1.jpg', 1, 'jpg', 227901, '2026-03-01 12:00:00'),
(236, 79, '/static/gallery/g079-2.jpg', '/static/gallery/thumb/g079-2.jpg', 2, 'jpg', 227902, '2026-03-01 12:00:00'),
(237, 79, '/static/gallery/g079-3.jpg', '/static/gallery/thumb/g079-3.jpg', 3, 'jpg', 227903, '2026-03-01 12:00:00'),
(238, 80, '/static/gallery/g080-1.jpg', '/static/gallery/thumb/g080-1.jpg', 1, 'jpg', 228001, '2026-03-01 12:00:00'),
(239, 80, '/static/gallery/g080-2.jpg', '/static/gallery/thumb/g080-2.jpg', 2, 'jpg', 228002, '2026-03-01 12:00:00'),
(240, 80, '/static/gallery/g080-3.jpg', '/static/gallery/thumb/g080-3.jpg', 3, 'jpg', 228003, '2026-03-01 12:00:00'),
(241, 81, '/static/gallery/g081-1.jpg', '/static/gallery/thumb/g081-1.jpg', 1, 'jpg', 228101, '2026-03-01 12:00:00'),
(242, 81, '/static/gallery/g081-2.jpg', '/static/gallery/thumb/g081-2.jpg', 2, 'jpg', 228102, '2026-03-01 12:00:00'),
(243, 81, '/static/gallery/g081-3.jpg', '/static/gallery/thumb/g081-3.jpg', 3, 'jpg', 228103, '2026-03-01 12:00:00'),
(244, 82, '/static/gallery/g082-1.jpg', '/static/gallery/thumb/g082-1.jpg', 1, 'jpg', 228201, '2026-03-01 12:00:00'),
(245, 82, '/static/gallery/g082-2.jpg', '/static/gallery/thumb/g082-2.jpg', 2, 'jpg', 228202, '2026-03-01 12:00:00'),
(246, 82, '/static/gallery/g082-3.jpg', '/static/gallery/thumb/g082-3.jpg', 3, 'jpg', 228203, '2026-03-01 12:00:00'),
(247, 83, '/static/gallery/g083-1.jpg', '/static/gallery/thumb/g083-1.jpg', 1, 'jpg', 228301, '2026-03-01 12:00:00'),
(248, 83, '/static/gallery/g083-2.jpg', '/static/gallery/thumb/g083-2.jpg', 2, 'jpg', 228302, '2026-03-01 12:00:00'),
(249, 83, '/static/gallery/g083-3.jpg', '/static/gallery/thumb/g083-3.jpg', 3, 'jpg', 228303, '2026-03-01 12:00:00'),
(250, 84, '/static/gallery/g084-1.jpg', '/static/gallery/thumb/g084-1.jpg', 1, 'jpg', 228401, '2026-03-01 12:00:00'),
(251, 84, '/static/gallery/g084-2.jpg', '/static/gallery/thumb/g084-2.jpg', 2, 'jpg', 228402, '2026-03-01 12:00:00'),
(252, 84, '/static/gallery/g084-3.jpg', '/static/gallery/thumb/g084-3.jpg', 3, 'jpg', 228403, '2026-03-01 12:00:00'),
(253, 85, '/static/gallery/g085-1.jpg', '/static/gallery/thumb/g085-1.jpg', 1, 'jpg', 228501, '2026-03-01 12:00:00'),
(254, 85, '/static/gallery/g085-2.jpg', '/static/gallery/thumb/g085-2.jpg', 2, 'jpg', 228502, '2026-03-01 12:00:00'),
(255, 85, '/static/gallery/g085-3.jpg', '/static/gallery/thumb/g085-3.jpg', 3, 'jpg', 228503, '2026-03-01 12:00:00'),
(256, 86, '/static/gallery/g086-1.jpg', '/static/gallery/thumb/g086-1.jpg', 1, 'jpg', 228601, '2026-03-01 12:00:00'),
(257, 86, '/static/gallery/g086-2.jpg', '/static/gallery/thumb/g086-2.jpg', 2, 'jpg', 228602, '2026-03-01 12:00:00'),
(258, 86, '/static/gallery/g086-3.jpg', '/static/gallery/thumb/g086-3.jpg', 3, 'jpg', 228603, '2026-03-01 12:00:00'),
(259, 87, '/static/gallery/g087-1.jpg', '/static/gallery/thumb/g087-1.jpg', 1, 'jpg', 228701, '2026-03-01 12:00:00'),
(260, 87, '/static/gallery/g087-2.jpg', '/static/gallery/thumb/g087-2.jpg', 2, 'jpg', 228702, '2026-03-01 12:00:00'),
(261, 87, '/static/gallery/g087-3.jpg', '/static/gallery/thumb/g087-3.jpg', 3, 'jpg', 228703, '2026-03-01 12:00:00'),
(262, 88, '/static/gallery/g088-1.jpg', '/static/gallery/thumb/g088-1.jpg', 1, 'jpg', 228801, '2026-03-01 12:00:00'),
(263, 88, '/static/gallery/g088-2.jpg', '/static/gallery/thumb/g088-2.jpg', 2, 'jpg', 228802, '2026-03-01 12:00:00'),
(264, 88, '/static/gallery/g088-3.jpg', '/static/gallery/thumb/g088-3.jpg', 3, 'jpg', 228803, '2026-03-01 12:00:00'),
(265, 89, '/static/gallery/g089-1.jpg', '/static/gallery/thumb/g089-1.jpg', 1, 'jpg', 228901, '2026-03-01 12:00:00'),
(266, 89, '/static/gallery/g089-2.jpg', '/static/gallery/thumb/g089-2.jpg', 2, 'jpg', 228902, '2026-03-01 12:00:00'),
(267, 89, '/static/gallery/g089-3.jpg', '/static/gallery/thumb/g089-3.jpg', 3, 'jpg', 228903, '2026-03-01 12:00:00'),
(268, 90, '/static/gallery/g090-1.jpg', '/static/gallery/thumb/g090-1.jpg', 1, 'jpg', 229001, '2026-03-01 12:00:00'),
(269, 90, '/static/gallery/g090-2.jpg', '/static/gallery/thumb/g090-2.jpg', 2, 'jpg', 229002, '2026-03-01 12:00:00'),
(270, 90, '/static/gallery/g090-3.jpg', '/static/gallery/thumb/g090-3.jpg', 3, 'jpg', 229003, '2026-03-01 12:00:00'),
(271, 91, '/static/gallery/g091-1.jpg', '/static/gallery/thumb/g091-1.jpg', 1, 'jpg', 229101, '2026-03-01 12:00:00'),
(272, 91, '/static/gallery/g091-2.jpg', '/static/gallery/thumb/g091-2.jpg', 2, 'jpg', 229102, '2026-03-01 12:00:00'),
(273, 91, '/static/gallery/g091-3.jpg', '/static/gallery/thumb/g091-3.jpg', 3, 'jpg', 229103, '2026-03-01 12:00:00'),
(274, 92, '/static/gallery/g092-1.jpg', '/static/gallery/thumb/g092-1.jpg', 1, 'jpg', 229201, '2026-03-01 12:00:00'),
(275, 92, '/static/gallery/g092-2.jpg', '/static/gallery/thumb/g092-2.jpg', 2, 'jpg', 229202, '2026-03-01 12:00:00'),
(276, 92, '/static/gallery/g092-3.jpg', '/static/gallery/thumb/g092-3.jpg', 3, 'jpg', 229203, '2026-03-01 12:00:00'),
(277, 93, '/static/gallery/g093-1.jpg', '/static/gallery/thumb/g093-1.jpg', 1, 'jpg', 229301, '2026-03-01 12:00:00'),
(278, 93, '/static/gallery/g093-2.jpg', '/static/gallery/thumb/g093-2.jpg', 2, 'jpg', 229302, '2026-03-01 12:00:00'),
(279, 93, '/static/gallery/g093-3.jpg', '/static/gallery/thumb/g093-3.jpg', 3, 'jpg', 229303, '2026-03-01 12:00:00'),
(280, 94, '/static/gallery/g094-1.jpg', '/static/gallery/thumb/g094-1.jpg', 1, 'jpg', 229401, '2026-03-01 12:00:00'),
(281, 94, '/static/gallery/g094-2.jpg', '/static/gallery/thumb/g094-2.jpg', 2, 'jpg', 229402, '2026-03-01 12:00:00'),
(282, 94, '/static/gallery/g094-3.jpg', '/static/gallery/thumb/g094-3.jpg', 3, 'jpg', 229403, '2026-03-01 12:00:00'),
(283, 95, '/static/gallery/g095-1.jpg', '/static/gallery/thumb/g095-1.jpg', 1, 'jpg', 229501, '2026-03-01 12:00:00'),
(284, 95, '/static/gallery/g095-2.jpg', '/static/gallery/thumb/g095-2.jpg', 2, 'jpg', 229502, '2026-03-01 12:00:00'),
(285, 95, '/static/gallery/g095-3.jpg', '/static/gallery/thumb/g095-3.jpg', 3, 'jpg', 229503, '2026-03-01 12:00:00'),
(286, 96, '/static/gallery/g096-1.jpg', '/static/gallery/thumb/g096-1.jpg', 1, 'jpg', 229601, '2026-03-01 12:00:00'),
(287, 96, '/static/gallery/g096-2.jpg', '/static/gallery/thumb/g096-2.jpg', 2, 'jpg', 229602, '2026-03-01 12:00:00'),
(288, 96, '/static/gallery/g096-3.jpg', '/static/gallery/thumb/g096-3.jpg', 3, 'jpg', 229603, '2026-03-01 12:00:00'),
(289, 97, '/static/gallery/g097-1.jpg', '/static/gallery/thumb/g097-1.jpg', 1, 'jpg', 229701, '2026-03-01 12:00:00'),
(290, 97, '/static/gallery/g097-2.jpg', '/static/gallery/thumb/g097-2.jpg', 2, 'jpg', 229702, '2026-03-01 12:00:00'),
(291, 97, '/static/gallery/g097-3.jpg', '/static/gallery/thumb/g097-3.jpg', 3, 'jpg', 229703, '2026-03-01 12:00:00'),
(292, 98, '/static/gallery/g098-1.jpg', '/static/gallery/thumb/g098-1.jpg', 1, 'jpg', 229801, '2026-03-01 12:00:00'),
(293, 98, '/static/gallery/g098-2.jpg', '/static/gallery/thumb/g098-2.jpg', 2, 'jpg', 229802, '2026-03-01 12:00:00'),
(294, 98, '/static/gallery/g098-3.jpg', '/static/gallery/thumb/g098-3.jpg', 3, 'jpg', 229803, '2026-03-01 12:00:00'),
(295, 99, '/static/gallery/g099-1.jpg', '/static/gallery/thumb/g099-1.jpg', 1, 'jpg', 229901, '2026-03-01 12:00:00'),
(296, 99, '/static/gallery/g099-2.jpg', '/static/gallery/thumb/g099-2.jpg', 2, 'jpg', 229902, '2026-03-01 12:00:00'),
(297, 99, '/static/gallery/g099-3.jpg', '/static/gallery/thumb/g099-3.jpg', 3, 'jpg', 229903, '2026-03-01 12:00:00'),
(298, 100, '/static/gallery/g100-1.jpg', '/static/gallery/thumb/g100-1.jpg', 1, 'jpg', 230001, '2026-03-01 12:00:00'),
(299, 100, '/static/gallery/g100-2.jpg', '/static/gallery/thumb/g100-2.jpg', 2, 'jpg', 230002, '2026-03-01 12:00:00'),
(300, 100, '/static/gallery/g100-3.jpg', '/static/gallery/thumb/g100-3.jpg', 3, 'jpg', 230003, '2026-03-01 12:00:00');

-- 16) gallery_likes (100)
INSERT INTO gallery_likes (like_id, gallery_id, user_id, created_at) VALUES
(1, 1, 13, '2026-03-01 12:00:00'),
(2, 2, 14, '2026-03-01 12:00:00'),
(3, 3, 15, '2026-03-01 12:00:00'),
(4, 4, 16, '2026-03-01 12:00:00'),
(5, 5, 17, '2026-03-01 12:00:00'),
(6, 6, 18, '2026-03-01 12:00:00'),
(7, 7, 19, '2026-03-01 12:00:00'),
(8, 8, 20, '2026-03-01 12:00:00'),
(9, 9, 21, '2026-03-01 12:00:00'),
(10, 10, 22, '2026-03-01 12:00:00'),
(11, 11, 23, '2026-03-01 12:00:00'),
(12, 12, 24, '2026-03-01 12:00:00'),
(13, 13, 25, '2026-03-01 12:00:00'),
(14, 14, 26, '2026-03-01 12:00:00'),
(15, 15, 27, '2026-03-01 12:00:00'),
(16, 16, 28, '2026-03-01 12:00:00'),
(17, 17, 29, '2026-03-01 12:00:00'),
(18, 18, 30, '2026-03-01 12:00:00'),
(19, 19, 31, '2026-03-01 12:00:00'),
(20, 20, 32, '2026-03-01 12:00:00'),
(21, 21, 33, '2026-03-01 12:00:00'),
(22, 22, 34, '2026-03-01 12:00:00'),
(23, 23, 35, '2026-03-01 12:00:00'),
(24, 24, 36, '2026-03-01 12:00:00'),
(25, 25, 37, '2026-03-01 12:00:00'),
(26, 26, 38, '2026-03-01 12:00:00'),
(27, 27, 39, '2026-03-01 12:00:00'),
(28, 28, 40, '2026-03-01 12:00:00'),
(29, 29, 41, '2026-03-01 12:00:00'),
(30, 30, 42, '2026-03-01 12:00:00'),
(31, 31, 43, '2026-03-01 12:00:00'),
(32, 32, 44, '2026-03-01 12:00:00'),
(33, 33, 45, '2026-03-01 12:00:00'),
(34, 34, 46, '2026-03-01 12:00:00'),
(35, 35, 47, '2026-03-01 12:00:00'),
(36, 36, 48, '2026-03-01 12:00:00'),
(37, 37, 49, '2026-03-01 12:00:00'),
(38, 38, 50, '2026-03-01 12:00:00'),
(39, 39, 51, '2026-03-01 12:00:00'),
(40, 40, 52, '2026-03-01 12:00:00'),
(41, 41, 53, '2026-03-01 12:00:00'),
(42, 42, 54, '2026-03-01 12:00:00'),
(43, 43, 55, '2026-03-01 12:00:00'),
(44, 44, 56, '2026-03-01 12:00:00'),
(45, 45, 57, '2026-03-01 12:00:00'),
(46, 46, 58, '2026-03-01 12:00:00'),
(47, 47, 59, '2026-03-01 12:00:00'),
(48, 48, 60, '2026-03-01 12:00:00'),
(49, 49, 61, '2026-03-01 12:00:00'),
(50, 50, 62, '2026-03-01 12:00:00'),
(51, 51, 63, '2026-03-01 12:00:00'),
(52, 52, 64, '2026-03-01 12:00:00'),
(53, 53, 65, '2026-03-01 12:00:00'),
(54, 54, 66, '2026-03-01 12:00:00'),
(55, 55, 67, '2026-03-01 12:00:00'),
(56, 56, 68, '2026-03-01 12:00:00'),
(57, 57, 69, '2026-03-01 12:00:00'),
(58, 58, 70, '2026-03-01 12:00:00'),
(59, 59, 71, '2026-03-01 12:00:00'),
(60, 60, 72, '2026-03-01 12:00:00'),
(61, 61, 73, '2026-03-01 12:00:00'),
(62, 62, 74, '2026-03-01 12:00:00'),
(63, 63, 75, '2026-03-01 12:00:00'),
(64, 64, 76, '2026-03-01 12:00:00'),
(65, 65, 77, '2026-03-01 12:00:00'),
(66, 66, 78, '2026-03-01 12:00:00'),
(67, 67, 79, '2026-03-01 12:00:00'),
(68, 68, 80, '2026-03-01 12:00:00'),
(69, 69, 81, '2026-03-01 12:00:00'),
(70, 70, 82, '2026-03-01 12:00:00'),
(71, 71, 83, '2026-03-01 12:00:00'),
(72, 72, 84, '2026-03-01 12:00:00'),
(73, 73, 85, '2026-03-01 12:00:00'),
(74, 74, 86, '2026-03-01 12:00:00'),
(75, 75, 87, '2026-03-01 12:00:00'),
(76, 76, 88, '2026-03-01 12:00:00'),
(77, 77, 89, '2026-03-01 12:00:00'),
(78, 78, 90, '2026-03-01 12:00:00'),
(79, 79, 91, '2026-03-01 12:00:00'),
(80, 80, 92, '2026-03-01 12:00:00'),
(81, 81, 93, '2026-03-01 12:00:00'),
(82, 82, 94, '2026-03-01 12:00:00'),
(83, 83, 95, '2026-03-01 12:00:00'),
(84, 84, 96, '2026-03-01 12:00:00'),
(85, 85, 97, '2026-03-01 12:00:00'),
(86, 86, 98, '2026-03-01 12:00:00'),
(87, 87, 99, '2026-03-01 12:00:00'),
(88, 88, 100, '2026-03-01 12:00:00'),
(89, 89, 101, '2026-03-01 12:00:00'),
(90, 90, 2, '2026-03-01 12:00:00'),
(91, 91, 3, '2026-03-01 12:00:00'),
(92, 92, 4, '2026-03-01 12:00:00'),
(93, 93, 5, '2026-03-01 12:00:00'),
(94, 94, 6, '2026-03-01 12:00:00'),
(95, 95, 7, '2026-03-01 12:00:00'),
(96, 96, 8, '2026-03-01 12:00:00'),
(97, 97, 9, '2026-03-01 12:00:00'),
(98, 98, 10, '2026-03-01 12:00:00'),
(99, 99, 11, '2026-03-01 12:00:00'),
(100, 100, 12, '2026-03-01 12:00:00');

-- 17) reviews (100)
INSERT INTO reviews (review_id, event_id, user_id, rating, content, review_status, created_at, updated_at) VALUES
(1, 1, 2, 1, 'Review content 001', 'PUBLIC', '2026-02-15 10:00:00', '2026-03-01 12:00:00'),
(2, 2, 3, 2, 'Review content 002', 'PUBLIC', '2026-02-15 10:00:00', '2026-03-01 12:00:00'),
(3, 3, 4, 3, 'Review content 003', 'PUBLIC', '2026-02-15 10:00:00', '2026-03-01 12:00:00'),
(4, 4, 5, 4, 'Review content 004', 'PUBLIC', '2026-02-15 10:00:00', '2026-03-01 12:00:00'),
(5, 5, 6, 5, 'Review content 005', 'PUBLIC', '2026-02-15 10:00:00', '2026-03-01 12:00:00'),
(6, 6, 7, 1, 'Review content 006', 'PUBLIC', '2026-02-15 10:00:00', '2026-03-01 12:00:00'),
(7, 7, 8, 2, 'Review content 007', 'PUBLIC', '2026-02-15 10:00:00', '2026-03-01 12:00:00'),
(8, 8, 9, 3, 'Review content 008', 'PUBLIC', '2026-02-15 10:00:00', '2026-03-01 12:00:00'),
(9, 9, 10, 4, 'Review content 009', 'PUBLIC', '2026-02-15 10:00:00', '2026-03-01 12:00:00'),
(10, 10, 11, 5, 'Review content 010', 'PUBLIC', '2026-02-15 10:00:00', '2026-03-01 12:00:00'),
(11, 11, 12, 1, 'Review content 011', 'PUBLIC', '2026-02-15 10:00:00', '2026-03-01 12:00:00'),
(12, 12, 13, 2, 'Review content 012', 'PUBLIC', '2026-02-15 10:00:00', '2026-03-01 12:00:00'),
(13, 13, 14, 3, 'Review content 013', 'BLINDED', '2026-02-15 10:00:00', '2026-03-01 12:00:00'),
(14, 14, 15, 4, 'Review content 014', 'PUBLIC', '2026-02-15 10:00:00', '2026-03-01 12:00:00'),
(15, 15, 16, 5, 'Review content 015', 'PUBLIC', '2026-02-15 10:00:00', '2026-03-01 12:00:00'),
(16, 16, 17, 1, 'Review content 016', 'PUBLIC', '2026-02-15 10:00:00', '2026-03-01 12:00:00'),
(17, 17, 18, 2, 'Review content 017', 'PUBLIC', '2026-02-15 10:00:00', '2026-03-01 12:00:00'),
(18, 18, 19, 3, 'Review content 018', 'PUBLIC', '2026-02-15 10:00:00', '2026-03-01 12:00:00'),
(19, 19, 20, 4, 'Review content 019', 'PUBLIC', '2026-02-15 10:00:00', '2026-03-01 12:00:00'),
(20, 20, 21, 5, 'Review content 020', 'PUBLIC', '2026-02-15 10:00:00', '2026-03-01 12:00:00'),
(21, 21, 22, 1, 'Review content 021', 'PUBLIC', '2026-02-15 10:00:00', '2026-03-01 12:00:00'),
(22, 22, 23, 2, 'Review content 022', 'PUBLIC', '2026-02-15 10:00:00', '2026-03-01 12:00:00'),
(23, 23, 24, 3, 'Review content 023', 'PUBLIC', '2026-02-15 10:00:00', '2026-03-01 12:00:00'),
(24, 24, 25, 4, 'Review content 024', 'PUBLIC', '2026-02-15 10:00:00', '2026-03-01 12:00:00'),
(25, 25, 26, 5, 'Review content 025', 'PUBLIC', '2026-02-15 10:00:00', '2026-03-01 12:00:00'),
(26, 26, 27, 1, 'Review content 026', 'BLINDED', '2026-02-15 10:00:00', '2026-03-01 12:00:00'),
(27, 27, 28, 2, 'Review content 027', 'PUBLIC', '2026-02-15 10:00:00', '2026-03-01 12:00:00'),
(28, 28, 29, 3, 'Review content 028', 'PUBLIC', '2026-02-15 10:00:00', '2026-03-01 12:00:00'),
(29, 29, 30, 4, 'Review content 029', 'PUBLIC', '2026-02-15 10:00:00', '2026-03-01 12:00:00'),
(30, 30, 31, 5, 'Review content 030', 'PUBLIC', '2026-02-15 10:00:00', '2026-03-01 12:00:00'),
(31, 31, 32, 1, 'Review content 031', 'PUBLIC', '2026-02-15 10:00:00', '2026-03-01 12:00:00'),
(32, 32, 33, 2, 'Review content 032', 'PUBLIC', '2026-02-15 10:00:00', '2026-03-01 12:00:00'),
(33, 33, 34, 3, 'Review content 033', 'PUBLIC', '2026-02-15 10:00:00', '2026-03-01 12:00:00'),
(34, 34, 35, 4, 'Review content 034', 'PUBLIC', '2026-02-15 10:00:00', '2026-03-01 12:00:00'),
(35, 35, 36, 5, 'Review content 035', 'PUBLIC', '2026-02-15 10:00:00', '2026-03-01 12:00:00'),
(36, 36, 37, 1, 'Review content 036', 'PUBLIC', '2026-02-15 10:00:00', '2026-03-01 12:00:00'),
(37, 37, 38, 2, 'Review content 037', 'PUBLIC', '2026-02-15 10:00:00', '2026-03-01 12:00:00'),
(38, 38, 39, 3, 'Review content 038', 'PUBLIC', '2026-02-15 10:00:00', '2026-03-01 12:00:00'),
(39, 39, 40, 4, 'Review content 039', 'BLINDED', '2026-02-15 10:00:00', '2026-03-01 12:00:00'),
(40, 40, 41, 5, 'Review content 040', 'PUBLIC', '2026-02-15 10:00:00', '2026-03-01 12:00:00'),
(41, 41, 42, 1, 'Review content 041', 'PUBLIC', '2026-02-15 10:00:00', '2026-03-01 12:00:00'),
(42, 42, 43, 2, 'Review content 042', 'PUBLIC', '2026-02-15 10:00:00', '2026-03-01 12:00:00'),
(43, 43, 44, 3, 'Review content 043', 'PUBLIC', '2026-02-15 10:00:00', '2026-03-01 12:00:00'),
(44, 44, 45, 4, 'Review content 044', 'PUBLIC', '2026-02-15 10:00:00', '2026-03-01 12:00:00'),
(45, 45, 46, 5, 'Review content 045', 'PUBLIC', '2026-02-15 10:00:00', '2026-03-01 12:00:00'),
(46, 46, 47, 1, 'Review content 046', 'PUBLIC', '2026-02-15 10:00:00', '2026-03-01 12:00:00'),
(47, 47, 48, 2, 'Review content 047', 'PUBLIC', '2026-02-15 10:00:00', '2026-03-01 12:00:00'),
(48, 48, 49, 3, 'Review content 048', 'PUBLIC', '2026-02-15 10:00:00', '2026-03-01 12:00:00'),
(49, 49, 50, 4, 'Review content 049', 'PUBLIC', '2026-02-15 10:00:00', '2026-03-01 12:00:00'),
(50, 50, 51, 5, 'Review content 050', 'PUBLIC', '2026-02-15 10:00:00', '2026-03-01 12:00:00'),
(51, 51, 52, 1, 'Review content 051', 'PUBLIC', '2026-02-15 10:00:00', '2026-03-01 12:00:00'),
(52, 52, 53, 2, 'Review content 052', 'BLINDED', '2026-02-15 10:00:00', '2026-03-01 12:00:00'),
(53, 53, 54, 3, 'Review content 053', 'PUBLIC', '2026-02-15 10:00:00', '2026-03-01 12:00:00'),
(54, 54, 55, 4, 'Review content 054', 'PUBLIC', '2026-02-15 10:00:00', '2026-03-01 12:00:00'),
(55, 55, 56, 5, 'Review content 055', 'PUBLIC', '2026-02-15 10:00:00', '2026-03-01 12:00:00'),
(56, 56, 57, 1, 'Review content 056', 'PUBLIC', '2026-02-15 10:00:00', '2026-03-01 12:00:00'),
(57, 57, 58, 2, 'Review content 057', 'PUBLIC', '2026-02-15 10:00:00', '2026-03-01 12:00:00'),
(58, 58, 59, 3, 'Review content 058', 'PUBLIC', '2026-02-15 10:00:00', '2026-03-01 12:00:00'),
(59, 59, 60, 4, 'Review content 059', 'PUBLIC', '2026-02-15 10:00:00', '2026-03-01 12:00:00'),
(60, 60, 61, 5, 'Review content 060', 'PUBLIC', '2026-02-15 10:00:00', '2026-03-01 12:00:00'),
(61, 61, 62, 1, 'Review content 061', 'PUBLIC', '2026-02-15 10:00:00', '2026-03-01 12:00:00'),
(62, 62, 63, 2, 'Review content 062', 'PUBLIC', '2026-02-15 10:00:00', '2026-03-01 12:00:00'),
(63, 63, 64, 3, 'Review content 063', 'PUBLIC', '2026-02-15 10:00:00', '2026-03-01 12:00:00'),
(64, 64, 65, 4, 'Review content 064', 'PUBLIC', '2026-02-15 10:00:00', '2026-03-01 12:00:00'),
(65, 65, 66, 5, 'Review content 065', 'BLINDED', '2026-02-15 10:00:00', '2026-03-01 12:00:00'),
(66, 66, 67, 1, 'Review content 066', 'PUBLIC', '2026-02-15 10:00:00', '2026-03-01 12:00:00'),
(67, 67, 68, 2, 'Review content 067', 'PUBLIC', '2026-02-15 10:00:00', '2026-03-01 12:00:00'),
(68, 68, 69, 3, 'Review content 068', 'PUBLIC', '2026-02-15 10:00:00', '2026-03-01 12:00:00'),
(69, 69, 70, 4, 'Review content 069', 'PUBLIC', '2026-02-15 10:00:00', '2026-03-01 12:00:00'),
(70, 70, 71, 5, 'Review content 070', 'PUBLIC', '2026-02-15 10:00:00', '2026-03-01 12:00:00'),
(71, 71, 72, 1, 'Review content 071', 'PUBLIC', '2026-02-15 10:00:00', '2026-03-01 12:00:00'),
(72, 72, 73, 2, 'Review content 072', 'PUBLIC', '2026-02-15 10:00:00', '2026-03-01 12:00:00'),
(73, 73, 74, 3, 'Review content 073', 'PUBLIC', '2026-02-15 10:00:00', '2026-03-01 12:00:00'),
(74, 74, 75, 4, 'Review content 074', 'PUBLIC', '2026-02-15 10:00:00', '2026-03-01 12:00:00'),
(75, 75, 76, 5, 'Review content 075', 'PUBLIC', '2026-02-15 10:00:00', '2026-03-01 12:00:00'),
(76, 76, 77, 1, 'Review content 076', 'PUBLIC', '2026-02-15 10:00:00', '2026-03-01 12:00:00'),
(77, 77, 78, 2, 'Review content 077', 'PUBLIC', '2026-02-15 10:00:00', '2026-03-01 12:00:00'),
(78, 78, 79, 3, 'Review content 078', 'BLINDED', '2026-02-15 10:00:00', '2026-03-01 12:00:00'),
(79, 79, 80, 4, 'Review content 079', 'PUBLIC', '2026-02-15 10:00:00', '2026-03-01 12:00:00'),
(80, 80, 81, 5, 'Review content 080', 'PUBLIC', '2026-02-15 10:00:00', '2026-03-01 12:00:00'),
(81, 81, 82, 1, 'Review content 081', 'PUBLIC', '2026-02-15 10:00:00', '2026-03-01 12:00:00'),
(82, 82, 83, 2, 'Review content 082', 'PUBLIC', '2026-02-15 10:00:00', '2026-03-01 12:00:00'),
(83, 83, 84, 3, 'Review content 083', 'PUBLIC', '2026-02-15 10:00:00', '2026-03-01 12:00:00'),
(84, 84, 85, 4, 'Review content 084', 'PUBLIC', '2026-02-15 10:00:00', '2026-03-01 12:00:00'),
(85, 85, 86, 5, 'Review content 085', 'PUBLIC', '2026-02-15 10:00:00', '2026-03-01 12:00:00'),
(86, 86, 87, 1, 'Review content 086', 'PUBLIC', '2026-02-15 10:00:00', '2026-03-01 12:00:00'),
(87, 87, 88, 2, 'Review content 087', 'PUBLIC', '2026-02-15 10:00:00', '2026-03-01 12:00:00'),
(88, 88, 89, 3, 'Review content 088', 'PUBLIC', '2026-02-15 10:00:00', '2026-03-01 12:00:00'),
(89, 89, 90, 4, 'Review content 089', 'PUBLIC', '2026-02-15 10:00:00', '2026-03-01 12:00:00'),
(90, 90, 91, 5, 'Review content 090', 'PUBLIC', '2026-02-15 10:00:00', '2026-03-01 12:00:00'),
(91, 91, 92, 1, 'Review content 091', 'BLINDED', '2026-02-15 10:00:00', '2026-03-01 12:00:00'),
(92, 92, 93, 2, 'Review content 092', 'PUBLIC', '2026-02-15 10:00:00', '2026-03-01 12:00:00'),
(93, 93, 94, 3, 'Review content 093', 'PUBLIC', '2026-02-15 10:00:00', '2026-03-01 12:00:00'),
(94, 94, 95, 4, 'Review content 094', 'PUBLIC', '2026-02-15 10:00:00', '2026-03-01 12:00:00'),
(95, 95, 96, 5, 'Review content 095', 'PUBLIC', '2026-02-15 10:00:00', '2026-03-01 12:00:00'),
(96, 96, 97, 1, 'Review content 096', 'PUBLIC', '2026-02-15 10:00:00', '2026-03-01 12:00:00'),
(97, 97, 98, 2, 'Review content 097', 'PUBLIC', '2026-02-15 10:00:00', '2026-03-01 12:00:00'),
(98, 98, 99, 3, 'Review content 098', 'PUBLIC', '2026-02-15 10:00:00', '2026-03-01 12:00:00'),
(99, 99, 100, 4, 'Review content 099', 'PUBLIC', '2026-02-15 10:00:00', '2026-03-01 12:00:00'),
(100, 100, 101, 5, 'Review content 100', 'PUBLIC', '2026-02-15 10:00:00', '2026-03-01 12:00:00');

-- 18) inquiries (100)
INSERT INTO inquiries (inquiry_id, user_id, category, inquiry_title, content, status, created_at, updated_at) VALUES
(1, 2, 'EVENT', 'Inquiry title 001', 'Inquiry details 001', 'OPEN', '2026-02-10 14:00:00', '2026-03-01 12:00:00'),
(2, 3, 'PAYMENT', 'Inquiry title 002', 'Inquiry details 002', 'IN_PROGRESS', '2026-02-10 14:00:00', '2026-03-01 12:00:00'),
(3, 4, 'REFUND', 'Inquiry title 003', 'Inquiry details 003', 'CLOSED', '2026-02-10 14:00:00', '2026-03-01 12:00:00'),
(4, 5, 'ACCOUNT', 'Inquiry title 004', 'Inquiry details 004', 'OPEN', '2026-02-10 14:00:00', '2026-03-01 12:00:00'),
(5, 6, 'OTHER', 'Inquiry title 005', 'Inquiry details 005', 'IN_PROGRESS', '2026-02-10 14:00:00', '2026-03-01 12:00:00'),
(6, 7, 'EVENT', 'Inquiry title 006', 'Inquiry details 006', 'CLOSED', '2026-02-10 14:00:00', '2026-03-01 12:00:00'),
(7, 8, 'PAYMENT', 'Inquiry title 007', 'Inquiry details 007', 'OPEN', '2026-02-10 14:00:00', '2026-03-01 12:00:00'),
(8, 9, 'REFUND', 'Inquiry title 008', 'Inquiry details 008', 'IN_PROGRESS', '2026-02-10 14:00:00', '2026-03-01 12:00:00'),
(9, 10, 'ACCOUNT', 'Inquiry title 009', 'Inquiry details 009', 'CLOSED', '2026-02-10 14:00:00', '2026-03-01 12:00:00'),
(10, 11, 'OTHER', 'Inquiry title 010', 'Inquiry details 010', 'OPEN', '2026-02-10 14:00:00', '2026-03-01 12:00:00'),
(11, 12, 'EVENT', 'Inquiry title 011', 'Inquiry details 011', 'IN_PROGRESS', '2026-02-10 14:00:00', '2026-03-01 12:00:00'),
(12, 13, 'PAYMENT', 'Inquiry title 012', 'Inquiry details 012', 'CLOSED', '2026-02-10 14:00:00', '2026-03-01 12:00:00'),
(13, 14, 'REFUND', 'Inquiry title 013', 'Inquiry details 013', 'OPEN', '2026-02-10 14:00:00', '2026-03-01 12:00:00'),
(14, 15, 'ACCOUNT', 'Inquiry title 014', 'Inquiry details 014', 'IN_PROGRESS', '2026-02-10 14:00:00', '2026-03-01 12:00:00'),
(15, 16, 'OTHER', 'Inquiry title 015', 'Inquiry details 015', 'CLOSED', '2026-02-10 14:00:00', '2026-03-01 12:00:00'),
(16, 17, 'EVENT', 'Inquiry title 016', 'Inquiry details 016', 'OPEN', '2026-02-10 14:00:00', '2026-03-01 12:00:00'),
(17, 18, 'PAYMENT', 'Inquiry title 017', 'Inquiry details 017', 'IN_PROGRESS', '2026-02-10 14:00:00', '2026-03-01 12:00:00'),
(18, 19, 'REFUND', 'Inquiry title 018', 'Inquiry details 018', 'CLOSED', '2026-02-10 14:00:00', '2026-03-01 12:00:00'),
(19, 20, 'ACCOUNT', 'Inquiry title 019', 'Inquiry details 019', 'OPEN', '2026-02-10 14:00:00', '2026-03-01 12:00:00'),
(20, 21, 'OTHER', 'Inquiry title 020', 'Inquiry details 020', 'IN_PROGRESS', '2026-02-10 14:00:00', '2026-03-01 12:00:00'),
(21, 22, 'EVENT', 'Inquiry title 021', 'Inquiry details 021', 'CLOSED', '2026-02-10 14:00:00', '2026-03-01 12:00:00'),
(22, 23, 'PAYMENT', 'Inquiry title 022', 'Inquiry details 022', 'OPEN', '2026-02-10 14:00:00', '2026-03-01 12:00:00'),
(23, 24, 'REFUND', 'Inquiry title 023', 'Inquiry details 023', 'IN_PROGRESS', '2026-02-10 14:00:00', '2026-03-01 12:00:00'),
(24, 25, 'ACCOUNT', 'Inquiry title 024', 'Inquiry details 024', 'CLOSED', '2026-02-10 14:00:00', '2026-03-01 12:00:00'),
(25, 26, 'OTHER', 'Inquiry title 025', 'Inquiry details 025', 'OPEN', '2026-02-10 14:00:00', '2026-03-01 12:00:00'),
(26, 27, 'EVENT', 'Inquiry title 026', 'Inquiry details 026', 'IN_PROGRESS', '2026-02-10 14:00:00', '2026-03-01 12:00:00'),
(27, 28, 'PAYMENT', 'Inquiry title 027', 'Inquiry details 027', 'CLOSED', '2026-02-10 14:00:00', '2026-03-01 12:00:00'),
(28, 29, 'REFUND', 'Inquiry title 028', 'Inquiry details 028', 'OPEN', '2026-02-10 14:00:00', '2026-03-01 12:00:00'),
(29, 30, 'ACCOUNT', 'Inquiry title 029', 'Inquiry details 029', 'IN_PROGRESS', '2026-02-10 14:00:00', '2026-03-01 12:00:00'),
(30, 31, 'OTHER', 'Inquiry title 030', 'Inquiry details 030', 'CLOSED', '2026-02-10 14:00:00', '2026-03-01 12:00:00'),
(31, 32, 'EVENT', 'Inquiry title 031', 'Inquiry details 031', 'OPEN', '2026-02-10 14:00:00', '2026-03-01 12:00:00'),
(32, 33, 'PAYMENT', 'Inquiry title 032', 'Inquiry details 032', 'IN_PROGRESS', '2026-02-10 14:00:00', '2026-03-01 12:00:00'),
(33, 34, 'REFUND', 'Inquiry title 033', 'Inquiry details 033', 'CLOSED', '2026-02-10 14:00:00', '2026-03-01 12:00:00'),
(34, 35, 'ACCOUNT', 'Inquiry title 034', 'Inquiry details 034', 'OPEN', '2026-02-10 14:00:00', '2026-03-01 12:00:00'),
(35, 36, 'OTHER', 'Inquiry title 035', 'Inquiry details 035', 'IN_PROGRESS', '2026-02-10 14:00:00', '2026-03-01 12:00:00'),
(36, 37, 'EVENT', 'Inquiry title 036', 'Inquiry details 036', 'CLOSED', '2026-02-10 14:00:00', '2026-03-01 12:00:00'),
(37, 38, 'PAYMENT', 'Inquiry title 037', 'Inquiry details 037', 'OPEN', '2026-02-10 14:00:00', '2026-03-01 12:00:00'),
(38, 39, 'REFUND', 'Inquiry title 038', 'Inquiry details 038', 'IN_PROGRESS', '2026-02-10 14:00:00', '2026-03-01 12:00:00'),
(39, 40, 'ACCOUNT', 'Inquiry title 039', 'Inquiry details 039', 'CLOSED', '2026-02-10 14:00:00', '2026-03-01 12:00:00'),
(40, 41, 'OTHER', 'Inquiry title 040', 'Inquiry details 040', 'OPEN', '2026-02-10 14:00:00', '2026-03-01 12:00:00'),
(41, 42, 'EVENT', 'Inquiry title 041', 'Inquiry details 041', 'IN_PROGRESS', '2026-02-10 14:00:00', '2026-03-01 12:00:00'),
(42, 43, 'PAYMENT', 'Inquiry title 042', 'Inquiry details 042', 'CLOSED', '2026-02-10 14:00:00', '2026-03-01 12:00:00'),
(43, 44, 'REFUND', 'Inquiry title 043', 'Inquiry details 043', 'OPEN', '2026-02-10 14:00:00', '2026-03-01 12:00:00'),
(44, 45, 'ACCOUNT', 'Inquiry title 044', 'Inquiry details 044', 'IN_PROGRESS', '2026-02-10 14:00:00', '2026-03-01 12:00:00'),
(45, 46, 'OTHER', 'Inquiry title 045', 'Inquiry details 045', 'CLOSED', '2026-02-10 14:00:00', '2026-03-01 12:00:00'),
(46, 47, 'EVENT', 'Inquiry title 046', 'Inquiry details 046', 'OPEN', '2026-02-10 14:00:00', '2026-03-01 12:00:00'),
(47, 48, 'PAYMENT', 'Inquiry title 047', 'Inquiry details 047', 'IN_PROGRESS', '2026-02-10 14:00:00', '2026-03-01 12:00:00'),
(48, 49, 'REFUND', 'Inquiry title 048', 'Inquiry details 048', 'CLOSED', '2026-02-10 14:00:00', '2026-03-01 12:00:00'),
(49, 50, 'ACCOUNT', 'Inquiry title 049', 'Inquiry details 049', 'OPEN', '2026-02-10 14:00:00', '2026-03-01 12:00:00'),
(50, 51, 'OTHER', 'Inquiry title 050', 'Inquiry details 050', 'IN_PROGRESS', '2026-02-10 14:00:00', '2026-03-01 12:00:00'),
(51, 52, 'EVENT', 'Inquiry title 051', 'Inquiry details 051', 'CLOSED', '2026-02-10 14:00:00', '2026-03-01 12:00:00'),
(52, 53, 'PAYMENT', 'Inquiry title 052', 'Inquiry details 052', 'OPEN', '2026-02-10 14:00:00', '2026-03-01 12:00:00'),
(53, 54, 'REFUND', 'Inquiry title 053', 'Inquiry details 053', 'IN_PROGRESS', '2026-02-10 14:00:00', '2026-03-01 12:00:00'),
(54, 55, 'ACCOUNT', 'Inquiry title 054', 'Inquiry details 054', 'CLOSED', '2026-02-10 14:00:00', '2026-03-01 12:00:00'),
(55, 56, 'OTHER', 'Inquiry title 055', 'Inquiry details 055', 'OPEN', '2026-02-10 14:00:00', '2026-03-01 12:00:00'),
(56, 57, 'EVENT', 'Inquiry title 056', 'Inquiry details 056', 'IN_PROGRESS', '2026-02-10 14:00:00', '2026-03-01 12:00:00'),
(57, 58, 'PAYMENT', 'Inquiry title 057', 'Inquiry details 057', 'CLOSED', '2026-02-10 14:00:00', '2026-03-01 12:00:00'),
(58, 59, 'REFUND', 'Inquiry title 058', 'Inquiry details 058', 'OPEN', '2026-02-10 14:00:00', '2026-03-01 12:00:00'),
(59, 60, 'ACCOUNT', 'Inquiry title 059', 'Inquiry details 059', 'IN_PROGRESS', '2026-02-10 14:00:00', '2026-03-01 12:00:00'),
(60, 61, 'OTHER', 'Inquiry title 060', 'Inquiry details 060', 'CLOSED', '2026-02-10 14:00:00', '2026-03-01 12:00:00'),
(61, 62, 'EVENT', 'Inquiry title 061', 'Inquiry details 061', 'OPEN', '2026-02-10 14:00:00', '2026-03-01 12:00:00'),
(62, 63, 'PAYMENT', 'Inquiry title 062', 'Inquiry details 062', 'IN_PROGRESS', '2026-02-10 14:00:00', '2026-03-01 12:00:00'),
(63, 64, 'REFUND', 'Inquiry title 063', 'Inquiry details 063', 'CLOSED', '2026-02-10 14:00:00', '2026-03-01 12:00:00'),
(64, 65, 'ACCOUNT', 'Inquiry title 064', 'Inquiry details 064', 'OPEN', '2026-02-10 14:00:00', '2026-03-01 12:00:00'),
(65, 66, 'OTHER', 'Inquiry title 065', 'Inquiry details 065', 'IN_PROGRESS', '2026-02-10 14:00:00', '2026-03-01 12:00:00'),
(66, 67, 'EVENT', 'Inquiry title 066', 'Inquiry details 066', 'CLOSED', '2026-02-10 14:00:00', '2026-03-01 12:00:00'),
(67, 68, 'PAYMENT', 'Inquiry title 067', 'Inquiry details 067', 'OPEN', '2026-02-10 14:00:00', '2026-03-01 12:00:00'),
(68, 69, 'REFUND', 'Inquiry title 068', 'Inquiry details 068', 'IN_PROGRESS', '2026-02-10 14:00:00', '2026-03-01 12:00:00'),
(69, 70, 'ACCOUNT', 'Inquiry title 069', 'Inquiry details 069', 'CLOSED', '2026-02-10 14:00:00', '2026-03-01 12:00:00'),
(70, 71, 'OTHER', 'Inquiry title 070', 'Inquiry details 070', 'OPEN', '2026-02-10 14:00:00', '2026-03-01 12:00:00'),
(71, 72, 'EVENT', 'Inquiry title 071', 'Inquiry details 071', 'IN_PROGRESS', '2026-02-10 14:00:00', '2026-03-01 12:00:00'),
(72, 73, 'PAYMENT', 'Inquiry title 072', 'Inquiry details 072', 'CLOSED', '2026-02-10 14:00:00', '2026-03-01 12:00:00'),
(73, 74, 'REFUND', 'Inquiry title 073', 'Inquiry details 073', 'OPEN', '2026-02-10 14:00:00', '2026-03-01 12:00:00'),
(74, 75, 'ACCOUNT', 'Inquiry title 074', 'Inquiry details 074', 'IN_PROGRESS', '2026-02-10 14:00:00', '2026-03-01 12:00:00'),
(75, 76, 'OTHER', 'Inquiry title 075', 'Inquiry details 075', 'CLOSED', '2026-02-10 14:00:00', '2026-03-01 12:00:00'),
(76, 77, 'EVENT', 'Inquiry title 076', 'Inquiry details 076', 'OPEN', '2026-02-10 14:00:00', '2026-03-01 12:00:00'),
(77, 78, 'PAYMENT', 'Inquiry title 077', 'Inquiry details 077', 'IN_PROGRESS', '2026-02-10 14:00:00', '2026-03-01 12:00:00'),
(78, 79, 'REFUND', 'Inquiry title 078', 'Inquiry details 078', 'CLOSED', '2026-02-10 14:00:00', '2026-03-01 12:00:00'),
(79, 80, 'ACCOUNT', 'Inquiry title 079', 'Inquiry details 079', 'OPEN', '2026-02-10 14:00:00', '2026-03-01 12:00:00'),
(80, 81, 'OTHER', 'Inquiry title 080', 'Inquiry details 080', 'IN_PROGRESS', '2026-02-10 14:00:00', '2026-03-01 12:00:00'),
(81, 82, 'EVENT', 'Inquiry title 081', 'Inquiry details 081', 'CLOSED', '2026-02-10 14:00:00', '2026-03-01 12:00:00'),
(82, 83, 'PAYMENT', 'Inquiry title 082', 'Inquiry details 082', 'OPEN', '2026-02-10 14:00:00', '2026-03-01 12:00:00'),
(83, 84, 'REFUND', 'Inquiry title 083', 'Inquiry details 083', 'IN_PROGRESS', '2026-02-10 14:00:00', '2026-03-01 12:00:00'),
(84, 85, 'ACCOUNT', 'Inquiry title 084', 'Inquiry details 084', 'CLOSED', '2026-02-10 14:00:00', '2026-03-01 12:00:00'),
(85, 86, 'OTHER', 'Inquiry title 085', 'Inquiry details 085', 'OPEN', '2026-02-10 14:00:00', '2026-03-01 12:00:00'),
(86, 87, 'EVENT', 'Inquiry title 086', 'Inquiry details 086', 'IN_PROGRESS', '2026-02-10 14:00:00', '2026-03-01 12:00:00'),
(87, 88, 'PAYMENT', 'Inquiry title 087', 'Inquiry details 087', 'CLOSED', '2026-02-10 14:00:00', '2026-03-01 12:00:00'),
(88, 89, 'REFUND', 'Inquiry title 088', 'Inquiry details 088', 'OPEN', '2026-02-10 14:00:00', '2026-03-01 12:00:00'),
(89, 90, 'ACCOUNT', 'Inquiry title 089', 'Inquiry details 089', 'IN_PROGRESS', '2026-02-10 14:00:00', '2026-03-01 12:00:00'),
(90, 91, 'OTHER', 'Inquiry title 090', 'Inquiry details 090', 'CLOSED', '2026-02-10 14:00:00', '2026-03-01 12:00:00'),
(91, 92, 'EVENT', 'Inquiry title 091', 'Inquiry details 091', 'OPEN', '2026-02-10 14:00:00', '2026-03-01 12:00:00'),
(92, 93, 'PAYMENT', 'Inquiry title 092', 'Inquiry details 092', 'IN_PROGRESS', '2026-02-10 14:00:00', '2026-03-01 12:00:00'),
(93, 94, 'REFUND', 'Inquiry title 093', 'Inquiry details 093', 'CLOSED', '2026-02-10 14:00:00', '2026-03-01 12:00:00'),
(94, 95, 'ACCOUNT', 'Inquiry title 094', 'Inquiry details 094', 'OPEN', '2026-02-10 14:00:00', '2026-03-01 12:00:00'),
(95, 96, 'OTHER', 'Inquiry title 095', 'Inquiry details 095', 'IN_PROGRESS', '2026-02-10 14:00:00', '2026-03-01 12:00:00'),
(96, 97, 'EVENT', 'Inquiry title 096', 'Inquiry details 096', 'CLOSED', '2026-02-10 14:00:00', '2026-03-01 12:00:00'),
(97, 98, 'PAYMENT', 'Inquiry title 097', 'Inquiry details 097', 'OPEN', '2026-02-10 14:00:00', '2026-03-01 12:00:00'),
(98, 99, 'REFUND', 'Inquiry title 098', 'Inquiry details 098', 'IN_PROGRESS', '2026-02-10 14:00:00', '2026-03-01 12:00:00'),
(99, 100, 'ACCOUNT', 'Inquiry title 099', 'Inquiry details 099', 'CLOSED', '2026-02-10 14:00:00', '2026-03-01 12:00:00'),
(100, 101, 'OTHER', 'Inquiry title 100', 'Inquiry details 100', 'OPEN', '2026-02-10 14:00:00', '2026-03-01 12:00:00');

-- 19) inquiry_answers (100)
INSERT INTO inquiry_answers (answer_id, inquiry_id, admin_id, content, created_at) VALUES
(1, 1, 1, 'Inquiry answer 001', '2026-03-01 12:30:00'),
(2, 2, 1, 'Inquiry answer 002', '2026-03-01 12:30:00'),
(3, 3, 1, 'Inquiry answer 003', '2026-03-01 12:30:00'),
(4, 4, 1, 'Inquiry answer 004', '2026-03-01 12:30:00'),
(5, 5, 1, 'Inquiry answer 005', '2026-03-01 12:30:00'),
(6, 6, 1, 'Inquiry answer 006', '2026-03-01 12:30:00'),
(7, 7, 1, 'Inquiry answer 007', '2026-03-01 12:30:00'),
(8, 8, 1, 'Inquiry answer 008', '2026-03-01 12:30:00'),
(9, 9, 1, 'Inquiry answer 009', '2026-03-01 12:30:00'),
(10, 10, 1, 'Inquiry answer 010', '2026-03-01 12:30:00'),
(11, 11, 1, 'Inquiry answer 011', '2026-03-01 12:30:00'),
(12, 12, 1, 'Inquiry answer 012', '2026-03-01 12:30:00'),
(13, 13, 1, 'Inquiry answer 013', '2026-03-01 12:30:00'),
(14, 14, 1, 'Inquiry answer 014', '2026-03-01 12:30:00'),
(15, 15, 1, 'Inquiry answer 015', '2026-03-01 12:30:00'),
(16, 16, 1, 'Inquiry answer 016', '2026-03-01 12:30:00'),
(17, 17, 1, 'Inquiry answer 017', '2026-03-01 12:30:00'),
(18, 18, 1, 'Inquiry answer 018', '2026-03-01 12:30:00'),
(19, 19, 1, 'Inquiry answer 019', '2026-03-01 12:30:00'),
(20, 20, 1, 'Inquiry answer 020', '2026-03-01 12:30:00'),
(21, 21, 1, 'Inquiry answer 021', '2026-03-01 12:30:00'),
(22, 22, 1, 'Inquiry answer 022', '2026-03-01 12:30:00'),
(23, 23, 1, 'Inquiry answer 023', '2026-03-01 12:30:00'),
(24, 24, 1, 'Inquiry answer 024', '2026-03-01 12:30:00'),
(25, 25, 1, 'Inquiry answer 025', '2026-03-01 12:30:00'),
(26, 26, 1, 'Inquiry answer 026', '2026-03-01 12:30:00'),
(27, 27, 1, 'Inquiry answer 027', '2026-03-01 12:30:00'),
(28, 28, 1, 'Inquiry answer 028', '2026-03-01 12:30:00'),
(29, 29, 1, 'Inquiry answer 029', '2026-03-01 12:30:00'),
(30, 30, 1, 'Inquiry answer 030', '2026-03-01 12:30:00'),
(31, 31, 1, 'Inquiry answer 031', '2026-03-01 12:30:00'),
(32, 32, 1, 'Inquiry answer 032', '2026-03-01 12:30:00'),
(33, 33, 1, 'Inquiry answer 033', '2026-03-01 12:30:00'),
(34, 34, 1, 'Inquiry answer 034', '2026-03-01 12:30:00'),
(35, 35, 1, 'Inquiry answer 035', '2026-03-01 12:30:00'),
(36, 36, 1, 'Inquiry answer 036', '2026-03-01 12:30:00'),
(37, 37, 1, 'Inquiry answer 037', '2026-03-01 12:30:00'),
(38, 38, 1, 'Inquiry answer 038', '2026-03-01 12:30:00'),
(39, 39, 1, 'Inquiry answer 039', '2026-03-01 12:30:00'),
(40, 40, 1, 'Inquiry answer 040', '2026-03-01 12:30:00'),
(41, 41, 1, 'Inquiry answer 041', '2026-03-01 12:30:00'),
(42, 42, 1, 'Inquiry answer 042', '2026-03-01 12:30:00'),
(43, 43, 1, 'Inquiry answer 043', '2026-03-01 12:30:00'),
(44, 44, 1, 'Inquiry answer 044', '2026-03-01 12:30:00'),
(45, 45, 1, 'Inquiry answer 045', '2026-03-01 12:30:00'),
(46, 46, 1, 'Inquiry answer 046', '2026-03-01 12:30:00'),
(47, 47, 1, 'Inquiry answer 047', '2026-03-01 12:30:00'),
(48, 48, 1, 'Inquiry answer 048', '2026-03-01 12:30:00'),
(49, 49, 1, 'Inquiry answer 049', '2026-03-01 12:30:00'),
(50, 50, 1, 'Inquiry answer 050', '2026-03-01 12:30:00'),
(51, 51, 1, 'Inquiry answer 051', '2026-03-01 12:30:00'),
(52, 52, 1, 'Inquiry answer 052', '2026-03-01 12:30:00'),
(53, 53, 1, 'Inquiry answer 053', '2026-03-01 12:30:00'),
(54, 54, 1, 'Inquiry answer 054', '2026-03-01 12:30:00'),
(55, 55, 1, 'Inquiry answer 055', '2026-03-01 12:30:00'),
(56, 56, 1, 'Inquiry answer 056', '2026-03-01 12:30:00'),
(57, 57, 1, 'Inquiry answer 057', '2026-03-01 12:30:00'),
(58, 58, 1, 'Inquiry answer 058', '2026-03-01 12:30:00'),
(59, 59, 1, 'Inquiry answer 059', '2026-03-01 12:30:00'),
(60, 60, 1, 'Inquiry answer 060', '2026-03-01 12:30:00'),
(61, 61, 1, 'Inquiry answer 061', '2026-03-01 12:30:00'),
(62, 62, 1, 'Inquiry answer 062', '2026-03-01 12:30:00'),
(63, 63, 1, 'Inquiry answer 063', '2026-03-01 12:30:00'),
(64, 64, 1, 'Inquiry answer 064', '2026-03-01 12:30:00'),
(65, 65, 1, 'Inquiry answer 065', '2026-03-01 12:30:00'),
(66, 66, 1, 'Inquiry answer 066', '2026-03-01 12:30:00'),
(67, 67, 1, 'Inquiry answer 067', '2026-03-01 12:30:00'),
(68, 68, 1, 'Inquiry answer 068', '2026-03-01 12:30:00'),
(69, 69, 1, 'Inquiry answer 069', '2026-03-01 12:30:00'),
(70, 70, 1, 'Inquiry answer 070', '2026-03-01 12:30:00'),
(71, 71, 1, 'Inquiry answer 071', '2026-03-01 12:30:00'),
(72, 72, 1, 'Inquiry answer 072', '2026-03-01 12:30:00'),
(73, 73, 1, 'Inquiry answer 073', '2026-03-01 12:30:00'),
(74, 74, 1, 'Inquiry answer 074', '2026-03-01 12:30:00'),
(75, 75, 1, 'Inquiry answer 075', '2026-03-01 12:30:00'),
(76, 76, 1, 'Inquiry answer 076', '2026-03-01 12:30:00'),
(77, 77, 1, 'Inquiry answer 077', '2026-03-01 12:30:00'),
(78, 78, 1, 'Inquiry answer 078', '2026-03-01 12:30:00'),
(79, 79, 1, 'Inquiry answer 079', '2026-03-01 12:30:00'),
(80, 80, 1, 'Inquiry answer 080', '2026-03-01 12:30:00'),
(81, 81, 1, 'Inquiry answer 081', '2026-03-01 12:30:00'),
(82, 82, 1, 'Inquiry answer 082', '2026-03-01 12:30:00'),
(83, 83, 1, 'Inquiry answer 083', '2026-03-01 12:30:00'),
(84, 84, 1, 'Inquiry answer 084', '2026-03-01 12:30:00'),
(85, 85, 1, 'Inquiry answer 085', '2026-03-01 12:30:00'),
(86, 86, 1, 'Inquiry answer 086', '2026-03-01 12:30:00'),
(87, 87, 1, 'Inquiry answer 087', '2026-03-01 12:30:00'),
(88, 88, 1, 'Inquiry answer 088', '2026-03-01 12:30:00'),
(89, 89, 1, 'Inquiry answer 089', '2026-03-01 12:30:00'),
(90, 90, 1, 'Inquiry answer 090', '2026-03-01 12:30:00'),
(91, 91, 1, 'Inquiry answer 091', '2026-03-01 12:30:00'),
(92, 92, 1, 'Inquiry answer 092', '2026-03-01 12:30:00'),
(93, 93, 1, 'Inquiry answer 093', '2026-03-01 12:30:00'),
(94, 94, 1, 'Inquiry answer 094', '2026-03-01 12:30:00'),
(95, 95, 1, 'Inquiry answer 095', '2026-03-01 12:30:00'),
(96, 96, 1, 'Inquiry answer 096', '2026-03-01 12:30:00'),
(97, 97, 1, 'Inquiry answer 097', '2026-03-01 12:30:00'),
(98, 98, 1, 'Inquiry answer 098', '2026-03-01 12:30:00'),
(99, 99, 1, 'Inquiry answer 099', '2026-03-01 12:30:00'),
(100, 100, 1, 'Inquiry answer 100', '2026-03-01 12:30:00');

-- 20) admin_logs (100)
INSERT INTO admin_logs (log_id, admin_id, action, target_type, target_id, ip_address, result, error_code, created_at) VALUES
(1, 1, 'AUTO_ACTION_001', 'NOTICE', 1, '127.0.0.1', 'SUCCESS', NULL, '2026-03-01 12:45:00'),
(2, 1, 'AUTO_ACTION_002', 'EVENT', 2, '127.0.0.1', 'SUCCESS', NULL, '2026-03-01 12:45:00'),
(3, 1, 'AUTO_ACTION_003', 'GALLERY', 3, '127.0.0.1', 'SUCCESS', NULL, '2026-03-01 12:45:00'),
(4, 1, 'AUTO_ACTION_004', 'POST', 4, '127.0.0.1', 'SUCCESS', NULL, '2026-03-01 12:45:00'),
(5, 1, 'AUTO_ACTION_005', 'INQUIRY', 5, '127.0.0.1', 'SUCCESS', NULL, '2026-03-01 12:45:00'),
(6, 1, 'AUTO_ACTION_006', 'SYSTEM', 6, '127.0.0.1', 'SUCCESS', NULL, '2026-03-01 12:45:00'),
(7, 1, 'AUTO_ACTION_007', 'NOTICE', 7, '127.0.0.1', 'SUCCESS', NULL, '2026-03-01 12:45:00'),
(8, 1, 'AUTO_ACTION_008', 'EVENT', 8, '127.0.0.1', 'SUCCESS', NULL, '2026-03-01 12:45:00'),
(9, 1, 'AUTO_ACTION_009', 'GALLERY', 9, '127.0.0.1', 'SUCCESS', NULL, '2026-03-01 12:45:00'),
(10, 1, 'AUTO_ACTION_010', 'POST', 10, '127.0.0.1', 'FAIL', 'VALIDATION_ERROR', '2026-03-01 12:45:00'),
(11, 1, 'AUTO_ACTION_011', 'INQUIRY', 11, '127.0.0.1', 'SUCCESS', NULL, '2026-03-01 12:45:00'),
(12, 1, 'AUTO_ACTION_012', 'SYSTEM', 12, '127.0.0.1', 'SUCCESS', NULL, '2026-03-01 12:45:00'),
(13, 1, 'AUTO_ACTION_013', 'NOTICE', 13, '127.0.0.1', 'SUCCESS', NULL, '2026-03-01 12:45:00'),
(14, 1, 'AUTO_ACTION_014', 'EVENT', 14, '127.0.0.1', 'SUCCESS', NULL, '2026-03-01 12:45:00'),
(15, 1, 'AUTO_ACTION_015', 'GALLERY', 15, '127.0.0.1', 'SUCCESS', NULL, '2026-03-01 12:45:00'),
(16, 1, 'AUTO_ACTION_016', 'POST', 16, '127.0.0.1', 'SUCCESS', NULL, '2026-03-01 12:45:00'),
(17, 1, 'AUTO_ACTION_017', 'INQUIRY', 17, '127.0.0.1', 'SUCCESS', NULL, '2026-03-01 12:45:00'),
(18, 1, 'AUTO_ACTION_018', 'SYSTEM', 18, '127.0.0.1', 'SUCCESS', NULL, '2026-03-01 12:45:00'),
(19, 1, 'AUTO_ACTION_019', 'NOTICE', 19, '127.0.0.1', 'SUCCESS', NULL, '2026-03-01 12:45:00'),
(20, 1, 'AUTO_ACTION_020', 'EVENT', 20, '127.0.0.1', 'FAIL', 'VALIDATION_ERROR', '2026-03-01 12:45:00'),
(21, 1, 'AUTO_ACTION_021', 'GALLERY', 21, '127.0.0.1', 'SUCCESS', NULL, '2026-03-01 12:45:00'),
(22, 1, 'AUTO_ACTION_022', 'POST', 22, '127.0.0.1', 'SUCCESS', NULL, '2026-03-01 12:45:00'),
(23, 1, 'AUTO_ACTION_023', 'INQUIRY', 23, '127.0.0.1', 'SUCCESS', NULL, '2026-03-01 12:45:00'),
(24, 1, 'AUTO_ACTION_024', 'SYSTEM', 24, '127.0.0.1', 'SUCCESS', NULL, '2026-03-01 12:45:00'),
(25, 1, 'AUTO_ACTION_025', 'NOTICE', 25, '127.0.0.1', 'SUCCESS', NULL, '2026-03-01 12:45:00'),
(26, 1, 'AUTO_ACTION_026', 'EVENT', 26, '127.0.0.1', 'SUCCESS', NULL, '2026-03-01 12:45:00'),
(27, 1, 'AUTO_ACTION_027', 'GALLERY', 27, '127.0.0.1', 'SUCCESS', NULL, '2026-03-01 12:45:00'),
(28, 1, 'AUTO_ACTION_028', 'POST', 28, '127.0.0.1', 'SUCCESS', NULL, '2026-03-01 12:45:00'),
(29, 1, 'AUTO_ACTION_029', 'INQUIRY', 29, '127.0.0.1', 'SUCCESS', NULL, '2026-03-01 12:45:00'),
(30, 1, 'AUTO_ACTION_030', 'SYSTEM', 30, '127.0.0.1', 'FAIL', 'VALIDATION_ERROR', '2026-03-01 12:45:00'),
(31, 1, 'AUTO_ACTION_031', 'NOTICE', 31, '127.0.0.1', 'SUCCESS', NULL, '2026-03-01 12:45:00'),
(32, 1, 'AUTO_ACTION_032', 'EVENT', 32, '127.0.0.1', 'SUCCESS', NULL, '2026-03-01 12:45:00'),
(33, 1, 'AUTO_ACTION_033', 'GALLERY', 33, '127.0.0.1', 'SUCCESS', NULL, '2026-03-01 12:45:00'),
(34, 1, 'AUTO_ACTION_034', 'POST', 34, '127.0.0.1', 'SUCCESS', NULL, '2026-03-01 12:45:00'),
(35, 1, 'AUTO_ACTION_035', 'INQUIRY', 35, '127.0.0.1', 'SUCCESS', NULL, '2026-03-01 12:45:00'),
(36, 1, 'AUTO_ACTION_036', 'SYSTEM', 36, '127.0.0.1', 'SUCCESS', NULL, '2026-03-01 12:45:00'),
(37, 1, 'AUTO_ACTION_037', 'NOTICE', 37, '127.0.0.1', 'SUCCESS', NULL, '2026-03-01 12:45:00'),
(38, 1, 'AUTO_ACTION_038', 'EVENT', 38, '127.0.0.1', 'SUCCESS', NULL, '2026-03-01 12:45:00'),
(39, 1, 'AUTO_ACTION_039', 'GALLERY', 39, '127.0.0.1', 'SUCCESS', NULL, '2026-03-01 12:45:00'),
(40, 1, 'AUTO_ACTION_040', 'POST', 40, '127.0.0.1', 'FAIL', 'VALIDATION_ERROR', '2026-03-01 12:45:00'),
(41, 1, 'AUTO_ACTION_041', 'INQUIRY', 41, '127.0.0.1', 'SUCCESS', NULL, '2026-03-01 12:45:00'),
(42, 1, 'AUTO_ACTION_042', 'SYSTEM', 42, '127.0.0.1', 'SUCCESS', NULL, '2026-03-01 12:45:00'),
(43, 1, 'AUTO_ACTION_043', 'NOTICE', 43, '127.0.0.1', 'SUCCESS', NULL, '2026-03-01 12:45:00'),
(44, 1, 'AUTO_ACTION_044', 'EVENT', 44, '127.0.0.1', 'SUCCESS', NULL, '2026-03-01 12:45:00'),
(45, 1, 'AUTO_ACTION_045', 'GALLERY', 45, '127.0.0.1', 'SUCCESS', NULL, '2026-03-01 12:45:00'),
(46, 1, 'AUTO_ACTION_046', 'POST', 46, '127.0.0.1', 'SUCCESS', NULL, '2026-03-01 12:45:00'),
(47, 1, 'AUTO_ACTION_047', 'INQUIRY', 47, '127.0.0.1', 'SUCCESS', NULL, '2026-03-01 12:45:00'),
(48, 1, 'AUTO_ACTION_048', 'SYSTEM', 48, '127.0.0.1', 'SUCCESS', NULL, '2026-03-01 12:45:00'),
(49, 1, 'AUTO_ACTION_049', 'NOTICE', 49, '127.0.0.1', 'SUCCESS', NULL, '2026-03-01 12:45:00'),
(50, 1, 'AUTO_ACTION_050', 'EVENT', 50, '127.0.0.1', 'FAIL', 'VALIDATION_ERROR', '2026-03-01 12:45:00'),
(51, 1, 'AUTO_ACTION_051', 'GALLERY', 51, '127.0.0.1', 'SUCCESS', NULL, '2026-03-01 12:45:00'),
(52, 1, 'AUTO_ACTION_052', 'POST', 52, '127.0.0.1', 'SUCCESS', NULL, '2026-03-01 12:45:00'),
(53, 1, 'AUTO_ACTION_053', 'INQUIRY', 53, '127.0.0.1', 'SUCCESS', NULL, '2026-03-01 12:45:00'),
(54, 1, 'AUTO_ACTION_054', 'SYSTEM', 54, '127.0.0.1', 'SUCCESS', NULL, '2026-03-01 12:45:00'),
(55, 1, 'AUTO_ACTION_055', 'NOTICE', 55, '127.0.0.1', 'SUCCESS', NULL, '2026-03-01 12:45:00'),
(56, 1, 'AUTO_ACTION_056', 'EVENT', 56, '127.0.0.1', 'SUCCESS', NULL, '2026-03-01 12:45:00'),
(57, 1, 'AUTO_ACTION_057', 'GALLERY', 57, '127.0.0.1', 'SUCCESS', NULL, '2026-03-01 12:45:00'),
(58, 1, 'AUTO_ACTION_058', 'POST', 58, '127.0.0.1', 'SUCCESS', NULL, '2026-03-01 12:45:00'),
(59, 1, 'AUTO_ACTION_059', 'INQUIRY', 59, '127.0.0.1', 'SUCCESS', NULL, '2026-03-01 12:45:00'),
(60, 1, 'AUTO_ACTION_060', 'SYSTEM', 60, '127.0.0.1', 'FAIL', 'VALIDATION_ERROR', '2026-03-01 12:45:00'),
(61, 1, 'AUTO_ACTION_061', 'NOTICE', 61, '127.0.0.1', 'SUCCESS', NULL, '2026-03-01 12:45:00'),
(62, 1, 'AUTO_ACTION_062', 'EVENT', 62, '127.0.0.1', 'SUCCESS', NULL, '2026-03-01 12:45:00'),
(63, 1, 'AUTO_ACTION_063', 'GALLERY', 63, '127.0.0.1', 'SUCCESS', NULL, '2026-03-01 12:45:00'),
(64, 1, 'AUTO_ACTION_064', 'POST', 64, '127.0.0.1', 'SUCCESS', NULL, '2026-03-01 12:45:00'),
(65, 1, 'AUTO_ACTION_065', 'INQUIRY', 65, '127.0.0.1', 'SUCCESS', NULL, '2026-03-01 12:45:00'),
(66, 1, 'AUTO_ACTION_066', 'SYSTEM', 66, '127.0.0.1', 'SUCCESS', NULL, '2026-03-01 12:45:00'),
(67, 1, 'AUTO_ACTION_067', 'NOTICE', 67, '127.0.0.1', 'SUCCESS', NULL, '2026-03-01 12:45:00'),
(68, 1, 'AUTO_ACTION_068', 'EVENT', 68, '127.0.0.1', 'SUCCESS', NULL, '2026-03-01 12:45:00'),
(69, 1, 'AUTO_ACTION_069', 'GALLERY', 69, '127.0.0.1', 'SUCCESS', NULL, '2026-03-01 12:45:00'),
(70, 1, 'AUTO_ACTION_070', 'POST', 70, '127.0.0.1', 'FAIL', 'VALIDATION_ERROR', '2026-03-01 12:45:00'),
(71, 1, 'AUTO_ACTION_071', 'INQUIRY', 71, '127.0.0.1', 'SUCCESS', NULL, '2026-03-01 12:45:00'),
(72, 1, 'AUTO_ACTION_072', 'SYSTEM', 72, '127.0.0.1', 'SUCCESS', NULL, '2026-03-01 12:45:00'),
(73, 1, 'AUTO_ACTION_073', 'NOTICE', 73, '127.0.0.1', 'SUCCESS', NULL, '2026-03-01 12:45:00'),
(74, 1, 'AUTO_ACTION_074', 'EVENT', 74, '127.0.0.1', 'SUCCESS', NULL, '2026-03-01 12:45:00'),
(75, 1, 'AUTO_ACTION_075', 'GALLERY', 75, '127.0.0.1', 'SUCCESS', NULL, '2026-03-01 12:45:00'),
(76, 1, 'AUTO_ACTION_076', 'POST', 76, '127.0.0.1', 'SUCCESS', NULL, '2026-03-01 12:45:00'),
(77, 1, 'AUTO_ACTION_077', 'INQUIRY', 77, '127.0.0.1', 'SUCCESS', NULL, '2026-03-01 12:45:00'),
(78, 1, 'AUTO_ACTION_078', 'SYSTEM', 78, '127.0.0.1', 'SUCCESS', NULL, '2026-03-01 12:45:00'),
(79, 1, 'AUTO_ACTION_079', 'NOTICE', 79, '127.0.0.1', 'SUCCESS', NULL, '2026-03-01 12:45:00'),
(80, 1, 'AUTO_ACTION_080', 'EVENT', 80, '127.0.0.1', 'FAIL', 'VALIDATION_ERROR', '2026-03-01 12:45:00'),
(81, 1, 'AUTO_ACTION_081', 'GALLERY', 81, '127.0.0.1', 'SUCCESS', NULL, '2026-03-01 12:45:00'),
(82, 1, 'AUTO_ACTION_082', 'POST', 82, '127.0.0.1', 'SUCCESS', NULL, '2026-03-01 12:45:00'),
(83, 1, 'AUTO_ACTION_083', 'INQUIRY', 83, '127.0.0.1', 'SUCCESS', NULL, '2026-03-01 12:45:00'),
(84, 1, 'AUTO_ACTION_084', 'SYSTEM', 84, '127.0.0.1', 'SUCCESS', NULL, '2026-03-01 12:45:00'),
(85, 1, 'AUTO_ACTION_085', 'NOTICE', 85, '127.0.0.1', 'SUCCESS', NULL, '2026-03-01 12:45:00'),
(86, 1, 'AUTO_ACTION_086', 'EVENT', 86, '127.0.0.1', 'SUCCESS', NULL, '2026-03-01 12:45:00'),
(87, 1, 'AUTO_ACTION_087', 'GALLERY', 87, '127.0.0.1', 'SUCCESS', NULL, '2026-03-01 12:45:00'),
(88, 1, 'AUTO_ACTION_088', 'POST', 88, '127.0.0.1', 'SUCCESS', NULL, '2026-03-01 12:45:00'),
(89, 1, 'AUTO_ACTION_089', 'INQUIRY', 89, '127.0.0.1', 'SUCCESS', NULL, '2026-03-01 12:45:00'),
(90, 1, 'AUTO_ACTION_090', 'SYSTEM', 90, '127.0.0.1', 'FAIL', 'VALIDATION_ERROR', '2026-03-01 12:45:00'),
(91, 1, 'AUTO_ACTION_091', 'NOTICE', 91, '127.0.0.1', 'SUCCESS', NULL, '2026-03-01 12:45:00'),
(92, 1, 'AUTO_ACTION_092', 'EVENT', 92, '127.0.0.1', 'SUCCESS', NULL, '2026-03-01 12:45:00'),
(93, 1, 'AUTO_ACTION_093', 'GALLERY', 93, '127.0.0.1', 'SUCCESS', NULL, '2026-03-01 12:45:00'),
(94, 1, 'AUTO_ACTION_094', 'POST', 94, '127.0.0.1', 'SUCCESS', NULL, '2026-03-01 12:45:00'),
(95, 1, 'AUTO_ACTION_095', 'INQUIRY', 95, '127.0.0.1', 'SUCCESS', NULL, '2026-03-01 12:45:00'),
(96, 1, 'AUTO_ACTION_096', 'SYSTEM', 96, '127.0.0.1', 'SUCCESS', NULL, '2026-03-01 12:45:00'),
(97, 1, 'AUTO_ACTION_097', 'NOTICE', 97, '127.0.0.1', 'SUCCESS', NULL, '2026-03-01 12:45:00'),
(98, 1, 'AUTO_ACTION_098', 'EVENT', 98, '127.0.0.1', 'SUCCESS', NULL, '2026-03-01 12:45:00'),
(99, 1, 'AUTO_ACTION_099', 'GALLERY', 99, '127.0.0.1', 'SUCCESS', NULL, '2026-03-01 12:45:00'),
(100, 1, 'AUTO_ACTION_100', 'POST', 100, '127.0.0.1', 'FAIL', 'VALIDATION_ERROR', '2026-03-01 12:45:00');

-- 21) refresh_token (100)
INSERT INTO refresh_token (refresh_token_id, user_id, token, expired_at, created_at) VALUES
(1, 1, 'refresh_token_001_v52', '2026-12-31 23:59:59', '2026-03-01 12:50:00'),
(2, 2, 'refresh_token_002_v52', '2026-12-31 23:59:59', '2026-03-01 12:50:00'),
(3, 3, 'refresh_token_003_v52', '2026-12-31 23:59:59', '2026-03-01 12:50:00'),
(4, 4, 'refresh_token_004_v52', '2026-12-31 23:59:59', '2026-03-01 12:50:00'),
(5, 5, 'refresh_token_005_v52', '2026-12-31 23:59:59', '2026-03-01 12:50:00'),
(6, 6, 'refresh_token_006_v52', '2026-12-31 23:59:59', '2026-03-01 12:50:00'),
(7, 7, 'refresh_token_007_v52', '2026-12-31 23:59:59', '2026-03-01 12:50:00'),
(8, 8, 'refresh_token_008_v52', '2026-12-31 23:59:59', '2026-03-01 12:50:00'),
(9, 9, 'refresh_token_009_v52', '2026-12-31 23:59:59', '2026-03-01 12:50:00'),
(10, 10, 'refresh_token_010_v52', '2026-12-31 23:59:59', '2026-03-01 12:50:00'),
(11, 11, 'refresh_token_011_v52', '2026-12-31 23:59:59', '2026-03-01 12:50:00'),
(12, 12, 'refresh_token_012_v52', '2026-12-31 23:59:59', '2026-03-01 12:50:00'),
(13, 13, 'refresh_token_013_v52', '2026-12-31 23:59:59', '2026-03-01 12:50:00'),
(14, 14, 'refresh_token_014_v52', '2026-12-31 23:59:59', '2026-03-01 12:50:00'),
(15, 15, 'refresh_token_015_v52', '2026-12-31 23:59:59', '2026-03-01 12:50:00'),
(16, 16, 'refresh_token_016_v52', '2026-12-31 23:59:59', '2026-03-01 12:50:00'),
(17, 17, 'refresh_token_017_v52', '2026-12-31 23:59:59', '2026-03-01 12:50:00'),
(18, 18, 'refresh_token_018_v52', '2026-12-31 23:59:59', '2026-03-01 12:50:00'),
(19, 19, 'refresh_token_019_v52', '2026-12-31 23:59:59', '2026-03-01 12:50:00'),
(20, 20, 'refresh_token_020_v52', '2026-12-31 23:59:59', '2026-03-01 12:50:00'),
(21, 21, 'refresh_token_021_v52', '2026-12-31 23:59:59', '2026-03-01 12:50:00'),
(22, 22, 'refresh_token_022_v52', '2026-12-31 23:59:59', '2026-03-01 12:50:00'),
(23, 23, 'refresh_token_023_v52', '2026-12-31 23:59:59', '2026-03-01 12:50:00'),
(24, 24, 'refresh_token_024_v52', '2026-12-31 23:59:59', '2026-03-01 12:50:00'),
(25, 25, 'refresh_token_025_v52', '2026-12-31 23:59:59', '2026-03-01 12:50:00'),
(26, 26, 'refresh_token_026_v52', '2026-12-31 23:59:59', '2026-03-01 12:50:00'),
(27, 27, 'refresh_token_027_v52', '2026-12-31 23:59:59', '2026-03-01 12:50:00'),
(28, 28, 'refresh_token_028_v52', '2026-12-31 23:59:59', '2026-03-01 12:50:00'),
(29, 29, 'refresh_token_029_v52', '2026-12-31 23:59:59', '2026-03-01 12:50:00'),
(30, 30, 'refresh_token_030_v52', '2026-12-31 23:59:59', '2026-03-01 12:50:00'),
(31, 31, 'refresh_token_031_v52', '2026-12-31 23:59:59', '2026-03-01 12:50:00'),
(32, 32, 'refresh_token_032_v52', '2026-12-31 23:59:59', '2026-03-01 12:50:00'),
(33, 33, 'refresh_token_033_v52', '2026-12-31 23:59:59', '2026-03-01 12:50:00'),
(34, 34, 'refresh_token_034_v52', '2026-12-31 23:59:59', '2026-03-01 12:50:00'),
(35, 35, 'refresh_token_035_v52', '2026-12-31 23:59:59', '2026-03-01 12:50:00'),
(36, 36, 'refresh_token_036_v52', '2026-12-31 23:59:59', '2026-03-01 12:50:00'),
(37, 37, 'refresh_token_037_v52', '2026-12-31 23:59:59', '2026-03-01 12:50:00'),
(38, 38, 'refresh_token_038_v52', '2026-12-31 23:59:59', '2026-03-01 12:50:00'),
(39, 39, 'refresh_token_039_v52', '2026-12-31 23:59:59', '2026-03-01 12:50:00'),
(40, 40, 'refresh_token_040_v52', '2026-12-31 23:59:59', '2026-03-01 12:50:00'),
(41, 41, 'refresh_token_041_v52', '2026-12-31 23:59:59', '2026-03-01 12:50:00'),
(42, 42, 'refresh_token_042_v52', '2026-12-31 23:59:59', '2026-03-01 12:50:00'),
(43, 43, 'refresh_token_043_v52', '2026-12-31 23:59:59', '2026-03-01 12:50:00'),
(44, 44, 'refresh_token_044_v52', '2026-12-31 23:59:59', '2026-03-01 12:50:00'),
(45, 45, 'refresh_token_045_v52', '2026-12-31 23:59:59', '2026-03-01 12:50:00'),
(46, 46, 'refresh_token_046_v52', '2026-12-31 23:59:59', '2026-03-01 12:50:00'),
(47, 47, 'refresh_token_047_v52', '2026-12-31 23:59:59', '2026-03-01 12:50:00'),
(48, 48, 'refresh_token_048_v52', '2026-12-31 23:59:59', '2026-03-01 12:50:00'),
(49, 49, 'refresh_token_049_v52', '2026-12-31 23:59:59', '2026-03-01 12:50:00'),
(50, 50, 'refresh_token_050_v52', '2026-12-31 23:59:59', '2026-03-01 12:50:00'),
(51, 51, 'refresh_token_051_v52', '2026-12-31 23:59:59', '2026-03-01 12:50:00'),
(52, 52, 'refresh_token_052_v52', '2026-12-31 23:59:59', '2026-03-01 12:50:00'),
(53, 53, 'refresh_token_053_v52', '2026-12-31 23:59:59', '2026-03-01 12:50:00'),
(54, 54, 'refresh_token_054_v52', '2026-12-31 23:59:59', '2026-03-01 12:50:00'),
(55, 55, 'refresh_token_055_v52', '2026-12-31 23:59:59', '2026-03-01 12:50:00'),
(56, 56, 'refresh_token_056_v52', '2026-12-31 23:59:59', '2026-03-01 12:50:00'),
(57, 57, 'refresh_token_057_v52', '2026-12-31 23:59:59', '2026-03-01 12:50:00'),
(58, 58, 'refresh_token_058_v52', '2026-12-31 23:59:59', '2026-03-01 12:50:00'),
(59, 59, 'refresh_token_059_v52', '2026-12-31 23:59:59', '2026-03-01 12:50:00'),
(60, 60, 'refresh_token_060_v52', '2026-12-31 23:59:59', '2026-03-01 12:50:00'),
(61, 61, 'refresh_token_061_v52', '2026-12-31 23:59:59', '2026-03-01 12:50:00'),
(62, 62, 'refresh_token_062_v52', '2026-12-31 23:59:59', '2026-03-01 12:50:00'),
(63, 63, 'refresh_token_063_v52', '2026-12-31 23:59:59', '2026-03-01 12:50:00'),
(64, 64, 'refresh_token_064_v52', '2026-12-31 23:59:59', '2026-03-01 12:50:00'),
(65, 65, 'refresh_token_065_v52', '2026-12-31 23:59:59', '2026-03-01 12:50:00'),
(66, 66, 'refresh_token_066_v52', '2026-12-31 23:59:59', '2026-03-01 12:50:00'),
(67, 67, 'refresh_token_067_v52', '2026-12-31 23:59:59', '2026-03-01 12:50:00'),
(68, 68, 'refresh_token_068_v52', '2026-12-31 23:59:59', '2026-03-01 12:50:00'),
(69, 69, 'refresh_token_069_v52', '2026-12-31 23:59:59', '2026-03-01 12:50:00'),
(70, 70, 'refresh_token_070_v52', '2026-12-31 23:59:59', '2026-03-01 12:50:00'),
(71, 71, 'refresh_token_071_v52', '2026-12-31 23:59:59', '2026-03-01 12:50:00'),
(72, 72, 'refresh_token_072_v52', '2026-12-31 23:59:59', '2026-03-01 12:50:00'),
(73, 73, 'refresh_token_073_v52', '2026-12-31 23:59:59', '2026-03-01 12:50:00'),
(74, 74, 'refresh_token_074_v52', '2026-12-31 23:59:59', '2026-03-01 12:50:00'),
(75, 75, 'refresh_token_075_v52', '2026-12-31 23:59:59', '2026-03-01 12:50:00'),
(76, 76, 'refresh_token_076_v52', '2026-12-31 23:59:59', '2026-03-01 12:50:00'),
(77, 77, 'refresh_token_077_v52', '2026-12-31 23:59:59', '2026-03-01 12:50:00'),
(78, 78, 'refresh_token_078_v52', '2026-12-31 23:59:59', '2026-03-01 12:50:00'),
(79, 79, 'refresh_token_079_v52', '2026-12-31 23:59:59', '2026-03-01 12:50:00'),
(80, 80, 'refresh_token_080_v52', '2026-12-31 23:59:59', '2026-03-01 12:50:00'),
(81, 81, 'refresh_token_081_v52', '2026-12-31 23:59:59', '2026-03-01 12:50:00'),
(82, 82, 'refresh_token_082_v52', '2026-12-31 23:59:59', '2026-03-01 12:50:00'),
(83, 83, 'refresh_token_083_v52', '2026-12-31 23:59:59', '2026-03-01 12:50:00'),
(84, 84, 'refresh_token_084_v52', '2026-12-31 23:59:59', '2026-03-01 12:50:00'),
(85, 85, 'refresh_token_085_v52', '2026-12-31 23:59:59', '2026-03-01 12:50:00'),
(86, 86, 'refresh_token_086_v52', '2026-12-31 23:59:59', '2026-03-01 12:50:00'),
(87, 87, 'refresh_token_087_v52', '2026-12-31 23:59:59', '2026-03-01 12:50:00'),
(88, 88, 'refresh_token_088_v52', '2026-12-31 23:59:59', '2026-03-01 12:50:00'),
(89, 89, 'refresh_token_089_v52', '2026-12-31 23:59:59', '2026-03-01 12:50:00'),
(90, 90, 'refresh_token_090_v52', '2026-12-31 23:59:59', '2026-03-01 12:50:00'),
(91, 91, 'refresh_token_091_v52', '2026-12-31 23:59:59', '2026-03-01 12:50:00'),
(92, 92, 'refresh_token_092_v52', '2026-12-31 23:59:59', '2026-03-01 12:50:00'),
(93, 93, 'refresh_token_093_v52', '2026-12-31 23:59:59', '2026-03-01 12:50:00'),
(94, 94, 'refresh_token_094_v52', '2026-12-31 23:59:59', '2026-03-01 12:50:00'),
(95, 95, 'refresh_token_095_v52', '2026-12-31 23:59:59', '2026-03-01 12:50:00'),
(96, 96, 'refresh_token_096_v52', '2026-12-31 23:59:59', '2026-03-01 12:50:00'),
(97, 97, 'refresh_token_097_v52', '2026-12-31 23:59:59', '2026-03-01 12:50:00'),
(98, 98, 'refresh_token_098_v52', '2026-12-31 23:59:59', '2026-03-01 12:50:00'),
(99, 99, 'refresh_token_099_v52', '2026-12-31 23:59:59', '2026-03-01 12:50:00'),
(100, 100, 'refresh_token_100_v52', '2026-12-31 23:59:59', '2026-03-01 12:50:00');

-- =========================================================
-- v5.2 1-year operation extension seed (2025-03-01 ~ 2026-03-01)
-- =========================================================

DROP TEMPORARY TABLE IF EXISTS tmp_nums;
CREATE TEMPORARY TABLE tmp_nums (n INT PRIMARY KEY);
INSERT INTO tmp_nums (n)
SELECT ones.n + tens.n * 10 + hundreds.n * 100 + 1 AS n
FROM
  (SELECT 0 n UNION ALL SELECT 1 UNION ALL SELECT 2 UNION ALL SELECT 3 UNION ALL SELECT 4 UNION ALL SELECT 5 UNION ALL SELECT 6 UNION ALL SELECT 7 UNION ALL SELECT 8 UNION ALL SELECT 9) ones
CROSS JOIN
  (SELECT 0 n UNION ALL SELECT 1 UNION ALL SELECT 2 UNION ALL SELECT 3 UNION ALL SELECT 4 UNION ALL SELECT 5 UNION ALL SELECT 6 UNION ALL SELECT 7 UNION ALL SELECT 8 UNION ALL SELECT 9) tens
CROSS JOIN
  (SELECT 0 n UNION ALL SELECT 1 UNION ALL SELECT 2 UNION ALL SELECT 3 UNION ALL SELECT 4 UNION ALL SELECT 5 UNION ALL SELECT 6 UNION ALL SELECT 7 UNION ALL SELECT 8 UNION ALL SELECT 9) hundreds;

-- 22) speakers (120)
INSERT INTO speakers (speaker_name, speaker_bio, speaker_email, speaker_phone, created_at)
SELECT CONCAT('Speaker ', LPAD(n, 3, '0')),
       CONCAT('Session specialist #', LPAD(n, 3, '0')),
       CONCAT('speaker', LPAD(n, 3, '0'), '@pupoo.io'),
       CONCAT('02-700-', LPAD(n, 4, '0')),
       DATE_ADD('2025-03-01 09:00:00', INTERVAL n DAY)
FROM tmp_nums WHERE n <= 120;

INSERT INTO program_speakers (program_id, speaker_id, created_at)
SELECT n, n, DATE_ADD('2025-03-01 10:00:00', INTERVAL n DAY)
FROM tmp_nums WHERE n <= 100;

INSERT INTO booth_waits (booth_id, wait_count, wait_min, updated_at)
SELECT n, 5 + (n % 70), 2 + (n % 25), DATE_ADD('2026-02-01 09:00:00', INTERVAL n HOUR)
FROM tmp_nums WHERE n <= 100;

INSERT INTO experience_waits (program_id, wait_count, wait_min, updated_at)
SELECT n, 3 + (n % 50), 1 + (n % 18), DATE_ADD('2026-02-01 10:00:00', INTERVAL n HOUR)
FROM tmp_nums WHERE n <= 100;

INSERT INTO congestions (program_id, zone, place_name, congestion_level, measured_at)
SELECT ((n - 1) % 100) + 1,
       ELT(((n - 1) % 4) + 1, 'ZONE_A','ZONE_B','ZONE_C','OTHER'),
       CONCAT('Zone spot ', LPAD(((n - 1) % 100) + 1, 3, '0')),
       ((n - 1) % 5) + 1,
       DATE_ADD('2025-03-01 09:00:00', INTERVAL n HOUR)
FROM tmp_nums WHERE n <= 300;

INSERT INTO event_history (user_id, event_id, program_id, joined_at)
SELECT ((n - 1) % 100) + 2,
       ((n - 1) % 100) + 1,
       ((n - 1) % 100) + 1,
       DATE_ADD('2025-03-01 11:00:00', INTERVAL n DAY)
FROM tmp_nums WHERE n <= 400;

INSERT INTO program_participation_stats (user_id, program_id, participate_count, last_participated_at)
SELECT n + 1, n, 1 + (n % 12), DATE_ADD('2026-02-20 08:00:00', INTERVAL n HOUR)
FROM tmp_nums WHERE n <= 100;

INSERT INTO contest_votes (program_id, program_apply_id, user_id, voted_at, status, cancelled_at)
SELECT n, n, ((n + 20) % 100) + 2, DATE_ADD('2025-08-01 10:00:00', INTERVAL n DAY), 'ACTIVE', NULL
FROM tmp_nums WHERE n <= 100;

INSERT INTO post_comments (post_id, user_id, content, created_at, updated_at, is_deleted)
SELECT ((n - 1) % 100) + 1,
       ((n + 10) % 100) + 2,
       CONCAT('Post comment ', LPAD(n, 3, '0')),
       DATE_ADD('2025-03-01 13:00:00', INTERVAL n DAY),
       DATE_ADD('2025-03-01 13:30:00', INTERVAL n DAY),
       0
FROM tmp_nums WHERE n <= 300;

INSERT INTO board_banned_words (board_id, banned_word, created_at)
SELECT ((n - 1) % 3) + 1,
       CONCAT('ban_word_', LPAD(n, 2, '0')),
       DATE_ADD('2025-03-01 14:00:00', INTERVAL n DAY)
FROM tmp_nums WHERE n <= 30;

INSERT INTO content_reports (
  reporter_user_id, target_type, target_id, reason_code, reason_detail, reason,
  status, created_at, resolved_at, resolved_by_admin_id
)
SELECT ((n - 1) % 100) + 2,
       ELT(((n - 1) % 4) + 1, 'POST','REVIEW','POST_COMMENT','REVIEW_COMMENT'),
       n,
       ELT(((n - 1) % 9) + 1, 'SPAM','ABUSE','HATE','SEXUAL','VIOLENCE','PRIVACY','FRAUD','COPYRIGHT','OTHER'),
       CONCAT('detail-', n),
       CONCAT('report reason ', n),
       ELT(((n - 1) % 3) + 1, 'PENDING','ACCEPTED','REJECTED'),
       DATE_ADD('2025-04-01 11:00:00', INTERVAL n DAY),
       CASE WHEN (n % 3) = 1 THEN DATE_ADD('2025-04-02 11:00:00', INTERVAL n DAY) ELSE NULL END,
       CASE WHEN (n % 3) = 1 THEN 1 ELSE NULL END
FROM tmp_nums WHERE n <= 100;

INSERT INTO review_comments (review_id, user_id, content, created_at, updated_at, is_deleted)
SELECT ((n - 1) % 100) + 1,
       ((n + 30) % 100) + 2,
       CONCAT('Review comment ', LPAD(n, 3, '0')),
       DATE_ADD('2025-03-10 15:00:00', INTERVAL n DAY),
       DATE_ADD('2025-03-10 16:00:00', INTERVAL n DAY),
       0
FROM tmp_nums WHERE n <= 200;

INSERT INTO payments (user_id, event_id, event_apply_id, order_no, amount, payment_method, status, requested_at)
SELECT n + 1,
       n,
       n,
       CONCAT('ORD-2025-', LPAD(n, 5, '0')),
       CASE WHEN (n % 5) = 0 THEN 25000.00 WHEN (n % 3) = 0 THEN 15000.00 ELSE 10000.00 END,
       'KAKAOPAY',
       ELT(((n - 1) % 3) + 1, 'APPROVED','FAILED','CANCELLED'),
       DATE_ADD('2025-03-01 09:00:00', INTERVAL n DAY)
FROM tmp_nums WHERE n <= 100;

INSERT INTO payment_transactions (
  payment_id, pg_provider, pg_tid, pg_token, status, idempotency_key,
  raw_ready, raw_approve, raw_cancel, requested_at, approved_at, cancelled_at, failed_at, created_at, updated_at
)
SELECT n,
       'KAKAOPAY',
       CONCAT('TID-2025-', LPAD(n, 6, '0')),
       CONCAT('PGTK-', LPAD(n, 6, '0')),
       CASE WHEN (n % 3) = 1 THEN 'APPROVED' WHEN (n % 3) = 2 THEN 'FAILED' ELSE 'CANCELLED' END,
       CONCAT('idem-', LPAD(n, 6, '0')),
       JSON_OBJECT('step','ready','n',n),
       CASE WHEN (n % 3) = 1 THEN JSON_OBJECT('step','approve','n',n) ELSE NULL END,
       CASE WHEN (n % 3) = 0 THEN JSON_OBJECT('step','cancel','n',n) ELSE NULL END,
       DATE_ADD('2025-03-01 09:05:00', INTERVAL n DAY),
       CASE WHEN (n % 3) = 1 THEN DATE_ADD('2025-03-01 09:10:00', INTERVAL n DAY) ELSE NULL END,
       CASE WHEN (n % 3) = 0 THEN DATE_ADD('2025-03-01 09:15:00', INTERVAL n DAY) ELSE NULL END,
       CASE WHEN (n % 3) = 2 THEN DATE_ADD('2025-03-01 09:20:00', INTERVAL n DAY) ELSE NULL END,
       DATE_ADD('2025-03-01 09:05:00', INTERVAL n DAY),
       DATE_ADD('2025-03-01 09:25:00', INTERVAL n DAY)
FROM tmp_nums WHERE n <= 100;

INSERT INTO refunds (payment_id, refund_amount, reason, status, requested_at, completed_at, created_at, updated_at)
SELECT n,
       5000.00 + (n * 100),
       CONCAT('refund reason ', n),
       CASE WHEN (n % 3) = 0 THEN 'COMPLETED' WHEN (n % 3) = 1 THEN 'REQUESTED' ELSE 'REJECTED' END,
       DATE_ADD('2025-06-01 10:00:00', INTERVAL n DAY),
       CASE WHEN (n % 3) = 0 THEN DATE_ADD('2025-06-03 10:00:00', INTERVAL n DAY) ELSE NULL END,
       DATE_ADD('2025-06-01 10:00:00', INTERVAL n DAY),
       DATE_ADD('2025-06-04 10:00:00', INTERVAL n DAY)
FROM tmp_nums WHERE n <= 20;

INSERT INTO qr_codes (user_id, event_id, original_url, mime_type, issued_at, expired_at)
SELECT n + 1,
       n,
       CONCAT('/static/qr/qr-', LPAD(n, 4, '0'), '.png'),
       'png',
       DATE_ADD('2025-03-01 08:00:00', INTERVAL n DAY),
       DATE_ADD('2026-03-01 00:00:00', INTERVAL n DAY)
FROM tmp_nums WHERE n <= 100;

INSERT INTO qr_logs (qr_id, booth_id, check_type, checked_at)
SELECT ((n - 1) % 100) + 1,
       ((n + 4) % 100) + 1,
       IF((n % 2) = 0, 'CHECKIN', 'CHECKOUT'),
       DATE_ADD('2025-03-01 08:30:00', INTERVAL n HOUR)
FROM tmp_nums WHERE n <= 300;

INSERT INTO notification (type, notification_title, content, created_at)
SELECT ELT(((n - 1) % 5) + 1, 'EVENT','NOTICE','PAYMENT','APPLY','SYSTEM'),
       CONCAT('Notification title ', LPAD(n, 3, '0')),
       CONCAT('Notification content ', LPAD(n, 3, '0')),
       DATE_ADD('2025-03-01 07:00:00', INTERVAL n DAY)
FROM tmp_nums WHERE n <= 240;

INSERT INTO notification_send (notification_id, sender_id, sender_type, channel, sent_at)
SELECT n,
       CASE WHEN (n % 4) = 0 THEN 1 ELSE ((n - 1) % 100) + 2 END,
       CASE WHEN (n % 4) = 0 THEN 'ADMIN' ELSE 'SYSTEM' END,
       ELT(((n - 1) % 4) + 1, 'APP','EMAIL','SMS','PUSH'),
       DATE_ADD('2025-03-01 07:10:00', INTERVAL n DAY)
FROM tmp_nums WHERE n <= 240;

INSERT INTO notification_inbox (user_id, notification_id, created_at, target_type, target_id)
SELECT ((n - 1) % 100) + 2,
       ((n - 1) % 240) + 1,
       DATE_ADD('2025-03-01 07:20:00', INTERVAL n HOUR),
       CASE WHEN (n % 2) = 0 THEN 'EVENT' ELSE 'NOTICE' END,
       ((n - 1) % 100) + 1
FROM tmp_nums WHERE n <= 600;

INSERT INTO notification_settings (user_id, allow_marketing, updated_at)
SELECT n, IF((n % 3) = 0, 0, 1), DATE_ADD('2025-03-01 06:00:00', INTERVAL n DAY)
FROM tmp_nums WHERE n <= 101;

INSERT INTO interests (interest_name, type, is_active, created_at) VALUES
('EVENT','SYSTEM',1,'2025-03-01 00:00:00'),
('SESSION','SYSTEM',1,'2025-03-01 00:00:00'),
('EXPERIENCE','SYSTEM',1,'2025-03-01 00:00:00'),
('BOOTH','SYSTEM',1,'2025-03-01 00:00:00'),
('CONTEST','SYSTEM',1,'2025-03-01 00:00:00'),
('NOTICE','SYSTEM',1,'2025-03-01 00:00:00'),
('SNACK','SYSTEM',1,'2025-03-01 00:00:00'),
('BATH_SUPPLIES','SYSTEM',1,'2025-03-01 00:00:00'),
('GROOMING','SYSTEM',1,'2025-03-01 00:00:00'),
('TOY','SYSTEM',1,'2025-03-01 00:00:00'),
('CLOTHING','SYSTEM',1,'2025-03-01 00:00:00'),
('HEALTH','SYSTEM',1,'2025-03-01 00:00:00'),
('TRAINING','SYSTEM',1,'2025-03-01 00:00:00'),
('WALK','SYSTEM',1,'2025-03-01 00:00:00'),
('SUPPLEMENTS','SYSTEM',1,'2025-03-01 00:00:00'),
('ACCESSORIES','SYSTEM',1,'2025-03-01 00:00:00'),
('OTHERS','SYSTEM',1,'2025-03-01 00:00:00');

INSERT INTO user_interest_subscriptions (
  user_id, interest_id, allow_inapp, allow_email, allow_sms, status, created_at
)
SELECT n + 1,
       ((n - 1) % 17) + 1,
       1,
       IF((n % 2)=0,1,0),
       IF((n % 5)=0,1,0),
       ELT(((n - 1) % 3) + 1, 'ACTIVE','PAUSED','CANCELLED'),
       DATE_ADD('2025-03-01 05:00:00', INTERVAL n DAY)
FROM tmp_nums WHERE n <= 100;

INSERT INTO event_interest_map (event_id, interest_id, created_at)
SELECT n,
       ((n - 1) % 17) + 1,
       DATE_ADD('2025-03-01 04:00:00', INTERVAL n DAY)
FROM tmp_nums WHERE n <= 100;

INSERT INTO email_verification_token (user_id, token_hash, expires_at, used_at, created_at)
SELECT n + 1,
       CONCAT('evt_hash_', LPAD(n, 4, '0')),
       DATE_ADD('2026-03-01 00:00:00', INTERVAL n DAY),
       CASE WHEN (n % 4) = 0 THEN DATE_ADD('2025-03-05 00:00:00', INTERVAL n DAY) ELSE NULL END,
       DATE_ADD('2025-03-01 03:00:00', INTERVAL n DAY)
FROM tmp_nums WHERE n <= 100;

INSERT INTO phone_verification_token (user_id, phone, code_hash, expires_at, used_at, attempt_count, created_at)
SELECT n + 1,
       CONCAT('010-', LPAD(1000 + n, 4, '0'), '-', LPAD(2000 + n, 4, '0')),
       CONCAT('pvt_hash_', LPAD(n, 4, '0')),
       DATE_ADD('2026-03-01 00:00:00', INTERVAL n DAY),
       CASE WHEN (n % 5) = 0 THEN DATE_ADD('2025-03-03 00:00:00', INTERVAL n DAY) ELSE NULL END,
       (n % 3),
       DATE_ADD('2025-03-01 02:00:00', INTERVAL n DAY)
FROM tmp_nums WHERE n <= 100;

INSERT INTO signup_sessions (
  signup_key, signup_type, social_provider, social_provider_uid,
  email, password_hash, nickname, phone,
  otp_status, otp_verified_at, otp_last_sent_at, otp_code_hash, otp_expires_at, otp_fail_count, otp_blocked_until,
  email_status, email_verified_at, email_code_hash, email_expires_at, email_last_sent_at, email_fail_count,
  expires_at, created_at, updated_at
)
SELECT CONCAT('sess-', LPAD(n, 6, '0')),
       IF((n % 2)=0, 'EMAIL', 'SOCIAL'),
       CASE WHEN (n % 2)=0 THEN NULL ELSE ELT(((n - 1) % 4) + 1, 'KAKAO','NAVER','GOOGLE','APPLE') END,
       CASE WHEN (n % 2)=0 THEN NULL ELSE CONCAT('social_uid_', LPAD(n, 6, '0')) END,
       CONCAT('prospect', LPAD(n, 4, '0'), '@pupoo.io'),
       CONCAT('pw_hash_', LPAD(n, 6, '0')),
       CONCAT('signup_user_', LPAD(n, 4, '0')),
       CONCAT('010-8', LPAD(n, 3, '0'), '-', LPAD(3000 + n, 4, '0')),
       ELT(((n - 1) % 3) + 1, 'PENDING','VERIFIED','EXPIRED'),
       CASE WHEN (n % 3)=2 THEN DATE_ADD('2025-03-02 00:00:00', INTERVAL n DAY) ELSE NULL END,
       DATE_ADD('2025-03-01 01:00:00', INTERVAL n DAY),
       CONCAT('otp_hash_', LPAD(n, 6, '0')),
       DATE_ADD('2025-03-01 01:10:00', INTERVAL n DAY),
       (n % 4),
       CASE WHEN (n % 7)=0 THEN DATE_ADD('2025-03-01 01:20:00', INTERVAL n DAY) ELSE NULL END,
       ELT(((n - 1) % 3) + 1, 'PENDING','VERIFIED','NOT_REQUIRED'),
       CASE WHEN (n % 3)=2 THEN DATE_ADD('2025-03-02 00:30:00', INTERVAL n DAY) ELSE NULL END,
       CONCAT('email_hash_', LPAD(n, 6, '0')),
       DATE_ADD('2025-03-01 01:40:00', INTERVAL n DAY),
       DATE_ADD('2025-03-01 01:30:00', INTERVAL n DAY),
       (n % 2),
       DATE_ADD('2025-03-15 00:00:00', INTERVAL n DAY),
       DATE_ADD('2025-03-01 01:00:00', INTERVAL n DAY),
       DATE_ADD('2025-03-01 01:50:00', INTERVAL n DAY)
FROM tmp_nums WHERE n <= 120;

DROP TEMPORARY TABLE IF EXISTS tmp_nums;

SET FOREIGN_KEY_CHECKS = 1;